item_id,store_id,wm_yr_wk,sell_price
FOODS_3_077,CA_1,11609,2.88
FOODS_3_093,CA_1,11609,1.98
FOODS_3_104,CA_1,11609,2.98
FOODS_3_128,CA_1,11609,2.98
FOODS_3_122,CA_1,11609,2.5
FOODS_3_143,CA_1,11609,2.56
FOODS_3_153,CA_1,11609,1.74
FOODS_3_183,CA_1,11609,3.0
FOODS_3_179,CA_1,11609,4.98
FOODS_3_176,CA_1,11609,1.64
FOODS_3_180,CA_1,11609,2.98
FOODS_3_191,CA_1,11609,1.0
FOODS_3_185,CA_1,11609,2.48
FOODS_3_195,CA_1,11609,2.68
FOODS_3_203,CA_1,11609,4.98
FOODS_3_205,CA_1,11609,1.28
FOODS_3_221,CA_1,11609,4.98
FOODS_3_228,CA_1,11609,1.68
FOODS_3_231,CA_1,11609,5.44
FOODS_3_234,CA_1,11609,0.25
FOODS_3_241,CA_1,11609,2.98
FOODS_3_237,CA_1,11609,1.0
FOODS_3_240,CA_1,11609,1.0
FOODS_3_245,CA_1,11609,2.48
FOODS_3_255,CA_1,11609,3.98
FOODS_3_283,CA_1,11609,2.98
FOODS_3_282,CA_1,11609,2.56
FOODS_3_284,CA_1,11609,1.98
FOODS_3_295,CA_1,11609,0.8
FOODS_3_291,CA_1,11609,2.78
FOODS_3_292,CA_1,11609,3.56
FOODS_3_307,CA_1,11609,3.98
FOODS_3_330,CA_1,11609,3.98
FOODS_3_325,CA_1,11609,2.56
FOODS_3_336,CA_1,11609,2.48
FOODS_3_340,CA_1,11609,3.32
FOODS_3_338,CA_1,11609,3.68
FOODS_3_343,CA_1,11609,3.87
FOODS_3_345,CA_1,11609,2.48
FOODS_3_347,CA_1,11609,1.98
FOODS_3_365,CA_1,11609,5.24
FOODS_3_364,CA_1,11609,2.78
FOODS_3_371,CA_1,11609,2.5
FOODS_3_392,CA_1,11609,3.98
FOODS_3_412,CA_1,11609,0.25
FOODS_3_415,CA_1,11609,2.56
FOODS_3_414,CA_1,11609,5.18
FOODS_3_421,CA_1,11609,2.48
FOODS_3_419,CA_1,11609,2.88
FOODS_3_427,CA_1,11609,2.48
FOODS_3_434,CA_1,11609,2.88
FOODS_3_433,CA_1,11609,1.0
FOODS_3_438,CA_1,11609,1.0
FOODS_3_439,CA_1,11609,2.98
FOODS_3_448,CA_1,11609,3.0
FOODS_3_445,CA_1,11609,2.48
FOODS_3_461,CA_1,11609,1.54
FOODS_3_469,CA_1,11609,6.24
FOODS_3_491,CA_1,11609,1.6
FOODS_3_488,CA_1,11609,4.98
FOODS_3_493,CA_1,11609,6.98
FOODS_3_504,CA_1,11609,1.48
FOODS_3_508,CA_1,11609,1.0
FOODS_3_503,CA_1,11609,2.48
FOODS_3_513,CA_1,11609,4.48
FOODS_3_511,CA_1,11609,6.98
FOODS_3_514,CA_1,11609,4.98
FOODS_3_540,CA_1,11609,2.98
FOODS_3_544,CA_1,11609,2.98
FOODS_3_551,CA_1,11609,4.74
FOODS_3_552,CA_1,11609,1.98
FOODS_3_562,CA_1,11609,4.98
FOODS_3_578,CA_1,11609,3.0
FOODS_3_584,CA_1,11609,1.0
FOODS_3_591,CA_1,11609,3.68
FOODS_3_592,CA_1,11609,6.98
FOODS_3_605,CA_1,11609,2.68
FOODS_3_613,CA_1,11609,2.88
FOODS_3_615,CA_1,11609,4.68
FOODS_3_636,CA_1,11609,3.56
FOODS_3_641,CA_1,11609,2.24
FOODS_3_654,CA_1,11609,1.68
FOODS_3_661,CA_1,11609,3.28
FOODS_3_700,CA_1,11609,2.68
FOODS_3_702,CA_1,11609,3.0
FOODS_3_704,CA_1,11609,4.68
FOODS_3_703,CA_1,11609,1.98
FOODS_3_701,CA_1,11609,1.98
FOODS_3_711,CA_1,11609,0.25
FOODS_3_712,CA_1,11609,4.22
FOODS_3_746,CA_1,11609,1.98
FOODS_3_747,CA_1,11609,1.0
FOODS_3_758,CA_1,11609,2.5
FOODS_3_761,CA_1,11609,2.0
FOODS_3_766,CA_1,11609,2.98
FOODS_3_765,CA_1,11609,3.0
FOODS_3_781,CA_1,11609,2.48
FOODS_3_783,CA_1,11609,5.44
FOODS_3_785,CA_1,11609,3.0
FOODS_3_786,CA_1,11609,1.98
FOODS_3_796,CA_1,11609,2.98
FOODS_3_814,CA_1,11609,1.88
FOODS_3_809,CA_1,11609,1.0
HOBBIES_1_004,CA_2,11609,4.64
FOODS_3_826,CA_1,11609,1.28
HOBBIES_1_018,CA_2,11609,11.88
HOBBIES_1_031,CA_2,11609,10.98
HOBBIES_1_027,CA_2,11609,19.98
HOBBIES_1_048,CA_2,11609,0.48
HOBBIES_1_051,CA_2,11609,5.98
HOBBIES_1_065,CA_2,11609,4.88
HOBBIES_1_062,CA_2,11609,0.97
HOBBIES_1_088,CA_2,11609,2.57
HOBBIES_1_100,CA_2,11609,11.28
HOBBIES_1_103,CA_2,11609,0.7
HOBBIES_1_104,CA_2,11609,23.98
HOBBIES_1_106,CA_2,11609,2.57
HOBBIES_1_112,CA_2,11609,2.72
HOBBIES_1_119,CA_2,11609,1.77
HOBBIES_1_123,CA_2,11609,7.98
HOBBIES_1_141,CA_2,11609,13.98
HOBBIES_1_138,CA_2,11609,5.88
HOBBIES_1_149,CA_2,11609,1.56
HOBBIES_1_159,CA_2,11609,3.24
HOBBIES_1_160,CA_2,11609,19.96
HOBBIES_1_156,CA_2,11609,1.77
HOBBIES_1_168,CA_2,11609,4.83
HOBBIES_1_189,CA_2,11609,0.48
HOBBIES_1_201,CA_2,11609,5.98
HOBBIES_1_205,CA_2,11609,5.88
HOBBIES_1_225,CA_2,11609,29.96
HOBBIES_1_233,CA_2,11609,0.7
HOBBIES_1_235,CA_2,11609,12.98
HOBBIES_1_240,CA_2,11609,2.88
HOBBIES_1_241,CA_2,11609,19.94
HOBBIES_1_249,CA_2,11609,4.88
HOBBIES_1_247,CA_2,11609,16.88
HOBBIES_1_269,CA_2,11609,11.73
HOBBIES_1_274,CA_2,11609,9.88
HOBBIES_1_296,CA_2,11609,7.38
HOBBIES_1_298,CA_2,11609,3.94
HOBBIES_1_300,CA_2,11609,8.98
HOBBIES_1_301,CA_2,11609,6.24
HOBBIES_1_304,CA_2,11609,3.98
HOBBIES_1_311,CA_2,11609,17.98
HOBBIES_1_315,CA_2,11609,4.97
HOBBIES_1_328,CA_2,11609,6.72
HOBBIES_1_334,CA_2,11609,5.98
HOBBIES_1_348,CA_2,11609,0.48
HOBBIES_1_351,CA_2,11609,5.76
HOBBIES_1_357,CA_2,11609,14.48
HOBBIES_1_360,CA_2,11609,14.94
HOBBIES_1_353,CA_2,11609,1.08
HOBBIES_1_364,CA_2,11609,12.78
HOBBIES_1_362,CA_2,11609,9.46
HOBBIES_1_397,CA_2,11609,3.98
HOBBIES_1_387,CA_2,11609,1.08
HOBBIES_1_399,CA_2,11609,1.97
HOBBIES_1_419,CA_2,11609,5.98
HOBBIES_2_002,CA_2,11609,1.47
HOBBIES_2_009,CA_2,11609,5.97
HOBBIES_2_012,CA_2,11609,1.97
HOBBIES_2_018,CA_2,11609,3.37
HOBBIES_2_028,CA_2,11609,0.88
HOBBIES_2_029,CA_2,11609,2.88
HOBBIES_2_027,CA_2,11609,1.97
HOBBIES_2_031,CA_2,11609,6.97
HOBBIES_2_025,CA_2,11609,0.5
HOBBIES_2_024,CA_2,11609,4.77
HOBBIES_2_023,CA_2,11609,0.97
HOBBIES_2_037,CA_2,11609,0.97
HOBBIES_2_040,CA_2,11609,0.88
FOODS_3_748,CA_4,11609,3.98
FOODS_3_756,CA_4,11609,2.5
FOODS_3_774,CA_4,11609,7.48
FOODS_3_770,CA_4,11609,3.98
FOODS_3_804,CA_4,11609,1.88
FOODS_3_802,CA_4,11609,1.68
FOODS_3_795,CA_4,11609,2.98
FOODS_3_803,CA_4,11609,1.0
FOODS_3_819,CA_4,11609,1.98
HOBBIES_1_011,TX_1,11609,3.48
HOBBIES_1_019,TX_1,11609,0.48
HOBBIES_1_023,TX_1,11609,2.97
HOBBIES_1_028,TX_1,11609,7.98
HOBBIES_1_054,TX_1,11609,2.97
HOBBIES_1_066,TX_1,11609,1.25
HOBBIES_1_067,TX_1,11609,0.57
HOBBIES_1_073,TX_1,11609,5.47
HOBBIES_1_072,TX_1,11609,1.97
HOBBIES_1_085,TX_1,11609,14.72
HOBBIES_1_091,TX_1,11609,0.7
HOBBIES_1_099,TX_1,11609,13.98
HOBBIES_1_094,TX_1,11609,12.97
HOBBIES_1_114,TX_1,11609,5.97
HOBBIES_1_115,TX_1,11609,0.68
HOBBIES_1_113,TX_1,11609,1.47
HOBBIES_1_129,TX_1,11609,4.88
HOBBIES_1_125,TX_1,11609,11.73
HOBBIES_1_136,TX_1,11609,4.88
HOBBIES_1_133,TX_1,11609,12.24
HOBBIES_1_146,TX_1,11609,4.86
HOBBIES_1_147,TX_1,11609,9.97
HOBBIES_1_157,TX_1,11609,11.28
HOBBIES_1_155,TX_1,11609,18.98
HOBBIES_1_158,TX_1,11609,22.98
HOBBIES_1_174,TX_1,11609,4.88
HOBBIES_1_177,TX_1,11609,4.24
HOBBIES_1_180,TX_1,11609,19.98
HOBBIES_1_194,TX_1,11609,2.5
HOBBIES_1_188,TX_1,11609,12.88
HOBBIES_1_190,TX_1,11609,9.97
HOBBIES_1_206,TX_1,11609,2.72
HOBBIES_1_213,TX_1,11609,8.26
HOBBIES_1_212,TX_1,11609,7.47
HOBBIES_1_208,TX_1,11609,3.24
HOBBIES_1_220,TX_1,11609,2.64
HOBBIES_1_223,TX_1,11609,1.12
HOBBIES_1_227,TX_1,11609,1.97
HOBBIES_1_230,TX_1,11609,4.48
HOBBIES_1_243,TX_1,11609,13.88
HOBBIES_1_260,TX_1,11609,12.24
HOBBIES_1_261,TX_1,11609,0.48
HOBBIES_1_266,TX_1,11609,4.86
HOBBIES_1_267,TX_1,11609,2.88
HOBBIES_1_280,TX_1,11609,10.22
HOBBIES_1_299,TX_1,11609,1.27
HOBBIES_1_312,TX_1,11609,0.57
HOBBIES_1_314,TX_1,11609,3.97
HOBBIES_1_324,TX_1,11609,14.72
HOBBIES_1_327,TX_1,11609,7.88
HOBBIES_1_331,TX_1,11609,0.94
HOBBIES_1_332,TX_1,11609,7.88
HOBBIES_1_367,TX_1,11609,8.26
HOBBIES_1_373,TX_1,11609,14.72
HOBBIES_1_376,TX_1,11609,16.86
HOBBIES_1_391,TX_1,11609,3.88
HOBBIES_1_389,TX_1,11609,11.97
HOBBIES_1_423,TX_1,11609,7.78
HOBBIES_2_035,TX_1,11609,4.47
HOBBIES_2_046,TX_1,11609,2.97
HOBBIES_2_041,TX_1,11609,1.97
HOBBIES_2_061,TX_1,11609,1.97
HOBBIES_2_075,TX_1,11609,2.88
HOBBIES_2_081,TX_1,11609,1.97
HOBBIES_2_097,TX_1,11609,1.97
HOBBIES_2_103,TX_1,11609,2.5
HOBBIES_2_104,TX_1,11609,2.97
HOBBIES_2_106,TX_1,11609,0.97
HOBBIES_2_116,TX_1,11609,2.97
HOBBIES_2_109,TX_1,11609,0.97
HOBBIES_2_125,TX_1,11609,0.97
HOBBIES_2_126,TX_1,11609,0.5
HOBBIES_2_142,TX_1,11609,0.23
HOUSEHOLD_1_001,TX_1,11609,5.97
HOUSEHOLD_1_012,TX_1,11609,3.92
HOUSEHOLD_1_016,TX_1,11609,4.87
HOUSEHOLD_1_014,TX_1,11609,17.97
HOUSEHOLD_1_029,TX_1,11609,6.94
HOUSEHOLD_1_026,TX_1,11609,2.97
HOUSEHOLD_1_034,TX_1,11609,3.93
HOUSEHOLD_1_039,TX_1,11609,2.97
HOUSEHOLD_1_056,TX_1,11609,11.97
HOUSEHOLD_1_067,TX_1,11609,3.97
HOUSEHOLD_1_063,TX_1,11609,9.97
HOUSEHOLD_1_064,TX_1,11609,5.78
HOUSEHOLD_1_097,TX_1,11609,3.97
HOUSEHOLD_1_093,TX_1,11609,3.94
HOUSEHOLD_1_101,TX_1,11609,2.37
HOUSEHOLD_1_104,TX_1,11609,2.97
HOUSEHOLD_1_118,TX_1,11609,0.97
HOUSEHOLD_1_135,TX_1,11609,1.48
HOUSEHOLD_1_147,TX_1,11609,0.96
HOUSEHOLD_1_165,TX_1,11609,17.97
HOUSEHOLD_1_167,TX_1,11609,2.74
HOUSEHOLD_1_195,TX_1,11609,3.88
HOUSEHOLD_1_198,TX_1,11609,0.97
HOUSEHOLD_1_206,TX_1,11609,4.92
HOUSEHOLD_1_222,TX_1,11609,9.97
HOUSEHOLD_1_227,TX_1,11609,2.73
HOUSEHOLD_1_247,TX_1,11609,0.97
HOUSEHOLD_1_241,TX_1,11609,7.94
HOUSEHOLD_1_245,TX_1,11609,2.67
HOUSEHOLD_1_251,TX_1,11609,1.98
HOUSEHOLD_1_259,TX_1,11609,7.48
HOUSEHOLD_1_278,TX_1,11609,5.97
HOUSEHOLD_1_275,TX_1,11609,2.97
HOUSEHOLD_1_276,TX_1,11609,17.97
HOUSEHOLD_1_287,TX_1,11609,4.63
HOUSEHOLD_1_290,TX_1,11609,9.84
HOUSEHOLD_1_313,TX_1,11609,3.97
HOUSEHOLD_1_359,TX_1,11609,6.88
HOUSEHOLD_1_369,TX_1,11609,3.72
HOUSEHOLD_1_389,TX_1,11609,0.94
HOUSEHOLD_1_394,TX_1,11609,4.88
HOUSEHOLD_1_397,TX_1,11609,2.78
HOUSEHOLD_1_422,TX_1,11609,3.62
HOUSEHOLD_1_434,TX_1,11609,3.97
HOUSEHOLD_1_436,TX_1,11609,9.97
HOUSEHOLD_1_435,TX_1,11609,7.93
HOUSEHOLD_1_456,TX_1,11609,6.97
HOUSEHOLD_1_455,TX_1,11609,2.97
HOUSEHOLD_1_468,TX_1,11609,4.98
HOUSEHOLD_1_470,TX_1,11609,2.98
HOUSEHOLD_1_471,TX_1,11609,2.74
HOUSEHOLD_1_480,TX_1,11609,2.73
HOUSEHOLD_1_489,TX_1,11609,9.97
HOBBIES_1_195,WI_1,11609,11.28
HOBBIES_1_202,WI_1,11609,1.77
HOBBIES_1_200,WI_1,11609,7.88
HOBBIES_1_203,WI_1,11609,12.98
HOBBIES_1_228,WI_1,11609,6.87
HOBBIES_1_229,WI_1,11609,6.47
HOBBIES_1_242,WI_1,11609,2.78
HOBBIES_1_256,WI_1,11609,0.48
HOBBIES_1_263,WI_1,11609,4.97
HOBBIES_1_259,WI_1,11609,0.97
HOBBIES_1_265,WI_1,11609,3.97
HOBBIES_1_272,WI_1,11609,8.44
HOBBIES_1_270,WI_1,11609,4.88
HOBBIES_1_278,WI_1,11609,0.57
HOBBIES_1_281,WI_1,11609,4.24
HOBBIES_1_286,WI_1,11609,0.7
HOBBIES_1_287,WI_1,11609,5.76
HOBBIES_1_292,WI_1,11609,6.58
HOBBIES_1_297,WI_1,11609,14.72
HOBBIES_1_310,WI_1,11609,5.72
HOBBIES_1_320,WI_1,11609,4.48
HOBBIES_1_329,WI_1,11609,3.97
HOBBIES_1_330,WI_1,11609,7.88
HOBBIES_1_361,WI_1,11609,29.96
HOBBIES_1_368,WI_1,11609,4.22
HOBBIES_1_372,WI_1,11609,6.68
HOBBIES_1_374,WI_1,11609,17.48
HOBBIES_1_383,WI_1,11609,2.98
HOBBIES_1_392,WI_1,11609,12.98
HOBBIES_1_395,WI_1,11609,7.48
HOBBIES_1_405,WI_1,11609,12.68
HOBBIES_1_407,WI_1,11609,2.88
HOBBIES_1_408,WI_1,11609,0.6
HOBBIES_1_413,WI_1,11609,4.86
HOBBIES_1_414,WI_1,11609,7.22
HOBBIES_2_004,WI_1,11609,2.47
HOBBIES_2_003,WI_1,11609,1.97
HOBBIES_2_011,WI_1,11609,0.97
HOBBIES_2_008,WI_1,11609,3.88
HOBBIES_2_010,WI_1,11609,0.97
HOBBIES_2_014,WI_1,11609,0.97
HOBBIES_2_022,WI_1,11609,4.97
HOBBIES_2_036,WI_1,11609,0.88
HOBBIES_2_034,WI_1,11609,2.5
HOBBIES_2_030,WI_1,11609,0.97
HOBBIES_2_051,WI_1,11609,1.97
HOBBIES_2_050,WI_1,11609,1.97
HOBBIES_2_062,WI_1,11609,5.88
HOBBIES_2_070,WI_1,11609,9.97
HOBBIES_2_077,WI_1,11609,9.97
HOBBIES_2_087,WI_1,11609,0.97
HOBBIES_2_113,WI_1,11609,5.97
HOBBIES_2_110,WI_1,11609,5.97
HOBBIES_2_117,WI_1,11609,2.88
HOBBIES_2_114,WI_1,11609,1.97
HOBBIES_2_130,WI_1,11609,6.97
HOBBIES_2_137,WI_1,11609,2.97
HOBBIES_2_143,WI_1,11609,0.97
HOBBIES_2_146,WI_1,11609,1.97
HOBBIES_2_145,WI_1,11609,2.88
HOBBIES_2_141,WI_1,11609,0.5
HOUSEHOLD_1_003,WI_1,11609,8.97
HOUSEHOLD_1_011,WI_1,11609,4.63
HOUSEHOLD_1_025,WI_1,11609,2.98
HOUSEHOLD_1_017,WI_1,11609,4.94
HOUSEHOLD_1_048,WI_1,11609,2.84
HOUSEHOLD_1_054,WI_1,11609,3.92
HOUSEHOLD_1_061,WI_1,11609,1.88
HOUSEHOLD_1_074,WI_1,11609,4.94
HOUSEHOLD_1_075,WI_1,11609,2.73
HOUSEHOLD_1_088,WI_1,11609,5.97
HOUSEHOLD_1_089,WI_1,11609,5.22
HOUSEHOLD_1_106,WI_1,11609,9.46
HOUSEHOLD_1_114,WI_1,11609,0.97
HOUSEHOLD_1_121,WI_1,11609,2.48
HOUSEHOLD_1_113,WI_1,11609,5.74
HOUSEHOLD_1_133,WI_1,11609,3.12
HOUSEHOLD_1_176,WI_1,11609,3.87
HOUSEHOLD_1_170,WI_1,11609,1.98
HOUSEHOLD_1_178,WI_1,11609,4.47
HOUSEHOLD_1_184,WI_1,11609,11.97
HOUSEHOLD_1_186,WI_1,11609,2.97
HOUSEHOLD_1_194,WI_1,11609,4.98
HOUSEHOLD_1_234,WI_1,11609,0.97
HOUSEHOLD_1_231,WI_1,11609,2.97
HOUSEHOLD_1_235,WI_1,11609,3.88
HOUSEHOLD_1_244,WI_1,11609,2.96
HOUSEHOLD_1_254,WI_1,11609,0.97
HOUSEHOLD_1_268,WI_1,11609,8.37
HOUSEHOLD_1_262,WI_1,11609,0.97
HOUSEHOLD_1_277,WI_1,11609,0.97
HOUSEHOLD_1_274,WI_1,11609,4.94
HOUSEHOLD_1_280,WI_1,11609,4.97
HOUSEHOLD_1_282,WI_1,11609,3.98
HOUSEHOLD_1_302,WI_1,11609,7.93
HOUSEHOLD_1_325,WI_1,11609,3.88
HOUSEHOLD_1_331,WI_1,11609,4.88
HOUSEHOLD_1_336,WI_1,11609,4.87
HOUSEHOLD_1_333,WI_1,11609,2.97
HOUSEHOLD_1_334,WI_1,11609,0.97
HOUSEHOLD_1_344,WI_1,11609,7.93
HOUSEHOLD_1_362,WI_1,11609,7.97
HOUSEHOLD_1_381,WI_1,11609,4.97
HOUSEHOLD_1_383,WI_1,11609,3.48
HOUSEHOLD_1_382,WI_1,11609,2.28
HOUSEHOLD_1_398,WI_1,11609,2.87
HOUSEHOLD_1_400,WI_1,11609,6.97
HOUSEHOLD_1_396,WI_1,11609,3.97
HOUSEHOLD_1_412,WI_1,11609,18.87
HOUSEHOLD_1_415,WI_1,11609,12.58
HOUSEHOLD_1_421,WI_1,11609,5.88
HOUSEHOLD_1_418,WI_1,11609,0.97
HOUSEHOLD_1_426,WI_1,11609,2.62
HOUSEHOLD_1_432,WI_1,11609,3.88
HOUSEHOLD_1_431,WI_1,11609,7.48
HOUSEHOLD_1_441,WI_1,11609,2.77
HOUSEHOLD_1_452,WI_1,11609,2.97
HOUSEHOLD_1_458,WI_1,11609,2.27
HOUSEHOLD_1_462,WI_1,11609,2.36
HOUSEHOLD_1_461,WI_1,11609,0.97
HOUSEHOLD_1_463,WI_1,11609,2.98
HOUSEHOLD_1_475,WI_1,11609,2.67
HOUSEHOLD_1_476,WI_1,11609,4.84
HOUSEHOLD_1_488,WI_1,11609,9.98
HOUSEHOLD_1_498,WI_1,11609,3.28
HOUSEHOLD_1_496,WI_1,11609,7.93
HOUSEHOLD_1_517,WI_1,11609,0.88
HOUSEHOLD_1_530,WI_1,11609,1.88
HOUSEHOLD_1_529,WI_1,11609,2.97
HOUSEHOLD_2_001,WI_1,11609,6.77
HOUSEHOLD_2_004,WI_1,11609,5.67
HOUSEHOLD_2_028,WI_1,11609,5.94
HOUSEHOLD_2_042,WI_1,11609,4.28
HOUSEHOLD_2_059,WI_1,11609,3.48
HOUSEHOLD_2_062,WI_1,11609,2.94
HOUSEHOLD_2_060,WI_1,11609,7.96
HOUSEHOLD_2_073,WI_1,11609,20.97
HOUSEHOLD_2_066,WI_1,11609,6.94
HOUSEHOLD_2_084,WI_1,11609,4.27
HOUSEHOLD_2_083,WI_1,11609,9.97
HOUSEHOLD_2_124,WI_1,11609,5.28
HOUSEHOLD_2_141,WI_1,11609,4.98
HOUSEHOLD_2_137,WI_1,11609,2.94
HOUSEHOLD_2_159,WI_1,11609,3.93
HOUSEHOLD_2_156,WI_1,11609,7.43
HOUSEHOLD_2_179,WI_1,11609,5.97
HOUSEHOLD_2_173,WI_1,11609,6.46
HOUSEHOLD_2_184,WI_1,11609,1.97
HOUSEHOLD_2_202,WI_1,11609,8.86
HOUSEHOLD_2_212,WI_1,11609,2.67
HOUSEHOLD_2_218,WI_1,11609,10.97
HOUSEHOLD_2_219,WI_1,11609,3.48
HOUSEHOLD_2_220,WI_1,11609,6.96
HOUSEHOLD_2_223,WI_1,11609,14.97
HOUSEHOLD_2_216,WI_1,11609,6.94
HOUSEHOLD_2_103,CA_3,11609,1.97
HOUSEHOLD_2_110,CA_3,11609,3.17
HOUSEHOLD_2_116,CA_3,11609,5.64
HOUSEHOLD_2_120,CA_3,11609,7.94
HOUSEHOLD_2_136,CA_3,11609,4.87
HOUSEHOLD_2_153,CA_3,11609,9.94
HOUSEHOLD_2_163,CA_3,11609,7.98
HOUSEHOLD_2_160,CA_3,11609,3.93
HOUSEHOLD_2_161,CA_3,11609,10.97
HOUSEHOLD_2_165,CA_3,11609,5.84
HOUSEHOLD_2_174,CA_3,11609,3.97
HOUSEHOLD_2_176,CA_3,11609,4.97
HOUSEHOLD_2_177,CA_3,11609,2.98
HOUSEHOLD_2_180,CA_3,11609,2.84
HOUSEHOLD_2_192,CA_3,11609,1.97
HOUSEHOLD_2_199,CA_3,11609,3.93
HOUSEHOLD_2_239,CA_3,11609,1.24
HOUSEHOLD_2_244,CA_3,11609,3.97
HOUSEHOLD_2_254,CA_3,11609,4.44
HOUSEHOLD_2_256,CA_3,11609,5.94
HOUSEHOLD_2_257,CA_3,11609,5.73
HOUSEHOLD_2_252,CA_3,11609,6.97
HOUSEHOLD_2_262,CA_3,11609,4.97
HOUSEHOLD_2_271,CA_3,11609,4.78
HOUSEHOLD_2_278,CA_3,11609,10.98
HOUSEHOLD_2_281,CA_3,11609,5.27
HOUSEHOLD_2_289,CA_3,11609,5.74
HOUSEHOLD_2_306,CA_3,11609,3.96
HOUSEHOLD_2_316,CA_3,11609,7.24
HOUSEHOLD_2_317,CA_3,11609,4.44
HOUSEHOLD_2_312,CA_3,11609,3.97
HOUSEHOLD_2_321,CA_3,11609,5.24
HOUSEHOLD_2_329,CA_3,11609,2.72
HOUSEHOLD_2_361,CA_3,11609,6.94
HOUSEHOLD_2_376,CA_3,11609,3.82
HOUSEHOLD_2_374,CA_3,11609,2.98
HOUSEHOLD_2_391,CA_3,11609,12.94
HOUSEHOLD_2_406,CA_3,11609,12.46
HOUSEHOLD_2_405,CA_3,11609,5.64
HOUSEHOLD_2_415,CA_3,11609,2.46
HOUSEHOLD_2_419,CA_3,11609,5.47
HOUSEHOLD_2_441,CA_3,11609,4.94
HOUSEHOLD_2_455,CA_3,11609,7.74
HOUSEHOLD_2_451,CA_3,11609,3.42
HOUSEHOLD_2_462,CA_3,11609,7.97
HOUSEHOLD_2_459,CA_3,11609,19.54
HOUSEHOLD_2_466,CA_3,11609,6.46
HOUSEHOLD_2_479,CA_3,11609,5.94
HOUSEHOLD_2_491,CA_3,11609,6.96
HOUSEHOLD_2_493,CA_3,11609,1.94
HOUSEHOLD_2_499,CA_3,11609,1.97
HOUSEHOLD_2_506,CA_3,11609,6.97
HOUSEHOLD_2_512,CA_3,11609,3.97
FOODS_1_004,CA_3,11609,1.5
FOODS_1_013,CA_3,11609,1.5
FOODS_1_035,CA_3,11609,2.68
FOODS_1_057,CA_3,11609,2.24
FOODS_1_056,CA_3,11609,1.98
FOODS_1_069,CA_3,11609,2.68
FOODS_1_088,CA_3,11609,5.28
FOODS_1_091,CA_3,11609,1.98
FOODS_1_119,CA_3,11609,3.54
FOODS_1_117,CA_3,11609,2.24
FOODS_1_118,CA_3,11609,0.98
FOODS_1_123,CA_3,11609,3.54
FOODS_1_134,CA_3,11609,1.98
FOODS_1_145,CA_3,11609,0.98
FOODS_1_152,CA_3,11609,8.58
FOODS_1_161,CA_3,11609,0.98
FOODS_1_164,CA_3,11609,5.64
FOODS_1_167,CA_3,11609,4.86
FOODS_1_169,CA_3,11609,3.48
FOODS_1_171,CA_3,11609,4.89
FOODS_1_178,CA_3,11609,9.98
FOODS_1_186,CA_3,11609,5.98
FOODS_1_200,CA_3,11609,0.98
FOODS_1_218,CA_3,11609,0.98
FOODS_2_015,CA_3,11609,2.5
FOODS_2_032,CA_3,11609,1.98
FOODS_2_036,CA_3,11609,3.5
FOODS_2_035,CA_3,11609,5.0
FOODS_2_053,CA_3,11609,7.27
FOODS_2_061,CA_3,11609,2.0
FOODS_2_072,CA_3,11609,2.5
FOODS_2_076,CA_3,11609,10.97
FOODS_2_080,CA_3,11609,1.98
FOODS_2_084,CA_3,11609,2.97
FOODS_2_085,CA_3,11609,3.74
FOODS_2_102,CA_3,11609,10.97
FOODS_2_117,CA_3,11609,5.97
FOODS_2_120,CA_3,11609,2.72
FOODS_2_127,CA_3,11609,7.47
FOODS_2_129,CA_3,11609,9.48
FOODS_2_164,CA_3,11609,3.18
FOODS_2_166,CA_3,11609,1.98
FOODS_2_189,CA_3,11609,2.5
FOODS_2_190,CA_3,11609,2.5
FOODS_2_195,CA_3,11609,3.47
FOODS_2_199,CA_3,11609,1.0
FOODS_2_208,CA_3,11609,6.98
FOODS_2_210,CA_3,11609,3.74
FOODS_2_217,CA_3,11609,3.98
FOODS_2_236,CA_3,11609,2.98
FOODS_2_243,CA_3,11609,7.98
FOODS_2_256,CA_3,11609,6.36
FOODS_2_267,CA_3,11609,1.97
FOODS_2_268,CA_3,11609,3.76
FOODS_2_274,CA_3,11609,6.98
FOODS_2_273,CA_3,11609,2.5
FOODS_2_281,CA_3,11609,7.98
FOODS_2_283,CA_3,11609,1.48
FOODS_2_284,CA_3,11609,2.47
FOODS_2_297,CA_3,11609,3.5
FOODS_2_292,CA_3,11609,3.28
FOODS_2_308,CA_3,11609,2.98
FOODS_2_335,CA_3,11609,3.67
FOODS_2_342,CA_3,11609,5.98
FOODS_2_348,CA_3,11609,5.98
FOODS_2_390,CA_3,11609,7.16
FOODS_2_398,CA_3,11609,2.43
FOODS_2_395,CA_3,11609,3.48
FOODS_2_393,CA_3,11609,3.98
FOODS_3_017,CA_3,11609,1.98
FOODS_3_025,CA_3,11609,2.88
FOODS_3_031,CA_3,11609,4.68
FOODS_3_045,CA_3,11609,3.98
FOODS_3_050,CA_3,11609,2.18
FOODS_3_074,CA_3,11609,4.48
FOODS_3_082,CA_3,11609,1.98
FOODS_3_083,CA_3,11609,18.73
FOODS_3_086,CA_3,11609,1.0
FOODS_3_085,CA_3,11609,2.98
FOODS_3_095,CA_3,11609,4.98
FOODS_3_097,CA_3,11609,2.24
FOODS_3_112,CA_3,11609,2.98
FOODS_3_115,CA_3,11609,4.68
FOODS_3_118,CA_3,11609,1.18
FOODS_3_126,CA_3,11609,3.78
FOODS_3_129,CA_3,11609,2.68
HOUSEHOLD_1_521,TX_1,11609,0.94
HOUSEHOLD_1_527,TX_1,11609,5.24
HOUSEHOLD_1_537,TX_1,11609,15.97
HOUSEHOLD_2_016,TX_1,11609,1.62
HOUSEHOLD_2_018,TX_1,11609,7.94
HOUSEHOLD_2_022,TX_1,11609,5.64
HOUSEHOLD_2_050,TX_1,11609,8.48
HOUSEHOLD_2_051,TX_1,11609,9.97
HOUSEHOLD_2_049,TX_1,11609,3.42
HOUSEHOLD_2_056,TX_1,11609,5.97
HOUSEHOLD_2_058,TX_1,11609,9.97
HOUSEHOLD_2_057,TX_1,11609,4.97
HOUSEHOLD_2_063,TX_1,11609,4.97
HOUSEHOLD_2_071,TX_1,11609,6.47
HOUSEHOLD_2_075,TX_1,11609,1.84
HOUSEHOLD_2_080,TX_1,11609,8.98
HOUSEHOLD_2_096,TX_1,11609,3.47
HOUSEHOLD_2_100,TX_1,11609,8.64
HOUSEHOLD_2_112,TX_1,11609,3.97
HOUSEHOLD_2_121,TX_1,11609,1.97
HOUSEHOLD_2_133,TX_1,11609,4.97
HOUSEHOLD_2_140,TX_1,11609,6.97
HOUSEHOLD_2_145,TX_1,11609,3.97
HOUSEHOLD_2_158,TX_1,11609,11.47
HOUSEHOLD_2_151,TX_1,11609,4.44
HOUSEHOLD_2_183,TX_1,11609,4.97
HOUSEHOLD_2_185,TX_1,11609,3.48
HOUSEHOLD_2_195,TX_1,11609,14.97
HOUSEHOLD_2_200,TX_1,11609,6.94
HOUSEHOLD_2_198,TX_1,11609,7.97
HOUSEHOLD_2_203,TX_1,11609,2.97
HOUSEHOLD_2_206,TX_1,11609,2.87
HOUSEHOLD_2_222,TX_1,11609,4.97
HOUSEHOLD_2_231,TX_1,11609,3.96
HOUSEHOLD_2_246,TX_1,11609,7.87
HOUSEHOLD_2_253,TX_1,11609,5.97
HOUSEHOLD_2_249,TX_1,11609,8.64
HOUSEHOLD_2_269,TX_1,11609,10.97
HOUSEHOLD_2_265,TX_1,11609,4.97
HOUSEHOLD_2_304,TX_1,11609,5.94
HOUSEHOLD_2_300,TX_1,11609,7.97
HOUSEHOLD_2_298,TX_1,11609,3.42
HOUSEHOLD_2_311,TX_1,11609,5.94
HOUSEHOLD_2_315,TX_1,11609,7.67
HOUSEHOLD_2_310,TX_1,11609,1.42
HOUSEHOLD_2_324,TX_1,11609,14.26
HOUSEHOLD_2_337,TX_1,11609,6.77
HOUSEHOLD_2_338,TX_1,11609,4.92
HOUSEHOLD_2_343,TX_1,11609,2.78
HOUSEHOLD_2_352,TX_1,11609,2.97
HOUSEHOLD_2_357,TX_1,11609,7.97
HOUSEHOLD_2_383,TX_1,11609,3.88
HOUSEHOLD_2_390,TX_1,11609,5.98
HOUSEHOLD_2_392,TX_1,11609,4.97
HOUSEHOLD_2_394,TX_1,11609,6.27
HOUSEHOLD_2_397,TX_1,11609,6.98
HOUSEHOLD_2_399,TX_1,11609,2.67
HOUSEHOLD_2_407,TX_1,11609,4.94
HOUSEHOLD_2_408,TX_1,11609,8.48
HOUSEHOLD_2_413,TX_1,11609,3.68
HOUSEHOLD_2_434,TX_1,11609,1.88
HOUSEHOLD_2_437,TX_1,11609,7.97
HOUSEHOLD_2_438,TX_1,11609,8.87
HOUSEHOLD_2_458,TX_1,11609,3.96
HOUSEHOLD_2_471,TX_1,11609,3.48
HOUSEHOLD_2_483,TX_1,11609,4.97
HOUSEHOLD_2_492,TX_1,11609,5.92
HOUSEHOLD_2_489,TX_1,11609,14.47
HOUSEHOLD_2_490,TX_1,11609,3.48
HOUSEHOLD_2_500,TX_1,11609,5.84
FOODS_1_012,TX_1,11609,6.27
FOODS_1_018,TX_1,11609,0.94
FOODS_1_020,TX_1,11609,2.68
FOODS_1_023,TX_1,11609,6.27
FOODS_1_032,TX_1,11609,0.94
FOODS_1_038,TX_1,11609,9.94
FOODS_1_041,TX_1,11609,2.24
FOODS_1_043,TX_1,11609,1.96
FOODS_1_054,TX_1,11609,1.98
FOODS_1_060,TX_1,11609,1.68
FOODS_1_072,TX_1,11609,5.28
FOODS_1_083,TX_1,11609,2.0
FOODS_1_094,TX_1,11609,3.54
FOODS_1_093,TX_1,11609,6.27
FOODS_1_089,TX_1,11609,3.48
FOODS_1_103,TX_1,11609,4.27
FOODS_1_104,TX_1,11609,3.54
FOODS_1_112,TX_1,11609,1.98
FOODS_1_113,TX_1,11609,0.94
FOODS_1_111,TX_1,11609,5.98
FOODS_1_120,TX_1,11609,1.96
FOODS_1_130,TX_1,11609,1.78
FOODS_1_124,TX_1,11609,2.24
FOODS_1_132,TX_1,11609,1.96
FOODS_1_148,TX_1,11609,5.47
FOODS_1_150,TX_1,11609,5.28
FOODS_1_159,TX_1,11609,5.47
FOODS_1_170,TX_1,11609,6.27
FOODS_1_175,TX_1,11609,2.98
FOODS_1_184,TX_1,11609,1.0
FOODS_1_193,TX_1,11609,5.37
FOODS_1_201,TX_1,11609,2.24
FOODS_1_203,TX_1,11609,2.24
FOODS_1_205,TX_1,11609,5.28
FOODS_1_208,TX_1,11609,1.96
FOODS_1_210,TX_1,11609,1.96
FOODS_2_006,TX_1,11609,10.97
FOODS_2_009,TX_1,11609,1.32
FOODS_2_027,TX_1,11609,1.94
FOODS_2_028,TX_1,11609,3.77
FOODS_2_034,TX_1,11609,2.5
FOODS_2_047,TX_1,11609,2.42
FOODS_2_046,TX_1,11609,3.94
FOODS_2_056,TX_1,11609,6.98
FOODS_2_071,TX_1,11609,4.48
FOODS_2_077,TX_1,11609,5.92
FOODS_2_086,TX_1,11609,2.22
FOODS_2_088,TX_1,11609,7.47
FOODS_2_089,TX_1,11609,3.98
FOODS_2_114,TX_1,11609,2.73
FOODS_2_118,TX_1,11609,2.83
FOODS_2_128,TX_1,11609,0.94
FOODS_2_137,TX_1,11609,2.5
FOODS_2_144,TX_1,11609,2.47
FOODS_2_142,TX_1,11609,3.98
FOODS_2_153,TX_1,11609,2.42
FOODS_2_157,TX_1,11609,3.86
FOODS_2_171,TX_1,11609,2.74
FOODS_2_201,TX_1,11609,4.98
FOODS_2_207,TX_1,11609,7.98
FOODS_2_216,TX_1,11609,5.96
FOODS_2_229,TX_1,11609,2.18
FOODS_2_237,TX_1,11609,2.47
FOODS_2_235,TX_1,11609,2.5
FOODS_2_244,TX_1,11609,5.58
FOODS_2_246,TX_1,11609,2.18
FOODS_2_251,TX_1,11609,7.87
FOODS_2_259,TX_1,11609,3.14
FOODS_2_250,TX_1,11609,10.97
FOODS_2_262,TX_1,11609,2.0
FOODS_2_282,TX_1,11609,6.72
FOODS_2_286,TX_1,11609,1.58
FOODS_2_295,TX_1,11609,13.97
FOODS_2_298,TX_1,11609,13.97
FOODS_2_300,TX_1,11609,5.92
FOODS_2_301,TX_1,11609,2.22
FOODS_2_309,TX_1,11609,2.74
FOODS_2_321,TX_1,11609,2.68
FOODS_2_320,TX_1,11609,1.86
FOODS_2_322,TX_1,11609,2.74
FOODS_2_327,TX_1,11609,1.97
FOODS_2_361,TX_1,11609,3.94
FOODS_2_367,TX_1,11609,4.97
FOODS_2_368,TX_1,11609,7.87
FOODS_2_370,TX_1,11609,4.97
FOODS_2_366,TX_1,11609,2.5
FOODS_2_376,TX_1,11609,1.74
FOODS_2_379,TX_1,11609,6.98
HOUSEHOLD_1_310,TX_3,11609,6.97
HOUSEHOLD_1_311,TX_3,11609,3.88
HOUSEHOLD_1_321,TX_3,11609,2.97
HOUSEHOLD_1_319,TX_3,11609,1.87
HOUSEHOLD_1_315,TX_3,11609,9.48
HOUSEHOLD_1_317,TX_3,11609,1.96
HOUSEHOLD_1_320,TX_3,11609,4.44
HOUSEHOLD_1_328,TX_3,11609,4.94
HOUSEHOLD_1_338,TX_3,11609,3.94
HOUSEHOLD_1_343,TX_3,11609,5.27
HOUSEHOLD_1_348,TX_3,11609,1.86
HOUSEHOLD_1_357,TX_3,11609,11.97
HOUSEHOLD_1_356,TX_3,11609,5.96
HOUSEHOLD_1_364,TX_3,11609,7.14
HOUSEHOLD_1_390,TX_3,11609,1.83
HOUSEHOLD_1_403,TX_3,11609,3.93
HOUSEHOLD_1_402,TX_3,11609,6.97
HOUSEHOLD_1_419,TX_3,11609,8.94
HOUSEHOLD_1_427,TX_3,11609,5.96
HOUSEHOLD_1_453,TX_3,11609,2.36
HOUSEHOLD_1_481,TX_3,11609,4.64
HOUSEHOLD_1_487,TX_3,11609,1.84
HOUSEHOLD_1_484,TX_3,11609,9.97
HOUSEHOLD_1_492,TX_3,11609,3.96
HOUSEHOLD_1_495,TX_3,11609,2.74
HOUSEHOLD_1_508,TX_3,11609,4.87
HOUSEHOLD_1_515,TX_3,11609,2.47
HOUSEHOLD_1_520,TX_3,11609,5.48
HOUSEHOLD_1_536,TX_3,11609,2.92
HOUSEHOLD_2_010,TX_3,11609,6.97
HOUSEHOLD_2_007,TX_3,11609,2.58
HOUSEHOLD_2_038,TX_3,11609,5.94
HOUSEHOLD_2_041,TX_3,11609,4.97
HOUSEHOLD_2_046,TX_3,11609,6.94
HOUSEHOLD_2_068,TX_3,11609,2.88
HOUSEHOLD_2_090,TX_3,11609,5.97
HOUSEHOLD_2_097,TX_3,11609,5.48
HOUSEHOLD_2_099,TX_3,11609,5.94
HOUSEHOLD_2_105,TX_3,11609,4.94
HOUSEHOLD_2_130,TX_3,11609,7.97
HOUSEHOLD_2_139,TX_3,11609,5.84
HOUSEHOLD_2_138,TX_3,11609,5.97
HOUSEHOLD_2_132,TX_3,11609,1.97
HOUSEHOLD_2_143,TX_3,11609,6.46
HOUSEHOLD_2_144,TX_3,11609,4.44
HOUSEHOLD_2_147,TX_3,11609,3.97
HOUSEHOLD_2_154,TX_3,11609,1.88
HOUSEHOLD_2_152,TX_3,11609,13.94
HOUSEHOLD_2_150,TX_3,11609,6.97
HOUSEHOLD_2_157,TX_3,11609,5.47
HOUSEHOLD_2_166,TX_3,11609,9.47
HOUSEHOLD_2_170,TX_3,11609,1.44
HOUSEHOLD_2_171,TX_3,11609,3.87
HOUSEHOLD_2_196,TX_3,11609,2.27
HOUSEHOLD_2_207,TX_3,11609,7.46
HOUSEHOLD_2_211,TX_3,11609,19.98
HOUSEHOLD_2_215,TX_3,11609,1.88
HOUSEHOLD_2_227,TX_3,11609,3.96
HOUSEHOLD_2_237,TX_3,11609,5.94
HOUSEHOLD_2_270,TX_3,11609,5.84
HOUSEHOLD_2_276,TX_3,11609,5.47
HOUSEHOLD_2_299,TX_3,11609,1.24
HOUSEHOLD_2_297,TX_3,11609,6.54
HOUSEHOLD_2_327,TX_3,11609,2.98
HOUSEHOLD_2_336,TX_3,11609,8.97
HOUSEHOLD_2_334,TX_3,11609,2.98
HOUSEHOLD_2_330,TX_3,11609,3.72
HOUSEHOLD_2_345,TX_3,11609,5.84
HOUSEHOLD_2_342,TX_3,11609,0.97
HOUSEHOLD_2_346,TX_3,11609,3.33
HOUSEHOLD_2_351,TX_3,11609,5.94
HOUSEHOLD_2_356,TX_3,11609,9.88
HOUSEHOLD_2_362,TX_3,11609,3.94
HOUSEHOLD_2_360,TX_3,11609,7.97
HOUSEHOLD_2_372,TX_3,11609,8.48
HOUSEHOLD_2_386,TX_3,11609,3.97
HOUSEHOLD_2_396,TX_3,11609,8.44
HOUSEHOLD_2_404,TX_3,11609,2.97
HOUSEHOLD_2_422,TX_3,11609,4.97
HOUSEHOLD_2_427,TX_3,11609,3.48
HOUSEHOLD_2_426,TX_3,11609,4.37
HOUSEHOLD_2_429,TX_3,11609,5.94
HOUSEHOLD_2_436,TX_3,11609,1.97
HOUSEHOLD_2_444,TX_3,11609,6.47
HOUSEHOLD_2_445,TX_3,11609,5.97
HOUSEHOLD_2_464,TX_3,11609,2.88
HOUSEHOLD_2_481,TX_3,11609,7.97
HOUSEHOLD_2_480,TX_3,11609,5.24
HOUSEHOLD_2_501,TX_3,11609,7.97
HOUSEHOLD_2_496,TX_3,11609,1.48
HOUSEHOLD_2_498,TX_3,11609,2.96
HOUSEHOLD_2_514,TX_3,11609,19.54
HOUSEHOLD_2_516,TX_3,11609,5.94
FOODS_1_008,TX_3,11609,3.54
FOODS_1_014,TX_3,11609,0.98
FOODS_1_015,TX_3,11609,3.48
FOODS_1_034,TX_3,11609,6.17
FOODS_1_050,TX_3,11609,5.98
FOODS_1_051,TX_3,11609,3.87
FOODS_1_059,TX_3,11609,5.37
FOODS_1_070,TX_3,11609,0.94
FOODS_1_078,TX_3,11609,3.48
FOODS_1_085,TX_3,11609,0.94
FOODS_1_101,TX_3,11609,2.0
FOODS_1_108,TX_3,11609,2.5
FOODS_1_116,TX_3,11609,2.68
FOODS_1_115,TX_3,11609,3.58
FOODS_1_141,TX_3,11609,3.54
FOODS_1_149,TX_3,11609,0.98
FOODS_1_153,TX_3,11609,1.98
FOODS_1_168,TX_3,11609,2.24
FOODS_1_162,TX_3,11609,1.96
FOODS_1_160,TX_3,11609,2.24
FOODS_1_185,TX_3,11609,2.28
FOODS_1_179,TX_3,11609,3.58
FOODS_1_197,TX_3,11609,5.28
FOODS_1_206,TX_3,11609,2.23
FOODS_1_209,TX_3,11609,2.24
FOODS_1_219,TX_3,11609,2.24
FOODS_1_212,TX_3,11609,5.98
FOODS_2_023,TX_3,11609,1.28
FOODS_2_030,TX_3,11609,4.0
FOODS_2_033,TX_3,11609,2.38
FOODS_2_037,TX_3,11609,7.98
FOODS_2_041,TX_3,11609,3.97
FOODS_2_043,TX_3,11609,2.5
FOODS_2_040,TX_3,11609,2.5
FOODS_2_051,TX_3,11609,2.47
FOODS_2_045,TX_3,11609,6.98
FOODS_2_048,TX_3,11609,7.98
FOODS_2_059,TX_3,11609,5.74
FOODS_2_058,TX_3,11609,4.97
FOODS_2_079,TX_3,11609,3.94
FOODS_2_099,TX_3,11609,2.0
FOODS_2_095,TX_3,11609,4.42
FOODS_2_097,TX_3,11609,6.98
FOODS_2_091,TX_3,11609,2.36
FOODS_2_103,TX_3,11609,6.98
FOODS_2_123,TX_3,11609,2.97
FOODS_2_124,TX_3,11609,2.82
FOODS_2_125,TX_3,11609,2.22
FOODS_2_134,TX_3,11609,2.98
FOODS_2_136,TX_3,11609,2.5
FOODS_2_143,TX_3,11609,3.76
HOBBIES_1_004,CA_1,11609,4.64
HOBBIES_1_018,CA_1,11609,11.88
HOBBIES_1_031,CA_1,11609,10.98
HOBBIES_1_027,CA_1,11609,19.98
HOBBIES_1_048,CA_1,11609,0.48
HOBBIES_1_051,CA_1,11609,5.98
HOBBIES_1_062,CA_1,11609,0.97
HOBBIES_1_065,CA_1,11609,4.88
HOBBIES_1_088,CA_1,11609,2.57
HOBBIES_1_100,CA_1,11609,11.28
HOBBIES_1_103,CA_1,11609,0.7
HOBBIES_1_106,CA_1,11609,2.57
HOBBIES_1_104,CA_1,11609,23.98
HOBBIES_1_112,CA_1,11609,2.72
HOBBIES_1_123,CA_1,11609,7.98
HOBBIES_1_119,CA_1,11609,1.77
HOBBIES_1_141,CA_1,11609,13.98
HOBBIES_1_138,CA_1,11609,5.88
HOBBIES_1_149,CA_1,11609,1.56
HOBBIES_1_159,CA_1,11609,3.24
HOBBIES_1_160,CA_1,11609,19.96
HOBBIES_1_156,CA_1,11609,1.77
HOBBIES_1_168,CA_1,11609,4.83
HOBBIES_1_189,CA_1,11609,0.48
HOBBIES_1_201,CA_1,11609,5.98
HOBBIES_1_205,CA_1,11609,5.88
HOBBIES_1_225,CA_1,11609,29.96
HOBBIES_1_233,CA_1,11609,0.7
HOBBIES_1_235,CA_1,11609,12.98
HOBBIES_1_240,CA_1,11609,2.88
HOBBIES_1_241,CA_1,11609,19.94
HOBBIES_1_247,CA_1,11609,16.88
HOBBIES_1_249,CA_1,11609,4.88
HOBBIES_1_274,CA_1,11609,9.88
HOBBIES_1_269,CA_1,11609,11.73
HOBBIES_1_296,CA_1,11609,7.38
HOBBIES_1_298,CA_1,11609,3.94
HOBBIES_1_300,CA_1,11609,8.98
HOBBIES_1_301,CA_1,11609,6.24
HOBBIES_1_304,CA_1,11609,3.98
HOBBIES_1_315,CA_1,11609,4.97
HOBBIES_1_311,CA_1,11609,17.98
HOBBIES_1_328,CA_1,11609,6.72
HOBBIES_1_334,CA_1,11609,5.98
HOBBIES_1_348,CA_1,11609,0.48
HOBBIES_1_351,CA_1,11609,5.76
HOBBIES_1_353,CA_1,11609,1.08
HOBBIES_1_357,CA_1,11609,14.48
HOBBIES_1_360,CA_1,11609,14.94
HOBBIES_1_362,CA_1,11609,9.46
HOBBIES_1_364,CA_1,11609,12.78
HOBBIES_1_387,CA_1,11609,1.08
HOBBIES_1_399,CA_1,11609,1.97
HOBBIES_1_397,CA_1,11609,3.98
HOBBIES_1_419,CA_1,11609,5.98
HOBBIES_2_002,CA_1,11609,1.47
HOBBIES_2_009,CA_1,11609,5.97
HOBBIES_2_012,CA_1,11609,1.97
HOBBIES_2_018,CA_1,11609,3.37
HOBBIES_2_024,CA_1,11609,4.77
HOBBIES_2_025,CA_1,11609,0.5
HOBBIES_2_023,CA_1,11609,0.97
HOBBIES_2_028,CA_1,11609,0.88
HOBBIES_2_029,CA_1,11609,2.88
HOBBIES_2_027,CA_1,11609,1.97
HOBBIES_2_031,CA_1,11609,6.97
HOBBIES_2_037,CA_1,11609,0.97
HOBBIES_2_040,CA_1,11609,0.88
HOBBIES_2_060,CA_1,11609,0.97
HOBBIES_2_057,CA_1,11609,1.97
HOBBIES_2_066,CA_1,11609,4.97
HOBBIES_2_073,CA_1,11609,0.5
HOBBIES_2_064,CA_1,11609,0.97
HOBBIES_2_072,CA_1,11609,7.97
HOBBIES_2_086,CA_1,11609,0.97
HOBBIES_2_108,CA_1,11609,2.97
HOBBIES_2_120,CA_1,11609,2.47
HOBBIES_2_123,CA_1,11609,0.5
HOBBIES_2_131,CA_1,11609,5.97
HOBBIES_2_136,CA_1,11609,2.88
HOBBIES_2_132,CA_1,11609,2.88
HOUSEHOLD_1_004,CA_1,11609,2.36
HOBBIES_2_148,CA_1,11609,0.88
HOUSEHOLD_1_007,CA_1,11609,1.48
HOUSEHOLD_1_009,CA_1,11609,17.97
HOUSEHOLD_1_032,CA_1,11609,10.48
HOUSEHOLD_1_051,CA_1,11609,2.96
HOUSEHOLD_1_049,CA_1,11609,5.97
HOUSEHOLD_1_062,CA_1,11609,4.98
HOUSEHOLD_1_094,CA_1,11609,3.48
HOUSEHOLD_1_120,CA_1,11609,4.47
HOUSEHOLD_1_129,CA_1,11609,3.88
HOUSEHOLD_1_139,CA_1,11609,4.98
HOUSEHOLD_1_149,CA_1,11609,0.97
HOUSEHOLD_1_148,CA_1,11609,5.92
HOUSEHOLD_1_155,CA_1,11609,3.47
HOUSEHOLD_1_166,CA_1,11609,4.94
HOUSEHOLD_1_173,CA_1,11609,0.97
HOUSEHOLD_1_174,CA_1,11609,5.27
HOUSEHOLD_1_182,CA_1,11609,3.97
HOUSEHOLD_1_191,CA_1,11609,2.96
HOUSEHOLD_1_199,CA_1,11609,1.77
HOUSEHOLD_1_200,CA_1,11609,2.08
HOUSEHOLD_1_210,CA_1,11609,4.68
HOUSEHOLD_1_260,CA_1,11609,2.97
HOUSEHOLD_1_270,CA_1,11609,9.92
HOUSEHOLD_1_269,CA_1,11609,3.12
HOUSEHOLD_1_310,CA_1,11609,6.97
HOUSEHOLD_1_319,CA_1,11609,1.94
HOUSEHOLD_1_315,CA_1,11609,9.48
HOUSEHOLD_1_311,CA_1,11609,3.88
HOUSEHOLD_1_317,CA_1,11609,1.96
HOUSEHOLD_1_321,CA_1,11609,2.97
HOUSEHOLD_1_320,CA_1,11609,4.47
HOUSEHOLD_1_328,CA_1,11609,4.94
HOUSEHOLD_1_338,CA_1,11609,3.94
HOUSEHOLD_1_343,CA_1,11609,5.27
HOUSEHOLD_1_357,CA_1,11609,11.97
HOUSEHOLD_1_348,CA_1,11609,1.86
HOUSEHOLD_1_356,CA_1,11609,5.96
HOUSEHOLD_1_364,CA_1,11609,7.48
HOUSEHOLD_1_390,CA_1,11609,1.88
HOUSEHOLD_1_403,CA_1,11609,3.93
HOUSEHOLD_1_402,CA_1,11609,6.97
HOUSEHOLD_1_419,CA_1,11609,8.94
HOUSEHOLD_1_427,CA_1,11609,5.96
HOUSEHOLD_1_453,CA_1,11609,2.36
HOUSEHOLD_1_487,CA_1,11609,1.84
HOUSEHOLD_1_481,CA_1,11609,4.94
HOUSEHOLD_1_484,CA_1,11609,9.97
HOUSEHOLD_1_492,CA_1,11609,3.96
HOUSEHOLD_1_495,CA_1,11609,2.74
HOUSEHOLD_1_508,CA_1,11609,4.88
HOUSEHOLD_1_515,CA_1,11609,2.47
HOUSEHOLD_1_520,CA_1,11609,5.48
HOUSEHOLD_1_536,CA_1,11609,2.88
HOUSEHOLD_2_010,CA_1,11609,6.97
HOUSEHOLD_2_007,CA_1,11609,2.58
HOUSEHOLD_2_038,CA_1,11609,5.94
HOUSEHOLD_2_041,CA_1,11609,4.97
FOODS_2_381,TX_1,11609,2.5
FOODS_2_384,TX_1,11609,2.28
FOODS_3_005,TX_1,11609,2.28
FOODS_3_010,TX_1,11609,2.84
FOODS_3_006,TX_1,11609,7.88
FOODS_3_019,TX_1,11609,1.98
FOODS_3_012,TX_1,11609,2.68
FOODS_3_018,TX_1,11609,4.54
FOODS_3_023,TX_1,11609,3.98
FOODS_3_032,TX_1,11609,2.98
FOODS_3_034,TX_1,11609,2.56
FOODS_3_033,TX_1,11609,2.5
FOODS_3_042,TX_1,11609,1.68
FOODS_3_046,TX_1,11609,1.98
FOODS_3_038,TX_1,11609,4.98
FOODS_3_047,TX_1,11609,1.0
FOODS_3_058,TX_1,11609,1.98
FOODS_3_061,TX_1,11609,2.98
FOODS_3_070,TX_1,11609,0.25
FOODS_3_071,TX_1,11609,1.34
FOODS_3_078,TX_1,11609,2.97
FOODS_3_091,TX_1,11609,5.98
FOODS_3_092,TX_1,11609,3.98
FOODS_3_096,TX_1,11609,4.48
FOODS_3_101,TX_1,11609,1.0
FOODS_3_117,TX_1,11609,1.88
FOODS_3_119,TX_1,11609,4.28
FOODS_3_138,TX_1,11609,1.98
FOODS_3_145,TX_1,11609,2.98
FOODS_3_152,TX_1,11609,2.88
FOODS_3_164,TX_1,11609,2.94
FOODS_3_188,TX_1,11609,1.98
FOODS_3_186,TX_1,11609,2.28
FOODS_3_200,TX_1,11609,2.0
FOODS_3_194,TX_1,11609,2.98
FOODS_3_198,TX_1,11609,6.44
FOODS_3_211,TX_1,11609,4.58
FOODS_3_213,TX_1,11609,2.24
FOODS_3_214,TX_1,11609,0.94
FOODS_3_215,TX_1,11609,1.24
FOODS_3_222,TX_1,11609,4.54
FOODS_3_232,TX_1,11609,3.0
FOODS_3_238,TX_1,11609,3.27
FOODS_3_236,TX_1,11609,2.56
FOODS_3_257,TX_1,11609,3.98
FOODS_3_261,TX_1,11609,3.98
FOODS_3_259,TX_1,11609,1.78
FOODS_3_269,TX_1,11609,2.98
FOODS_3_289,TX_1,11609,2.98
FOODS_3_281,TX_1,11609,1.25
FOODS_3_293,TX_1,11609,1.98
FOODS_3_309,TX_1,11609,1.98
FOODS_3_306,TX_1,11609,1.58
FOODS_3_320,TX_1,11609,1.98
FOODS_3_315,TX_1,11609,1.74
FOODS_3_335,TX_1,11609,2.48
FOODS_3_346,TX_1,11609,1.98
FOODS_3_351,TX_1,11609,0.94
FOODS_3_354,TX_1,11609,2.98
FOODS_3_362,TX_1,11609,2.56
FOODS_3_358,TX_1,11609,2.88
FOODS_3_384,TX_1,11609,2.98
FOODS_3_387,TX_1,11609,2.68
FOODS_3_388,TX_1,11609,3.98
FOODS_3_404,TX_1,11609,0.94
FOODS_3_408,TX_1,11609,2.98
FOODS_3_418,TX_1,11609,3.98
FOODS_3_426,TX_1,11609,2.98
FOODS_3_429,TX_1,11609,5.98
FOODS_3_442,TX_1,11609,2.48
FOODS_3_455,TX_1,11609,2.48
FOODS_3_471,TX_1,11609,2.5
FOODS_3_477,TX_1,11609,1.68
FOODS_3_478,TX_1,11609,1.74
FOODS_3_480,TX_1,11609,2.98
FOODS_3_484,TX_1,11609,1.98
FOODS_3_490,TX_1,11609,3.48
FOODS_3_495,TX_1,11609,1.64
FOODS_3_497,TX_1,11609,2.5
FOODS_3_506,TX_1,11609,3.98
FOODS_3_500,TX_1,11609,2.5
FOODS_3_524,TX_1,11609,0.94
FOODS_3_526,TX_1,11609,1.98
FOODS_3_528,TX_1,11609,4.98
FOODS_3_534,TX_1,11609,4.88
FOODS_3_568,TX_1,11609,1.0
FOODS_3_586,TX_1,11609,1.68
FOODS_3_587,TX_1,11609,2.48
FOODS_3_588,TX_1,11609,3.94
FOODS_3_583,TX_1,11609,1.5
FOODS_3_599,TX_1,11609,1.98
FOODS_3_608,TX_1,11609,1.74
FOODS_3_628,TX_1,11609,3.98
FOODS_3_627,TX_1,11609,2.88
FOODS_3_635,TX_1,11609,0.69
FOODS_3_646,TX_1,11609,2.68
FOODS_3_642,TX_1,11609,2.98
FOODS_3_640,TX_1,11609,1.5
FOODS_3_657,TX_1,11609,3.98
FOODS_3_666,TX_1,11609,2.48
FOODS_3_667,TX_1,11609,1.98
FOODS_3_680,TX_1,11609,2.56
FOODS_3_692,TX_1,11609,0.8
FOODS_3_683,TX_1,11609,2.56
FOODS_3_698,TX_1,11609,1.0
FOODS_3_705,TX_1,11609,3.88
FOODS_3_710,TX_1,11609,2.98
FOODS_3_706,TX_1,11609,1.98
FOODS_3_722,TX_1,11609,2.56
FOODS_3_734,TX_1,11609,1.78
FOODS_3_739,TX_1,11609,1.5
FOODS_3_764,TX_1,11609,2.98
FOODS_3_771,TX_1,11609,2.56
FOODS_3_794,TX_1,11609,2.98
FOODS_3_789,TX_1,11609,1.5
FOODS_3_790,TX_1,11609,2.18
FOODS_3_800,TX_1,11609,1.88
FOODS_3_798,TX_1,11609,1.98
FOODS_3_807,TX_1,11609,1.98
FOODS_3_822,TX_1,11609,3.0
FOODS_3_823,TX_1,11609,2.98
FOODS_3_827,TX_1,11609,1.0
HOBBIES_1_006,TX_2,11609,0.96
HOBBIES_1_013,TX_2,11609,1.97
HOBBIES_1_032,TX_2,11609,0.57
HOBBIES_1_034,TX_2,11609,4.86
HOBBIES_1_033,TX_2,11609,16.86
HOBBIES_1_039,TX_2,11609,5.88
HOBBIES_1_049,TX_2,11609,7.88
HOBBIES_1_058,TX_2,11609,8.82
HOBBIES_1_075,TX_2,11609,6.76
HOBBIES_1_077,TX_2,11609,9.46
HOBBIES_1_090,TX_2,11609,1.08
HOBBIES_1_102,TX_2,11609,4.98
HOBBIES_1_117,TX_2,11609,12.68
HOBBIES_1_124,TX_2,11609,5.98
HOBBIES_1_122,TX_2,11609,1.63
HOBBIES_1_134,TX_2,11609,3.87
HOBBIES_1_131,TX_2,11609,0.68
HOBBIES_1_144,TX_2,11609,11.28
HOBBIES_1_145,TX_2,11609,1.28
HOBBIES_1_148,TX_2,11609,4.88
HOBBIES_1_152,TX_2,11609,4.86
HOBBIES_1_165,TX_2,11609,4.97
HOBBIES_1_178,TX_2,11609,0.48
HOBBIES_1_185,TX_2,11609,3.24
HOBBIES_1_181,TX_2,11609,1.97
HOBBIES_1_209,TX_2,11609,0.7
HOBBIES_1_210,TX_2,11609,5.47
HOBBIES_1_218,TX_2,11609,10.58
HOBBIES_1_219,TX_2,11609,1.74
HOBBIES_1_232,TX_2,11609,0.48
HOBBIES_1_237,TX_2,11609,7.98
HOBBIES_1_268,TX_2,11609,0.48
HOBBIES_1_275,TX_2,11609,11.93
HOBBIES_1_283,TX_2,11609,9.84
HOBBIES_1_290,TX_2,11609,5.77
HOBBIES_1_326,TX_2,11609,1.97
HOBBIES_1_337,TX_2,11609,3.67
HOBBIES_1_346,TX_2,11609,3.97
HOBBIES_1_344,TX_2,11609,11.78
HOBBIES_1_356,TX_2,11609,5.76
HOBBIES_1_349,TX_2,11609,9.98
HOBBIES_1_363,TX_2,11609,2.88
HOBBIES_1_369,TX_2,11609,1.08
HOBBIES_1_377,TX_2,11609,9.98
HOBBIES_1_375,TX_2,11609,9.88
HOBBIES_1_388,TX_2,11609,2.73
HOBBIES_1_385,TX_2,11609,9.97
FOODS_3_407,WI_1,11609,2.98
FOODS_3_410,WI_1,11609,2.68
FOODS_3_420,WI_1,11609,8.48
FOODS_3_425,WI_1,11609,2.48
FOODS_3_431,WI_1,11609,1.0
FOODS_3_430,WI_1,11609,5.98
FOODS_3_441,WI_1,11609,6.98
FOODS_3_444,WI_1,11609,6.98
FOODS_3_457,WI_1,11609,2.5
FOODS_3_458,WI_1,11609,1.98
FOODS_3_467,WI_1,11609,1.98
FOODS_3_486,WI_1,11609,2.88
FOODS_3_499,WI_1,11609,2.56
FOODS_3_519,WI_1,11609,1.0
FOODS_3_521,WI_1,11609,2.54
FOODS_3_517,WI_1,11609,2.94
FOODS_3_522,WI_1,11609,2.68
FOODS_3_531,WI_1,11609,2.48
FOODS_3_541,WI_1,11609,0.94
FOODS_3_563,WI_1,11609,3.78
FOODS_3_589,WI_1,11609,1.28
FOODS_3_595,WI_1,11609,1.98
FOODS_3_607,WI_1,11609,2.48
FOODS_3_609,WI_1,11609,2.98
FOODS_3_601,WI_1,11609,1.98
FOODS_3_603,WI_1,11609,1.0
FOODS_3_620,WI_1,11609,6.98
FOODS_3_629,WI_1,11609,4.98
FOODS_3_625,WI_1,11609,3.0
FOODS_3_631,WI_1,11609,3.78
FOODS_3_648,WI_1,11609,1.0
FOODS_3_659,WI_1,11609,2.98
FOODS_3_665,WI_1,11609,2.98
FOODS_3_658,WI_1,11609,2.84
FOODS_3_671,WI_1,11609,2.28
FOODS_3_682,WI_1,11609,3.56
FOODS_3_677,WI_1,11609,3.98
FOODS_3_689,WI_1,11609,2.98
FOODS_3_691,WI_1,11609,7.48
FOODS_3_708,WI_1,11609,2.78
FOODS_3_730,WI_1,11609,4.98
FOODS_3_748,WI_1,11609,3.98
FOODS_3_756,WI_1,11609,2.5
FOODS_3_774,WI_1,11609,7.48
FOODS_3_770,WI_1,11609,3.98
FOODS_3_802,WI_1,11609,1.68
FOODS_3_803,WI_1,11609,1.0
FOODS_3_795,WI_1,11609,2.98
FOODS_3_804,WI_1,11609,1.88
FOODS_3_819,WI_1,11609,1.98
HOBBIES_1_002,WI_2,11609,3.97
HOBBIES_1_012,WI_2,11609,6.52
HOBBIES_1_016,WI_2,11609,0.7
HOBBIES_1_024,WI_2,11609,8.56
HOBBIES_1_035,WI_2,11609,2.12
HOBBIES_1_044,WI_2,11609,1.48
HOBBIES_1_040,WI_2,11609,12.97
HOBBIES_1_045,WI_2,11609,10.58
HOBBIES_1_046,WI_2,11609,18.72
HOBBIES_1_069,WI_2,11609,13.23
HOBBIES_1_070,WI_2,11609,5.88
HOBBIES_1_098,WI_2,11609,13.98
HOBBIES_1_118,WI_2,11609,11.12
HOBBIES_1_120,WI_2,11609,10.98
HOBBIES_1_132,WI_2,11609,3.98
HOBBIES_1_135,WI_2,11609,20.38
HOBBIES_1_143,WI_2,11609,8.77
HOBBIES_1_195,WI_2,11609,11.28
HOBBIES_1_202,WI_2,11609,1.77
HOBBIES_1_200,WI_2,11609,7.88
HOBBIES_1_203,WI_2,11609,12.98
HOBBIES_1_228,WI_2,11609,6.87
HOBBIES_1_229,WI_2,11609,6.47
HOBBIES_1_242,WI_2,11609,2.78
HOBBIES_1_256,WI_2,11609,0.48
HOBBIES_1_263,WI_2,11609,4.97
HOBBIES_1_259,WI_2,11609,0.97
HOBBIES_1_272,WI_2,11609,8.44
HOBBIES_1_265,WI_2,11609,3.97
HOBBIES_1_270,WI_2,11609,4.88
HOBBIES_1_278,WI_2,11609,0.57
HOBBIES_1_281,WI_2,11609,4.24
HOBBIES_1_286,WI_2,11609,0.7
HOBBIES_1_287,WI_2,11609,5.76
HOBBIES_1_297,WI_2,11609,14.72
HOBBIES_1_292,WI_2,11609,6.58
HOBBIES_1_310,WI_2,11609,5.72
HOBBIES_1_320,WI_2,11609,4.62
HOBBIES_1_329,WI_2,11609,3.97
HOBBIES_1_330,WI_2,11609,7.88
HOBBIES_1_368,WI_2,11609,4.22
HOBBIES_1_361,WI_2,11609,29.96
HOBBIES_1_372,WI_2,11609,6.68
HOBBIES_1_374,WI_2,11609,17.48
HOBBIES_1_383,WI_2,11609,2.98
HOBBIES_1_395,WI_2,11609,7.48
HOBBIES_1_392,WI_2,11609,12.98
HOBBIES_1_405,WI_2,11609,12.68
HOBBIES_1_407,WI_2,11609,2.88
HOBBIES_1_408,WI_2,11609,0.6
HOBBIES_1_413,WI_2,11609,4.86
HOBBIES_1_414,WI_2,11609,7.22
HOBBIES_2_004,WI_2,11609,2.47
HOBBIES_2_003,WI_2,11609,1.97
HOBBIES_2_011,WI_2,11609,0.97
HOBBIES_2_008,WI_2,11609,3.88
HOBBIES_2_010,WI_2,11609,0.97
HOBBIES_2_022,WI_2,11609,4.97
HOBBIES_2_014,WI_2,11609,0.97
HOBBIES_2_030,WI_2,11609,0.97
HOBBIES_2_036,WI_2,11609,0.88
HOBBIES_2_034,WI_2,11609,2.5
HOBBIES_2_051,WI_2,11609,1.97
HOBBIES_2_050,WI_2,11609,1.97
HOBBIES_2_062,WI_2,11609,5.88
HOBBIES_2_070,WI_2,11609,9.97
HOBBIES_2_077,WI_2,11609,9.97
HOBBIES_2_087,WI_2,11609,0.97
HOBBIES_2_117,WI_2,11609,2.88
HOBBIES_2_113,WI_2,11609,5.97
HOBBIES_2_110,WI_2,11609,5.97
HOBBIES_2_114,WI_2,11609,1.97
HOBBIES_2_130,WI_2,11609,6.97
HOBBIES_2_145,WI_2,11609,2.88
HOBBIES_2_143,WI_2,11609,0.97
HOBBIES_2_141,WI_2,11609,0.5
HOBBIES_2_137,WI_2,11609,2.97
HOBBIES_2_146,WI_2,11609,1.97
HOUSEHOLD_1_003,WI_2,11609,8.97
HOUSEHOLD_1_011,WI_2,11609,4.63
HOUSEHOLD_1_025,WI_2,11609,2.98
HOUSEHOLD_1_017,WI_2,11609,4.94
HOUSEHOLD_1_048,WI_2,11609,2.84
HOUSEHOLD_1_054,WI_2,11609,3.92
HOUSEHOLD_1_061,WI_2,11609,1.88
HOUSEHOLD_1_074,WI_2,11609,4.94
HOUSEHOLD_1_075,WI_2,11609,2.73
HOUSEHOLD_1_088,WI_2,11609,5.97
HOUSEHOLD_1_089,WI_2,11609,5.22
HOUSEHOLD_1_106,WI_2,11609,9.46
HOUSEHOLD_1_114,WI_2,11609,0.97
HOUSEHOLD_1_113,WI_2,11609,5.74
HOUSEHOLD_1_121,WI_2,11609,2.48
HOUSEHOLD_1_133,WI_2,11609,3.12
HOUSEHOLD_1_176,WI_2,11609,3.87
HOUSEHOLD_1_170,WI_2,11609,1.98
HOUSEHOLD_1_178,WI_2,11609,4.47
HOUSEHOLD_1_184,WI_2,11609,11.97
HOUSEHOLD_1_186,WI_2,11609,2.97
HOUSEHOLD_1_194,WI_2,11609,4.98
HOBBIES_1_032,CA_3,11609,0.57
HOBBIES_1_034,CA_3,11609,4.86
HOBBIES_1_039,CA_3,11609,5.88
HOBBIES_1_033,CA_3,11609,16.86
HOBBIES_1_049,CA_3,11609,7.88
HOBBIES_1_058,CA_3,11609,8.82
HOBBIES_1_075,CA_3,11609,7.0
HOBBIES_1_077,CA_3,11609,9.46
HOBBIES_1_090,CA_3,11609,1.08
HOBBIES_1_102,CA_3,11609,4.98
HOBBIES_1_117,CA_3,11609,12.68
HOBBIES_1_131,CA_3,11609,0.68
HOBBIES_1_124,CA_3,11609,5.98
HOBBIES_1_122,CA_3,11609,1.77
HOBBIES_1_134,CA_3,11609,3.87
HOBBIES_1_145,CA_3,11609,1.28
HOBBIES_1_144,CA_3,11609,11.28
HOBBIES_1_148,CA_3,11609,4.88
HOBBIES_1_152,CA_3,11609,4.86
HOBBIES_1_165,CA_3,11609,4.97
HOBBIES_1_178,CA_3,11609,0.48
HOBBIES_1_185,CA_3,11609,3.24
HOBBIES_1_181,CA_3,11609,1.97
HOBBIES_1_209,CA_3,11609,0.7
HOBBIES_1_210,CA_3,11609,5.47
HOBBIES_1_218,CA_3,11609,10.58
HOBBIES_1_219,CA_3,11609,1.74
HOBBIES_1_232,CA_3,11609,0.48
HOBBIES_1_237,CA_3,11609,7.98
HOBBIES_1_268,CA_3,11609,0.48
HOBBIES_1_275,CA_3,11609,12.88
HOBBIES_1_283,CA_3,11609,10.98
HOBBIES_1_290,CA_3,11609,5.77
HOBBIES_1_326,CA_3,11609,1.97
HOBBIES_1_337,CA_3,11609,3.67
HOBBIES_1_349,CA_3,11609,9.98
HOBBIES_1_346,CA_3,11609,3.97
HOBBIES_1_344,CA_3,11609,11.78
HOBBIES_1_356,CA_3,11609,5.76
HOBBIES_1_363,CA_3,11609,2.88
HOBBIES_1_375,CA_3,11609,9.88
HOBBIES_1_369,CA_3,11609,1.08
HOBBIES_1_377,CA_3,11609,9.98
HOBBIES_1_388,CA_3,11609,2.88
HOBBIES_1_393,CA_3,11609,28.96
HOBBIES_1_385,CA_3,11609,9.97
HOBBIES_1_410,CA_3,11609,28.96
HOBBIES_1_422,CA_3,11609,3.62
HOBBIES_2_005,CA_3,11609,4.47
HOBBIES_2_016,CA_3,11609,4.97
HOBBIES_2_017,CA_3,11609,0.5
HOBBIES_2_026,CA_3,11609,0.23
HOBBIES_2_039,CA_3,11609,4.97
HOBBIES_2_033,CA_3,11609,2.88
HOBBIES_2_042,CA_3,11609,0.74
HOBBIES_2_054,CA_3,11609,3.97
HOBBIES_2_058,CA_3,11609,0.5
HOBBIES_2_080,CA_3,11609,3.97
HOBBIES_2_083,CA_3,11609,2.88
HOBBIES_2_089,CA_3,11609,2.97
HOBBIES_2_092,CA_3,11609,4.97
HOBBIES_2_091,CA_3,11609,0.97
HOBBIES_2_115,CA_3,11609,2.47
HOBBIES_2_122,CA_3,11609,0.88
HOUSEHOLD_1_010,CA_3,11609,3.17
HOUSEHOLD_1_021,CA_3,11609,1.94
HOUSEHOLD_1_024,CA_3,11609,1.47
HOUSEHOLD_1_042,CA_3,11609,9.97
HOUSEHOLD_1_046,CA_3,11609,3.78
HOUSEHOLD_1_047,CA_3,11609,4.23
HOUSEHOLD_1_065,CA_3,11609,0.98
HOUSEHOLD_1_081,CA_3,11609,7.98
HOUSEHOLD_1_096,CA_3,11609,3.97
HOUSEHOLD_1_098,CA_3,11609,7.98
HOUSEHOLD_1_125,CA_3,11609,5.72
HOUSEHOLD_1_127,CA_3,11609,7.98
HOUSEHOLD_1_130,CA_3,11609,6.42
HOUSEHOLD_1_138,CA_3,11609,4.94
HOUSEHOLD_1_142,CA_3,11609,6.27
HOUSEHOLD_1_157,CA_3,11609,4.47
HOUSEHOLD_1_150,CA_3,11609,12.48
HOUSEHOLD_1_152,CA_3,11609,9.98
HOUSEHOLD_1_154,CA_3,11609,2.96
HOUSEHOLD_1_162,CA_3,11609,5.97
HOUSEHOLD_1_172,CA_3,11609,1.96
HOUSEHOLD_1_180,CA_3,11609,2.88
HOUSEHOLD_1_204,CA_3,11609,1.88
HOUSEHOLD_1_201,CA_3,11609,4.84
HOUSEHOLD_1_214,CA_3,11609,1.87
HOUSEHOLD_1_224,CA_3,11609,7.97
HOUSEHOLD_1_223,CA_3,11609,9.47
HOUSEHOLD_1_220,CA_3,11609,1.83
HOUSEHOLD_1_229,CA_3,11609,2.96
HOUSEHOLD_1_243,CA_3,11609,1.97
HOUSEHOLD_1_239,CA_3,11609,3.97
HOUSEHOLD_1_263,CA_3,11609,7.42
HOUSEHOLD_1_258,CA_3,11609,2.97
HOUSEHOLD_1_271,CA_3,11609,2.98
HOUSEHOLD_1_289,CA_3,11609,5.22
HOUSEHOLD_1_288,CA_3,11609,7.93
HOUSEHOLD_1_297,CA_3,11609,7.94
HOUSEHOLD_1_309,CA_3,11609,6.88
HOUSEHOLD_1_330,CA_3,11609,2.42
HOUSEHOLD_1_339,CA_3,11609,0.97
HOUSEHOLD_1_350,CA_3,11609,2.74
HOUSEHOLD_1_365,CA_3,11609,4.17
HOUSEHOLD_1_377,CA_3,11609,8.96
HOUSEHOLD_1_399,CA_3,11609,0.97
HOUSEHOLD_1_405,CA_3,11609,2.98
HOUSEHOLD_1_407,CA_3,11609,5.24
HOUSEHOLD_1_408,CA_3,11609,5.48
HOUSEHOLD_1_416,CA_3,11609,3.88
HOUSEHOLD_1_409,CA_3,11609,2.94
HOUSEHOLD_1_425,CA_3,11609,1.97
HOUSEHOLD_1_424,CA_3,11609,2.97
HOUSEHOLD_1_423,CA_3,11609,2.96
HOUSEHOLD_1_428,CA_3,11609,7.97
HOUSEHOLD_1_439,CA_3,11609,0.98
HOUSEHOLD_1_442,CA_3,11609,8.97
HOUSEHOLD_1_444,CA_3,11609,4.88
HOUSEHOLD_1_446,CA_3,11609,3.93
HOUSEHOLD_1_447,CA_3,11609,0.97
HOUSEHOLD_1_454,CA_3,11609,2.97
HOUSEHOLD_1_448,CA_3,11609,0.97
HOUSEHOLD_1_449,CA_3,11609,15.72
HOUSEHOLD_1_466,CA_3,11609,3.96
HOUSEHOLD_1_467,CA_3,11609,11.98
HOUSEHOLD_1_490,CA_3,11609,12.97
HOUSEHOLD_1_497,CA_3,11609,15.72
HOUSEHOLD_1_513,CA_3,11609,9.97
HOUSEHOLD_1_507,CA_3,11609,1.77
HOUSEHOLD_1_504,CA_3,11609,3.38
HOUSEHOLD_1_509,CA_3,11609,3.17
HOUSEHOLD_1_522,CA_3,11609,1.73
HOUSEHOLD_1_531,CA_3,11609,7.93
HOUSEHOLD_1_524,CA_3,11609,3.97
HOUSEHOLD_1_538,CA_3,11609,3.48
HOUSEHOLD_2_003,CA_3,11609,8.94
HOUSEHOLD_2_005,CA_3,11609,5.47
HOUSEHOLD_2_015,CA_3,11609,4.44
HOUSEHOLD_2_013,CA_3,11609,5.94
HOUSEHOLD_2_017,CA_3,11609,3.72
HOUSEHOLD_2_021,CA_3,11609,4.47
HOUSEHOLD_2_024,CA_3,11609,2.22
HOUSEHOLD_2_035,CA_3,11609,5.94
HOUSEHOLD_2_053,CA_3,11609,1.97
HOUSEHOLD_2_061,CA_3,11609,2.97
HOUSEHOLD_2_069,CA_3,11609,10.83
HOUSEHOLD_2_079,CA_3,11609,4.47
FOODS_3_479,TX_2,11609,1.0
FOODS_3_502,TX_2,11609,2.56
FOODS_3_512,TX_2,11609,1.98
FOODS_3_516,TX_2,11609,3.78
FOODS_3_525,TX_2,11609,2.0
FOODS_3_527,TX_2,11609,4.98
FOODS_3_539,TX_2,11609,2.98
FOODS_3_546,TX_2,11609,5.98
FOODS_3_543,TX_2,11609,3.48
FOODS_3_564,TX_2,11609,1.74
FOODS_3_565,TX_2,11609,2.5
FOODS_3_571,TX_2,11609,9.44
FOODS_3_576,TX_2,11609,2.5
FOODS_3_600,TX_2,11609,2.56
FOODS_3_604,TX_2,11609,2.56
FOODS_3_616,TX_2,11609,1.87
FOODS_3_618,TX_2,11609,1.98
FOODS_3_626,TX_2,11609,3.98
FOODS_3_645,TX_2,11609,1.98
FOODS_3_663,TX_2,11609,1.74
FOODS_3_672,TX_2,11609,2.64
FOODS_3_686,TX_2,11609,3.57
FOODS_3_697,TX_2,11609,3.0
FOODS_3_693,TX_2,11609,3.48
FOODS_3_690,TX_2,11609,9.98
FOODS_3_718,TX_2,11609,1.48
FOODS_3_721,TX_2,11609,1.98
FOODS_3_753,TX_2,11609,5.44
FOODS_3_757,TX_2,11609,2.68
FOODS_3_775,TX_2,11609,3.37
FOODS_3_810,TX_2,11609,2.56
FOODS_3_817,TX_2,11609,2.94
FOODS_3_811,TX_2,11609,1.88
FOODS_3_818,TX_2,11609,2.98
FOODS_3_815,TX_2,11609,2.48
FOODS_3_820,TX_2,11609,1.98
FOODS_3_824,TX_2,11609,2.48
HOBBIES_1_004,TX_3,11609,4.64
HOBBIES_1_018,TX_3,11609,11.88
HOBBIES_1_027,TX_3,11609,19.98
HOBBIES_1_031,TX_3,11609,10.98
HOBBIES_1_048,TX_3,11609,0.48
HOBBIES_1_051,TX_3,11609,5.98
HOBBIES_1_062,TX_3,11609,0.97
HOBBIES_1_065,TX_3,11609,4.88
HOBBIES_1_088,TX_3,11609,2.57
HOBBIES_1_103,TX_3,11609,0.7
HOBBIES_1_106,TX_3,11609,2.57
HOBBIES_1_100,TX_3,11609,11.28
HOBBIES_1_104,TX_3,11609,23.98
HOBBIES_1_112,TX_3,11609,2.72
HOBBIES_1_123,TX_3,11609,7.98
HOBBIES_1_119,TX_3,11609,1.63
HOBBIES_1_138,TX_3,11609,5.88
HOBBIES_1_141,TX_3,11609,13.98
HOBBIES_1_149,TX_3,11609,1.56
HOBBIES_1_159,TX_3,11609,3.24
HOBBIES_1_160,TX_3,11609,18.46
HOBBIES_1_156,TX_3,11609,1.63
HOBBIES_1_168,TX_3,11609,4.83
HOBBIES_1_189,TX_3,11609,0.48
HOBBIES_1_201,TX_3,11609,4.98
HOBBIES_1_205,TX_3,11609,5.88
HOBBIES_1_233,TX_3,11609,0.7
HOBBIES_1_225,TX_3,11609,26.98
HOBBIES_1_235,TX_3,11609,12.98
HOBBIES_1_240,TX_3,11609,2.73
HOBBIES_1_241,TX_3,11609,19.94
HOBBIES_1_249,TX_3,11609,4.88
HOBBIES_1_247,TX_3,11609,16.88
HOBBIES_1_269,TX_3,11609,11.73
HOBBIES_1_274,TX_3,11609,9.88
HOBBIES_1_296,TX_3,11609,7.38
HOBBIES_1_298,TX_3,11609,3.94
HOBBIES_1_301,TX_3,11609,6.24
HOBBIES_1_304,TX_3,11609,3.98
HOBBIES_1_300,TX_3,11609,8.98
HOBBIES_1_311,TX_3,11609,17.98
HOBBIES_1_315,TX_3,11609,4.97
HOBBIES_1_328,TX_3,11609,6.72
HOBBIES_1_334,TX_3,11609,5.98
HOBBIES_1_348,TX_3,11609,0.48
HOBBIES_1_351,TX_3,11609,5.76
HOBBIES_1_353,TX_3,11609,1.08
HOBBIES_1_357,TX_3,11609,12.98
HOBBIES_1_360,TX_3,11609,14.94
HOBBIES_1_364,TX_3,11609,12.78
HOBBIES_1_362,TX_3,11609,9.46
HOBBIES_1_387,TX_3,11609,1.08
HOBBIES_1_399,TX_3,11609,1.97
HOBBIES_1_397,TX_3,11609,3.98
HOBBIES_2_002,TX_3,11609,1.47
HOBBIES_1_419,TX_3,11609,5.98
HOBBIES_2_009,TX_3,11609,5.97
HOBBIES_2_018,TX_3,11609,3.37
HOBBIES_2_012,TX_3,11609,1.97
HOBBIES_2_028,TX_3,11609,0.88
HOBBIES_2_029,TX_3,11609,2.88
HOBBIES_2_031,TX_3,11609,6.97
HOBBIES_2_027,TX_3,11609,1.97
HOBBIES_2_025,TX_3,11609,0.5
HOBBIES_2_024,TX_3,11609,4.77
HOBBIES_2_023,TX_3,11609,0.97
HOBBIES_2_037,TX_3,11609,0.97
HOBBIES_2_040,TX_3,11609,0.88
HOBBIES_2_057,TX_3,11609,1.97
HOBBIES_2_066,TX_3,11609,4.97
HOBBIES_2_060,TX_3,11609,0.97
HOBBIES_2_064,TX_3,11609,0.97
HOBBIES_2_073,TX_3,11609,0.5
HOBBIES_2_072,TX_3,11609,7.97
HOBBIES_2_086,TX_3,11609,0.97
HOBBIES_2_108,TX_3,11609,2.97
HOBBIES_2_120,TX_3,11609,2.47
HOBBIES_2_123,TX_3,11609,0.5
HOBBIES_2_131,TX_3,11609,5.97
HOBBIES_2_132,TX_3,11609,2.88
HOBBIES_2_136,TX_3,11609,2.88
HOBBIES_2_148,TX_3,11609,0.88
HOUSEHOLD_1_004,TX_3,11609,1.87
HOUSEHOLD_1_007,TX_3,11609,1.48
HOUSEHOLD_1_009,TX_3,11609,17.97
HOUSEHOLD_1_032,TX_3,11609,10.48
HOUSEHOLD_1_049,TX_3,11609,5.97
HOUSEHOLD_1_051,TX_3,11609,2.86
HOUSEHOLD_1_062,TX_3,11609,4.98
HOUSEHOLD_1_094,TX_3,11609,3.48
HOUSEHOLD_1_120,TX_3,11609,4.44
HOUSEHOLD_1_129,TX_3,11609,3.88
HOUSEHOLD_1_139,TX_3,11609,4.98
HOUSEHOLD_1_149,TX_3,11609,0.97
HOUSEHOLD_1_148,TX_3,11609,5.92
HOUSEHOLD_1_155,TX_3,11609,3.47
HOUSEHOLD_1_166,TX_3,11609,4.94
HOUSEHOLD_1_173,TX_3,11609,0.97
HOUSEHOLD_1_174,TX_3,11609,5.27
HOUSEHOLD_1_182,TX_3,11609,3.97
HOUSEHOLD_1_191,TX_3,11609,2.96
HOUSEHOLD_1_199,TX_3,11609,1.77
HOUSEHOLD_1_200,TX_3,11609,2.08
HOUSEHOLD_1_210,TX_3,11609,4.57
HOUSEHOLD_1_260,TX_3,11609,2.97
HOUSEHOLD_1_270,TX_3,11609,9.92
HOUSEHOLD_1_269,TX_3,11609,3.12
HOBBIES_1_201,WI_3,11609,5.98
HOBBIES_1_205,WI_3,11609,5.88
HOBBIES_1_225,WI_3,11609,29.96
HOBBIES_1_233,WI_3,11609,0.7
HOBBIES_1_235,WI_3,11609,12.98
HOBBIES_1_240,WI_3,11609,2.88
HOBBIES_1_241,WI_3,11609,19.94
HOBBIES_1_249,WI_3,11609,4.88
HOBBIES_1_247,WI_3,11609,16.88
HOBBIES_1_269,WI_3,11609,11.73
HOBBIES_1_274,WI_3,11609,9.88
HOBBIES_1_296,WI_3,11609,7.38
HOBBIES_1_298,WI_3,11609,3.94
HOBBIES_1_300,WI_3,11609,8.98
HOBBIES_1_301,WI_3,11609,4.43
HOBBIES_1_304,WI_3,11609,3.98
HOBBIES_1_311,WI_3,11609,17.98
HOBBIES_1_315,WI_3,11609,4.97
HOBBIES_1_328,WI_3,11609,6.72
HOBBIES_1_334,WI_3,11609,5.98
HOBBIES_1_348,WI_3,11609,0.48
HOBBIES_1_351,WI_3,11609,5.76
HOBBIES_1_357,WI_3,11609,14.48
HOBBIES_1_360,WI_3,11609,14.94
HOBBIES_1_353,WI_3,11609,1.08
HOBBIES_1_364,WI_3,11609,12.78
HOBBIES_1_362,WI_3,11609,9.46
HOBBIES_1_397,WI_3,11609,3.98
HOBBIES_1_387,WI_3,11609,1.08
HOBBIES_1_399,WI_3,11609,1.97
HOBBIES_1_419,WI_3,11609,5.98
HOBBIES_2_002,WI_3,11609,1.47
HOBBIES_2_009,WI_3,11609,5.97
HOBBIES_2_012,WI_3,11609,1.97
HOBBIES_2_018,WI_3,11609,3.37
HOBBIES_2_028,WI_3,11609,0.88
HOBBIES_2_029,WI_3,11609,2.88
HOBBIES_2_027,WI_3,11609,1.97
HOBBIES_2_025,WI_3,11609,0.5
HOBBIES_2_024,WI_3,11609,4.77
HOBBIES_2_031,WI_3,11609,6.97
HOBBIES_2_023,WI_3,11609,0.97
HOBBIES_2_037,WI_3,11609,0.97
HOBBIES_2_040,WI_3,11609,0.88
HOBBIES_2_060,WI_3,11609,0.97
HOBBIES_2_057,WI_3,11609,1.97
HOBBIES_2_066,WI_3,11609,4.97
HOBBIES_2_072,WI_3,11609,7.97
HOBBIES_2_064,WI_3,11609,0.97
HOBBIES_2_073,WI_3,11609,0.5
HOBBIES_2_086,WI_3,11609,0.97
HOBBIES_2_108,WI_3,11609,2.97
HOBBIES_2_120,WI_3,11609,2.47
HOBBIES_2_123,WI_3,11609,0.5
HOBBIES_2_131,WI_3,11609,5.97
HOBBIES_2_136,WI_3,11609,2.88
HOBBIES_2_132,WI_3,11609,2.88
HOBBIES_2_148,WI_3,11609,0.88
HOUSEHOLD_1_004,WI_3,11609,2.36
HOUSEHOLD_1_007,WI_3,11609,1.48
HOUSEHOLD_1_009,WI_3,11609,17.97
HOUSEHOLD_1_032,WI_3,11609,10.48
HOUSEHOLD_1_051,WI_3,11609,2.96
HOUSEHOLD_1_049,WI_3,11609,5.97
HOUSEHOLD_1_062,WI_3,11609,4.98
HOUSEHOLD_1_094,WI_3,11609,3.48
HOUSEHOLD_1_120,WI_3,11609,4.47
HOUSEHOLD_1_129,WI_3,11609,3.88
HOUSEHOLD_1_139,WI_3,11609,4.98
HOUSEHOLD_1_149,WI_3,11609,0.97
HOUSEHOLD_1_148,WI_3,11609,5.92
HOUSEHOLD_1_155,WI_3,11609,3.47
HOUSEHOLD_1_166,WI_3,11609,4.94
HOUSEHOLD_1_173,WI_3,11609,0.97
HOUSEHOLD_1_174,WI_3,11609,5.27
HOUSEHOLD_1_182,WI_3,11609,3.97
HOUSEHOLD_1_191,WI_3,11609,2.96
HOUSEHOLD_1_199,WI_3,11609,1.77
HOUSEHOLD_1_200,WI_3,11609,2.08
HOUSEHOLD_1_210,WI_3,11609,4.68
HOUSEHOLD_1_260,WI_3,11609,2.97
HOUSEHOLD_1_270,WI_3,11609,9.92
HOUSEHOLD_1_269,WI_3,11609,3.12
HOUSEHOLD_1_310,WI_3,11609,6.97
HOUSEHOLD_1_311,WI_3,11609,3.88
HOUSEHOLD_1_319,WI_3,11609,1.94
HOUSEHOLD_1_321,WI_3,11609,2.97
HOUSEHOLD_1_315,WI_3,11609,9.48
HOUSEHOLD_1_320,WI_3,11609,4.47
HOUSEHOLD_1_317,WI_3,11609,1.96
HOUSEHOLD_1_328,WI_3,11609,4.94
HOUSEHOLD_1_338,WI_3,11609,3.94
HOUSEHOLD_1_343,WI_3,11609,5.27
HOUSEHOLD_1_348,WI_3,11609,1.86
HOUSEHOLD_1_357,WI_3,11609,11.97
HOUSEHOLD_1_356,WI_3,11609,5.96
HOUSEHOLD_1_364,WI_3,11609,7.48
HOUSEHOLD_1_390,WI_3,11609,1.88
HOUSEHOLD_1_403,WI_3,11609,3.93
HOUSEHOLD_1_402,WI_3,11609,6.97
HOUSEHOLD_1_419,WI_3,11609,8.94
HOUSEHOLD_1_427,WI_3,11609,5.96
HOUSEHOLD_1_453,WI_3,11609,2.36
HOUSEHOLD_1_487,WI_3,11609,1.84
HOUSEHOLD_1_481,WI_3,11609,4.94
HOUSEHOLD_1_484,WI_3,11609,9.97
HOUSEHOLD_1_492,WI_3,11609,3.96
HOUSEHOLD_1_495,WI_3,11609,2.74
HOUSEHOLD_1_508,WI_3,11609,4.88
HOUSEHOLD_1_515,WI_3,11609,2.47
HOUSEHOLD_1_520,WI_3,11609,5.48
HOUSEHOLD_1_536,WI_3,11609,2.88
HOUSEHOLD_2_010,WI_3,11609,6.97
HOUSEHOLD_2_007,WI_3,11609,2.58
HOUSEHOLD_2_038,WI_3,11609,5.94
HOUSEHOLD_2_041,WI_3,11609,4.97
HOUSEHOLD_2_046,WI_3,11609,6.94
HOUSEHOLD_2_068,WI_3,11609,2.88
HOUSEHOLD_2_090,WI_3,11609,5.97
HOUSEHOLD_2_099,WI_3,11609,5.94
HOUSEHOLD_2_097,WI_3,11609,5.48
HOUSEHOLD_2_105,WI_3,11609,4.94
HOUSEHOLD_2_132,WI_3,11609,1.97
HOUSEHOLD_2_130,WI_3,11609,7.97
HOUSEHOLD_2_143,WI_3,11609,6.46
HOUSEHOLD_2_144,WI_3,11609,4.44
HOUSEHOLD_2_138,WI_3,11609,5.97
HOUSEHOLD_2_139,WI_3,11609,5.84
HOUSEHOLD_2_154,WI_3,11609,1.88
HOUSEHOLD_2_147,WI_3,11609,3.97
HOUSEHOLD_2_152,WI_3,11609,13.94
HOUSEHOLD_2_150,WI_3,11609,6.97
HOUSEHOLD_2_157,WI_3,11609,5.47
HOUSEHOLD_2_170,WI_3,11609,1.44
HOUSEHOLD_2_166,WI_3,11609,9.47
HOUSEHOLD_2_171,WI_3,11609,3.87
HOUSEHOLD_2_196,WI_3,11609,2.27
HOUSEHOLD_2_207,WI_3,11609,7.46
HOUSEHOLD_2_215,WI_3,11609,1.88
HOUSEHOLD_2_211,WI_3,11609,19.98
FOODS_3_137,CA_3,11609,2.56
FOODS_3_141,CA_3,11609,2.98
FOODS_3_144,CA_3,11609,1.98
FOODS_3_148,CA_3,11609,0.94
FOODS_3_142,CA_3,11609,3.98
FOODS_3_162,CA_3,11609,1.98
FOODS_3_163,CA_3,11609,2.24
FOODS_3_159,CA_3,11609,2.98
FOODS_3_167,CA_3,11609,1.98
FOODS_3_166,CA_3,11609,1.0
FOODS_3_168,CA_3,11609,3.65
FOODS_3_174,CA_3,11609,6.18
FOODS_3_177,CA_3,11609,2.98
FOODS_3_170,CA_3,11609,1.98
FOODS_3_189,CA_3,11609,2.56
FOODS_3_197,CA_3,11609,1.98
FOODS_3_217,CA_3,11609,2.98
FOODS_3_252,CA_3,11609,1.58
FOODS_3_253,CA_3,11609,1.98
FOODS_3_258,CA_3,11609,1.78
FOODS_3_286,CA_3,11609,3.98
FOODS_3_301,CA_3,11609,1.98
FOODS_3_313,CA_3,11609,1.97
FOODS_3_316,CA_3,11609,2.56
FOODS_3_312,CA_3,11609,2.88
FOODS_3_324,CA_3,11609,2.5
FOODS_3_329,CA_3,11609,2.98
FOODS_3_350,CA_3,11609,2.98
FOODS_3_355,CA_3,11609,0.94
FOODS_3_376,CA_3,11609,1.0
FOODS_3_379,CA_3,11609,1.97
FOODS_3_394,CA_3,11609,2.98
FOODS_3_393,CA_3,11609,3.56
FOODS_3_400,CA_3,11609,2.98
FOODS_3_401,CA_3,11609,1.98
FOODS_3_399,CA_3,11609,3.56
FOODS_3_413,CA_3,11609,1.0
FOODS_3_422,CA_3,11609,1.98
FOODS_3_416,CA_3,11609,2.68
FOODS_3_447,CA_3,11609,1.74
FOODS_3_453,CA_3,11609,2.98
FOODS_3_463,CA_3,11609,6.0
FOODS_3_472,CA_3,11609,1.97
FOODS_3_479,CA_3,11609,1.0
FOODS_3_502,CA_3,11609,2.56
FOODS_3_512,CA_3,11609,1.98
FOODS_3_516,CA_3,11609,3.78
FOODS_3_525,CA_3,11609,2.0
FOODS_3_527,CA_3,11609,4.98
FOODS_3_539,CA_3,11609,2.98
FOODS_3_546,CA_3,11609,5.98
FOODS_3_543,CA_3,11609,3.48
FOODS_3_564,CA_3,11609,1.74
FOODS_3_565,CA_3,11609,2.5
FOODS_3_571,CA_3,11609,9.44
FOODS_3_576,CA_3,11609,2.5
FOODS_3_600,CA_3,11609,2.56
FOODS_3_604,CA_3,11609,2.56
FOODS_3_616,CA_3,11609,2.98
FOODS_3_618,CA_3,11609,1.98
FOODS_3_626,CA_3,11609,3.98
FOODS_3_645,CA_3,11609,1.98
FOODS_3_663,CA_3,11609,1.74
FOODS_3_672,CA_3,11609,2.64
FOODS_3_686,CA_3,11609,3.57
FOODS_3_697,CA_3,11609,3.0
FOODS_3_693,CA_3,11609,3.48
FOODS_3_690,CA_3,11609,9.98
FOODS_3_718,CA_3,11609,1.48
FOODS_3_721,CA_3,11609,1.98
FOODS_3_753,CA_3,11609,5.44
FOODS_3_757,CA_3,11609,2.68
FOODS_3_775,CA_3,11609,3.78
FOODS_3_810,CA_3,11609,2.56
FOODS_3_817,CA_3,11609,2.94
FOODS_3_811,CA_3,11609,1.88
FOODS_3_818,CA_3,11609,2.98
FOODS_3_815,CA_3,11609,2.48
FOODS_3_820,CA_3,11609,1.98
FOODS_3_824,CA_3,11609,2.48
HOBBIES_1_002,CA_4,11609,3.97
HOBBIES_1_012,CA_4,11609,6.52
HOBBIES_1_016,CA_4,11609,0.7
HOBBIES_1_024,CA_4,11609,8.56
HOBBIES_1_035,CA_4,11609,2.12
HOBBIES_1_044,CA_4,11609,1.48
HOBBIES_1_040,CA_4,11609,12.97
HOBBIES_1_045,CA_4,11609,10.58
HOBBIES_1_046,CA_4,11609,18.72
HOBBIES_1_070,CA_4,11609,5.88
HOBBIES_1_069,CA_4,11609,13.23
HOBBIES_1_098,CA_4,11609,13.98
HOBBIES_1_118,CA_4,11609,11.12
HOBBIES_1_120,CA_4,11609,10.98
HOBBIES_1_132,CA_4,11609,3.98
HOBBIES_1_135,CA_4,11609,20.38
HOBBIES_1_143,CA_4,11609,8.77
HOBBIES_1_202,CA_4,11609,1.77
HOBBIES_1_195,CA_4,11609,11.28
HOBBIES_1_200,CA_4,11609,7.88
HOBBIES_1_203,CA_4,11609,12.98
HOBBIES_1_228,CA_4,11609,6.87
HOBBIES_1_229,CA_4,11609,6.47
HOBBIES_1_242,CA_4,11609,2.78
HOBBIES_1_256,CA_4,11609,0.48
HOBBIES_1_259,CA_4,11609,0.97
HOBBIES_1_263,CA_4,11609,4.97
HOBBIES_1_272,CA_4,11609,8.44
HOBBIES_1_270,CA_4,11609,4.88
HOBBIES_1_265,CA_4,11609,3.97
HOBBIES_1_278,CA_4,11609,0.57
HOBBIES_1_281,CA_4,11609,4.24
HOBBIES_1_286,CA_4,11609,0.7
HOBBIES_1_287,CA_4,11609,5.76
HOBBIES_1_292,CA_4,11609,6.58
HOBBIES_1_297,CA_4,11609,14.72
HOBBIES_1_310,CA_4,11609,5.72
HOBBIES_1_320,CA_4,11609,4.27
HOBBIES_1_330,CA_4,11609,7.88
HOBBIES_1_329,CA_4,11609,3.97
HOBBIES_1_361,CA_4,11609,29.96
HOBBIES_1_368,CA_4,11609,4.22
HOBBIES_1_372,CA_4,11609,6.68
HOBBIES_1_374,CA_4,11609,17.48
HOBBIES_1_383,CA_4,11609,2.98
HOBBIES_1_395,CA_4,11609,7.48
HOBBIES_1_392,CA_4,11609,12.98
HOBBIES_1_405,CA_4,11609,12.68
HOBBIES_1_407,CA_4,11609,2.88
HOBBIES_1_408,CA_4,11609,0.6
HOBBIES_1_413,CA_4,11609,4.86
HOBBIES_1_414,CA_4,11609,7.22
HOBBIES_2_011,CA_4,11609,0.97
HOBBIES_2_004,CA_4,11609,2.47
HOBBIES_2_003,CA_4,11609,1.97
HOBBIES_2_008,CA_4,11609,3.88
HOBBIES_2_010,CA_4,11609,0.97
HOBBIES_2_022,CA_4,11609,4.97
HOBBIES_2_014,CA_4,11609,0.97
HOBBIES_2_034,CA_4,11609,2.5
HOBBIES_2_030,CA_4,11609,0.97
HOBBIES_2_036,CA_4,11609,0.88
HOBBIES_2_051,CA_4,11609,1.97
HOBBIES_2_050,CA_4,11609,1.97
HOBBIES_2_062,CA_4,11609,5.88
HOBBIES_2_070,CA_4,11609,9.97
HOBBIES_2_077,CA_4,11609,9.97
HOBBIES_2_087,CA_4,11609,0.97
HOBBIES_2_113,CA_4,11609,5.97
HOBBIES_2_110,CA_4,11609,5.97
HOBBIES_2_114,CA_4,11609,1.97
HOBBIES_2_117,CA_4,11609,2.88
HOBBIES_2_130,CA_4,11609,6.97
HOBBIES_2_143,CA_4,11609,0.97
HOBBIES_2_137,CA_4,11609,2.97
HOBBIES_2_141,CA_4,11609,0.5
HOUSEHOLD_2_406,TX_2,11609,12.46
HOUSEHOLD_2_405,TX_2,11609,5.64
HOUSEHOLD_2_415,TX_2,11609,2.48
HOUSEHOLD_2_419,TX_2,11609,5.47
HOUSEHOLD_2_441,TX_2,11609,4.94
HOUSEHOLD_2_455,TX_2,11609,7.74
HOUSEHOLD_2_451,TX_2,11609,3.42
HOUSEHOLD_2_462,TX_2,11609,7.97
HOUSEHOLD_2_459,TX_2,11609,19.54
HOUSEHOLD_2_466,TX_2,11609,6.46
HOUSEHOLD_2_479,TX_2,11609,5.94
HOUSEHOLD_2_491,TX_2,11609,6.96
HOUSEHOLD_2_493,TX_2,11609,1.94
HOUSEHOLD_2_499,TX_2,11609,1.97
HOUSEHOLD_2_506,TX_2,11609,6.97
HOUSEHOLD_2_512,TX_2,11609,3.97
FOODS_1_004,TX_2,11609,1.96
FOODS_1_013,TX_2,11609,1.5
FOODS_1_035,TX_2,11609,2.68
FOODS_1_057,TX_2,11609,2.24
FOODS_1_056,TX_2,11609,2.24
FOODS_1_069,TX_2,11609,2.68
FOODS_1_088,TX_2,11609,5.28
FOODS_1_091,TX_2,11609,2.24
FOODS_1_117,TX_2,11609,2.24
FOODS_1_118,TX_2,11609,0.98
FOODS_1_119,TX_2,11609,3.54
FOODS_1_123,TX_2,11609,3.54
FOODS_1_134,TX_2,11609,1.98
FOODS_1_152,TX_2,11609,8.58
FOODS_1_145,TX_2,11609,0.98
FOODS_1_161,TX_2,11609,0.94
FOODS_1_167,TX_2,11609,4.86
FOODS_1_171,TX_2,11609,5.37
FOODS_1_164,TX_2,11609,6.27
FOODS_1_169,TX_2,11609,3.48
FOODS_1_178,TX_2,11609,9.98
FOODS_1_186,TX_2,11609,5.98
FOODS_1_200,TX_2,11609,0.94
FOODS_1_218,TX_2,11609,0.94
FOODS_2_015,TX_2,11609,2.36
FOODS_2_032,TX_2,11609,2.18
FOODS_2_036,TX_2,11609,3.5
FOODS_2_035,TX_2,11609,5.0
FOODS_2_053,TX_2,11609,6.92
FOODS_2_061,TX_2,11609,2.0
FOODS_2_072,TX_2,11609,2.5
FOODS_2_076,TX_2,11609,10.97
FOODS_2_080,TX_2,11609,2.18
FOODS_2_085,TX_2,11609,3.25
FOODS_2_084,TX_2,11609,2.97
FOODS_2_102,TX_2,11609,10.97
FOODS_2_117,TX_2,11609,5.97
FOODS_2_127,TX_2,11609,7.47
FOODS_2_120,TX_2,11609,2.64
FOODS_2_129,TX_2,11609,9.42
FOODS_2_164,TX_2,11609,2.22
FOODS_2_166,TX_2,11609,2.18
FOODS_2_189,TX_2,11609,2.47
FOODS_2_190,TX_2,11609,2.5
FOODS_2_195,TX_2,11609,2.97
FOODS_2_199,TX_2,11609,0.84
FOODS_2_208,TX_2,11609,6.98
FOODS_2_217,TX_2,11609,3.98
FOODS_2_210,TX_2,11609,3.74
FOODS_2_236,TX_2,11609,2.98
FOODS_2_243,TX_2,11609,7.98
FOODS_2_256,TX_2,11609,6.36
FOODS_2_267,TX_2,11609,1.68
FOODS_2_268,TX_2,11609,3.76
FOODS_2_274,TX_2,11609,6.98
FOODS_2_273,TX_2,11609,2.5
FOODS_2_281,TX_2,11609,7.98
FOODS_2_283,TX_2,11609,1.32
FOODS_2_284,TX_2,11609,2.47
FOODS_2_297,TX_2,11609,3.5
FOODS_2_292,TX_2,11609,3.28
FOODS_2_308,TX_2,11609,2.82
FOODS_2_335,TX_2,11609,3.14
FOODS_2_342,TX_2,11609,5.74
FOODS_2_348,TX_2,11609,5.98
FOODS_2_393,TX_2,11609,3.98
FOODS_2_390,TX_2,11609,7.16
FOODS_2_398,TX_2,11609,2.43
FOODS_2_395,TX_2,11609,3.78
FOODS_3_017,TX_2,11609,1.98
FOODS_3_025,TX_2,11609,2.67
FOODS_3_031,TX_2,11609,4.68
FOODS_3_045,TX_2,11609,3.98
FOODS_3_050,TX_2,11609,2.18
FOODS_3_074,TX_2,11609,4.48
FOODS_3_083,TX_2,11609,18.73
FOODS_3_086,TX_2,11609,1.0
FOODS_3_082,TX_2,11609,1.98
FOODS_3_085,TX_2,11609,2.98
FOODS_3_097,TX_2,11609,2.24
FOODS_3_095,TX_2,11609,4.98
FOODS_3_080,CA_1,11609,1.68
FOODS_3_090,CA_1,11609,1.6
FOODS_3_098,CA_1,11609,4.68
FOODS_3_109,CA_1,11609,1.0
FOODS_3_113,CA_1,11609,1.28
FOODS_3_114,CA_1,11609,2.68
FOODS_3_111,CA_1,11609,4.98
FOODS_3_124,CA_1,11609,5.44
FOODS_3_120,CA_1,11609,4.98
FOODS_3_133,CA_1,11609,0.8
FOODS_3_139,CA_1,11609,4.98
FOODS_3_131,CA_1,11609,1.0
FOODS_3_135,CA_1,11609,1.48
FOODS_3_146,CA_1,11609,5.44
FOODS_3_181,CA_1,11609,2.98
FOODS_3_196,CA_1,11609,4.48
FOODS_3_201,CA_1,11609,2.56
FOODS_3_204,CA_1,11609,2.48
FOODS_3_216,CA_1,11609,2.56
FOODS_3_230,CA_1,11609,3.78
FOODS_3_235,CA_1,11609,1.74
FOODS_3_242,CA_1,11609,9.86
FOODS_3_262,CA_1,11609,6.72
FOODS_3_276,CA_1,11609,4.48
FOODS_3_288,CA_1,11609,1.5
FOODS_3_303,CA_1,11609,2.98
FOODS_3_308,CA_1,11609,4.98
FOODS_3_319,CA_1,11609,1.0
FOODS_3_322,CA_1,11609,2.56
FOODS_3_332,CA_1,11609,1.98
FOODS_3_339,CA_1,11609,0.8
FOODS_3_334,CA_1,11609,2.98
FOODS_3_349,CA_1,11609,1.68
FOODS_3_367,CA_1,11609,2.68
FOODS_3_369,CA_1,11609,3.98
FOODS_3_374,CA_1,11609,2.5
FOODS_3_377,CA_1,11609,1.68
FOODS_3_454,CA_1,11609,0.25
FOODS_3_465,CA_1,11609,1.74
FOODS_3_459,CA_1,11609,1.88
FOODS_3_473,CA_1,11609,4.18
FOODS_3_474,CA_1,11609,1.88
FOODS_3_482,CA_1,11609,2.98
FOODS_3_485,CA_1,11609,3.56
FOODS_3_507,CA_1,11609,1.98
FOODS_3_532,CA_1,11609,2.98
FOODS_3_529,CA_1,11609,3.98
FOODS_3_533,CA_1,11609,4.98
FOODS_3_536,CA_1,11609,2.98
FOODS_3_548,CA_1,11609,2.58
FOODS_3_558,CA_1,11609,2.98
FOODS_3_559,CA_1,11609,3.0
FOODS_3_567,CA_1,11609,1.74
FOODS_3_572,CA_1,11609,2.5
FOODS_3_577,CA_1,11609,3.43
FOODS_3_573,CA_1,11609,1.0
FOODS_3_579,CA_1,11609,1.98
FOODS_3_594,CA_1,11609,1.0
FOODS_3_617,CA_1,11609,2.78
FOODS_3_630,CA_1,11609,2.68
FOODS_3_643,CA_1,11609,1.74
FOODS_3_650,CA_1,11609,2.98
FOODS_3_655,CA_1,11609,1.98
FOODS_3_656,CA_1,11609,3.48
FOODS_3_669,CA_1,11609,0.75
FOODS_3_681,CA_1,11609,1.0
FOODS_3_685,CA_1,11609,2.5
FOODS_3_687,CA_1,11609,3.0
FOODS_3_694,CA_1,11609,1.68
FOODS_3_696,CA_1,11609,4.54
FOODS_3_723,CA_1,11609,1.6
FOODS_3_724,CA_1,11609,6.48
FOODS_3_725,CA_1,11609,2.88
FOODS_3_731,CA_1,11609,2.98
FOODS_3_744,CA_1,11609,2.28
FOODS_3_749,CA_1,11609,1.74
FOODS_3_767,CA_1,11609,1.0
FOODS_3_778,CA_1,11609,2.28
FOODS_3_787,CA_1,11609,2.48
FOODS_3_797,CA_1,11609,3.98
FOODS_3_805,CA_1,11609,1.0
FOODS_3_816,CA_1,11609,0.25
FOODS_3_825,CA_1,11609,3.98
HOBBIES_1_005,CA_2,11609,2.88
HOBBIES_1_001,CA_2,11609,8.26
HOBBIES_1_020,CA_2,11609,12.68
HOBBIES_1_021,CA_2,11609,11.88
HOBBIES_1_029,CA_2,11609,8.98
HOBBIES_1_038,CA_2,11609,3.22
HOBBIES_1_037,CA_2,11609,12.97
HOBBIES_1_041,CA_2,11609,4.22
HOBBIES_1_042,CA_2,11609,7.83
HOBBIES_1_055,CA_2,11609,8.98
HOBBIES_1_052,CA_2,11609,5.88
HOBBIES_1_056,CA_2,11609,0.94
HOBBIES_1_074,CA_2,11609,3.67
HOBBIES_1_089,CA_2,11609,7.97
HOBBIES_1_111,CA_2,11609,2.92
HOBBIES_1_142,CA_2,11609,0.94
HOBBIES_1_140,CA_2,11609,1.12
HOBBIES_1_154,CA_2,11609,2.88
HOBBIES_1_166,CA_2,11609,9.98
HOBBIES_1_170,CA_2,11609,17.97
HOBBIES_1_179,CA_2,11609,6.87
HOBBIES_1_199,CA_2,11609,3.98
HOBBIES_1_204,CA_2,11609,9.72
HOBBIES_1_217,CA_2,11609,3.47
HOBBIES_1_224,CA_2,11609,3.97
HOBBIES_1_234,CA_2,11609,0.3
HOBBIES_1_244,CA_2,11609,0.48
HOBBIES_1_250,CA_2,11609,4.88
HOBBIES_1_255,CA_2,11609,1.88
HOBBIES_1_282,CA_2,11609,3.98
HOBBIES_1_284,CA_2,11609,4.88
HOBBIES_1_293,CA_2,11609,3.68
HOBBIES_1_303,CA_2,11609,8.56
HOBBIES_1_305,CA_2,11609,2.87
HOBBIES_1_308,CA_2,11609,9.98
HOBBIES_1_319,CA_2,11609,0.96
HOBBIES_1_321,CA_2,11609,6.68
HOBBIES_1_323,CA_2,11609,5.24
HOBBIES_1_318,CA_2,11609,3.96
HOBBIES_1_333,CA_2,11609,4.97
HOBBIES_1_350,CA_2,11609,2.98
HOBBIES_1_342,CA_2,11609,19.96
HOBBIES_1_355,CA_2,11609,3.94
HOBBIES_1_384,CA_2,11609,9.98
HOBBIES_1_404,CA_2,11609,0.48
HOBBIES_1_403,CA_2,11609,13.23
HOBBIES_1_411,CA_2,11609,1.34
HOBBIES_1_420,CA_2,11609,5.74
HOBBIES_1_418,CA_2,11609,3.98
HOBBIES_1_421,CA_2,11609,8.26
HOBBIES_2_015,CA_2,11609,2.47
HOBBIES_2_038,CA_2,11609,0.97
HOBBIES_2_049,CA_2,11609,2.5
HOBBIES_2_045,CA_2,11609,2.47
FOODS_3_764,CA_4,11609,2.98
FOODS_3_771,CA_4,11609,2.56
FOODS_3_794,CA_4,11609,2.98
FOODS_3_789,CA_4,11609,1.5
FOODS_3_790,CA_4,11609,2.48
FOODS_3_800,CA_4,11609,1.98
FOODS_3_798,CA_4,11609,1.98
FOODS_3_807,CA_4,11609,1.98
FOODS_3_822,CA_4,11609,3.98
FOODS_3_823,CA_4,11609,2.98
HOBBIES_1_002,TX_1,11609,3.97
FOODS_3_827,CA_4,11609,1.0
HOBBIES_1_012,TX_1,11609,6.52
HOBBIES_1_016,TX_1,11609,0.7
HOBBIES_1_024,TX_1,11609,8.56
HOBBIES_1_035,TX_1,11609,2.12
HOBBIES_1_044,TX_1,11609,1.48
HOBBIES_1_040,TX_1,11609,12.97
HOBBIES_1_045,TX_1,11609,10.58
HOBBIES_1_046,TX_1,11609,18.72
HOBBIES_1_070,TX_1,11609,5.88
HOBBIES_1_069,TX_1,11609,13.23
HOBBIES_1_098,TX_1,11609,13.98
HOBBIES_1_118,TX_1,11609,11.12
HOBBIES_1_120,TX_1,11609,9.84
HOBBIES_1_132,TX_1,11609,3.98
HOBBIES_1_135,TX_1,11609,18.46
HOBBIES_1_143,TX_1,11609,7.97
HOBBIES_1_195,TX_1,11609,11.28
HOBBIES_1_202,TX_1,11609,1.63
HOBBIES_1_200,TX_1,11609,7.88
HOBBIES_1_203,TX_1,11609,12.98
HOBBIES_1_228,TX_1,11609,6.87
HOBBIES_1_229,TX_1,11609,6.47
HOBBIES_1_242,TX_1,11609,2.5
HOBBIES_1_256,TX_1,11609,0.48
HOBBIES_1_259,TX_1,11609,0.97
HOBBIES_1_263,TX_1,11609,4.97
HOBBIES_1_265,TX_1,11609,3.97
HOBBIES_1_278,TX_1,11609,0.57
HOBBIES_1_272,TX_1,11609,8.44
HOBBIES_1_270,TX_1,11609,4.88
HOBBIES_1_286,TX_1,11609,0.7
HOBBIES_1_281,TX_1,11609,4.24
HOBBIES_1_287,TX_1,11609,5.76
HOBBIES_1_292,TX_1,11609,6.58
HOBBIES_1_297,TX_1,11609,14.72
HOBBIES_1_310,TX_1,11609,5.72
HOBBIES_1_320,TX_1,11609,4.48
HOBBIES_1_329,TX_1,11609,3.97
HOBBIES_1_330,TX_1,11609,7.44
HOBBIES_1_361,TX_1,11609,26.98
HOBBIES_1_368,TX_1,11609,4.22
HOBBIES_1_372,TX_1,11609,6.68
HOBBIES_1_374,TX_1,11609,17.48
HOBBIES_1_383,TX_1,11609,2.98
HOBBIES_1_395,TX_1,11609,7.48
HOBBIES_1_392,TX_1,11609,12.98
HOBBIES_1_407,TX_1,11609,2.5
HOBBIES_1_408,TX_1,11609,0.6
HOBBIES_1_405,TX_1,11609,12.68
HOBBIES_1_414,TX_1,11609,7.22
HOBBIES_1_413,TX_1,11609,4.86
HOBBIES_2_008,TX_1,11609,3.88
HOBBIES_2_003,TX_1,11609,1.97
HOBBIES_2_004,TX_1,11609,2.47
HOBBIES_2_011,TX_1,11609,0.97
HOBBIES_2_014,TX_1,11609,0.97
HOBBIES_2_010,TX_1,11609,0.97
HOBBIES_2_022,TX_1,11609,4.97
HOBBIES_2_036,TX_1,11609,0.88
HOBBIES_2_034,TX_1,11609,2.5
HOBBIES_2_030,TX_1,11609,0.97
HOBBIES_2_051,TX_1,11609,1.97
HOBBIES_2_050,TX_1,11609,1.97
HOBBIES_2_062,TX_1,11609,5.88
HOBBIES_2_070,TX_1,11609,9.97
HOBBIES_2_077,TX_1,11609,9.97
HOBBIES_2_087,TX_1,11609,0.97
HOBBIES_2_113,TX_1,11609,5.97
HOBBIES_2_117,TX_1,11609,2.88
HOBBIES_2_110,TX_1,11609,5.97
HOBBIES_2_114,TX_1,11609,1.97
HOBBIES_2_130,TX_1,11609,6.97
HOBBIES_2_143,TX_1,11609,0.97
HOBBIES_2_137,TX_1,11609,2.97
HOBBIES_2_141,TX_1,11609,0.5
HOBBIES_2_145,TX_1,11609,2.88
HOBBIES_2_146,TX_1,11609,1.97
HOUSEHOLD_1_003,TX_1,11609,8.97
HOUSEHOLD_1_011,TX_1,11609,4.63
HOUSEHOLD_1_017,TX_1,11609,4.94
HOUSEHOLD_1_025,TX_1,11609,2.98
HOUSEHOLD_1_048,TX_1,11609,2.84
HOUSEHOLD_1_061,TX_1,11609,1.83
HOUSEHOLD_1_054,TX_1,11609,3.92
HOUSEHOLD_1_074,TX_1,11609,4.94
HOUSEHOLD_1_075,TX_1,11609,2.73
HOUSEHOLD_1_088,TX_1,11609,5.97
HOUSEHOLD_1_089,TX_1,11609,4.96
HOUSEHOLD_1_106,TX_1,11609,9.46
HOUSEHOLD_1_114,TX_1,11609,0.97
HOUSEHOLD_1_113,TX_1,11609,5.74
HOUSEHOLD_1_121,TX_1,11609,2.48
HOUSEHOLD_1_133,TX_1,11609,3.12
HOUSEHOLD_1_170,TX_1,11609,1.98
HOUSEHOLD_1_176,TX_1,11609,3.87
HOUSEHOLD_1_178,TX_1,11609,4.47
HOUSEHOLD_1_184,TX_1,11609,11.97
HOUSEHOLD_1_186,TX_1,11609,2.97
HOUSEHOLD_1_194,TX_1,11609,4.98
HOUSEHOLD_1_234,TX_1,11609,0.97
HOUSEHOLD_1_235,TX_1,11609,3.47
HOUSEHOLD_1_231,TX_1,11609,2.97
HOUSEHOLD_1_244,TX_1,11609,2.96
HOUSEHOLD_1_254,TX_1,11609,0.97
HOUSEHOLD_1_268,TX_1,11609,8.37
HOUSEHOLD_1_262,TX_1,11609,0.97
HOUSEHOLD_1_277,TX_1,11609,0.96
HOUSEHOLD_1_274,TX_1,11609,4.94
HOUSEHOLD_1_280,TX_1,11609,4.97
HOUSEHOLD_1_282,TX_1,11609,3.98
HOUSEHOLD_1_302,TX_1,11609,7.93
HOUSEHOLD_1_325,TX_1,11609,3.28
HOUSEHOLD_1_331,TX_1,11609,4.88
HOUSEHOLD_1_333,TX_1,11609,2.97
HOUSEHOLD_1_336,TX_1,11609,4.87
HOUSEHOLD_1_334,TX_1,11609,0.96
HOUSEHOLD_1_344,TX_1,11609,7.93
HOUSEHOLD_1_362,TX_1,11609,7.97
HOUSEHOLD_1_381,TX_1,11609,4.97
HOUSEHOLD_1_383,TX_1,11609,3.24
HOUSEHOLD_1_382,TX_1,11609,2.28
HOUSEHOLD_1_398,TX_1,11609,2.84
HOUSEHOLD_1_400,TX_1,11609,6.97
HOUSEHOLD_1_396,TX_1,11609,3.97
HOUSEHOLD_1_412,TX_1,11609,18.87
HOUSEHOLD_1_415,TX_1,11609,12.58
HOUSEHOLD_1_421,TX_1,11609,5.88
HOUSEHOLD_1_418,TX_1,11609,0.96
HOUSEHOLD_1_426,TX_1,11609,2.62
HOUSEHOLD_1_432,TX_1,11609,3.88
HOUSEHOLD_1_431,TX_1,11609,7.48
HOUSEHOLD_1_441,TX_1,11609,2.77
HOUSEHOLD_1_452,TX_1,11609,2.97
HOUSEHOLD_1_458,TX_1,11609,2.27
HOUSEHOLD_1_462,TX_1,11609,1.87
HOUSEHOLD_1_461,TX_1,11609,0.97
HOUSEHOLD_1_463,TX_1,11609,2.98
HOUSEHOLD_1_475,TX_1,11609,2.67
HOUSEHOLD_1_476,TX_1,11609,4.84
HOUSEHOLD_1_488,TX_1,11609,9.98
HOUSEHOLD_1_496,TX_1,11609,7.93
HOUSEHOLD_1_498,TX_1,11609,3.28
HOBBIES_1_194,WI_1,11609,2.88
HOBBIES_1_212,WI_1,11609,7.47
HOBBIES_1_208,WI_1,11609,3.24
HOBBIES_1_206,WI_1,11609,2.72
HOBBIES_1_213,WI_1,11609,8.26
HOBBIES_1_220,WI_1,11609,2.92
HOBBIES_1_227,WI_1,11609,1.97
HOBBIES_1_230,WI_1,11609,4.48
HOBBIES_1_223,WI_1,11609,1.12
HOBBIES_1_243,WI_1,11609,13.88
HOBBIES_1_266,WI_1,11609,4.86
HOBBIES_1_267,WI_1,11609,2.88
HOBBIES_1_261,WI_1,11609,0.48
HOBBIES_1_260,WI_1,11609,12.88
HOBBIES_1_280,WI_1,11609,10.98
HOBBIES_1_299,WI_1,11609,1.27
HOBBIES_1_312,WI_1,11609,0.57
HOBBIES_1_314,WI_1,11609,3.97
HOBBIES_1_324,WI_1,11609,14.72
HOBBIES_1_331,WI_1,11609,0.94
HOBBIES_1_327,WI_1,11609,7.88
HOBBIES_1_332,WI_1,11609,7.88
HOBBIES_1_367,WI_1,11609,8.26
HOBBIES_1_373,WI_1,11609,14.72
HOBBIES_1_376,WI_1,11609,16.86
HOBBIES_1_389,WI_1,11609,11.97
HOBBIES_1_391,WI_1,11609,3.88
HOBBIES_1_423,WI_1,11609,7.78
HOBBIES_2_035,WI_1,11609,4.47
HOBBIES_2_046,WI_1,11609,2.97
HOBBIES_2_041,WI_1,11609,1.97
HOBBIES_2_061,WI_1,11609,1.97
HOBBIES_2_075,WI_1,11609,2.88
HOBBIES_2_081,WI_1,11609,1.97
HOBBIES_2_097,WI_1,11609,1.97
HOBBIES_2_103,WI_1,11609,2.5
HOBBIES_2_104,WI_1,11609,2.97
HOBBIES_2_106,WI_1,11609,0.97
HOBBIES_2_109,WI_1,11609,0.97
HOBBIES_2_116,WI_1,11609,2.97
HOBBIES_2_125,WI_1,11609,0.97
HOBBIES_2_126,WI_1,11609,0.5
HOBBIES_2_142,WI_1,11609,0.23
HOUSEHOLD_1_001,WI_1,11609,5.97
HOUSEHOLD_1_016,WI_1,11609,4.88
HOUSEHOLD_1_012,WI_1,11609,3.92
HOUSEHOLD_1_014,WI_1,11609,17.97
HOUSEHOLD_1_026,WI_1,11609,2.97
HOUSEHOLD_1_034,WI_1,11609,3.93
HOUSEHOLD_1_029,WI_1,11609,7.48
HOUSEHOLD_1_039,WI_1,11609,2.97
HOUSEHOLD_1_056,WI_1,11609,11.97
HOUSEHOLD_1_063,WI_1,11609,9.97
HOUSEHOLD_1_064,WI_1,11609,5.78
HOUSEHOLD_1_067,WI_1,11609,3.97
HOUSEHOLD_1_097,WI_1,11609,3.97
HOUSEHOLD_1_101,WI_1,11609,2.37
HOUSEHOLD_1_093,WI_1,11609,3.94
HOUSEHOLD_1_104,WI_1,11609,2.97
HOUSEHOLD_1_118,WI_1,11609,0.97
HOUSEHOLD_1_135,WI_1,11609,1.48
HOUSEHOLD_1_147,WI_1,11609,0.96
HOUSEHOLD_1_165,WI_1,11609,17.97
HOUSEHOLD_1_167,WI_1,11609,2.74
HOUSEHOLD_1_198,WI_1,11609,0.97
HOUSEHOLD_1_195,WI_1,11609,3.88
HOUSEHOLD_1_206,WI_1,11609,4.92
HOUSEHOLD_1_222,WI_1,11609,9.97
HOUSEHOLD_1_227,WI_1,11609,2.73
HOUSEHOLD_1_241,WI_1,11609,7.94
HOUSEHOLD_1_245,WI_1,11609,2.67
HOUSEHOLD_1_247,WI_1,11609,0.97
HOUSEHOLD_1_251,WI_1,11609,1.98
HOUSEHOLD_1_259,WI_1,11609,7.48
HOUSEHOLD_1_275,WI_1,11609,2.97
HOUSEHOLD_1_276,WI_1,11609,17.97
HOUSEHOLD_1_278,WI_1,11609,5.97
HOUSEHOLD_1_287,WI_1,11609,4.63
HOUSEHOLD_1_290,WI_1,11609,9.84
HOUSEHOLD_1_313,WI_1,11609,3.97
HOUSEHOLD_1_359,WI_1,11609,6.88
HOUSEHOLD_1_369,WI_1,11609,3.72
HOUSEHOLD_1_389,WI_1,11609,0.98
HOUSEHOLD_1_394,WI_1,11609,4.88
HOUSEHOLD_1_397,WI_1,11609,2.78
HOUSEHOLD_1_422,WI_1,11609,3.62
HOUSEHOLD_1_434,WI_1,11609,3.97
HOUSEHOLD_1_436,WI_1,11609,9.97
HOUSEHOLD_1_435,WI_1,11609,7.93
HOUSEHOLD_1_456,WI_1,11609,6.97
HOUSEHOLD_1_455,WI_1,11609,2.97
HOUSEHOLD_1_468,WI_1,11609,4.98
HOUSEHOLD_1_470,WI_1,11609,2.98
HOUSEHOLD_1_471,WI_1,11609,2.74
HOUSEHOLD_1_480,WI_1,11609,2.73
HOUSEHOLD_1_489,WI_1,11609,9.97
HOUSEHOLD_1_521,WI_1,11609,0.98
HOUSEHOLD_1_527,WI_1,11609,5.24
HOUSEHOLD_1_537,WI_1,11609,15.97
HOUSEHOLD_2_018,WI_1,11609,7.94
HOUSEHOLD_2_016,WI_1,11609,1.62
HOUSEHOLD_2_022,WI_1,11609,5.64
HOUSEHOLD_2_051,WI_1,11609,9.97
HOUSEHOLD_2_050,WI_1,11609,8.48
HOUSEHOLD_2_049,WI_1,11609,3.42
HOUSEHOLD_2_056,WI_1,11609,5.97
HOUSEHOLD_2_063,WI_1,11609,4.97
HOUSEHOLD_2_058,WI_1,11609,9.97
HOUSEHOLD_2_057,WI_1,11609,4.97
HOUSEHOLD_2_071,WI_1,11609,6.47
HOUSEHOLD_2_075,WI_1,11609,1.84
HOUSEHOLD_2_080,WI_1,11609,8.98
HOUSEHOLD_2_096,WI_1,11609,3.47
HOUSEHOLD_2_100,WI_1,11609,8.64
HOUSEHOLD_2_112,WI_1,11609,3.97
HOUSEHOLD_2_121,WI_1,11609,1.97
HOUSEHOLD_2_133,WI_1,11609,4.97
HOUSEHOLD_2_140,WI_1,11609,6.97
HOUSEHOLD_2_145,WI_1,11609,3.97
HOUSEHOLD_2_151,WI_1,11609,4.44
HOUSEHOLD_2_158,WI_1,11609,11.47
HOUSEHOLD_2_183,WI_1,11609,4.97
HOUSEHOLD_2_185,WI_1,11609,3.48
HOUSEHOLD_2_195,WI_1,11609,14.97
HOUSEHOLD_2_198,WI_1,11609,7.97
HOUSEHOLD_2_200,WI_1,11609,6.94
HOUSEHOLD_2_206,WI_1,11609,2.87
HOUSEHOLD_2_203,WI_1,11609,2.97
HOUSEHOLD_2_222,WI_1,11609,4.97
HOUSEHOLD_2_094,CA_3,11609,5.94
HOUSEHOLD_2_098,CA_3,11609,3.47
HOUSEHOLD_2_104,CA_3,11609,4.97
HOUSEHOLD_2_102,CA_3,11609,2.48
HOUSEHOLD_2_115,CA_3,11609,3.87
HOUSEHOLD_2_122,CA_3,11609,6.96
HOUSEHOLD_2_148,CA_3,11609,5.94
HOUSEHOLD_2_162,CA_3,11609,3.97
HOUSEHOLD_2_182,CA_3,11609,6.98
HOUSEHOLD_2_189,CA_3,11609,14.48
HOUSEHOLD_2_188,CA_3,11609,7.24
HOUSEHOLD_2_186,CA_3,11609,9.98
HOUSEHOLD_2_194,CA_3,11609,6.27
HOUSEHOLD_2_224,CA_3,11609,3.97
HOUSEHOLD_2_240,CA_3,11609,4.97
HOUSEHOLD_2_242,CA_3,11609,12.97
HOUSEHOLD_2_250,CA_3,11609,6.96
HOUSEHOLD_2_274,CA_3,11609,5.98
HOUSEHOLD_2_267,CA_3,11609,1.93
HOUSEHOLD_2_283,CA_3,11609,5.84
HOUSEHOLD_2_325,CA_3,11609,3.82
HOUSEHOLD_2_322,CA_3,11609,2.22
HOUSEHOLD_2_332,CA_3,11609,6.77
HOUSEHOLD_2_341,CA_3,11609,5.32
HOUSEHOLD_2_348,CA_3,11609,7.44
HOUSEHOLD_2_368,CA_3,11609,5.48
HOUSEHOLD_2_369,CA_3,11609,6.47
HOUSEHOLD_2_378,CA_3,11609,6.98
HOUSEHOLD_2_379,CA_3,11609,4.44
HOUSEHOLD_2_395,CA_3,11609,3.67
HOUSEHOLD_2_401,CA_3,11609,3.33
HOUSEHOLD_2_410,CA_3,11609,1.38
HOUSEHOLD_2_414,CA_3,11609,5.74
HOUSEHOLD_2_423,CA_3,11609,3.87
HOUSEHOLD_2_456,CA_3,11609,8.86
HOUSEHOLD_2_449,CA_3,11609,5.64
HOUSEHOLD_2_457,CA_3,11609,6.47
HOUSEHOLD_2_465,CA_3,11609,7.24
HOUSEHOLD_2_460,CA_3,11609,5.94
HOUSEHOLD_2_473,CA_3,11609,7.97
HOUSEHOLD_2_475,CA_3,11609,4.96
HOUSEHOLD_2_478,CA_3,11609,4.94
HOUSEHOLD_2_476,CA_3,11609,3.97
HOUSEHOLD_2_484,CA_3,11609,6.97
HOUSEHOLD_2_494,CA_3,11609,5.94
HOUSEHOLD_2_509,CA_3,11609,8.97
FOODS_1_006,CA_3,11609,2.48
FOODS_1_009,CA_3,11609,1.98
FOODS_1_011,CA_3,11609,2.68
FOODS_1_019,CA_3,11609,0.98
FOODS_1_025,CA_3,11609,4.27
FOODS_1_036,CA_3,11609,1.78
FOODS_1_049,CA_3,11609,2.24
FOODS_1_053,CA_3,11609,5.14
FOODS_1_058,CA_3,11609,1.96
FOODS_1_062,CA_3,11609,4.27
FOODS_1_066,CA_3,11609,1.36
FOODS_1_073,CA_3,11609,2.12
FOODS_1_074,CA_3,11609,2.24
FOODS_1_071,CA_3,11609,2.0
FOODS_1_080,CA_3,11609,7.58
FOODS_1_081,CA_3,11609,5.64
FOODS_1_096,CA_3,11609,5.74
FOODS_1_098,CA_3,11609,4.43
FOODS_1_106,CA_3,11609,3.54
FOODS_1_110,CA_3,11609,1.5
FOODS_1_109,CA_3,11609,2.24
FOODS_1_114,CA_3,11609,3.54
FOODS_1_137,CA_3,11609,2.0
FOODS_1_155,CA_3,11609,0.98
FOODS_1_157,CA_3,11609,4.89
FOODS_1_163,CA_3,11609,0.98
FOODS_1_191,CA_3,11609,5.64
FOODS_1_190,CA_3,11609,0.98
FOODS_1_188,CA_3,11609,2.98
FOODS_1_207,CA_3,11609,3.32
FOODS_1_202,CA_3,11609,0.98
FOODS_1_213,CA_3,11609,2.24
FOODS_1_214,CA_3,11609,3.14
FOODS_2_002,CA_3,11609,2.0
FOODS_2_014,CA_3,11609,2.96
FOODS_2_007,CA_3,11609,2.98
FOODS_2_019,CA_3,11609,3.42
FOODS_2_021,CA_3,11609,0.94
FOODS_2_026,CA_3,11609,2.48
FOODS_2_031,CA_3,11609,1.98
FOODS_2_087,CA_3,11609,10.97
FOODS_2_100,CA_3,11609,2.5
FOODS_2_094,CA_3,11609,1.28
FOODS_2_107,CA_3,11609,2.0
FOODS_2_110,CA_3,11609,2.38
FOODS_2_122,CA_3,11609,4.93
FOODS_2_150,CA_3,11609,2.96
FOODS_2_158,CA_3,11609,1.28
FOODS_2_176,CA_3,11609,2.98
FOODS_2_172,CA_3,11609,2.5
FOODS_2_179,CA_3,11609,4.97
FOODS_2_192,CA_3,11609,1.97
FOODS_2_193,CA_3,11609,4.98
FOODS_2_191,CA_3,11609,8.98
FOODS_2_205,CA_3,11609,2.5
FOODS_2_203,CA_3,11609,3.62
FOODS_2_211,CA_3,11609,2.28
FOODS_2_228,CA_3,11609,4.93
FOODS_2_245,CA_3,11609,2.98
FOODS_2_247,CA_3,11609,2.25
FOODS_2_260,CA_3,11609,2.5
FOODS_2_257,CA_3,11609,1.0
FOODS_2_253,CA_3,11609,7.82
FOODS_2_263,CA_3,11609,6.48
FOODS_2_261,CA_3,11609,10.0
FOODS_2_280,CA_3,11609,3.97
FOODS_2_293,CA_3,11609,4.22
FOODS_2_290,CA_3,11609,2.5
FOODS_2_303,CA_3,11609,1.98
FOODS_2_311,CA_3,11609,2.96
FOODS_2_315,CA_3,11609,2.5
FOODS_2_317,CA_3,11609,13.97
FOODS_2_323,CA_3,11609,3.97
FOODS_2_329,CA_3,11609,3.76
FOODS_2_332,CA_3,11609,3.67
FOODS_2_333,CA_3,11609,3.24
FOODS_2_356,CA_3,11609,2.5
FOODS_2_352,CA_3,11609,9.98
FOODS_2_354,CA_3,11609,5.08
FOODS_2_355,CA_3,11609,2.5
FOODS_2_358,CA_3,11609,2.0
FOODS_2_364,CA_3,11609,2.74
FOODS_2_380,CA_3,11609,4.97
FOODS_2_394,CA_3,11609,2.97
FOODS_2_396,CA_3,11609,2.98
FOODS_3_015,CA_3,11609,1.78
FOODS_3_028,CA_3,11609,3.88
FOODS_3_035,CA_3,11609,4.18
FOODS_3_036,CA_3,11609,2.88
FOODS_3_051,CA_3,11609,1.98
FOODS_3_066,CA_3,11609,2.98
FOODS_3_064,CA_3,11609,1.18
FOODS_3_072,CA_3,11609,2.5
FOODS_3_121,CA_3,11609,2.98
FOODS_3_125,CA_3,11609,4.98
HOUSEHOLD_1_517,TX_1,11609,0.88
HOUSEHOLD_1_529,TX_1,11609,2.97
HOUSEHOLD_1_530,TX_1,11609,1.88
HOUSEHOLD_2_001,TX_1,11609,6.77
HOUSEHOLD_2_004,TX_1,11609,5.67
HOUSEHOLD_2_028,TX_1,11609,5.94
HOUSEHOLD_2_042,TX_1,11609,4.28
HOUSEHOLD_2_059,TX_1,11609,3.48
HOUSEHOLD_2_062,TX_1,11609,2.94
HOUSEHOLD_2_060,TX_1,11609,7.98
HOUSEHOLD_2_066,TX_1,11609,6.94
HOUSEHOLD_2_073,TX_1,11609,20.97
HOUSEHOLD_2_084,TX_1,11609,4.27
HOUSEHOLD_2_083,TX_1,11609,9.97
HOUSEHOLD_2_124,TX_1,11609,5.28
HOUSEHOLD_2_141,TX_1,11609,4.98
HOUSEHOLD_2_137,TX_1,11609,2.94
HOUSEHOLD_2_159,TX_1,11609,3.93
HOUSEHOLD_2_156,TX_1,11609,7.43
HOUSEHOLD_2_173,TX_1,11609,6.46
HOUSEHOLD_2_179,TX_1,11609,5.97
HOUSEHOLD_2_184,TX_1,11609,1.97
HOUSEHOLD_2_202,TX_1,11609,8.86
HOUSEHOLD_2_212,TX_1,11609,2.67
HOUSEHOLD_2_218,TX_1,11609,10.97
HOUSEHOLD_2_219,TX_1,11609,3.48
HOUSEHOLD_2_220,TX_1,11609,6.96
HOUSEHOLD_2_216,TX_1,11609,6.94
HOUSEHOLD_2_223,TX_1,11609,14.97
HOUSEHOLD_2_229,TX_1,11609,4.78
HOUSEHOLD_2_235,TX_1,11609,7.47
HOUSEHOLD_2_233,TX_1,11609,12.47
HOUSEHOLD_2_248,TX_1,11609,8.97
HOUSEHOLD_2_259,TX_1,11609,7.97
HOUSEHOLD_2_261,TX_1,11609,6.96
HOUSEHOLD_2_266,TX_1,11609,2.97
HOUSEHOLD_2_263,TX_1,11609,5.47
HOUSEHOLD_2_275,TX_1,11609,5.27
HOUSEHOLD_2_273,TX_1,11609,5.24
HOUSEHOLD_2_288,TX_1,11609,3.97
HOUSEHOLD_2_293,TX_1,11609,7.47
HOUSEHOLD_2_296,TX_1,11609,4.78
HOUSEHOLD_2_303,TX_1,11609,6.94
HOUSEHOLD_2_308,TX_1,11609,3.94
HOUSEHOLD_2_309,TX_1,11609,2.46
HOUSEHOLD_2_347,TX_1,11609,8.94
HOUSEHOLD_2_350,TX_1,11609,2.94
HOUSEHOLD_2_354,TX_1,11609,0.97
HOUSEHOLD_2_353,TX_1,11609,4.78
HOUSEHOLD_2_358,TX_1,11609,4.97
HOUSEHOLD_2_359,TX_1,11609,9.94
HOUSEHOLD_2_380,TX_1,11609,5.27
HOUSEHOLD_2_384,TX_1,11609,5.84
HOUSEHOLD_2_381,TX_1,11609,5.94
HOUSEHOLD_2_388,TX_1,11609,6.94
HOUSEHOLD_2_393,TX_1,11609,5.88
HOUSEHOLD_2_409,TX_1,11609,3.93
HOUSEHOLD_2_416,TX_1,11609,3.24
HOUSEHOLD_2_433,TX_1,11609,6.27
HOUSEHOLD_2_446,TX_1,11609,25.97
HOUSEHOLD_2_452,TX_1,11609,5.94
HOUSEHOLD_2_448,TX_1,11609,4.97
HOUSEHOLD_2_469,TX_1,11609,2.97
HOUSEHOLD_2_472,TX_1,11609,8.48
HOUSEHOLD_2_477,TX_1,11609,5.74
HOUSEHOLD_2_510,TX_1,11609,3.93
FOODS_1_001,TX_1,11609,2.24
FOODS_1_010,TX_1,11609,6.27
FOODS_1_037,TX_1,11609,3.48
FOODS_1_044,TX_1,11609,2.98
FOODS_1_045,TX_1,11609,1.78
FOODS_1_052,TX_1,11609,0.98
FOODS_1_064,TX_1,11609,2.54
FOODS_1_065,TX_1,11609,3.54
FOODS_1_075,TX_1,11609,3.54
FOODS_1_087,TX_1,11609,6.27
FOODS_1_090,TX_1,11609,3.54
FOODS_1_121,TX_1,11609,1.5
FOODS_1_129,TX_1,11609,6.38
FOODS_1_131,TX_1,11609,2.78
FOODS_1_144,TX_1,11609,6.98
FOODS_1_154,TX_1,11609,1.5
FOODS_1_166,TX_1,11609,2.24
FOODS_1_172,TX_1,11609,1.98
FOODS_1_174,TX_1,11609,5.28
FOODS_1_180,TX_1,11609,9.97
FOODS_1_198,TX_1,11609,2.68
FOODS_1_199,TX_1,11609,6.27
FOODS_1_217,TX_1,11609,3.54
FOODS_2_017,TX_1,11609,3.76
FOODS_2_025,TX_1,11609,3.86
FOODS_2_029,TX_1,11609,9.98
FOODS_2_050,TX_1,11609,1.0
FOODS_2_055,TX_1,11609,2.5
FOODS_2_060,TX_1,11609,7.98
FOODS_2_066,TX_1,11609,5.98
FOODS_2_073,TX_1,11609,5.74
FOODS_2_078,TX_1,11609,9.97
FOODS_2_096,TX_1,11609,7.98
FOODS_2_108,TX_1,11609,3.44
FOODS_2_112,TX_1,11609,2.98
FOODS_2_121,TX_1,11609,1.58
FOODS_2_132,TX_1,11609,2.5
FOODS_2_131,TX_1,11609,5.98
FOODS_2_138,TX_1,11609,1.84
FOODS_2_139,TX_1,11609,2.98
FOODS_2_141,TX_1,11609,6.98
FOODS_2_140,TX_1,11609,9.98
FOODS_2_147,TX_1,11609,3.76
FOODS_2_152,TX_1,11609,2.22
FOODS_2_155,TX_1,11609,2.5
FOODS_2_173,TX_1,11609,8.98
FOODS_2_186,TX_1,11609,4.98
FOODS_2_202,TX_1,11609,2.98
FOODS_2_218,TX_1,11609,3.86
FOODS_2_225,TX_1,11609,2.47
FOODS_2_231,TX_1,11609,2.5
FOODS_2_232,TX_1,11609,2.16
FOODS_2_248,TX_1,11609,5.96
FOODS_2_241,TX_1,11609,2.28
FOODS_2_264,TX_1,11609,3.97
FOODS_2_266,TX_1,11609,8.92
FOODS_2_265,TX_1,11609,3.76
FOODS_2_269,TX_1,11609,2.5
FOODS_2_313,TX_1,11609,9.88
FOODS_2_310,TX_1,11609,3.78
FOODS_2_319,TX_1,11609,2.82
FOODS_2_331,TX_1,11609,2.5
FOODS_2_343,TX_1,11609,3.97
FOODS_2_345,TX_1,11609,8.47
FOODS_2_353,TX_1,11609,2.98
FOODS_2_365,TX_1,11609,10.97
FOODS_2_377,TX_1,11609,2.73
HOUSEHOLD_1_292,TX_3,11609,6.48
HOUSEHOLD_1_295,TX_3,11609,2.98
HOUSEHOLD_1_301,TX_3,11609,4.64
HOUSEHOLD_1_303,TX_3,11609,0.94
HOUSEHOLD_1_312,TX_3,11609,2.37
HOUSEHOLD_1_307,TX_3,11609,2.97
HOUSEHOLD_1_329,TX_3,11609,4.94
HOUSEHOLD_1_337,TX_3,11609,4.97
HOUSEHOLD_1_335,TX_3,11609,9.42
HOUSEHOLD_1_345,TX_3,11609,4.12
HOUSEHOLD_1_346,TX_3,11609,3.94
HOUSEHOLD_1_342,TX_3,11609,17.92
HOUSEHOLD_1_351,TX_3,11609,0.96
HOUSEHOLD_1_360,TX_3,11609,3.96
HOUSEHOLD_1_368,TX_3,11609,8.48
HOUSEHOLD_1_373,TX_3,11609,3.42
HOUSEHOLD_1_371,TX_3,11609,4.64
HOUSEHOLD_1_378,TX_3,11609,21.78
HOUSEHOLD_1_393,TX_3,11609,1.98
HOUSEHOLD_1_410,TX_3,11609,3.97
HOUSEHOLD_1_413,TX_3,11609,17.92
HOUSEHOLD_1_411,TX_3,11609,3.28
HOUSEHOLD_1_443,TX_3,11609,2.47
HOUSEHOLD_1_450,TX_3,11609,3.42
HOUSEHOLD_1_469,TX_3,11609,17.92
HOUSEHOLD_1_478,TX_3,11609,2.67
HOUSEHOLD_1_479,TX_3,11609,6.98
HOUSEHOLD_1_485,TX_3,11609,2.97
HOUSEHOLD_1_486,TX_3,11609,18.87
HOUSEHOLD_1_503,TX_3,11609,1.28
HOUSEHOLD_1_519,TX_3,11609,4.87
HOUSEHOLD_1_511,TX_3,11609,6.27
HOUSEHOLD_1_528,TX_3,11609,2.97
HOUSEHOLD_1_539,TX_3,11609,3.97
HOUSEHOLD_1_533,TX_3,11609,4.97
HOUSEHOLD_1_534,TX_3,11609,9.97
HOUSEHOLD_2_012,TX_3,11609,4.78
HOUSEHOLD_2_030,TX_3,11609,3.97
HOUSEHOLD_2_029,TX_3,11609,10.43
HOUSEHOLD_2_027,TX_3,11609,4.97
HOUSEHOLD_2_052,TX_3,11609,4.97
HOUSEHOLD_2_072,TX_3,11609,2.58
HOUSEHOLD_2_078,TX_3,11609,5.84
HOUSEHOLD_2_082,TX_3,11609,5.92
HOUSEHOLD_2_077,TX_3,11609,3.48
HOUSEHOLD_2_091,TX_3,11609,8.97
HOUSEHOLD_2_095,TX_3,11609,6.47
HOUSEHOLD_2_101,TX_3,11609,4.49
HOUSEHOLD_2_106,TX_3,11609,8.44
HOUSEHOLD_2_117,TX_3,11609,2.46
HOUSEHOLD_2_119,TX_3,11609,5.84
HOUSEHOLD_2_114,TX_3,11609,5.94
HOUSEHOLD_2_125,TX_3,11609,8.88
HOUSEHOLD_2_126,TX_3,11609,6.97
HOUSEHOLD_2_172,TX_3,11609,5.94
HOUSEHOLD_2_175,TX_3,11609,5.97
HOUSEHOLD_2_178,TX_3,11609,6.96
HOUSEHOLD_2_190,TX_3,11609,0.98
HOUSEHOLD_2_187,TX_3,11609,3.33
HOUSEHOLD_2_209,TX_3,11609,7.97
HOUSEHOLD_2_208,TX_3,11609,12.97
HOUSEHOLD_2_214,TX_3,11609,6.94
HOUSEHOLD_2_217,TX_3,11609,2.87
HOUSEHOLD_2_213,TX_3,11609,0.93
HOUSEHOLD_2_228,TX_3,11609,5.47
HOUSEHOLD_2_226,TX_3,11609,6.97
HOUSEHOLD_2_236,TX_3,11609,8.48
HOUSEHOLD_2_238,TX_3,11609,9.93
HOUSEHOLD_2_241,TX_3,11609,4.94
HOUSEHOLD_2_243,TX_3,11609,2.97
HOUSEHOLD_2_251,TX_3,11609,3.97
HOUSEHOLD_2_260,TX_3,11609,6.97
HOUSEHOLD_2_264,TX_3,11609,3.48
HOUSEHOLD_2_284,TX_3,11609,5.94
HOUSEHOLD_2_285,TX_3,11609,4.67
HOUSEHOLD_2_287,TX_3,11609,1.94
HOUSEHOLD_2_280,TX_3,11609,5.97
HOUSEHOLD_2_294,TX_3,11609,4.77
HOUSEHOLD_2_301,TX_3,11609,1.97
HOUSEHOLD_2_305,TX_3,11609,5.47
HOUSEHOLD_2_320,TX_3,11609,8.47
HOUSEHOLD_2_314,TX_3,11609,1.97
HOUSEHOLD_2_318,TX_3,11609,3.97
HOUSEHOLD_2_313,TX_3,11609,1.97
HOUSEHOLD_2_326,TX_3,11609,5.94
HOUSEHOLD_2_323,TX_3,11609,3.97
HOUSEHOLD_2_333,TX_3,11609,4.98
HOUSEHOLD_2_349,TX_3,11609,4.97
HOUSEHOLD_2_365,TX_3,11609,4.87
HOUSEHOLD_2_370,TX_3,11609,6.27
HOUSEHOLD_2_389,TX_3,11609,1.97
HOUSEHOLD_2_403,TX_3,11609,5.44
HOUSEHOLD_2_411,TX_3,11609,5.84
HOUSEHOLD_2_420,TX_3,11609,5.64
HOUSEHOLD_2_428,TX_3,11609,7.94
HOUSEHOLD_2_430,TX_3,11609,3.97
HOUSEHOLD_2_442,TX_3,11609,1.48
HOUSEHOLD_2_447,TX_3,11609,1.97
HOUSEHOLD_2_450,TX_3,11609,10.43
HOUSEHOLD_2_467,TX_3,11609,3.97
HOUSEHOLD_2_503,TX_3,11609,6.94
HOUSEHOLD_2_505,TX_3,11609,4.97
HOUSEHOLD_2_504,TX_3,11609,1.97
HOUSEHOLD_2_508,TX_3,11609,15.94
FOODS_1_002,TX_3,11609,9.48
FOODS_1_005,TX_3,11609,3.54
FOODS_1_022,TX_3,11609,5.47
FOODS_1_021,TX_3,11609,0.94
FOODS_1_030,TX_3,11609,3.48
FOODS_1_031,TX_3,11609,3.54
FOODS_1_027,TX_3,11609,1.96
FOODS_1_033,TX_3,11609,6.27
FOODS_1_039,TX_3,11609,2.48
FOODS_1_042,TX_3,11609,0.98
FOODS_1_063,TX_3,11609,2.48
FOODS_1_076,TX_3,11609,6.17
FOODS_1_086,TX_3,11609,1.83
FOODS_1_082,TX_3,11609,0.94
FOODS_1_084,TX_3,11609,4.91
FOODS_1_095,TX_3,11609,3.54
FOODS_1_092,TX_3,11609,1.96
FOODS_1_102,TX_3,11609,1.78
FOODS_1_107,TX_3,11609,4.91
FOODS_1_127,TX_3,11609,2.12
FOODS_1_133,TX_3,11609,3.48
FOODS_1_126,TX_3,11609,2.24
FOODS_1_147,TX_3,11609,5.47
FOODS_1_158,TX_3,11609,4.68
FOODS_1_156,TX_3,11609,2.24
FOODS_1_151,TX_3,11609,11.84
FOODS_1_173,TX_3,11609,2.0
FOODS_1_192,TX_3,11609,2.24
FOODS_1_195,TX_3,11609,2.24
FOODS_1_196,TX_3,11609,2.0
FOODS_1_216,TX_3,11609,5.28
FOODS_1_215,TX_3,11609,1.84
FOODS_2_012,TX_3,11609,2.42
FOODS_2_018,TX_3,11609,6.98
FOODS_2_038,TX_3,11609,6.08
FOODS_2_052,TX_3,11609,13.97
FOODS_2_062,TX_3,11609,5.77
FOODS_2_063,TX_3,11609,2.42
FOODS_2_082,TX_3,11609,5.74
FOODS_2_092,TX_3,11609,3.5
FOODS_2_104,TX_3,11609,7.48
FOODS_2_113,TX_3,11609,2.5
FOODS_2_126,TX_3,11609,4.88
HOBBIES_1_005,CA_1,11609,2.88
HOBBIES_1_001,CA_1,11609,8.26
HOBBIES_1_020,CA_1,11609,12.68
HOBBIES_1_021,CA_1,11609,11.88
HOBBIES_1_029,CA_1,11609,8.98
HOBBIES_1_038,CA_1,11609,3.22
HOBBIES_1_041,CA_1,11609,4.22
HOBBIES_1_042,CA_1,11609,7.83
HOBBIES_1_037,CA_1,11609,12.97
HOBBIES_1_052,CA_1,11609,5.88
HOBBIES_1_055,CA_1,11609,8.98
HOBBIES_1_056,CA_1,11609,0.94
HOBBIES_1_074,CA_1,11609,3.67
HOBBIES_1_089,CA_1,11609,7.97
HOBBIES_1_111,CA_1,11609,2.92
HOBBIES_1_142,CA_1,11609,0.94
HOBBIES_1_140,CA_1,11609,1.12
HOBBIES_1_154,CA_1,11609,2.88
HOBBIES_1_166,CA_1,11609,9.98
HOBBIES_1_170,CA_1,11609,17.97
HOBBIES_1_179,CA_1,11609,6.87
HOBBIES_1_199,CA_1,11609,3.98
HOBBIES_1_204,CA_1,11609,9.72
HOBBIES_1_217,CA_1,11609,3.47
HOBBIES_1_224,CA_1,11609,3.97
HOBBIES_1_234,CA_1,11609,0.3
HOBBIES_1_244,CA_1,11609,0.48
HOBBIES_1_250,CA_1,11609,4.88
HOBBIES_1_255,CA_1,11609,1.88
HOBBIES_1_282,CA_1,11609,3.98
HOBBIES_1_284,CA_1,11609,4.88
HOBBIES_1_293,CA_1,11609,3.68
HOBBIES_1_303,CA_1,11609,8.56
HOBBIES_1_305,CA_1,11609,2.87
HOBBIES_1_308,CA_1,11609,9.98
HOBBIES_1_319,CA_1,11609,0.96
HOBBIES_1_321,CA_1,11609,6.68
HOBBIES_1_323,CA_1,11609,5.24
HOBBIES_1_318,CA_1,11609,3.96
HOBBIES_1_333,CA_1,11609,4.97
HOBBIES_1_342,CA_1,11609,19.96
HOBBIES_1_350,CA_1,11609,2.98
HOBBIES_1_355,CA_1,11609,3.94
HOBBIES_1_384,CA_1,11609,9.98
HOBBIES_1_403,CA_1,11609,13.23
HOBBIES_1_404,CA_1,11609,0.48
HOBBIES_1_411,CA_1,11609,1.34
HOBBIES_1_420,CA_1,11609,5.74
HOBBIES_1_418,CA_1,11609,3.98
HOBBIES_1_421,CA_1,11609,8.26
HOBBIES_2_015,CA_1,11609,2.47
HOBBIES_2_045,CA_1,11609,2.47
HOBBIES_2_038,CA_1,11609,0.97
HOBBIES_2_049,CA_1,11609,2.5
HOBBIES_2_059,CA_1,11609,0.23
HOBBIES_2_071,CA_1,11609,0.97
HOBBIES_2_065,CA_1,11609,0.5
HOBBIES_2_079,CA_1,11609,2.47
HOBBIES_2_085,CA_1,11609,0.97
HOBBIES_2_082,CA_1,11609,0.88
HOBBIES_2_100,CA_1,11609,0.88
HOBBIES_2_093,CA_1,11609,1.97
HOBBIES_2_094,CA_1,11609,1.97
HOBBIES_2_111,CA_1,11609,3.97
HOBBIES_2_119,CA_1,11609,2.97
HOBBIES_2_121,CA_1,11609,0.97
HOBBIES_2_140,CA_1,11609,2.47
HOUSEHOLD_1_008,CA_1,11609,5.47
HOUSEHOLD_1_033,CA_1,11609,3.97
HOUSEHOLD_1_035,CA_1,11609,4.63
HOUSEHOLD_1_053,CA_1,11609,14.97
HOUSEHOLD_1_052,CA_1,11609,4.23
HOUSEHOLD_1_069,CA_1,11609,1.97
HOUSEHOLD_1_078,CA_1,11609,2.84
HOUSEHOLD_1_079,CA_1,11609,4.47
HOUSEHOLD_1_077,CA_1,11609,6.42
HOUSEHOLD_1_083,CA_1,11609,0.97
HOUSEHOLD_1_086,CA_1,11609,5.27
HOUSEHOLD_1_117,CA_1,11609,7.97
HOUSEHOLD_1_112,CA_1,11609,2.97
HOUSEHOLD_1_116,CA_1,11609,2.97
HOUSEHOLD_1_119,CA_1,11609,3.74
HOUSEHOLD_1_123,CA_1,11609,8.97
HOUSEHOLD_1_131,CA_1,11609,4.94
HOUSEHOLD_1_141,CA_1,11609,1.77
HOUSEHOLD_1_161,CA_1,11609,11.93
HOUSEHOLD_1_156,CA_1,11609,2.73
HOUSEHOLD_1_181,CA_1,11609,3.94
HOUSEHOLD_1_185,CA_1,11609,2.97
HOUSEHOLD_1_187,CA_1,11609,6.48
HOUSEHOLD_1_197,CA_1,11609,4.97
HOUSEHOLD_1_205,CA_1,11609,5.94
HOUSEHOLD_1_211,CA_1,11609,3.87
HOUSEHOLD_1_218,CA_1,11609,1.94
HOUSEHOLD_1_221,CA_1,11609,12.57
HOUSEHOLD_1_232,CA_1,11609,4.23
HOUSEHOLD_1_242,CA_1,11609,4.88
HOUSEHOLD_1_256,CA_1,11609,5.97
HOUSEHOLD_1_261,CA_1,11609,5.97
HOUSEHOLD_1_267,CA_1,11609,9.74
HOUSEHOLD_1_272,CA_1,11609,9.97
HOUSEHOLD_1_295,CA_1,11609,2.98
HOUSEHOLD_1_292,CA_1,11609,6.48
HOUSEHOLD_1_303,CA_1,11609,0.98
HOUSEHOLD_1_301,CA_1,11609,4.94
HOUSEHOLD_1_307,CA_1,11609,2.97
HOUSEHOLD_1_312,CA_1,11609,2.37
HOUSEHOLD_1_329,CA_1,11609,4.94
HOUSEHOLD_1_335,CA_1,11609,9.42
HOUSEHOLD_1_337,CA_1,11609,4.97
HOUSEHOLD_1_345,CA_1,11609,4.22
HOUSEHOLD_1_346,CA_1,11609,3.94
HOUSEHOLD_1_342,CA_1,11609,17.97
HOUSEHOLD_1_351,CA_1,11609,0.97
HOUSEHOLD_1_360,CA_1,11609,3.96
HOUSEHOLD_1_368,CA_1,11609,8.48
HOUSEHOLD_1_373,CA_1,11609,3.42
HOUSEHOLD_1_371,CA_1,11609,4.94
HOUSEHOLD_1_378,CA_1,11609,21.78
HOUSEHOLD_1_393,CA_1,11609,1.98
HOUSEHOLD_1_410,CA_1,11609,3.97
HOUSEHOLD_1_411,CA_1,11609,3.28
HOUSEHOLD_1_413,CA_1,11609,17.97
HOUSEHOLD_1_443,CA_1,11609,2.47
HOUSEHOLD_1_450,CA_1,11609,3.42
HOUSEHOLD_1_469,CA_1,11609,17.97
HOUSEHOLD_1_478,CA_1,11609,2.67
HOUSEHOLD_1_479,CA_1,11609,7.56
HOUSEHOLD_1_485,CA_1,11609,2.97
HOUSEHOLD_1_486,CA_1,11609,18.87
HOUSEHOLD_1_503,CA_1,11609,1.28
HOUSEHOLD_1_511,CA_1,11609,6.27
HOUSEHOLD_1_528,CA_1,11609,2.97
HOUSEHOLD_1_519,CA_1,11609,4.88
HOUSEHOLD_1_533,CA_1,11609,4.97
HOUSEHOLD_1_534,CA_1,11609,9.97
HOUSEHOLD_1_539,CA_1,11609,3.97
HOUSEHOLD_2_012,CA_1,11609,4.78
HOUSEHOLD_2_030,CA_1,11609,3.97
HOUSEHOLD_2_029,CA_1,11609,10.43
HOUSEHOLD_2_027,CA_1,11609,4.97
FOODS_2_389,TX_1,11609,13.97
FOODS_2_386,TX_1,11609,2.5
FOODS_3_003,TX_1,11609,3.64
FOODS_3_022,TX_1,11609,1.98
FOODS_3_037,TX_1,11609,2.56
FOODS_3_063,TX_1,11609,2.48
FOODS_3_067,TX_1,11609,3.98
FOODS_3_076,TX_1,11609,1.0
FOODS_3_073,TX_1,11609,2.98
FOODS_3_084,TX_1,11609,1.98
FOODS_3_094,TX_1,11609,2.98
FOODS_3_099,TX_1,11609,2.56
FOODS_3_107,TX_1,11609,2.48
FOODS_3_108,TX_1,11609,1.0
FOODS_3_110,TX_1,11609,11.98
FOODS_3_123,TX_1,11609,2.48
FOODS_3_132,TX_1,11609,2.68
FOODS_3_147,TX_1,11609,2.98
FOODS_3_178,TX_1,11609,1.64
FOODS_3_187,TX_1,11609,2.5
FOODS_3_190,TX_1,11609,1.0
FOODS_3_199,TX_1,11609,2.56
FOODS_3_209,TX_1,11609,3.98
FOODS_3_226,TX_1,11609,1.68
FOODS_3_227,TX_1,11609,2.68
FOODS_3_223,TX_1,11609,1.98
FOODS_3_229,TX_1,11609,3.78
FOODS_3_243,TX_1,11609,1.32
FOODS_3_250,TX_1,11609,3.98
FOODS_3_256,TX_1,11609,2.56
FOODS_3_263,TX_1,11609,2.5
FOODS_3_260,TX_1,11609,1.97
FOODS_3_254,TX_1,11609,1.74
FOODS_3_266,TX_1,11609,3.48
FOODS_3_294,TX_1,11609,2.48
FOODS_3_296,TX_1,11609,2.0
FOODS_3_300,TX_1,11609,3.98
FOODS_3_310,TX_1,11609,1.0
FOODS_3_314,TX_1,11609,2.18
FOODS_3_318,TX_1,11609,1.48
FOODS_3_333,TX_1,11609,1.98
FOODS_3_337,TX_1,11609,3.98
FOODS_3_342,TX_1,11609,1.25
FOODS_3_356,TX_1,11609,3.0
FOODS_3_357,TX_1,11609,3.64
FOODS_3_361,TX_1,11609,1.98
FOODS_3_366,TX_1,11609,1.74
FOODS_3_373,TX_1,11609,1.74
FOODS_3_372,TX_1,11609,3.28
FOODS_3_378,TX_1,11609,4.68
FOODS_3_385,TX_1,11609,2.98
FOODS_3_382,TX_1,11609,1.98
FOODS_3_389,TX_1,11609,1.68
FOODS_3_395,TX_1,11609,3.98
FOODS_3_397,TX_1,11609,1.98
FOODS_3_396,TX_1,11609,11.48
FOODS_3_407,TX_1,11609,2.98
FOODS_3_410,TX_1,11609,2.68
FOODS_3_420,TX_1,11609,7.98
FOODS_3_425,TX_1,11609,2.48
FOODS_3_431,TX_1,11609,1.0
FOODS_3_430,TX_1,11609,5.98
FOODS_3_441,TX_1,11609,6.98
FOODS_3_444,TX_1,11609,6.98
FOODS_3_458,TX_1,11609,1.98
FOODS_3_457,TX_1,11609,2.5
FOODS_3_467,TX_1,11609,1.98
FOODS_3_486,TX_1,11609,2.88
FOODS_3_499,TX_1,11609,2.56
FOODS_3_519,TX_1,11609,1.0
FOODS_3_517,TX_1,11609,2.94
FOODS_3_522,TX_1,11609,2.18
FOODS_3_521,TX_1,11609,2.54
FOODS_3_531,TX_1,11609,2.48
FOODS_3_541,TX_1,11609,0.69
FOODS_3_563,TX_1,11609,3.78
FOODS_3_589,TX_1,11609,1.28
FOODS_3_595,TX_1,11609,1.98
FOODS_3_607,TX_1,11609,2.48
FOODS_3_609,TX_1,11609,2.98
FOODS_3_603,TX_1,11609,1.0
FOODS_3_601,TX_1,11609,1.98
FOODS_3_629,TX_1,11609,4.98
FOODS_3_620,TX_1,11609,6.98
FOODS_3_625,TX_1,11609,3.0
FOODS_3_631,TX_1,11609,3.37
FOODS_3_648,TX_1,11609,1.0
FOODS_3_665,TX_1,11609,2.98
FOODS_3_658,TX_1,11609,2.84
FOODS_3_659,TX_1,11609,2.98
FOODS_3_671,TX_1,11609,2.28
FOODS_3_677,TX_1,11609,3.98
FOODS_3_682,TX_1,11609,3.56
FOODS_3_689,TX_1,11609,2.98
FOODS_3_691,TX_1,11609,7.48
FOODS_3_708,TX_1,11609,2.78
FOODS_3_730,TX_1,11609,4.98
FOODS_3_748,TX_1,11609,3.98
FOODS_3_756,TX_1,11609,2.5
FOODS_3_774,TX_1,11609,7.48
FOODS_3_770,TX_1,11609,3.98
FOODS_3_804,TX_1,11609,1.88
FOODS_3_802,TX_1,11609,1.68
FOODS_3_795,TX_1,11609,2.98
FOODS_3_803,TX_1,11609,1.0
FOODS_3_819,TX_1,11609,1.98
HOBBIES_1_010,TX_2,11609,2.97
HOBBIES_1_007,TX_2,11609,7.88
HOBBIES_1_014,TX_2,11609,1.16
HOBBIES_1_026,TX_2,11609,17.97
HOBBIES_1_043,TX_2,11609,0.7
HOBBIES_1_050,TX_2,11609,9.84
HOBBIES_1_061,TX_2,11609,2.83
HOBBIES_1_076,TX_2,11609,3.43
HOBBIES_1_083,TX_2,11609,15.92
HOBBIES_1_093,TX_2,11609,18.46
HOBBIES_1_108,TX_2,11609,12.98
HOBBIES_1_110,TX_2,11609,3.67
HOBBIES_1_130,TX_2,11609,2.73
HOBBIES_1_164,TX_2,11609,8.97
HOBBIES_1_167,TX_2,11609,0.68
HOBBIES_1_171,TX_2,11609,2.5
HOBBIES_1_176,TX_2,11609,5.94
HOBBIES_1_183,TX_2,11609,7.98
HOBBIES_1_187,TX_2,11609,6.76
HOBBIES_1_186,TX_2,11609,15.92
HOBBIES_1_214,TX_2,11609,9.88
HOBBIES_1_211,TX_2,11609,4.72
HOBBIES_1_215,TX_2,11609,10.22
HOBBIES_1_221,TX_2,11609,2.97
HOBBIES_1_239,TX_2,11609,2.97
HOBBIES_1_254,TX_2,11609,0.7
HOBBIES_1_257,TX_2,11609,16.76
HOBBIES_1_276,TX_2,11609,7.98
HOBBIES_1_289,TX_2,11609,4.97
HOBBIES_1_295,TX_2,11609,0.48
HOBBIES_1_288,TX_2,11609,0.57
HOBBIES_1_309,TX_2,11609,5.12
HOBBIES_1_307,TX_2,11609,3.97
HOBBIES_1_322,TX_2,11609,3.97
HOBBIES_1_335,TX_2,11609,12.24
HOBBIES_1_341,TX_2,11609,0.48
HOBBIES_1_345,TX_2,11609,7.44
HOBBIES_1_352,TX_2,11609,2.74
HOBBIES_1_365,TX_2,11609,3.97
FOODS_3_404,WI_1,11609,0.94
FOODS_3_408,WI_1,11609,2.98
FOODS_3_418,WI_1,11609,3.98
FOODS_3_426,WI_1,11609,2.98
FOODS_3_429,WI_1,11609,5.98
FOODS_3_442,WI_1,11609,2.48
FOODS_3_455,WI_1,11609,2.48
FOODS_3_471,WI_1,11609,2.5
FOODS_3_477,WI_1,11609,1.68
FOODS_3_480,WI_1,11609,2.98
FOODS_3_478,WI_1,11609,1.74
FOODS_3_484,WI_1,11609,1.98
FOODS_3_490,WI_1,11609,3.48
FOODS_3_497,WI_1,11609,2.5
FOODS_3_495,WI_1,11609,1.98
FOODS_3_500,WI_1,11609,2.5
FOODS_3_506,WI_1,11609,3.98
FOODS_3_526,WI_1,11609,1.98
FOODS_3_524,WI_1,11609,0.94
FOODS_3_528,WI_1,11609,4.98
FOODS_3_534,WI_1,11609,4.88
FOODS_3_568,WI_1,11609,1.0
FOODS_3_586,WI_1,11609,1.68
FOODS_3_587,WI_1,11609,2.48
FOODS_3_588,WI_1,11609,3.94
FOODS_3_583,WI_1,11609,1.45
FOODS_3_599,WI_1,11609,1.38
FOODS_3_608,WI_1,11609,1.74
FOODS_3_628,WI_1,11609,3.98
FOODS_3_627,WI_1,11609,2.88
FOODS_3_635,WI_1,11609,0.94
FOODS_3_640,WI_1,11609,1.5
FOODS_3_646,WI_1,11609,2.68
FOODS_3_642,WI_1,11609,2.98
FOODS_3_657,WI_1,11609,3.98
FOODS_3_666,WI_1,11609,2.48
FOODS_3_667,WI_1,11609,1.98
FOODS_3_680,WI_1,11609,2.56
FOODS_3_683,WI_1,11609,2.56
FOODS_3_692,WI_1,11609,0.8
FOODS_3_705,WI_1,11609,3.88
FOODS_3_706,WI_1,11609,1.98
FOODS_3_698,WI_1,11609,1.0
FOODS_3_710,WI_1,11609,2.98
FOODS_3_722,WI_1,11609,2.56
FOODS_3_734,WI_1,11609,1.78
FOODS_3_739,WI_1,11609,1.45
FOODS_3_764,WI_1,11609,2.98
FOODS_3_771,WI_1,11609,2.56
FOODS_3_794,WI_1,11609,2.98
FOODS_3_789,WI_1,11609,1.45
FOODS_3_790,WI_1,11609,2.68
FOODS_3_800,WI_1,11609,1.88
FOODS_3_798,WI_1,11609,1.98
FOODS_3_807,WI_1,11609,1.98
FOODS_3_822,WI_1,11609,3.98
FOODS_3_823,WI_1,11609,2.88
FOODS_3_827,WI_1,11609,1.0
HOBBIES_1_011,WI_2,11609,3.48
HOBBIES_1_019,WI_2,11609,0.48
HOBBIES_1_023,WI_2,11609,2.97
HOBBIES_1_028,WI_2,11609,7.98
HOBBIES_1_054,WI_2,11609,2.97
HOBBIES_1_067,WI_2,11609,0.57
HOBBIES_1_066,WI_2,11609,1.25
HOBBIES_1_073,WI_2,11609,5.47
HOBBIES_1_072,WI_2,11609,1.97
HOBBIES_1_085,WI_2,11609,14.72
HOBBIES_1_091,WI_2,11609,0.7
HOBBIES_1_099,WI_2,11609,13.98
HOBBIES_1_094,WI_2,11609,12.97
HOBBIES_1_114,WI_2,11609,5.97
HOBBIES_1_115,WI_2,11609,0.64
HOBBIES_1_113,WI_2,11609,1.47
HOBBIES_1_129,WI_2,11609,4.88
HOBBIES_1_125,WI_2,11609,11.73
HOBBIES_1_136,WI_2,11609,4.88
HOBBIES_1_133,WI_2,11609,12.88
HOBBIES_1_146,WI_2,11609,4.86
HOBBIES_1_147,WI_2,11609,9.97
HOBBIES_1_157,WI_2,11609,11.28
HOBBIES_1_155,WI_2,11609,18.98
HOBBIES_1_158,WI_2,11609,22.98
HOBBIES_1_174,WI_2,11609,4.88
HOBBIES_1_177,WI_2,11609,4.24
HOBBIES_1_188,WI_2,11609,12.88
HOBBIES_1_180,WI_2,11609,19.98
HOBBIES_1_194,WI_2,11609,2.88
HOBBIES_1_190,WI_2,11609,9.97
HOBBIES_1_208,WI_2,11609,3.24
HOBBIES_1_206,WI_2,11609,2.72
HOBBIES_1_213,WI_2,11609,8.38
HOBBIES_1_212,WI_2,11609,7.47
HOBBIES_1_220,WI_2,11609,2.92
HOBBIES_1_227,WI_2,11609,1.97
HOBBIES_1_223,WI_2,11609,1.12
HOBBIES_1_230,WI_2,11609,4.48
HOBBIES_1_243,WI_2,11609,13.88
HOBBIES_1_260,WI_2,11609,12.88
HOBBIES_1_261,WI_2,11609,0.48
HOBBIES_1_266,WI_2,11609,4.86
HOBBIES_1_267,WI_2,11609,2.88
HOBBIES_1_280,WI_2,11609,10.98
HOBBIES_1_299,WI_2,11609,1.27
HOBBIES_1_312,WI_2,11609,0.57
HOBBIES_1_314,WI_2,11609,3.97
HOBBIES_1_324,WI_2,11609,14.72
HOBBIES_1_331,WI_2,11609,0.94
HOBBIES_1_327,WI_2,11609,7.88
HOBBIES_1_332,WI_2,11609,7.88
HOBBIES_1_367,WI_2,11609,8.38
HOBBIES_1_373,WI_2,11609,14.72
HOBBIES_1_376,WI_2,11609,16.86
HOBBIES_1_391,WI_2,11609,3.88
HOBBIES_1_389,WI_2,11609,11.97
HOBBIES_1_423,WI_2,11609,7.78
HOBBIES_2_041,WI_2,11609,1.97
HOBBIES_2_035,WI_2,11609,4.47
HOBBIES_2_046,WI_2,11609,2.97
HOBBIES_2_061,WI_2,11609,1.97
HOBBIES_2_075,WI_2,11609,2.88
HOBBIES_2_081,WI_2,11609,1.97
HOBBIES_2_097,WI_2,11609,1.97
HOBBIES_2_103,WI_2,11609,2.5
HOBBIES_2_106,WI_2,11609,0.97
HOBBIES_2_104,WI_2,11609,2.97
HOBBIES_2_109,WI_2,11609,0.97
HOBBIES_2_116,WI_2,11609,2.97
HOBBIES_2_125,WI_2,11609,0.97
HOBBIES_2_126,WI_2,11609,0.5
HOBBIES_2_142,WI_2,11609,0.23
HOUSEHOLD_1_001,WI_2,11609,5.97
HOUSEHOLD_1_014,WI_2,11609,17.97
HOUSEHOLD_1_012,WI_2,11609,3.92
HOUSEHOLD_1_016,WI_2,11609,4.88
HOUSEHOLD_1_034,WI_2,11609,3.93
HOUSEHOLD_1_029,WI_2,11609,7.48
HOUSEHOLD_1_026,WI_2,11609,2.97
HOUSEHOLD_1_039,WI_2,11609,2.97
HOUSEHOLD_1_056,WI_2,11609,11.97
HOUSEHOLD_1_063,WI_2,11609,9.97
HOUSEHOLD_1_064,WI_2,11609,5.78
HOUSEHOLD_1_067,WI_2,11609,3.97
HOUSEHOLD_1_097,WI_2,11609,3.97
HOUSEHOLD_1_093,WI_2,11609,3.94
HOUSEHOLD_1_101,WI_2,11609,2.37
HOUSEHOLD_1_104,WI_2,11609,2.97
HOUSEHOLD_1_118,WI_2,11609,0.97
HOUSEHOLD_1_135,WI_2,11609,1.48
HOUSEHOLD_1_147,WI_2,11609,0.96
HOUSEHOLD_1_165,WI_2,11609,17.97
HOUSEHOLD_1_167,WI_2,11609,2.74
HOUSEHOLD_1_198,WI_2,11609,0.97
HOUSEHOLD_1_195,WI_2,11609,3.88
HOUSEHOLD_1_206,WI_2,11609,4.92
HOUSEHOLD_1_222,WI_2,11609,9.97
HOUSEHOLD_1_227,WI_2,11609,2.73
HOBBIES_1_043,CA_3,11609,0.7
HOBBIES_1_050,CA_3,11609,10.98
HOBBIES_1_061,CA_3,11609,2.83
HOBBIES_1_076,CA_3,11609,3.43
HOBBIES_1_083,CA_3,11609,15.92
HOBBIES_1_093,CA_3,11609,19.96
HOBBIES_1_108,CA_3,11609,12.98
HOBBIES_1_110,CA_3,11609,3.67
HOBBIES_1_130,CA_3,11609,2.73
HOBBIES_1_164,CA_3,11609,8.97
HOBBIES_1_167,CA_3,11609,0.68
HOBBIES_1_176,CA_3,11609,5.94
HOBBIES_1_171,CA_3,11609,2.88
HOBBIES_1_187,CA_3,11609,7.0
HOBBIES_1_183,CA_3,11609,7.98
HOBBIES_1_186,CA_3,11609,15.92
HOBBIES_1_215,CA_3,11609,10.98
HOBBIES_1_214,CA_3,11609,9.88
HOBBIES_1_211,CA_3,11609,4.72
HOBBIES_1_221,CA_3,11609,2.97
HOBBIES_1_239,CA_3,11609,2.97
HOBBIES_1_254,CA_3,11609,0.7
HOBBIES_1_257,CA_3,11609,17.24
HOBBIES_1_276,CA_3,11609,7.98
HOBBIES_1_288,CA_3,11609,0.57
HOBBIES_1_289,CA_3,11609,4.97
HOBBIES_1_295,CA_3,11609,0.48
HOBBIES_1_309,CA_3,11609,5.12
HOBBIES_1_307,CA_3,11609,3.97
HOBBIES_1_322,CA_3,11609,3.97
HOBBIES_1_335,CA_3,11609,12.88
HOBBIES_1_341,CA_3,11609,0.48
HOBBIES_1_345,CA_3,11609,7.88
HOBBIES_1_352,CA_3,11609,2.74
HOBBIES_1_365,CA_3,11609,3.97
HOBBIES_1_394,CA_3,11609,7.88
HOBBIES_2_007,CA_3,11609,0.97
HOBBIES_2_020,CA_3,11609,3.88
HOBBIES_2_019,CA_3,11609,3.37
HOBBIES_2_032,CA_3,11609,0.97
HOBBIES_2_043,CA_3,11609,0.97
HOBBIES_2_069,CA_3,11609,2.97
HOBBIES_2_063,CA_3,11609,0.97
HOBBIES_2_067,CA_3,11609,2.97
HOBBIES_2_074,CA_3,11609,3.97
HOBBIES_2_078,CA_3,11609,5.97
HOBBIES_2_088,CA_3,11609,2.77
HOBBIES_2_101,CA_3,11609,0.5
HOBBIES_2_099,CA_3,11609,0.97
HOBBIES_2_124,CA_3,11609,0.23
HOBBIES_2_133,CA_3,11609,2.88
HOBBIES_2_139,CA_3,11609,4.97
HOUSEHOLD_1_005,CA_3,11609,9.97
HOBBIES_2_147,CA_3,11609,0.97
HOUSEHOLD_1_015,CA_3,11609,5.88
HOUSEHOLD_1_022,CA_3,11609,4.84
HOUSEHOLD_1_028,CA_3,11609,2.97
HOUSEHOLD_1_045,CA_3,11609,2.67
HOUSEHOLD_1_036,CA_3,11609,2.98
HOUSEHOLD_1_050,CA_3,11609,3.97
HOUSEHOLD_1_059,CA_3,11609,3.12
HOUSEHOLD_1_057,CA_3,11609,1.77
HOUSEHOLD_1_058,CA_3,11609,6.48
HOUSEHOLD_1_060,CA_3,11609,29.97
HOUSEHOLD_1_068,CA_3,11609,6.97
HOUSEHOLD_1_072,CA_3,11609,7.98
HOUSEHOLD_1_100,CA_3,11609,6.97
HOUSEHOLD_1_092,CA_3,11609,1.77
HOUSEHOLD_1_105,CA_3,11609,3.94
HOUSEHOLD_1_108,CA_3,11609,4.88
HOUSEHOLD_1_109,CA_3,11609,3.97
HOUSEHOLD_1_107,CA_3,11609,3.48
HOUSEHOLD_1_115,CA_3,11609,4.94
HOUSEHOLD_1_122,CA_3,11609,2.26
HOUSEHOLD_1_140,CA_3,11609,14.97
HOUSEHOLD_1_146,CA_3,11609,5.98
HOUSEHOLD_1_160,CA_3,11609,9.97
HOUSEHOLD_1_151,CA_3,11609,0.5
HOUSEHOLD_1_158,CA_3,11609,3.97
HOUSEHOLD_1_159,CA_3,11609,7.93
HOUSEHOLD_1_168,CA_3,11609,2.97
HOUSEHOLD_1_169,CA_3,11609,2.94
HOUSEHOLD_1_177,CA_3,11609,6.97
HOUSEHOLD_1_175,CA_3,11609,4.88
HOUSEHOLD_1_171,CA_3,11609,8.97
HOUSEHOLD_1_179,CA_3,11609,0.98
HOUSEHOLD_1_183,CA_3,11609,4.88
HOUSEHOLD_1_193,CA_3,11609,2.42
HOUSEHOLD_1_202,CA_3,11609,1.98
HOUSEHOLD_1_212,CA_3,11609,4.47
HOUSEHOLD_1_233,CA_3,11609,11.52
HOUSEHOLD_1_236,CA_3,11609,2.47
HOUSEHOLD_1_246,CA_3,11609,3.98
HOUSEHOLD_1_252,CA_3,11609,9.47
HOUSEHOLD_1_248,CA_3,11609,8.97
HOUSEHOLD_1_257,CA_3,11609,5.24
HOUSEHOLD_1_266,CA_3,11609,1.0
HOUSEHOLD_1_294,CA_3,11609,2.27
HOUSEHOLD_1_291,CA_3,11609,3.72
HOUSEHOLD_1_300,CA_3,11609,4.88
HOUSEHOLD_1_304,CA_3,11609,2.36
HOUSEHOLD_1_306,CA_3,11609,1.97
HOUSEHOLD_1_324,CA_3,11609,5.97
HOUSEHOLD_1_327,CA_3,11609,0.98
HOUSEHOLD_1_347,CA_3,11609,7.97
HOUSEHOLD_1_341,CA_3,11609,4.88
HOUSEHOLD_1_353,CA_3,11609,3.44
HOUSEHOLD_1_374,CA_3,11609,3.97
HOUSEHOLD_1_385,CA_3,11609,1.97
HOUSEHOLD_1_380,CA_3,11609,4.57
HOUSEHOLD_1_384,CA_3,11609,4.84
HOUSEHOLD_1_386,CA_3,11609,2.96
HOUSEHOLD_1_414,CA_3,11609,0.98
HOUSEHOLD_1_420,CA_3,11609,6.42
HOUSEHOLD_1_430,CA_3,11609,0.98
HOUSEHOLD_1_438,CA_3,11609,7.33
HOUSEHOLD_1_451,CA_3,11609,6.98
HOUSEHOLD_1_465,CA_3,11609,0.97
HOUSEHOLD_1_477,CA_3,11609,13.48
HOUSEHOLD_1_483,CA_3,11609,4.54
HOUSEHOLD_1_494,CA_3,11609,7.97
HOUSEHOLD_1_499,CA_3,11609,3.88
HOUSEHOLD_1_505,CA_3,11609,2.47
HOUSEHOLD_1_514,CA_3,11609,3.97
HOUSEHOLD_1_540,CA_3,11609,1.88
HOUSEHOLD_2_014,CA_3,11609,5.97
HOUSEHOLD_2_019,CA_3,11609,9.47
HOUSEHOLD_2_020,CA_3,11609,8.47
HOUSEHOLD_2_033,CA_3,11609,6.97
HOUSEHOLD_2_054,CA_3,11609,4.87
HOUSEHOLD_2_055,CA_3,11609,8.97
HOUSEHOLD_2_065,CA_3,11609,5.47
HOUSEHOLD_2_087,CA_3,11609,7.94
HOUSEHOLD_2_085,CA_3,11609,7.94
HOUSEHOLD_2_081,CA_3,11609,2.57
FOODS_3_489,TX_2,11609,1.98
FOODS_3_498,TX_2,11609,0.25
FOODS_3_501,TX_2,11609,0.8
FOODS_3_496,TX_2,11609,3.98
FOODS_3_505,TX_2,11609,3.62
FOODS_3_509,TX_2,11609,1.98
FOODS_3_518,TX_2,11609,2.88
FOODS_3_523,TX_2,11609,1.98
FOODS_3_535,TX_2,11609,6.24
FOODS_3_557,TX_2,11609,2.5
FOODS_3_569,TX_2,11609,3.98
FOODS_3_561,TX_2,11609,2.98
FOODS_3_566,TX_2,11609,1.0
FOODS_3_575,TX_2,11609,6.72
FOODS_3_590,TX_2,11609,2.68
FOODS_3_611,TX_2,11609,1.87
FOODS_3_612,TX_2,11609,4.54
FOODS_3_622,TX_2,11609,2.56
FOODS_3_623,TX_2,11609,2.98
FOODS_3_619,TX_2,11609,2.98
FOODS_3_632,TX_2,11609,3.98
FOODS_3_644,TX_2,11609,1.68
FOODS_3_664,TX_2,11609,1.88
FOODS_3_674,TX_2,11609,2.98
FOODS_3_679,TX_2,11609,3.88
FOODS_3_676,TX_2,11609,6.98
FOODS_3_678,TX_2,11609,4.98
FOODS_3_707,TX_2,11609,1.28
FOODS_3_716,TX_2,11609,1.48
FOODS_3_713,TX_2,11609,3.48
FOODS_3_727,TX_2,11609,3.98
FOODS_3_729,TX_2,11609,3.98
FOODS_3_732,TX_2,11609,2.18
FOODS_3_736,TX_2,11609,1.74
FOODS_3_741,TX_2,11609,1.35
FOODS_3_742,TX_2,11609,1.25
FOODS_3_737,TX_2,11609,3.48
FOODS_3_752,TX_2,11609,0.25
FOODS_3_760,TX_2,11609,2.88
FOODS_3_772,TX_2,11609,3.88
FOODS_3_769,TX_2,11609,1.25
FOODS_3_768,TX_2,11609,1.98
FOODS_3_779,TX_2,11609,2.48
FOODS_3_784,TX_2,11609,1.48
FOODS_3_791,TX_2,11609,2.5
FOODS_3_799,TX_2,11609,2.18
FOODS_3_806,TX_2,11609,2.56
FOODS_3_812,TX_2,11609,2.94
HOBBIES_1_001,TX_3,11609,8.26
HOBBIES_1_005,TX_3,11609,2.73
HOBBIES_1_021,TX_3,11609,11.88
HOBBIES_1_020,TX_3,11609,12.68
HOBBIES_1_029,TX_3,11609,8.98
HOBBIES_1_038,TX_3,11609,3.17
HOBBIES_1_041,TX_3,11609,4.22
HOBBIES_1_042,TX_3,11609,7.83
HOBBIES_1_037,TX_3,11609,12.77
HOBBIES_1_052,TX_3,11609,5.88
HOBBIES_1_055,TX_3,11609,8.98
HOBBIES_1_056,TX_3,11609,0.94
HOBBIES_1_074,TX_3,11609,3.67
HOBBIES_1_089,TX_3,11609,7.97
HOBBIES_1_111,TX_3,11609,2.64
HOBBIES_1_142,TX_3,11609,0.94
HOBBIES_1_140,TX_3,11609,1.12
HOBBIES_1_154,TX_3,11609,2.5
HOBBIES_1_166,TX_3,11609,9.98
HOBBIES_1_170,TX_3,11609,17.97
HOBBIES_1_179,TX_3,11609,6.87
HOBBIES_1_199,TX_3,11609,3.98
HOBBIES_1_204,TX_3,11609,9.72
HOBBIES_1_217,TX_3,11609,3.47
HOBBIES_1_224,TX_3,11609,3.97
HOBBIES_1_234,TX_3,11609,0.3
HOBBIES_1_244,TX_3,11609,0.48
HOBBIES_1_250,TX_3,11609,4.88
HOBBIES_1_255,TX_3,11609,1.88
HOBBIES_1_282,TX_3,11609,3.98
HOBBIES_1_284,TX_3,11609,4.88
HOBBIES_1_293,TX_3,11609,3.68
HOBBIES_1_303,TX_3,11609,8.56
HOBBIES_1_305,TX_3,11609,2.87
HOBBIES_1_308,TX_3,11609,9.98
HOBBIES_1_319,TX_3,11609,0.96
HOBBIES_1_318,TX_3,11609,3.96
HOBBIES_1_321,TX_3,11609,6.68
HOBBIES_1_323,TX_3,11609,4.62
HOBBIES_1_333,TX_3,11609,4.97
HOBBIES_1_342,TX_3,11609,18.46
HOBBIES_1_350,TX_3,11609,2.96
HOBBIES_1_355,TX_3,11609,3.94
HOBBIES_1_384,TX_3,11609,9.98
HOBBIES_1_404,TX_3,11609,0.48
HOBBIES_1_411,TX_3,11609,1.34
HOBBIES_1_403,TX_3,11609,13.23
HOBBIES_1_418,TX_3,11609,3.98
HOBBIES_1_420,TX_3,11609,5.74
HOBBIES_1_421,TX_3,11609,8.26
HOBBIES_2_015,TX_3,11609,2.47
HOBBIES_2_038,TX_3,11609,0.97
HOBBIES_2_049,TX_3,11609,2.5
HOBBIES_2_045,TX_3,11609,2.47
HOBBIES_2_059,TX_3,11609,0.23
HOBBIES_2_065,TX_3,11609,0.5
HOBBIES_2_071,TX_3,11609,0.97
HOBBIES_2_085,TX_3,11609,0.97
HOBBIES_2_079,TX_3,11609,2.47
HOBBIES_2_082,TX_3,11609,0.88
HOBBIES_2_093,TX_3,11609,1.97
HOBBIES_2_094,TX_3,11609,1.97
HOBBIES_2_100,TX_3,11609,0.88
HOBBIES_2_111,TX_3,11609,3.97
HOBBIES_2_119,TX_3,11609,2.97
HOBBIES_2_121,TX_3,11609,0.97
HOBBIES_2_140,TX_3,11609,2.47
HOUSEHOLD_1_008,TX_3,11609,5.47
HOUSEHOLD_1_033,TX_3,11609,3.97
HOUSEHOLD_1_035,TX_3,11609,4.63
HOUSEHOLD_1_053,TX_3,11609,14.97
HOUSEHOLD_1_052,TX_3,11609,4.23
HOUSEHOLD_1_069,TX_3,11609,1.97
HOUSEHOLD_1_083,TX_3,11609,0.97
HOUSEHOLD_1_086,TX_3,11609,5.27
HOUSEHOLD_1_078,TX_3,11609,2.84
HOUSEHOLD_1_079,TX_3,11609,4.88
HOUSEHOLD_1_077,TX_3,11609,6.42
HOUSEHOLD_1_112,TX_3,11609,2.97
HOUSEHOLD_1_117,TX_3,11609,7.97
HOUSEHOLD_1_119,TX_3,11609,3.74
HOUSEHOLD_1_116,TX_3,11609,2.97
HOUSEHOLD_1_123,TX_3,11609,8.97
HOUSEHOLD_1_131,TX_3,11609,4.94
HOUSEHOLD_1_141,TX_3,11609,1.77
HOUSEHOLD_1_156,TX_3,11609,2.73
HOUSEHOLD_1_161,TX_3,11609,11.93
HOUSEHOLD_1_181,TX_3,11609,3.94
HOUSEHOLD_1_185,TX_3,11609,2.97
HOUSEHOLD_1_187,TX_3,11609,6.48
HOUSEHOLD_1_197,TX_3,11609,4.97
HOUSEHOLD_1_211,TX_3,11609,3.87
HOUSEHOLD_1_205,TX_3,11609,5.94
HOUSEHOLD_1_218,TX_3,11609,1.87
HOUSEHOLD_1_221,TX_3,11609,12.57
HOUSEHOLD_1_232,TX_3,11609,4.23
HOUSEHOLD_1_242,TX_3,11609,4.88
HOUSEHOLD_1_256,TX_3,11609,5.97
HOUSEHOLD_1_261,TX_3,11609,5.97
HOUSEHOLD_1_272,TX_3,11609,9.97
HOUSEHOLD_1_267,TX_3,11609,9.74
HOBBIES_1_199,WI_3,11609,3.98
HOBBIES_1_204,WI_3,11609,9.72
HOBBIES_1_217,WI_3,11609,3.47
HOBBIES_1_224,WI_3,11609,3.97
HOBBIES_1_234,WI_3,11609,0.3
HOBBIES_1_244,WI_3,11609,0.48
HOBBIES_1_250,WI_3,11609,4.88
HOBBIES_1_255,WI_3,11609,1.88
HOBBIES_1_282,WI_3,11609,3.98
HOBBIES_1_284,WI_3,11609,4.88
HOBBIES_1_293,WI_3,11609,3.68
HOBBIES_1_303,WI_3,11609,8.56
HOBBIES_1_305,WI_3,11609,2.87
HOBBIES_1_308,WI_3,11609,9.98
HOBBIES_1_319,WI_3,11609,0.96
HOBBIES_1_321,WI_3,11609,6.68
HOBBIES_1_323,WI_3,11609,5.24
HOBBIES_1_318,WI_3,11609,3.96
HOBBIES_1_333,WI_3,11609,4.97
HOBBIES_1_350,WI_3,11609,2.98
HOBBIES_1_342,WI_3,11609,19.96
HOBBIES_1_355,WI_3,11609,3.94
HOBBIES_1_384,WI_3,11609,9.98
HOBBIES_1_403,WI_3,11609,13.23
HOBBIES_1_404,WI_3,11609,0.48
HOBBIES_1_411,WI_3,11609,1.34
HOBBIES_1_418,WI_3,11609,3.98
HOBBIES_1_420,WI_3,11609,5.74
HOBBIES_1_421,WI_3,11609,8.26
HOBBIES_2_015,WI_3,11609,2.47
HOBBIES_2_045,WI_3,11609,2.47
HOBBIES_2_038,WI_3,11609,0.97
HOBBIES_2_049,WI_3,11609,2.5
HOBBIES_2_059,WI_3,11609,0.23
HOBBIES_2_071,WI_3,11609,0.97
HOBBIES_2_065,WI_3,11609,0.5
HOBBIES_2_079,WI_3,11609,2.47
HOBBIES_2_085,WI_3,11609,0.97
HOBBIES_2_082,WI_3,11609,0.88
HOBBIES_2_100,WI_3,11609,0.88
HOBBIES_2_093,WI_3,11609,1.97
HOBBIES_2_094,WI_3,11609,1.97
HOBBIES_2_119,WI_3,11609,2.97
HOBBIES_2_111,WI_3,11609,3.97
HOBBIES_2_121,WI_3,11609,0.97
HOBBIES_2_140,WI_3,11609,2.47
HOUSEHOLD_1_008,WI_3,11609,5.47
HOUSEHOLD_1_033,WI_3,11609,3.97
HOUSEHOLD_1_035,WI_3,11609,4.63
HOUSEHOLD_1_053,WI_3,11609,14.97
HOUSEHOLD_1_052,WI_3,11609,4.23
HOUSEHOLD_1_069,WI_3,11609,1.97
HOUSEHOLD_1_078,WI_3,11609,2.84
HOUSEHOLD_1_079,WI_3,11609,4.47
HOUSEHOLD_1_077,WI_3,11609,6.42
HOUSEHOLD_1_083,WI_3,11609,0.97
HOUSEHOLD_1_086,WI_3,11609,5.27
HOUSEHOLD_1_112,WI_3,11609,2.97
HOUSEHOLD_1_117,WI_3,11609,7.97
HOUSEHOLD_1_116,WI_3,11609,2.97
HOUSEHOLD_1_119,WI_3,11609,3.74
HOUSEHOLD_1_123,WI_3,11609,8.97
HOUSEHOLD_1_131,WI_3,11609,4.94
HOUSEHOLD_1_141,WI_3,11609,1.77
HOUSEHOLD_1_161,WI_3,11609,11.93
HOUSEHOLD_1_156,WI_3,11609,2.73
HOUSEHOLD_1_181,WI_3,11609,3.94
HOUSEHOLD_1_185,WI_3,11609,2.97
HOUSEHOLD_1_187,WI_3,11609,6.48
HOUSEHOLD_1_197,WI_3,11609,4.97
HOUSEHOLD_1_205,WI_3,11609,5.94
HOUSEHOLD_1_211,WI_3,11609,3.87
HOUSEHOLD_1_218,WI_3,11609,1.94
HOUSEHOLD_1_221,WI_3,11609,12.57
HOUSEHOLD_1_232,WI_3,11609,4.23
HOUSEHOLD_1_242,WI_3,11609,4.88
HOUSEHOLD_1_256,WI_3,11609,5.97
HOUSEHOLD_1_261,WI_3,11609,5.97
HOUSEHOLD_1_267,WI_3,11609,9.74
HOUSEHOLD_1_272,WI_3,11609,9.39
HOUSEHOLD_1_295,WI_3,11609,2.98
HOUSEHOLD_1_292,WI_3,11609,6.48
HOUSEHOLD_1_301,WI_3,11609,4.94
HOUSEHOLD_1_303,WI_3,11609,0.98
HOUSEHOLD_1_307,WI_3,11609,2.97
HOUSEHOLD_1_312,WI_3,11609,2.37
HOUSEHOLD_1_329,WI_3,11609,4.94
HOUSEHOLD_1_337,WI_3,11609,4.97
HOUSEHOLD_1_335,WI_3,11609,9.42
HOUSEHOLD_1_345,WI_3,11609,4.22
HOUSEHOLD_1_346,WI_3,11609,3.94
HOUSEHOLD_1_342,WI_3,11609,17.97
HOUSEHOLD_1_351,WI_3,11609,0.97
HOUSEHOLD_1_360,WI_3,11609,3.96
HOUSEHOLD_1_368,WI_3,11609,8.48
HOUSEHOLD_1_373,WI_3,11609,3.42
HOUSEHOLD_1_371,WI_3,11609,4.94
HOUSEHOLD_1_378,WI_3,11609,21.78
HOUSEHOLD_1_393,WI_3,11609,1.98
HOUSEHOLD_1_410,WI_3,11609,3.97
HOUSEHOLD_1_413,WI_3,11609,17.97
HOUSEHOLD_1_411,WI_3,11609,3.28
HOUSEHOLD_1_443,WI_3,11609,2.47
HOUSEHOLD_1_450,WI_3,11609,3.42
HOUSEHOLD_1_469,WI_3,11609,17.97
HOUSEHOLD_1_478,WI_3,11609,2.67
HOUSEHOLD_1_479,WI_3,11609,7.56
HOUSEHOLD_1_485,WI_3,11609,2.97
HOUSEHOLD_1_486,WI_3,11609,18.87
HOUSEHOLD_1_503,WI_3,11609,1.28
HOUSEHOLD_1_511,WI_3,11609,6.27
HOUSEHOLD_1_519,WI_3,11609,4.88
HOUSEHOLD_1_528,WI_3,11609,2.97
HOUSEHOLD_1_533,WI_3,11609,4.97
HOUSEHOLD_1_534,WI_3,11609,9.97
HOUSEHOLD_1_539,WI_3,11609,3.97
HOUSEHOLD_2_012,WI_3,11609,4.78
HOUSEHOLD_2_029,WI_3,11609,10.43
HOUSEHOLD_2_030,WI_3,11609,3.97
HOUSEHOLD_2_027,WI_3,11609,4.97
HOUSEHOLD_2_052,WI_3,11609,4.97
HOUSEHOLD_2_072,WI_3,11609,2.58
HOUSEHOLD_2_078,WI_3,11609,5.84
HOUSEHOLD_2_082,WI_3,11609,5.92
HOUSEHOLD_2_077,WI_3,11609,3.48
HOUSEHOLD_2_091,WI_3,11609,8.97
HOUSEHOLD_2_095,WI_3,11609,6.47
HOUSEHOLD_2_106,WI_3,11609,8.44
HOUSEHOLD_2_101,WI_3,11609,4.49
HOUSEHOLD_2_117,WI_3,11609,2.46
HOUSEHOLD_2_114,WI_3,11609,5.94
HOUSEHOLD_2_125,WI_3,11609,8.88
HOUSEHOLD_2_119,WI_3,11609,5.84
HOUSEHOLD_2_126,WI_3,11609,6.97
HOUSEHOLD_2_172,WI_3,11609,5.94
HOUSEHOLD_2_178,WI_3,11609,6.96
HOUSEHOLD_2_175,WI_3,11609,5.97
HOUSEHOLD_2_190,WI_3,11609,0.98
HOUSEHOLD_2_187,WI_3,11609,3.33
HOUSEHOLD_2_208,WI_3,11609,12.97
HOUSEHOLD_2_214,WI_3,11609,6.94
HOUSEHOLD_2_217,WI_3,11609,2.87
HOUSEHOLD_2_209,WI_3,11609,7.97
HOUSEHOLD_2_213,WI_3,11609,0.93
FOODS_3_136,CA_3,11609,4.68
FOODS_3_140,CA_3,11609,3.0
FOODS_3_134,CA_3,11609,6.98
FOODS_3_155,CA_3,11609,1.98
FOODS_3_156,CA_3,11609,4.18
FOODS_3_161,CA_3,11609,1.98
FOODS_3_169,CA_3,11609,3.98
FOODS_3_173,CA_3,11609,11.82
FOODS_3_218,CA_3,11609,2.0
FOODS_3_233,CA_3,11609,2.56
FOODS_3_248,CA_3,11609,1.98
FOODS_3_249,CA_3,11609,2.68
FOODS_3_247,CA_3,11609,4.94
FOODS_3_274,CA_3,11609,1.6
FOODS_3_267,CA_3,11609,2.28
FOODS_3_272,CA_3,11609,9.98
FOODS_3_279,CA_3,11609,2.98
FOODS_3_275,CA_3,11609,1.98
FOODS_3_277,CA_3,11609,1.98
FOODS_3_290,CA_3,11609,1.0
FOODS_3_298,CA_3,11609,18.73
FOODS_3_297,CA_3,11609,2.88
FOODS_3_304,CA_3,11609,4.48
FOODS_3_302,CA_3,11609,1.5
FOODS_3_326,CA_3,11609,1.48
FOODS_3_323,CA_3,11609,2.48
FOODS_3_328,CA_3,11609,3.88
FOODS_3_344,CA_3,11609,2.24
FOODS_3_348,CA_3,11609,0.8
FOODS_3_360,CA_3,11609,2.24
FOODS_3_375,CA_3,11609,1.74
FOODS_3_380,CA_3,11609,1.98
FOODS_3_383,CA_3,11609,1.48
FOODS_3_398,CA_3,11609,5.62
FOODS_3_391,CA_3,11609,2.98
FOODS_3_409,CA_3,11609,2.78
FOODS_3_417,CA_3,11609,4.54
FOODS_3_436,CA_3,11609,2.5
FOODS_3_460,CA_3,11609,1.98
FOODS_3_489,CA_3,11609,1.98
FOODS_3_498,CA_3,11609,0.25
FOODS_3_501,CA_3,11609,0.8
FOODS_3_496,CA_3,11609,3.98
FOODS_3_505,CA_3,11609,3.62
FOODS_3_509,CA_3,11609,1.98
FOODS_3_518,CA_3,11609,2.88
FOODS_3_523,CA_3,11609,1.98
FOODS_3_535,CA_3,11609,6.24
FOODS_3_557,CA_3,11609,1.98
FOODS_3_569,CA_3,11609,3.98
FOODS_3_566,CA_3,11609,1.0
FOODS_3_561,CA_3,11609,2.98
FOODS_3_575,CA_3,11609,6.72
FOODS_3_590,CA_3,11609,2.68
FOODS_3_611,CA_3,11609,2.48
FOODS_3_612,CA_3,11609,4.54
FOODS_3_622,CA_3,11609,2.58
FOODS_3_623,CA_3,11609,2.98
FOODS_3_619,CA_3,11609,2.98
FOODS_3_632,CA_3,11609,3.98
FOODS_3_644,CA_3,11609,1.68
FOODS_3_664,CA_3,11609,1.98
FOODS_3_674,CA_3,11609,2.98
FOODS_3_679,CA_3,11609,3.88
FOODS_3_676,CA_3,11609,6.98
FOODS_3_678,CA_3,11609,4.98
FOODS_3_707,CA_3,11609,1.28
FOODS_3_713,CA_3,11609,3.48
FOODS_3_716,CA_3,11609,1.28
FOODS_3_727,CA_3,11609,3.98
FOODS_3_729,CA_3,11609,3.98
FOODS_3_732,CA_3,11609,1.94
FOODS_3_736,CA_3,11609,1.74
FOODS_3_737,CA_3,11609,3.48
FOODS_3_741,CA_3,11609,1.35
FOODS_3_742,CA_3,11609,1.25
FOODS_3_752,CA_3,11609,0.25
FOODS_3_760,CA_3,11609,2.88
FOODS_3_772,CA_3,11609,5.44
FOODS_3_769,CA_3,11609,1.25
FOODS_3_768,CA_3,11609,1.98
FOODS_3_784,CA_3,11609,1.48
FOODS_3_779,CA_3,11609,2.48
FOODS_3_791,CA_3,11609,2.5
FOODS_3_799,CA_3,11609,2.18
FOODS_3_806,CA_3,11609,2.5
FOODS_3_812,CA_3,11609,2.94
HOBBIES_1_011,CA_4,11609,3.48
HOBBIES_1_023,CA_4,11609,2.97
HOBBIES_1_019,CA_4,11609,0.48
HOBBIES_1_028,CA_4,11609,7.98
HOBBIES_1_054,CA_4,11609,2.97
HOBBIES_1_067,CA_4,11609,0.57
HOBBIES_1_066,CA_4,11609,1.25
HOBBIES_1_073,CA_4,11609,5.47
HOBBIES_1_072,CA_4,11609,1.97
HOBBIES_1_085,CA_4,11609,14.72
HOBBIES_1_091,CA_4,11609,0.7
HOBBIES_1_099,CA_4,11609,13.98
HOBBIES_1_094,CA_4,11609,12.97
HOBBIES_1_114,CA_4,11609,5.97
HOBBIES_1_115,CA_4,11609,0.68
HOBBIES_1_113,CA_4,11609,1.47
HOBBIES_1_129,CA_4,11609,4.88
HOBBIES_1_125,CA_4,11609,11.73
HOBBIES_1_136,CA_4,11609,4.88
HOBBIES_1_133,CA_4,11609,12.88
HOBBIES_1_146,CA_4,11609,4.86
HOBBIES_1_147,CA_4,11609,9.97
HOBBIES_1_157,CA_4,11609,11.28
HOBBIES_1_155,CA_4,11609,18.98
HOBBIES_1_158,CA_4,11609,22.98
HOBBIES_1_177,CA_4,11609,4.24
HOBBIES_1_174,CA_4,11609,4.88
HOBBIES_1_180,CA_4,11609,19.98
HOBBIES_1_188,CA_4,11609,12.88
HOBBIES_1_190,CA_4,11609,9.97
HOBBIES_1_194,CA_4,11609,2.88
HOBBIES_1_213,CA_4,11609,8.26
HOBBIES_1_212,CA_4,11609,7.47
HOBBIES_1_208,CA_4,11609,3.24
HOBBIES_1_206,CA_4,11609,2.72
HOBBIES_1_220,CA_4,11609,2.92
HOBBIES_1_223,CA_4,11609,1.12
HOBBIES_1_227,CA_4,11609,1.97
HOBBIES_1_230,CA_4,11609,4.48
HOBBIES_1_243,CA_4,11609,11.97
HOBBIES_1_260,CA_4,11609,12.88
HOBBIES_1_261,CA_4,11609,0.48
HOBBIES_1_266,CA_4,11609,4.86
HOBBIES_1_267,CA_4,11609,2.88
HOBBIES_1_280,CA_4,11609,10.98
HOBBIES_1_299,CA_4,11609,1.27
HOBBIES_1_312,CA_4,11609,0.57
HOBBIES_1_314,CA_4,11609,3.97
HOBBIES_1_324,CA_4,11609,14.72
HOBBIES_1_331,CA_4,11609,0.94
HOBBIES_1_332,CA_4,11609,7.88
HOBBIES_1_327,CA_4,11609,7.88
HOBBIES_1_367,CA_4,11609,8.26
HOBBIES_1_373,CA_4,11609,14.72
HOBBIES_1_376,CA_4,11609,16.86
HOBBIES_1_391,CA_4,11609,3.88
HOBBIES_1_389,CA_4,11609,11.97
HOBBIES_1_423,CA_4,11609,7.78
HOBBIES_2_046,CA_4,11609,2.97
HOBBIES_2_035,CA_4,11609,4.47
HOBBIES_2_041,CA_4,11609,1.97
HOBBIES_2_061,CA_4,11609,1.97
HOBBIES_2_075,CA_4,11609,2.88
HOBBIES_2_081,CA_4,11609,1.97
HOBBIES_2_103,CA_4,11609,2.5
HOBBIES_2_097,CA_4,11609,1.97
HOBBIES_2_104,CA_4,11609,2.97
HOBBIES_2_116,CA_4,11609,2.97
HOBBIES_2_106,CA_4,11609,0.97
HOBBIES_2_109,CA_4,11609,0.97
HOBBIES_2_125,CA_4,11609,0.97
HOBBIES_2_126,CA_4,11609,0.5
HOBBIES_2_142,CA_4,11609,0.23
HOUSEHOLD_2_401,TX_2,11609,3.33
HOUSEHOLD_2_410,TX_2,11609,1.38
HOUSEHOLD_2_414,TX_2,11609,5.74
HOUSEHOLD_2_423,TX_2,11609,3.87
HOUSEHOLD_2_456,TX_2,11609,8.86
HOUSEHOLD_2_449,TX_2,11609,5.64
HOUSEHOLD_2_457,TX_2,11609,6.47
HOUSEHOLD_2_465,TX_2,11609,7.24
HOUSEHOLD_2_460,TX_2,11609,5.94
HOUSEHOLD_2_473,TX_2,11609,7.97
HOUSEHOLD_2_475,TX_2,11609,4.96
HOUSEHOLD_2_476,TX_2,11609,3.97
HOUSEHOLD_2_478,TX_2,11609,4.94
HOUSEHOLD_2_484,TX_2,11609,6.97
HOUSEHOLD_2_494,TX_2,11609,5.94
HOUSEHOLD_2_509,TX_2,11609,8.97
FOODS_1_006,TX_2,11609,2.48
FOODS_1_009,TX_2,11609,2.24
FOODS_1_011,TX_2,11609,2.68
FOODS_1_019,TX_2,11609,0.98
FOODS_1_025,TX_2,11609,4.27
FOODS_1_036,TX_2,11609,1.78
FOODS_1_049,TX_2,11609,2.24
FOODS_1_053,TX_2,11609,6.17
FOODS_1_058,TX_2,11609,1.96
FOODS_1_062,TX_2,11609,4.27
FOODS_1_066,TX_2,11609,1.36
FOODS_1_073,TX_2,11609,2.12
FOODS_1_074,TX_2,11609,2.24
FOODS_1_071,TX_2,11609,2.0
FOODS_1_080,TX_2,11609,7.58
FOODS_1_081,TX_2,11609,6.27
FOODS_1_096,TX_2,11609,6.38
FOODS_1_098,TX_2,11609,5.06
FOODS_1_106,TX_2,11609,3.54
FOODS_1_109,TX_2,11609,2.24
FOODS_1_114,TX_2,11609,3.54
FOODS_1_110,TX_2,11609,1.96
FOODS_1_137,TX_2,11609,2.0
FOODS_1_155,TX_2,11609,0.98
FOODS_1_157,TX_2,11609,5.47
FOODS_1_163,TX_2,11609,0.94
FOODS_1_191,TX_2,11609,6.27
FOODS_1_190,TX_2,11609,0.94
FOODS_1_188,TX_2,11609,2.98
FOODS_1_202,TX_2,11609,0.94
FOODS_1_207,TX_2,11609,3.32
FOODS_1_213,TX_2,11609,2.24
FOODS_1_214,TX_2,11609,3.14
FOODS_2_002,TX_2,11609,1.87
FOODS_2_007,TX_2,11609,2.98
FOODS_2_014,TX_2,11609,2.42
FOODS_2_019,TX_2,11609,2.98
FOODS_2_021,TX_2,11609,0.94
FOODS_2_026,TX_2,11609,2.0
FOODS_2_031,TX_2,11609,2.18
FOODS_2_087,TX_2,11609,10.97
FOODS_2_094,TX_2,11609,1.28
FOODS_2_100,TX_2,11609,2.5
FOODS_2_107,TX_2,11609,2.0
FOODS_2_110,TX_2,11609,2.28
FOODS_2_122,TX_2,11609,4.93
FOODS_2_150,TX_2,11609,2.42
FOODS_2_158,TX_2,11609,1.28
FOODS_2_176,TX_2,11609,2.82
FOODS_2_179,TX_2,11609,4.97
FOODS_2_172,TX_2,11609,2.47
FOODS_2_192,TX_2,11609,1.68
FOODS_2_193,TX_2,11609,4.98
FOODS_2_191,TX_2,11609,8.98
FOODS_2_205,TX_2,11609,2.5
FOODS_2_203,TX_2,11609,3.62
FOODS_2_211,TX_2,11609,2.18
FOODS_2_228,TX_2,11609,4.93
FOODS_2_245,TX_2,11609,2.98
FOODS_2_247,TX_2,11609,1.83
FOODS_2_260,TX_2,11609,2.5
FOODS_2_261,TX_2,11609,9.88
FOODS_2_257,TX_2,11609,1.0
FOODS_2_253,TX_2,11609,7.82
FOODS_2_263,TX_2,11609,5.92
FOODS_2_280,TX_2,11609,3.97
FOODS_2_293,TX_2,11609,3.88
FOODS_2_290,TX_2,11609,2.73
FOODS_2_303,TX_2,11609,2.18
FOODS_2_311,TX_2,11609,2.42
FOODS_2_315,TX_2,11609,2.47
FOODS_2_317,TX_2,11609,13.97
FOODS_2_323,TX_2,11609,3.97
FOODS_2_329,TX_2,11609,3.76
FOODS_2_332,TX_2,11609,3.14
FOODS_2_333,TX_2,11609,3.24
FOODS_2_356,TX_2,11609,2.47
FOODS_2_352,TX_2,11609,9.98
FOODS_2_354,TX_2,11609,4.74
FOODS_2_355,TX_2,11609,2.36
FOODS_2_364,TX_2,11609,2.74
FOODS_2_358,TX_2,11609,2.5
FOODS_2_380,TX_2,11609,4.97
FOODS_2_394,TX_2,11609,2.97
FOODS_2_396,TX_2,11609,2.68
FOODS_3_015,TX_2,11609,1.78
FOODS_3_028,TX_2,11609,3.88
FOODS_3_035,TX_2,11609,4.18
FOODS_3_036,TX_2,11609,2.88
FOODS_3_051,TX_2,11609,1.98
FOODS_3_066,TX_2,11609,2.98
FOODS_3_064,TX_2,11609,1.18
FOODS_3_072,TX_2,11609,2.5
FOODS_3_121,TX_2,11609,2.98
FOODS_3_125,TX_2,11609,4.98
FOODS_3_136,TX_2,11609,4.48
FOODS_3_140,TX_2,11609,3.0
FOODS_3_134,TX_2,11609,6.98
FOODS_3_155,TX_2,11609,1.98
FOODS_3_156,TX_2,11609,4.18
FOODS_3_161,TX_2,11609,1.98
FOODS_3_169,TX_2,11609,3.98
FOODS_3_173,TX_2,11609,11.82
FOODS_3_218,TX_2,11609,2.0
FOODS_3_233,TX_2,11609,2.56
FOODS_3_248,TX_2,11609,1.98
FOODS_3_247,TX_2,11609,4.94
FOODS_3_249,TX_2,11609,2.68
FOODS_3_267,TX_2,11609,2.28
FOODS_3_274,TX_2,11609,1.5
FOODS_3_272,TX_2,11609,9.98
FOODS_3_275,TX_2,11609,2.5
FOODS_3_279,TX_2,11609,2.98
FOODS_3_277,TX_2,11609,1.98
FOODS_3_290,TX_2,11609,1.0
FOODS_3_298,TX_2,11609,18.73
FOODS_3_302,TX_2,11609,1.5
FOODS_3_297,TX_2,11609,2.88
FOODS_3_304,TX_2,11609,4.48
FOODS_3_326,TX_2,11609,1.48
FOODS_3_323,TX_2,11609,2.48
FOODS_3_328,TX_2,11609,3.88
FOODS_3_344,TX_2,11609,2.24
FOODS_3_348,TX_2,11609,0.8
FOODS_3_360,TX_2,11609,2.24
FOODS_3_380,TX_2,11609,1.98
FOODS_3_375,TX_2,11609,1.74
FOODS_3_383,TX_2,11609,1.25
FOODS_3_398,TX_2,11609,5.62
FOODS_3_391,TX_2,11609,2.98
FOODS_3_409,TX_2,11609,2.78
FOODS_3_417,TX_2,11609,4.54
FOODS_3_436,TX_2,11609,2.5
FOODS_3_460,TX_2,11609,1.98
HOUSEHOLD_1_247,WI_2,11609,0.97
HOUSEHOLD_1_241,WI_2,11609,7.94
HOUSEHOLD_1_251,WI_2,11609,1.98
HOUSEHOLD_1_245,WI_2,11609,2.67
HOUSEHOLD_1_259,WI_2,11609,7.48
HOUSEHOLD_1_275,WI_2,11609,2.97
HOUSEHOLD_1_276,WI_2,11609,17.97
HOUSEHOLD_1_278,WI_2,11609,5.97
HOUSEHOLD_1_287,WI_2,11609,4.63
HOUSEHOLD_1_290,WI_2,11609,9.84
HOUSEHOLD_1_313,WI_2,11609,3.97
HOUSEHOLD_1_359,WI_2,11609,6.88
HOUSEHOLD_1_369,WI_2,11609,3.72
HOUSEHOLD_1_389,WI_2,11609,0.98
HOUSEHOLD_1_397,WI_2,11609,2.78
HOUSEHOLD_1_394,WI_2,11609,4.88
HOUSEHOLD_1_422,WI_2,11609,3.62
HOUSEHOLD_1_434,WI_2,11609,3.97
HOUSEHOLD_1_436,WI_2,11609,9.97
HOUSEHOLD_1_435,WI_2,11609,7.93
HOUSEHOLD_1_455,WI_2,11609,2.97
HOUSEHOLD_1_456,WI_2,11609,6.97
HOUSEHOLD_1_468,WI_2,11609,4.98
HOUSEHOLD_1_470,WI_2,11609,2.98
HOUSEHOLD_1_471,WI_2,11609,2.74
HOUSEHOLD_1_480,WI_2,11609,2.73
FOODS_3_088,CA_1,11609,2.78
FOODS_3_102,CA_1,11609,1.98
FOODS_3_116,CA_1,11609,1.18
FOODS_3_150,CA_1,11609,1.98
FOODS_3_149,CA_1,11609,2.5
FOODS_3_165,CA_1,11609,3.87
FOODS_3_157,CA_1,11609,3.32
FOODS_3_175,CA_1,11609,6.98
FOODS_3_171,CA_1,11609,2.48
FOODS_3_182,CA_1,11609,1.98
FOODS_3_193,CA_1,11609,2.5
FOODS_3_207,CA_1,11609,1.98
FOODS_3_208,CA_1,11609,4.88
FOODS_3_206,CA_1,11609,2.58
FOODS_3_212,CA_1,11609,2.98
FOODS_3_219,CA_1,11609,1.48
FOODS_3_239,CA_1,11609,1.98
FOODS_3_244,CA_1,11609,9.86
FOODS_3_246,CA_1,11609,1.98
FOODS_3_251,CA_1,11609,2.98
FOODS_3_271,CA_1,11609,4.48
FOODS_3_273,CA_1,11609,2.24
FOODS_3_278,CA_1,11609,1.0
FOODS_3_305,CA_1,11609,4.68
FOODS_3_317,CA_1,11609,0.94
FOODS_3_321,CA_1,11609,1.48
FOODS_3_331,CA_1,11609,1.58
FOODS_3_341,CA_1,11609,3.98
FOODS_3_368,CA_1,11609,5.98
FOODS_3_370,CA_1,11609,6.98
FOODS_3_386,CA_1,11609,2.56
FOODS_3_381,CA_1,11609,2.98
FOODS_3_403,CA_1,11609,1.5
FOODS_3_405,CA_1,11609,3.56
FOODS_3_406,CA_1,11609,0.8
FOODS_3_428,CA_1,11609,1.98
FOODS_3_432,CA_1,11609,3.98
FOODS_3_443,CA_1,11609,2.5
FOODS_3_466,CA_1,11609,3.78
FOODS_3_475,CA_1,11609,1.0
FOODS_3_470,CA_1,11609,1.74
FOODS_3_468,CA_1,11609,1.18
FOODS_3_476,CA_1,11609,5.98
FOODS_3_481,CA_1,11609,3.88
FOODS_3_492,CA_1,11609,2.98
FOODS_3_487,CA_1,11609,1.68
FOODS_3_520,CA_1,11609,3.98
FOODS_3_515,CA_1,11609,2.88
FOODS_3_530,CA_1,11609,1.68
FOODS_3_537,CA_1,11609,3.98
FOODS_3_542,CA_1,11609,2.56
FOODS_3_555,CA_1,11609,1.68
FOODS_3_550,CA_1,11609,2.98
FOODS_3_553,CA_1,11609,2.56
FOODS_3_560,CA_1,11609,2.88
FOODS_3_570,CA_1,11609,1.78
FOODS_3_581,CA_1,11609,3.48
FOODS_3_582,CA_1,11609,1.98
FOODS_3_585,CA_1,11609,3.98
FOODS_3_596,CA_1,11609,3.0
FOODS_3_598,CA_1,11609,1.98
FOODS_3_597,CA_1,11609,2.84
FOODS_3_602,CA_1,11609,2.68
FOODS_3_621,CA_1,11609,1.5
FOODS_3_639,CA_1,11609,1.98
FOODS_3_633,CA_1,11609,2.88
FOODS_3_651,CA_1,11609,5.22
FOODS_3_660,CA_1,11609,1.68
FOODS_3_652,CA_1,11609,3.98
FOODS_3_653,CA_1,11609,3.64
FOODS_3_662,CA_1,11609,2.5
FOODS_3_675,CA_1,11609,1.98
FOODS_3_688,CA_1,11609,1.88
FOODS_3_726,CA_1,11609,2.56
FOODS_3_733,CA_1,11609,1.98
FOODS_3_735,CA_1,11609,2.0
FOODS_3_750,CA_1,11609,2.68
FOODS_3_745,CA_1,11609,2.18
FOODS_3_751,CA_1,11609,4.98
FOODS_3_755,CA_1,11609,0.94
FOODS_3_776,CA_1,11609,2.98
FOODS_3_773,CA_1,11609,4.98
FOODS_3_777,CA_1,11609,2.98
FOODS_3_788,CA_1,11609,3.48
FOODS_3_793,CA_1,11609,2.98
FOODS_3_808,CA_1,11609,1.0
FOODS_3_813,CA_1,11609,4.54
FOODS_3_821,CA_1,11609,4.98
HOBBIES_1_015,CA_2,11609,0.7
HOBBIES_1_008,CA_2,11609,0.48
HOBBIES_1_017,CA_2,11609,1.98
HOBBIES_1_025,CA_2,11609,3.98
HOBBIES_1_030,CA_2,11609,0.7
HOBBIES_1_036,CA_2,11609,1.12
HOBBIES_1_047,CA_2,11609,1.77
HOBBIES_1_057,CA_2,11609,4.88
HOBBIES_1_053,CA_2,11609,3.97
HOBBIES_1_063,CA_2,11609,5.47
HOBBIES_1_060,CA_2,11609,29.96
HOBBIES_1_078,CA_2,11609,12.78
HOBBIES_1_080,CA_2,11609,0.57
HOBBIES_1_082,CA_2,11609,3.78
HOBBIES_1_084,CA_2,11609,3.94
HOBBIES_1_079,CA_2,11609,7.88
HOBBIES_1_081,CA_2,11609,14.72
HOBBIES_1_092,CA_2,11609,2.38
HOBBIES_1_087,CA_2,11609,12.88
HOBBIES_1_105,CA_2,11609,6.68
HOBBIES_1_097,CA_2,11609,4.24
HOBBIES_1_107,CA_2,11609,3.98
HOBBIES_1_116,CA_2,11609,6.47
HOBBIES_1_127,CA_2,11609,1.22
HOBBIES_1_128,CA_2,11609,8.77
HOBBIES_1_151,CA_2,11609,5.47
HOBBIES_1_172,CA_2,11609,2.98
HOBBIES_1_175,CA_2,11609,1.97
HOBBIES_1_184,CA_2,11609,12.68
HOBBIES_1_207,CA_2,11609,2.78
HOBBIES_1_216,CA_2,11609,1.77
HOBBIES_1_236,CA_2,11609,11.88
HOBBIES_1_231,CA_2,11609,6.87
HOBBIES_1_248,CA_2,11609,0.94
HOBBIES_1_252,CA_2,11609,0.68
HOBBIES_1_264,CA_2,11609,4.47
HOBBIES_1_258,CA_2,11609,11.78
HOBBIES_1_273,CA_2,11609,12.68
HOBBIES_1_277,CA_2,11609,1.77
HOBBIES_1_294,CA_2,11609,3.88
HOBBIES_1_306,CA_2,11609,13.98
HOBBIES_1_325,CA_2,11609,6.44
HOBBIES_1_338,CA_2,11609,8.98
HOBBIES_1_339,CA_2,11609,7.98
HOBBIES_1_358,CA_2,11609,2.74
HOBBIES_1_366,CA_2,11609,3.97
HOBBIES_1_370,CA_2,11609,0.48
HOBBIES_1_371,CA_2,11609,0.48
HOBBIES_1_378,CA_2,11609,3.24
HOBBIES_1_380,CA_2,11609,1.77
HOBBIES_1_381,CA_2,11609,0.7
HOBBIES_1_382,CA_2,11609,1.97
HOBBIES_1_390,CA_2,11609,11.73
HOBBIES_1_398,CA_2,11609,0.57
HOBBIES_1_401,CA_2,11609,1.97
HOBBIES_1_406,CA_2,11609,3.88
HOBBIES_1_412,CA_2,11609,1.98
HOBBIES_1_416,CA_2,11609,4.97
HOBBIES_2_001,CA_2,11609,5.47
HOBBIES_2_013,CA_2,11609,6.97
HOBBIES_2_044,CA_2,11609,4.47
HOBBIES_2_048,CA_2,11609,2.88
HOBBIES_2_053,CA_2,11609,4.97
HOBBIES_2_047,CA_2,11609,0.5
FOODS_3_753,CA_4,11609,5.44
FOODS_3_757,CA_4,11609,2.68
FOODS_3_775,CA_4,11609,3.78
FOODS_3_811,CA_4,11609,1.88
FOODS_3_810,CA_4,11609,2.56
FOODS_3_817,CA_4,11609,2.94
FOODS_3_820,CA_4,11609,1.98
FOODS_3_818,CA_4,11609,2.98
FOODS_3_815,CA_4,11609,2.48
FOODS_3_824,CA_4,11609,2.68
HOBBIES_1_010,TX_1,11609,2.97
HOBBIES_1_007,TX_1,11609,7.88
HOBBIES_1_014,TX_1,11609,1.16
HOBBIES_1_026,TX_1,11609,17.97
HOBBIES_1_043,TX_1,11609,0.7
HOBBIES_1_050,TX_1,11609,9.84
HOBBIES_1_061,TX_1,11609,2.83
HOBBIES_1_076,TX_1,11609,3.43
HOBBIES_1_083,TX_1,11609,15.92
HOBBIES_1_093,TX_1,11609,18.46
HOBBIES_1_108,TX_1,11609,12.98
HOBBIES_1_110,TX_1,11609,3.67
HOBBIES_1_130,TX_1,11609,2.73
HOBBIES_1_164,TX_1,11609,8.97
HOBBIES_1_167,TX_1,11609,0.68
HOBBIES_1_176,TX_1,11609,5.94
HOBBIES_1_171,TX_1,11609,2.5
HOBBIES_1_187,TX_1,11609,6.76
HOBBIES_1_183,TX_1,11609,7.98
HOBBIES_1_186,TX_1,11609,15.92
HOBBIES_1_214,TX_1,11609,9.88
HOBBIES_1_215,TX_1,11609,10.22
HOBBIES_1_211,TX_1,11609,4.72
HOBBIES_1_221,TX_1,11609,2.97
HOBBIES_1_239,TX_1,11609,2.97
HOBBIES_1_254,TX_1,11609,0.7
HOBBIES_1_257,TX_1,11609,16.76
HOBBIES_1_276,TX_1,11609,7.98
HOBBIES_1_288,TX_1,11609,0.57
HOBBIES_1_289,TX_1,11609,4.97
HOBBIES_1_295,TX_1,11609,0.48
HOBBIES_1_309,TX_1,11609,5.12
HOBBIES_1_307,TX_1,11609,3.97
HOBBIES_1_322,TX_1,11609,3.97
HOBBIES_1_335,TX_1,11609,12.24
HOBBIES_1_341,TX_1,11609,0.48
HOBBIES_1_345,TX_1,11609,7.44
HOBBIES_1_352,TX_1,11609,2.74
HOBBIES_1_365,TX_1,11609,3.97
HOBBIES_1_394,TX_1,11609,7.88
HOBBIES_2_007,TX_1,11609,0.97
HOBBIES_2_020,TX_1,11609,3.88
HOBBIES_2_019,TX_1,11609,3.37
HOBBIES_2_032,TX_1,11609,0.97
HOBBIES_2_043,TX_1,11609,0.97
HOBBIES_2_063,TX_1,11609,0.97
HOBBIES_2_074,TX_1,11609,3.97
HOBBIES_2_069,TX_1,11609,2.97
HOBBIES_2_067,TX_1,11609,2.97
HOBBIES_2_078,TX_1,11609,5.97
HOBBIES_2_088,TX_1,11609,2.77
HOBBIES_2_101,TX_1,11609,0.5
HOBBIES_2_099,TX_1,11609,0.97
HOBBIES_2_124,TX_1,11609,0.23
HOBBIES_2_133,TX_1,11609,2.88
HOBBIES_2_139,TX_1,11609,4.97
HOBBIES_2_147,TX_1,11609,0.97
HOUSEHOLD_1_005,TX_1,11609,9.97
HOUSEHOLD_1_015,TX_1,11609,4.88
HOUSEHOLD_1_028,TX_1,11609,2.97
HOUSEHOLD_1_022,TX_1,11609,4.84
HOUSEHOLD_1_036,TX_1,11609,2.98
HOUSEHOLD_1_045,TX_1,11609,2.67
HOUSEHOLD_1_050,TX_1,11609,3.97
HOUSEHOLD_1_059,TX_1,11609,3.12
HOUSEHOLD_1_057,TX_1,11609,1.77
HOUSEHOLD_1_060,TX_1,11609,29.97
HOUSEHOLD_1_058,TX_1,11609,6.48
HOUSEHOLD_1_068,TX_1,11609,6.97
HOUSEHOLD_1_072,TX_1,11609,7.98
HOUSEHOLD_1_092,TX_1,11609,1.77
HOUSEHOLD_1_100,TX_1,11609,7.97
HOUSEHOLD_1_105,TX_1,11609,3.94
HOUSEHOLD_1_108,TX_1,11609,4.88
HOUSEHOLD_1_109,TX_1,11609,3.97
HOUSEHOLD_1_115,TX_1,11609,4.94
HOUSEHOLD_1_107,TX_1,11609,3.48
HOUSEHOLD_1_122,TX_1,11609,2.26
HOUSEHOLD_1_140,TX_1,11609,14.97
HOUSEHOLD_1_146,TX_1,11609,5.98
HOUSEHOLD_1_151,TX_1,11609,0.88
HOUSEHOLD_1_160,TX_1,11609,9.97
HOUSEHOLD_1_158,TX_1,11609,3.97
HOUSEHOLD_1_159,TX_1,11609,7.93
HOUSEHOLD_1_168,TX_1,11609,2.97
HOUSEHOLD_1_171,TX_1,11609,8.97
HOUSEHOLD_1_169,TX_1,11609,2.94
HOUSEHOLD_1_175,TX_1,11609,4.87
HOUSEHOLD_1_177,TX_1,11609,6.97
HOUSEHOLD_1_179,TX_1,11609,0.94
HOUSEHOLD_1_183,TX_1,11609,4.88
HOUSEHOLD_1_193,TX_1,11609,2.42
HOUSEHOLD_1_202,TX_1,11609,1.98
HOUSEHOLD_1_212,TX_1,11609,4.47
HOUSEHOLD_1_233,TX_1,11609,11.52
HOUSEHOLD_1_236,TX_1,11609,2.47
HOUSEHOLD_1_248,TX_1,11609,8.97
HOUSEHOLD_1_246,TX_1,11609,3.98
HOUSEHOLD_1_252,TX_1,11609,9.47
HOUSEHOLD_1_257,TX_1,11609,5.24
HOUSEHOLD_1_266,TX_1,11609,1.0
HOUSEHOLD_1_294,TX_1,11609,2.27
HOUSEHOLD_1_291,TX_1,11609,3.72
HOUSEHOLD_1_304,TX_1,11609,2.36
HOUSEHOLD_1_306,TX_1,11609,1.97
HOUSEHOLD_1_300,TX_1,11609,4.88
HOUSEHOLD_1_324,TX_1,11609,5.97
HOUSEHOLD_1_327,TX_1,11609,0.94
HOUSEHOLD_1_341,TX_1,11609,4.88
HOUSEHOLD_1_347,TX_1,11609,7.97
HOUSEHOLD_1_353,TX_1,11609,3.44
HOUSEHOLD_1_374,TX_1,11609,3.97
HOUSEHOLD_1_380,TX_1,11609,4.57
HOUSEHOLD_1_386,TX_1,11609,2.86
HOUSEHOLD_1_385,TX_1,11609,1.97
HOUSEHOLD_1_384,TX_1,11609,4.84
HOUSEHOLD_1_414,TX_1,11609,0.94
HOUSEHOLD_1_420,TX_1,11609,6.42
HOUSEHOLD_1_430,TX_1,11609,0.94
HOUSEHOLD_1_438,TX_1,11609,7.33
HOUSEHOLD_1_451,TX_1,11609,6.98
HOUSEHOLD_1_465,TX_1,11609,0.96
HOUSEHOLD_1_477,TX_1,11609,13.48
HOUSEHOLD_1_483,TX_1,11609,4.54
HOUSEHOLD_1_494,TX_1,11609,7.97
HOUSEHOLD_1_505,TX_1,11609,2.47
HOUSEHOLD_1_499,TX_1,11609,3.88
HOUSEHOLD_1_514,TX_1,11609,3.97
HOBBIES_1_209,WI_1,11609,0.7
HOBBIES_1_210,WI_1,11609,5.47
HOBBIES_1_218,WI_1,11609,10.58
HOBBIES_1_219,WI_1,11609,1.74
HOBBIES_1_237,WI_1,11609,7.98
HOBBIES_1_232,WI_1,11609,0.48
HOBBIES_1_268,WI_1,11609,0.48
HOBBIES_1_275,WI_1,11609,12.88
HOBBIES_1_283,WI_1,11609,10.98
HOBBIES_1_290,WI_1,11609,5.77
HOBBIES_1_326,WI_1,11609,1.97
HOBBIES_1_337,WI_1,11609,3.67
HOBBIES_1_344,WI_1,11609,11.78
HOBBIES_1_349,WI_1,11609,9.98
HOBBIES_1_346,WI_1,11609,3.97
HOBBIES_1_356,WI_1,11609,5.76
HOBBIES_1_363,WI_1,11609,2.88
HOBBIES_1_369,WI_1,11609,1.08
HOBBIES_1_377,WI_1,11609,9.98
HOBBIES_1_375,WI_1,11609,9.88
HOBBIES_1_388,WI_1,11609,2.88
HOBBIES_1_385,WI_1,11609,9.97
HOBBIES_1_393,WI_1,11609,28.96
HOBBIES_1_410,WI_1,11609,28.96
HOBBIES_1_422,WI_1,11609,3.62
HOBBIES_2_005,WI_1,11609,4.47
HOBBIES_2_016,WI_1,11609,4.97
HOBBIES_2_017,WI_1,11609,0.5
HOBBIES_2_026,WI_1,11609,0.23
HOBBIES_2_033,WI_1,11609,2.88
HOBBIES_2_039,WI_1,11609,4.97
HOBBIES_2_042,WI_1,11609,0.74
HOBBIES_2_054,WI_1,11609,3.97
HOBBIES_2_058,WI_1,11609,0.5
HOBBIES_2_080,WI_1,11609,3.97
HOBBIES_2_083,WI_1,11609,2.88
HOBBIES_2_089,WI_1,11609,2.97
HOBBIES_2_092,WI_1,11609,4.97
HOBBIES_2_091,WI_1,11609,0.97
HOBBIES_2_115,WI_1,11609,2.47
HOBBIES_2_122,WI_1,11609,0.88
HOUSEHOLD_1_010,WI_1,11609,3.17
HOUSEHOLD_1_021,WI_1,11609,1.94
HOUSEHOLD_1_024,WI_1,11609,1.47
HOUSEHOLD_1_046,WI_1,11609,3.78
HOUSEHOLD_1_042,WI_1,11609,9.97
HOUSEHOLD_1_047,WI_1,11609,4.23
HOUSEHOLD_1_065,WI_1,11609,0.98
HOUSEHOLD_1_081,WI_1,11609,7.98
HOUSEHOLD_1_096,WI_1,11609,3.97
HOUSEHOLD_1_098,WI_1,11609,7.98
HOUSEHOLD_1_125,WI_1,11609,5.72
HOUSEHOLD_1_127,WI_1,11609,7.98
HOUSEHOLD_1_138,WI_1,11609,4.94
HOUSEHOLD_1_130,WI_1,11609,6.42
HOUSEHOLD_1_142,WI_1,11609,6.27
HOUSEHOLD_1_154,WI_1,11609,2.96
HOUSEHOLD_1_157,WI_1,11609,4.47
HOUSEHOLD_1_150,WI_1,11609,12.48
HOUSEHOLD_1_152,WI_1,11609,9.98
HOUSEHOLD_1_162,WI_1,11609,5.97
HOUSEHOLD_1_172,WI_1,11609,1.96
HOUSEHOLD_1_180,WI_1,11609,2.88
HOUSEHOLD_1_201,WI_1,11609,4.84
HOUSEHOLD_1_204,WI_1,11609,1.88
HOUSEHOLD_1_224,WI_1,11609,7.97
HOUSEHOLD_1_223,WI_1,11609,9.47
HOUSEHOLD_1_220,WI_1,11609,1.83
HOUSEHOLD_1_214,WI_1,11609,1.87
HOUSEHOLD_1_229,WI_1,11609,2.96
HOUSEHOLD_1_243,WI_1,11609,1.97
HOUSEHOLD_1_239,WI_1,11609,3.97
HOUSEHOLD_1_263,WI_1,11609,7.42
HOUSEHOLD_1_258,WI_1,11609,2.97
HOUSEHOLD_1_271,WI_1,11609,2.98
HOUSEHOLD_1_289,WI_1,11609,5.22
HOUSEHOLD_1_288,WI_1,11609,7.93
HOUSEHOLD_1_297,WI_1,11609,7.94
HOUSEHOLD_1_309,WI_1,11609,6.88
HOUSEHOLD_1_330,WI_1,11609,2.42
HOUSEHOLD_1_339,WI_1,11609,0.97
HOUSEHOLD_1_350,WI_1,11609,2.74
HOUSEHOLD_1_365,WI_1,11609,4.17
HOUSEHOLD_1_377,WI_1,11609,8.96
HOUSEHOLD_1_399,WI_1,11609,0.97
HOUSEHOLD_1_408,WI_1,11609,5.48
HOUSEHOLD_1_409,WI_1,11609,2.94
HOUSEHOLD_1_407,WI_1,11609,5.24
HOUSEHOLD_1_405,WI_1,11609,2.98
HOUSEHOLD_1_416,WI_1,11609,3.88
HOUSEHOLD_1_425,WI_1,11609,1.97
HOUSEHOLD_1_428,WI_1,11609,7.97
HOUSEHOLD_1_424,WI_1,11609,2.97
HOUSEHOLD_1_423,WI_1,11609,2.96
HOUSEHOLD_1_439,WI_1,11609,0.98
HOUSEHOLD_1_446,WI_1,11609,3.93
HOUSEHOLD_1_447,WI_1,11609,0.97
HOUSEHOLD_1_448,WI_1,11609,0.97
HOUSEHOLD_1_444,WI_1,11609,4.88
HOUSEHOLD_1_442,WI_1,11609,8.97
HOUSEHOLD_1_454,WI_1,11609,2.97
HOUSEHOLD_1_449,WI_1,11609,15.72
HOUSEHOLD_1_466,WI_1,11609,3.96
HOUSEHOLD_1_467,WI_1,11609,11.98
HOUSEHOLD_1_490,WI_1,11609,12.97
HOUSEHOLD_1_504,WI_1,11609,3.38
HOUSEHOLD_1_497,WI_1,11609,15.72
HOUSEHOLD_1_513,WI_1,11609,9.97
HOUSEHOLD_1_507,WI_1,11609,1.77
HOUSEHOLD_1_509,WI_1,11609,3.17
HOUSEHOLD_1_522,WI_1,11609,1.73
HOUSEHOLD_1_531,WI_1,11609,7.93
HOUSEHOLD_1_524,WI_1,11609,3.97
HOUSEHOLD_2_003,WI_1,11609,8.94
HOUSEHOLD_1_538,WI_1,11609,3.48
HOUSEHOLD_2_005,WI_1,11609,5.47
HOUSEHOLD_2_015,WI_1,11609,4.44
HOUSEHOLD_2_013,WI_1,11609,5.94
HOUSEHOLD_2_017,WI_1,11609,3.72
HOUSEHOLD_2_021,WI_1,11609,4.47
HOUSEHOLD_2_024,WI_1,11609,2.22
HOUSEHOLD_2_035,WI_1,11609,5.94
HOUSEHOLD_2_053,WI_1,11609,1.97
HOUSEHOLD_2_061,WI_1,11609,2.97
HOUSEHOLD_2_069,WI_1,11609,10.83
HOUSEHOLD_2_079,WI_1,11609,4.47
HOUSEHOLD_2_103,WI_1,11609,1.97
HOUSEHOLD_2_116,WI_1,11609,5.64
HOUSEHOLD_2_110,WI_1,11609,3.17
HOUSEHOLD_2_120,WI_1,11609,7.94
HOUSEHOLD_2_136,WI_1,11609,4.87
HOUSEHOLD_2_160,WI_1,11609,3.93
HOUSEHOLD_2_153,WI_1,11609,9.94
HOUSEHOLD_2_163,WI_1,11609,7.98
HOUSEHOLD_2_165,WI_1,11609,5.84
HOUSEHOLD_2_161,WI_1,11609,10.97
HOUSEHOLD_2_174,WI_1,11609,3.97
HOUSEHOLD_2_176,WI_1,11609,4.97
HOUSEHOLD_2_177,WI_1,11609,2.98
HOUSEHOLD_2_180,WI_1,11609,2.84
HOUSEHOLD_2_192,WI_1,11609,1.97
HOUSEHOLD_2_199,WI_1,11609,3.93
HOUSEHOLD_2_124,CA_3,11609,5.28
HOUSEHOLD_2_137,CA_3,11609,2.94
HOUSEHOLD_2_141,CA_3,11609,4.98
HOUSEHOLD_2_159,CA_3,11609,3.93
HOUSEHOLD_2_156,CA_3,11609,7.43
HOUSEHOLD_2_179,CA_3,11609,5.97
HOUSEHOLD_2_173,CA_3,11609,6.46
HOUSEHOLD_2_184,CA_3,11609,1.97
HOUSEHOLD_2_202,CA_3,11609,8.86
HOUSEHOLD_2_212,CA_3,11609,2.67
HOUSEHOLD_2_216,CA_3,11609,5.94
HOUSEHOLD_2_218,CA_3,11609,10.97
HOUSEHOLD_2_219,CA_3,11609,3.48
HOUSEHOLD_2_220,CA_3,11609,6.96
HOUSEHOLD_2_223,CA_3,11609,14.97
HOUSEHOLD_2_233,CA_3,11609,12.47
HOUSEHOLD_2_229,CA_3,11609,4.78
HOUSEHOLD_2_235,CA_3,11609,7.47
HOUSEHOLD_2_248,CA_3,11609,8.97
HOUSEHOLD_2_259,CA_3,11609,7.97
HOUSEHOLD_2_261,CA_3,11609,6.96
HOUSEHOLD_2_266,CA_3,11609,2.97
HOUSEHOLD_2_263,CA_3,11609,5.47
HOUSEHOLD_2_273,CA_3,11609,5.24
HOUSEHOLD_2_275,CA_3,11609,5.27
HOUSEHOLD_2_288,CA_3,11609,3.97
HOUSEHOLD_2_293,CA_3,11609,7.47
HOUSEHOLD_2_296,CA_3,11609,4.78
HOUSEHOLD_2_308,CA_3,11609,3.94
HOUSEHOLD_2_303,CA_3,11609,6.94
HOUSEHOLD_2_309,CA_3,11609,2.46
HOUSEHOLD_2_347,CA_3,11609,8.94
HOUSEHOLD_2_350,CA_3,11609,2.94
HOUSEHOLD_2_354,CA_3,11609,0.97
HOUSEHOLD_2_353,CA_3,11609,4.78
HOUSEHOLD_2_358,CA_3,11609,4.97
HOUSEHOLD_2_359,CA_3,11609,9.94
HOUSEHOLD_2_380,CA_3,11609,5.27
HOUSEHOLD_2_384,CA_3,11609,5.84
HOUSEHOLD_2_381,CA_3,11609,5.94
HOUSEHOLD_2_388,CA_3,11609,6.94
HOUSEHOLD_2_393,CA_3,11609,5.88
HOUSEHOLD_2_409,CA_3,11609,3.93
HOUSEHOLD_2_416,CA_3,11609,3.24
HOUSEHOLD_2_433,CA_3,11609,6.27
HOUSEHOLD_2_446,CA_3,11609,25.97
HOUSEHOLD_2_452,CA_3,11609,5.94
HOUSEHOLD_2_448,CA_3,11609,4.97
HOUSEHOLD_2_472,CA_3,11609,8.48
HOUSEHOLD_2_469,CA_3,11609,2.97
HOUSEHOLD_2_477,CA_3,11609,5.74
FOODS_1_001,CA_3,11609,2.24
HOUSEHOLD_2_510,CA_3,11609,3.93
FOODS_1_010,CA_3,11609,5.64
FOODS_1_037,CA_3,11609,3.48
FOODS_1_044,CA_3,11609,2.5
FOODS_1_045,CA_3,11609,1.78
FOODS_1_052,CA_3,11609,0.98
FOODS_1_064,CA_3,11609,2.68
FOODS_1_065,CA_3,11609,3.54
FOODS_1_075,CA_3,11609,3.54
FOODS_1_090,CA_3,11609,3.54
FOODS_1_087,CA_3,11609,5.64
FOODS_1_121,CA_3,11609,1.5
FOODS_1_129,CA_3,11609,5.74
FOODS_1_131,CA_3,11609,2.98
FOODS_1_144,CA_3,11609,6.98
FOODS_1_154,CA_3,11609,1.5
FOODS_1_166,CA_3,11609,2.24
FOODS_1_172,CA_3,11609,1.98
FOODS_1_174,CA_3,11609,5.28
FOODS_1_180,CA_3,11609,9.97
FOODS_1_198,CA_3,11609,2.68
FOODS_1_199,CA_3,11609,5.64
FOODS_1_217,CA_3,11609,3.54
FOODS_2_017,CA_3,11609,3.76
FOODS_2_025,CA_3,11609,3.94
FOODS_2_029,CA_3,11609,9.98
FOODS_2_050,CA_3,11609,1.0
FOODS_2_055,CA_3,11609,2.5
FOODS_2_060,CA_3,11609,7.98
FOODS_2_066,CA_3,11609,5.98
FOODS_2_073,CA_3,11609,5.98
FOODS_2_078,CA_3,11609,9.97
FOODS_2_096,CA_3,11609,7.98
FOODS_2_108,CA_3,11609,3.44
FOODS_2_112,CA_3,11609,3.42
FOODS_2_121,CA_3,11609,1.58
FOODS_2_132,CA_3,11609,2.5
FOODS_2_131,CA_3,11609,5.98
FOODS_2_138,CA_3,11609,1.84
FOODS_2_139,CA_3,11609,2.98
FOODS_2_141,CA_3,11609,6.98
FOODS_2_140,CA_3,11609,9.98
FOODS_2_147,CA_3,11609,3.76
FOODS_2_152,CA_3,11609,2.42
FOODS_2_155,CA_3,11609,2.0
FOODS_2_173,CA_3,11609,8.98
FOODS_2_186,CA_3,11609,4.98
FOODS_2_202,CA_3,11609,2.98
FOODS_2_218,CA_3,11609,3.94
FOODS_2_225,CA_3,11609,2.5
FOODS_2_231,CA_3,11609,2.5
FOODS_2_232,CA_3,11609,2.56
FOODS_2_241,CA_3,11609,2.38
FOODS_2_248,CA_3,11609,5.98
FOODS_2_264,CA_3,11609,3.97
FOODS_2_269,CA_3,11609,2.5
FOODS_2_266,CA_3,11609,8.92
FOODS_2_265,CA_3,11609,3.76
FOODS_2_313,CA_3,11609,9.88
FOODS_2_310,CA_3,11609,3.78
FOODS_2_319,CA_3,11609,2.98
FOODS_2_331,CA_3,11609,2.5
FOODS_2_343,CA_3,11609,3.97
FOODS_2_345,CA_3,11609,7.98
FOODS_2_353,CA_3,11609,2.98
FOODS_2_365,CA_3,11609,10.97
FOODS_2_377,CA_3,11609,2.5
FOODS_2_389,CA_3,11609,13.97
FOODS_2_386,CA_3,11609,2.5
FOODS_3_003,CA_3,11609,3.64
FOODS_3_022,CA_3,11609,1.98
FOODS_3_037,CA_3,11609,2.56
FOODS_3_063,CA_3,11609,2.48
FOODS_3_067,CA_3,11609,3.98
FOODS_3_076,CA_3,11609,1.0
FOODS_3_073,CA_3,11609,2.98
FOODS_3_084,CA_3,11609,1.98
FOODS_3_094,CA_3,11609,2.98
FOODS_3_099,CA_3,11609,2.56
FOODS_3_107,CA_3,11609,2.48
FOODS_3_108,CA_3,11609,1.0
FOODS_3_110,CA_3,11609,11.98
FOODS_3_123,CA_3,11609,2.48
HOUSEHOLD_1_540,TX_1,11609,1.88
HOUSEHOLD_2_019,TX_1,11609,9.47
HOUSEHOLD_2_014,TX_1,11609,5.97
HOUSEHOLD_2_020,TX_1,11609,8.47
HOUSEHOLD_2_033,TX_1,11609,6.97
HOUSEHOLD_2_054,TX_1,11609,4.87
HOUSEHOLD_2_055,TX_1,11609,8.97
HOUSEHOLD_2_065,TX_1,11609,5.47
HOUSEHOLD_2_081,TX_1,11609,2.57
HOUSEHOLD_2_087,TX_1,11609,7.94
HOUSEHOLD_2_085,TX_1,11609,7.94
HOUSEHOLD_2_094,TX_1,11609,5.94
HOUSEHOLD_2_098,TX_1,11609,3.47
HOUSEHOLD_2_104,TX_1,11609,4.97
HOUSEHOLD_2_102,TX_1,11609,2.48
HOUSEHOLD_2_115,TX_1,11609,3.87
HOUSEHOLD_2_122,TX_1,11609,6.96
HOUSEHOLD_2_148,TX_1,11609,5.94
HOUSEHOLD_2_162,TX_1,11609,3.97
HOUSEHOLD_2_182,TX_1,11609,6.98
HOUSEHOLD_2_188,TX_1,11609,7.24
HOUSEHOLD_2_186,TX_1,11609,9.98
HOUSEHOLD_2_189,TX_1,11609,14.48
HOUSEHOLD_2_194,TX_1,11609,6.27
HOUSEHOLD_2_224,TX_1,11609,3.97
HOUSEHOLD_2_240,TX_1,11609,4.97
HOUSEHOLD_2_242,TX_1,11609,12.97
HOUSEHOLD_2_250,TX_1,11609,6.96
HOUSEHOLD_2_267,TX_1,11609,1.93
HOUSEHOLD_2_274,TX_1,11609,5.98
HOUSEHOLD_2_283,TX_1,11609,5.84
HOUSEHOLD_2_322,TX_1,11609,2.22
HOUSEHOLD_2_325,TX_1,11609,3.82
HOUSEHOLD_2_332,TX_1,11609,6.77
HOUSEHOLD_2_341,TX_1,11609,5.32
HOUSEHOLD_2_348,TX_1,11609,7.44
HOUSEHOLD_2_368,TX_1,11609,5.48
HOUSEHOLD_2_369,TX_1,11609,6.47
HOUSEHOLD_2_378,TX_1,11609,6.98
HOUSEHOLD_2_379,TX_1,11609,4.44
HOUSEHOLD_2_395,TX_1,11609,3.67
HOUSEHOLD_2_401,TX_1,11609,3.33
HOUSEHOLD_2_410,TX_1,11609,1.38
HOUSEHOLD_2_414,TX_1,11609,5.74
HOUSEHOLD_2_423,TX_1,11609,3.87
HOUSEHOLD_2_449,TX_1,11609,5.64
HOUSEHOLD_2_457,TX_1,11609,6.47
HOUSEHOLD_2_456,TX_1,11609,8.86
HOUSEHOLD_2_460,TX_1,11609,5.94
HOUSEHOLD_2_465,TX_1,11609,7.24
HOUSEHOLD_2_473,TX_1,11609,7.97
HOUSEHOLD_2_475,TX_1,11609,4.96
HOUSEHOLD_2_476,TX_1,11609,3.97
HOUSEHOLD_2_478,TX_1,11609,4.94
HOUSEHOLD_2_484,TX_1,11609,6.97
HOUSEHOLD_2_494,TX_1,11609,5.94
HOUSEHOLD_2_509,TX_1,11609,8.97
FOODS_1_006,TX_1,11609,2.48
FOODS_1_011,TX_1,11609,2.68
FOODS_1_009,TX_1,11609,2.24
FOODS_1_019,TX_1,11609,0.98
FOODS_1_025,TX_1,11609,4.27
FOODS_1_036,TX_1,11609,1.78
FOODS_1_049,TX_1,11609,2.24
FOODS_1_053,TX_1,11609,6.17
FOODS_1_062,TX_1,11609,4.27
FOODS_1_058,TX_1,11609,1.96
FOODS_1_066,TX_1,11609,1.36
FOODS_1_071,TX_1,11609,2.0
FOODS_1_073,TX_1,11609,2.12
FOODS_1_074,TX_1,11609,2.24
FOODS_1_080,TX_1,11609,7.58
FOODS_1_081,TX_1,11609,6.27
FOODS_1_096,TX_1,11609,6.38
FOODS_1_106,TX_1,11609,3.54
FOODS_1_098,TX_1,11609,5.06
FOODS_1_114,TX_1,11609,3.54
FOODS_1_110,TX_1,11609,1.96
FOODS_1_109,TX_1,11609,2.24
FOODS_1_137,TX_1,11609,2.0
FOODS_1_155,TX_1,11609,0.98
FOODS_1_157,TX_1,11609,5.47
FOODS_1_163,TX_1,11609,0.94
FOODS_1_191,TX_1,11609,6.27
FOODS_1_190,TX_1,11609,0.94
FOODS_1_188,TX_1,11609,2.98
FOODS_1_207,TX_1,11609,3.32
FOODS_1_202,TX_1,11609,0.94
FOODS_1_213,TX_1,11609,2.24
FOODS_1_214,TX_1,11609,3.14
FOODS_2_002,TX_1,11609,1.87
FOODS_2_007,TX_1,11609,2.82
FOODS_2_014,TX_1,11609,2.42
FOODS_2_019,TX_1,11609,2.98
FOODS_2_021,TX_1,11609,0.94
FOODS_2_026,TX_1,11609,2.0
FOODS_2_031,TX_1,11609,2.18
FOODS_2_087,TX_1,11609,10.97
FOODS_2_100,TX_1,11609,2.5
FOODS_2_094,TX_1,11609,1.28
FOODS_2_107,TX_1,11609,2.0
FOODS_2_110,TX_1,11609,2.28
FOODS_2_122,TX_1,11609,4.93
FOODS_2_150,TX_1,11609,2.42
FOODS_2_158,TX_1,11609,1.28
FOODS_2_176,TX_1,11609,2.98
FOODS_2_172,TX_1,11609,2.47
FOODS_2_179,TX_1,11609,4.97
FOODS_2_193,TX_1,11609,4.98
FOODS_2_191,TX_1,11609,8.98
FOODS_2_192,TX_1,11609,1.68
FOODS_2_205,TX_1,11609,2.5
FOODS_2_203,TX_1,11609,3.62
FOODS_2_211,TX_1,11609,2.18
FOODS_2_228,TX_1,11609,4.93
FOODS_2_245,TX_1,11609,2.98
FOODS_2_247,TX_1,11609,1.83
FOODS_2_260,TX_1,11609,2.5
FOODS_2_257,TX_1,11609,1.0
FOODS_2_253,TX_1,11609,7.82
FOODS_2_263,TX_1,11609,5.92
FOODS_2_261,TX_1,11609,9.88
FOODS_2_280,TX_1,11609,3.97
FOODS_2_293,TX_1,11609,3.88
FOODS_2_290,TX_1,11609,2.73
FOODS_2_303,TX_1,11609,2.18
FOODS_2_311,TX_1,11609,2.42
FOODS_2_315,TX_1,11609,2.47
FOODS_2_317,TX_1,11609,13.97
FOODS_2_323,TX_1,11609,3.97
FOODS_2_329,TX_1,11609,3.76
FOODS_2_332,TX_1,11609,3.14
FOODS_2_333,TX_1,11609,3.24
FOODS_2_356,TX_1,11609,2.47
FOODS_2_352,TX_1,11609,9.98
FOODS_2_354,TX_1,11609,4.74
FOODS_2_355,TX_1,11609,2.36
FOODS_2_358,TX_1,11609,2.5
FOODS_2_364,TX_1,11609,2.74
FOODS_2_380,TX_1,11609,4.97
HOUSEHOLD_1_284,TX_3,11609,4.94
HOUSEHOLD_1_299,TX_3,11609,5.27
HOUSEHOLD_1_296,TX_3,11609,4.97
HOUSEHOLD_1_293,TX_3,11609,12.47
HOUSEHOLD_1_316,TX_3,11609,3.96
HOUSEHOLD_1_318,TX_3,11609,2.92
HOUSEHOLD_1_326,TX_3,11609,4.87
HOUSEHOLD_1_340,TX_3,11609,4.98
HOUSEHOLD_1_358,TX_3,11609,9.97
HOUSEHOLD_1_355,TX_3,11609,7.98
HOUSEHOLD_1_349,TX_3,11609,2.94
HOUSEHOLD_1_370,TX_3,11609,6.43
HOUSEHOLD_1_372,TX_3,11609,1.97
HOUSEHOLD_1_376,TX_3,11609,5.44
HOUSEHOLD_1_379,TX_3,11609,0.97
HOUSEHOLD_1_395,TX_3,11609,4.87
HOUSEHOLD_1_401,TX_3,11609,9.47
HOUSEHOLD_1_404,TX_3,11609,2.67
HOUSEHOLD_1_433,TX_3,11609,3.97
HOUSEHOLD_1_440,TX_3,11609,14.97
HOUSEHOLD_1_445,TX_3,11609,1.97
HOUSEHOLD_1_460,TX_3,11609,3.84
HOUSEHOLD_1_459,TX_3,11609,0.96
HOUSEHOLD_1_474,TX_3,11609,0.97
HOUSEHOLD_1_473,TX_3,11609,2.36
HOUSEHOLD_1_493,TX_3,11609,2.87
HOUSEHOLD_1_500,TX_3,11609,4.44
HOUSEHOLD_1_501,TX_3,11609,3.96
HOUSEHOLD_1_506,TX_3,11609,3.47
HOUSEHOLD_1_502,TX_3,11609,4.23
HOUSEHOLD_1_516,TX_3,11609,1.87
HOUSEHOLD_1_510,TX_3,11609,4.64
HOUSEHOLD_1_518,TX_3,11609,6.97
HOUSEHOLD_1_512,TX_3,11609,1.87
HOUSEHOLD_1_525,TX_3,11609,4.23
HOUSEHOLD_2_009,TX_3,11609,5.73
HOUSEHOLD_2_023,TX_3,11609,3.97
HOUSEHOLD_2_025,TX_3,11609,5.47
HOUSEHOLD_2_026,TX_3,11609,3.97
HOUSEHOLD_2_032,TX_3,11609,9.43
HOUSEHOLD_2_036,TX_3,11609,3.97
HOUSEHOLD_2_039,TX_3,11609,10.72
HOUSEHOLD_2_040,TX_3,11609,3.97
HOUSEHOLD_2_043,TX_3,11609,4.97
HOUSEHOLD_2_067,TX_3,11609,0.97
HOUSEHOLD_2_074,TX_3,11609,0.97
HOUSEHOLD_2_076,TX_3,11609,8.97
HOUSEHOLD_2_070,TX_3,11609,2.97
HOUSEHOLD_2_089,TX_3,11609,3.48
HOUSEHOLD_2_108,TX_3,11609,8.88
HOUSEHOLD_2_107,TX_3,11609,11.97
HOUSEHOLD_2_109,TX_3,11609,3.87
HOUSEHOLD_2_127,TX_3,11609,5.73
HOUSEHOLD_2_123,TX_3,11609,1.98
HOUSEHOLD_2_135,TX_3,11609,9.98
HOUSEHOLD_2_155,TX_3,11609,6.77
HOUSEHOLD_2_149,TX_3,11609,3.96
HOUSEHOLD_2_164,TX_3,11609,8.47
HOUSEHOLD_2_210,TX_3,11609,8.86
HOUSEHOLD_2_204,TX_3,11609,12.97
HOUSEHOLD_2_225,TX_3,11609,0.93
HOUSEHOLD_2_232,TX_3,11609,4.78
HOUSEHOLD_2_230,TX_3,11609,2.46
HOUSEHOLD_2_245,TX_3,11609,1.97
HOUSEHOLD_2_258,TX_3,11609,3.97
HOUSEHOLD_2_277,TX_3,11609,3.33
HOUSEHOLD_2_279,TX_3,11609,4.44
HOUSEHOLD_2_291,TX_3,11609,4.97
HOUSEHOLD_2_292,TX_3,11609,9.97
HOUSEHOLD_2_295,TX_3,11609,5.97
HOUSEHOLD_2_302,TX_3,11609,2.98
HOUSEHOLD_2_328,TX_3,11609,7.47
HOUSEHOLD_2_339,TX_3,11609,6.46
HOUSEHOLD_2_363,TX_3,11609,5.98
HOUSEHOLD_2_364,TX_3,11609,5.68
HOUSEHOLD_2_373,TX_3,11609,4.66
HOUSEHOLD_2_375,TX_3,11609,6.77
HOUSEHOLD_2_387,TX_3,11609,5.97
HOUSEHOLD_2_402,TX_3,11609,8.97
HOUSEHOLD_2_417,TX_3,11609,3.97
HOUSEHOLD_2_418,TX_3,11609,2.78
HOUSEHOLD_2_425,TX_3,11609,8.44
HOUSEHOLD_2_440,TX_3,11609,0.97
HOUSEHOLD_2_454,TX_3,11609,7.97
HOUSEHOLD_2_468,TX_3,11609,8.97
HOUSEHOLD_2_461,TX_3,11609,9.97
HOUSEHOLD_2_474,TX_3,11609,7.76
HOUSEHOLD_2_485,TX_3,11609,6.97
HOUSEHOLD_2_497,TX_3,11609,6.48
HOUSEHOLD_2_511,TX_3,11609,2.74
HOUSEHOLD_2_507,TX_3,11609,6.97
FOODS_1_003,TX_3,11609,3.23
FOODS_1_016,TX_3,11609,2.26
FOODS_1_017,TX_3,11609,2.24
FOODS_1_024,TX_3,11609,4.86
FOODS_1_029,TX_3,11609,4.27
FOODS_1_028,TX_3,11609,2.98
FOODS_1_040,TX_3,11609,1.78
FOODS_1_048,TX_3,11609,5.98
FOODS_1_105,TX_3,11609,1.98
FOODS_1_128,TX_3,11609,4.27
FOODS_1_125,TX_3,11609,5.28
FOODS_1_176,TX_3,11609,3.48
FOODS_1_183,TX_3,11609,2.98
FOODS_1_181,TX_3,11609,1.38
FOODS_1_182,TX_3,11609,2.28
FOODS_1_194,TX_3,11609,4.86
FOODS_1_189,TX_3,11609,2.24
FOODS_1_204,TX_3,11609,0.94
FOODS_2_001,TX_3,11609,1.78
FOODS_2_003,TX_3,11609,1.98
FOODS_2_005,TX_3,11609,3.94
FOODS_2_004,TX_3,11609,3.77
FOODS_2_010,TX_3,11609,2.47
FOODS_2_013,TX_3,11609,1.78
FOODS_2_016,TX_3,11609,1.25
FOODS_2_020,TX_3,11609,2.5
FOODS_2_022,TX_3,11609,6.98
FOODS_2_042,TX_3,11609,2.18
FOODS_2_039,TX_3,11609,4.98
FOODS_2_057,TX_3,11609,3.98
FOODS_2_064,TX_3,11609,2.18
FOODS_2_068,TX_3,11609,7.98
FOODS_2_065,TX_3,11609,0.84
FOODS_2_070,TX_3,11609,5.98
FOODS_2_075,TX_3,11609,2.32
FOODS_2_093,TX_3,11609,2.47
FOODS_2_101,TX_3,11609,5.98
FOODS_2_105,TX_3,11609,3.44
FOODS_2_116,TX_3,11609,1.74
FOODS_2_133,TX_3,11609,2.5
FOODS_2_135,TX_3,11609,2.0
HOBBIES_1_008,CA_1,11609,0.48
HOBBIES_1_015,CA_1,11609,0.7
HOBBIES_1_017,CA_1,11609,1.98
HOBBIES_1_025,CA_1,11609,3.98
HOBBIES_1_030,CA_1,11609,0.7
HOBBIES_1_036,CA_1,11609,1.12
HOBBIES_1_047,CA_1,11609,1.77
HOBBIES_1_063,CA_1,11609,5.47
HOBBIES_1_057,CA_1,11609,4.88
HOBBIES_1_060,CA_1,11609,29.96
HOBBIES_1_053,CA_1,11609,3.97
HOBBIES_1_078,CA_1,11609,12.78
HOBBIES_1_079,CA_1,11609,7.88
HOBBIES_1_080,CA_1,11609,0.57
HOBBIES_1_082,CA_1,11609,3.78
HOBBIES_1_084,CA_1,11609,3.94
HOBBIES_1_087,CA_1,11609,12.88
HOBBIES_1_081,CA_1,11609,14.72
HOBBIES_1_092,CA_1,11609,2.38
HOBBIES_1_097,CA_1,11609,4.24
HOBBIES_1_105,CA_1,11609,6.68
HOBBIES_1_107,CA_1,11609,3.98
HOBBIES_1_116,CA_1,11609,6.47
HOBBIES_1_127,CA_1,11609,1.22
HOBBIES_1_128,CA_1,11609,8.77
HOBBIES_1_151,CA_1,11609,5.47
HOBBIES_1_172,CA_1,11609,2.98
HOBBIES_1_175,CA_1,11609,1.97
HOBBIES_1_184,CA_1,11609,12.68
HOBBIES_1_207,CA_1,11609,2.78
HOBBIES_1_216,CA_1,11609,1.77
HOBBIES_1_236,CA_1,11609,11.88
HOBBIES_1_231,CA_1,11609,6.87
HOBBIES_1_248,CA_1,11609,0.94
HOBBIES_1_252,CA_1,11609,0.68
HOBBIES_1_258,CA_1,11609,11.78
HOBBIES_1_264,CA_1,11609,4.47
HOBBIES_1_273,CA_1,11609,12.68
HOBBIES_1_277,CA_1,11609,1.77
HOBBIES_1_294,CA_1,11609,3.88
HOBBIES_1_306,CA_1,11609,13.98
HOBBIES_1_325,CA_1,11609,6.44
HOBBIES_1_338,CA_1,11609,8.98
HOBBIES_1_339,CA_1,11609,7.98
HOBBIES_1_358,CA_1,11609,2.74
HOBBIES_1_370,CA_1,11609,0.48
HOBBIES_1_371,CA_1,11609,0.48
HOBBIES_1_366,CA_1,11609,3.97
HOBBIES_1_380,CA_1,11609,1.77
HOBBIES_1_378,CA_1,11609,3.24
HOBBIES_1_381,CA_1,11609,0.7
HOBBIES_1_382,CA_1,11609,1.97
HOBBIES_1_390,CA_1,11609,11.73
HOBBIES_1_398,CA_1,11609,0.57
HOBBIES_1_406,CA_1,11609,3.88
HOBBIES_1_401,CA_1,11609,1.97
HOBBIES_1_412,CA_1,11609,1.98
HOBBIES_1_416,CA_1,11609,4.97
HOBBIES_2_001,CA_1,11609,5.47
HOBBIES_2_013,CA_1,11609,6.97
HOBBIES_2_044,CA_1,11609,4.47
HOBBIES_2_048,CA_1,11609,2.88
HOBBIES_2_053,CA_1,11609,4.97
HOBBIES_2_047,CA_1,11609,0.5
HOBBIES_2_056,CA_1,11609,1.94
HOBBIES_2_055,CA_1,11609,2.5
HOBBIES_2_068,CA_1,11609,1.97
HOBBIES_2_084,CA_1,11609,5.97
HOBBIES_2_096,CA_1,11609,2.77
HOBBIES_2_102,CA_1,11609,5.97
HOBBIES_2_105,CA_1,11609,2.47
HOBBIES_2_112,CA_1,11609,2.47
HOBBIES_2_107,CA_1,11609,0.5
HOBBIES_2_118,CA_1,11609,3.97
HOBBIES_2_128,CA_1,11609,4.97
HOBBIES_2_127,CA_1,11609,3.97
HOBBIES_2_134,CA_1,11609,4.97
HOBBIES_2_135,CA_1,11609,0.5
HOBBIES_2_138,CA_1,11609,0.97
HOUSEHOLD_1_002,CA_1,11609,5.97
HOUSEHOLD_1_013,CA_1,11609,4.94
HOUSEHOLD_1_019,CA_1,11609,0.97
HOUSEHOLD_1_020,CA_1,11609,6.97
HOUSEHOLD_1_027,CA_1,11609,5.97
HOUSEHOLD_1_037,CA_1,11609,4.23
HOUSEHOLD_1_066,CA_1,11609,2.96
HOUSEHOLD_1_073,CA_1,11609,8.88
HOUSEHOLD_1_080,CA_1,11609,10.47
HOUSEHOLD_1_087,CA_1,11609,4.47
HOUSEHOLD_1_085,CA_1,11609,16.67
HOUSEHOLD_1_082,CA_1,11609,3.48
HOUSEHOLD_1_090,CA_1,11609,2.96
HOUSEHOLD_1_091,CA_1,11609,6.88
HOUSEHOLD_1_099,CA_1,11609,2.37
HOUSEHOLD_1_102,CA_1,11609,17.97
HOUSEHOLD_1_124,CA_1,11609,3.98
HOUSEHOLD_1_128,CA_1,11609,2.67
HOUSEHOLD_1_136,CA_1,11609,3.97
HOUSEHOLD_1_144,CA_1,11609,2.97
HOUSEHOLD_1_143,CA_1,11609,1.97
HOUSEHOLD_1_137,CA_1,11609,12.98
HOUSEHOLD_1_145,CA_1,11609,2.24
HOUSEHOLD_1_153,CA_1,11609,1.97
HOUSEHOLD_1_163,CA_1,11609,9.98
HOUSEHOLD_1_164,CA_1,11609,2.97
HOUSEHOLD_1_188,CA_1,11609,3.98
HOUSEHOLD_1_192,CA_1,11609,3.62
HOUSEHOLD_1_215,CA_1,11609,2.24
HOUSEHOLD_1_208,CA_1,11609,0.93
HOUSEHOLD_1_228,CA_1,11609,9.47
HOUSEHOLD_1_238,CA_1,11609,2.48
HOUSEHOLD_1_250,CA_1,11609,2.68
HOUSEHOLD_1_255,CA_1,11609,9.47
HOUSEHOLD_1_265,CA_1,11609,4.74
HOUSEHOLD_1_279,CA_1,11609,0.97
HOUSEHOLD_1_281,CA_1,11609,4.94
HOUSEHOLD_1_284,CA_1,11609,4.94
HOUSEHOLD_1_299,CA_1,11609,5.27
HOUSEHOLD_1_293,CA_1,11609,12.47
HOUSEHOLD_1_296,CA_1,11609,4.97
HOUSEHOLD_1_316,CA_1,11609,3.96
HOUSEHOLD_1_318,CA_1,11609,2.88
HOUSEHOLD_1_326,CA_1,11609,4.88
HOUSEHOLD_1_340,CA_1,11609,4.98
HOUSEHOLD_1_355,CA_1,11609,7.98
HOUSEHOLD_1_349,CA_1,11609,2.94
HOUSEHOLD_1_358,CA_1,11609,9.97
HOUSEHOLD_1_370,CA_1,11609,7.27
HOUSEHOLD_1_372,CA_1,11609,1.97
HOUSEHOLD_1_376,CA_1,11609,5.44
HOUSEHOLD_1_379,CA_1,11609,0.97
HOUSEHOLD_1_395,CA_1,11609,4.88
HOUSEHOLD_1_401,CA_1,11609,9.47
HOUSEHOLD_1_404,CA_1,11609,2.67
HOUSEHOLD_1_440,CA_1,11609,14.97
HOUSEHOLD_1_433,CA_1,11609,8.97
HOUSEHOLD_1_445,CA_1,11609,1.97
HOUSEHOLD_1_460,CA_1,11609,3.88
HOUSEHOLD_1_459,CA_1,11609,0.97
HOUSEHOLD_1_474,CA_1,11609,0.97
HOUSEHOLD_1_473,CA_1,11609,2.36
HOUSEHOLD_1_493,CA_1,11609,2.87
HOUSEHOLD_1_501,CA_1,11609,3.96
HOUSEHOLD_1_506,CA_1,11609,3.88
HOUSEHOLD_1_500,CA_1,11609,4.44
HOUSEHOLD_1_502,CA_1,11609,4.23
HOUSEHOLD_1_516,CA_1,11609,1.94
HOUSEHOLD_1_510,CA_1,11609,4.94
HOUSEHOLD_1_518,CA_1,11609,6.97
HOUSEHOLD_1_512,CA_1,11609,1.87
HOUSEHOLD_1_525,CA_1,11609,4.23
HOUSEHOLD_2_009,CA_1,11609,5.73
HOUSEHOLD_2_025,CA_1,11609,5.47
HOUSEHOLD_2_026,CA_1,11609,3.97
HOUSEHOLD_2_023,CA_1,11609,3.97
HOUSEHOLD_2_036,CA_1,11609,3.97
HOUSEHOLD_2_032,CA_1,11609,9.43
HOUSEHOLD_2_043,CA_1,11609,4.97
HOUSEHOLD_2_039,CA_1,11609,10.72
HOUSEHOLD_2_040,CA_1,11609,3.97
FOODS_2_394,TX_1,11609,2.97
FOODS_2_396,TX_1,11609,2.68
FOODS_3_015,TX_1,11609,1.78
FOODS_3_028,TX_1,11609,3.88
FOODS_3_035,TX_1,11609,4.18
FOODS_3_036,TX_1,11609,2.88
FOODS_3_051,TX_1,11609,1.98
FOODS_3_064,TX_1,11609,1.18
FOODS_3_066,TX_1,11609,2.98
FOODS_3_072,TX_1,11609,2.5
FOODS_3_121,TX_1,11609,2.98
FOODS_3_125,TX_1,11609,4.98
FOODS_3_136,TX_1,11609,4.48
FOODS_3_134,TX_1,11609,6.98
FOODS_3_140,TX_1,11609,3.0
FOODS_3_155,TX_1,11609,1.98
FOODS_3_156,TX_1,11609,4.18
FOODS_3_161,TX_1,11609,1.98
FOODS_3_169,TX_1,11609,3.98
FOODS_3_173,TX_1,11609,11.82
FOODS_3_218,TX_1,11609,2.0
FOODS_3_233,TX_1,11609,2.56
FOODS_3_248,TX_1,11609,1.98
FOODS_3_249,TX_1,11609,2.68
FOODS_3_247,TX_1,11609,4.94
FOODS_3_267,TX_1,11609,2.28
FOODS_3_274,TX_1,11609,1.5
FOODS_3_279,TX_1,11609,2.98
FOODS_3_272,TX_1,11609,9.98
FOODS_3_275,TX_1,11609,1.69
FOODS_3_277,TX_1,11609,1.98
FOODS_3_290,TX_1,11609,1.0
FOODS_3_297,TX_1,11609,2.88
FOODS_3_298,TX_1,11609,18.73
FOODS_3_302,TX_1,11609,1.5
FOODS_3_304,TX_1,11609,4.48
FOODS_3_326,TX_1,11609,1.48
FOODS_3_328,TX_1,11609,3.88
FOODS_3_323,TX_1,11609,2.48
FOODS_3_348,TX_1,11609,0.8
FOODS_3_344,TX_1,11609,2.24
FOODS_3_360,TX_1,11609,2.24
FOODS_3_375,TX_1,11609,1.74
FOODS_3_380,TX_1,11609,1.98
FOODS_3_383,TX_1,11609,1.25
FOODS_3_391,TX_1,11609,2.98
FOODS_3_398,TX_1,11609,5.62
FOODS_3_409,TX_1,11609,2.78
FOODS_3_417,TX_1,11609,4.54
FOODS_3_436,TX_1,11609,2.5
FOODS_3_460,TX_1,11609,1.98
FOODS_3_489,TX_1,11609,1.98
FOODS_3_498,TX_1,11609,0.25
FOODS_3_496,TX_1,11609,3.98
FOODS_3_501,TX_1,11609,0.8
FOODS_3_505,TX_1,11609,3.62
FOODS_3_509,TX_1,11609,1.98
FOODS_3_518,TX_1,11609,2.88
FOODS_3_523,TX_1,11609,1.98
FOODS_3_535,TX_1,11609,6.24
FOODS_3_561,TX_1,11609,2.98
FOODS_3_557,TX_1,11609,2.5
FOODS_3_569,TX_1,11609,3.98
FOODS_3_566,TX_1,11609,1.0
FOODS_3_575,TX_1,11609,6.72
FOODS_3_590,TX_1,11609,2.68
FOODS_3_611,TX_1,11609,1.87
FOODS_3_612,TX_1,11609,4.54
FOODS_3_619,TX_1,11609,2.98
FOODS_3_622,TX_1,11609,2.56
FOODS_3_623,TX_1,11609,2.98
FOODS_3_632,TX_1,11609,3.98
FOODS_3_644,TX_1,11609,1.68
FOODS_3_664,TX_1,11609,1.88
FOODS_3_674,TX_1,11609,2.98
FOODS_3_679,TX_1,11609,3.88
FOODS_3_676,TX_1,11609,6.98
FOODS_3_678,TX_1,11609,4.98
FOODS_3_707,TX_1,11609,1.28
FOODS_3_716,TX_1,11609,1.48
FOODS_3_713,TX_1,11609,3.48
FOODS_3_727,TX_1,11609,3.98
FOODS_3_729,TX_1,11609,3.98
FOODS_3_732,TX_1,11609,2.18
FOODS_3_736,TX_1,11609,1.74
FOODS_3_741,TX_1,11609,1.35
FOODS_3_737,TX_1,11609,3.48
FOODS_3_742,TX_1,11609,1.25
FOODS_3_752,TX_1,11609,0.25
FOODS_3_760,TX_1,11609,2.88
FOODS_3_772,TX_1,11609,5.44
FOODS_3_769,TX_1,11609,1.25
FOODS_3_768,TX_1,11609,1.98
FOODS_3_784,TX_1,11609,1.48
FOODS_3_779,TX_1,11609,2.48
FOODS_3_791,TX_1,11609,2.5
FOODS_3_799,TX_1,11609,2.18
FOODS_3_812,TX_1,11609,2.94
FOODS_3_806,TX_1,11609,2.56
HOBBIES_1_002,TX_2,11609,3.97
HOBBIES_1_012,TX_2,11609,6.52
HOBBIES_1_016,TX_2,11609,0.7
HOBBIES_1_024,TX_2,11609,8.56
HOBBIES_1_035,TX_2,11609,2.12
HOBBIES_1_044,TX_2,11609,1.48
HOBBIES_1_040,TX_2,11609,12.97
HOBBIES_1_045,TX_2,11609,10.58
HOBBIES_1_046,TX_2,11609,18.72
HOBBIES_1_070,TX_2,11609,5.88
HOBBIES_1_069,TX_2,11609,13.23
HOBBIES_1_098,TX_2,11609,13.98
HOBBIES_1_118,TX_2,11609,11.12
HOBBIES_1_120,TX_2,11609,9.84
HOBBIES_1_132,TX_2,11609,3.98
HOBBIES_1_135,TX_2,11609,18.46
HOBBIES_1_143,TX_2,11609,7.97
HOBBIES_1_195,TX_2,11609,11.28
HOBBIES_1_202,TX_2,11609,1.63
HOBBIES_1_200,TX_2,11609,7.88
HOBBIES_1_203,TX_2,11609,12.98
HOBBIES_1_228,TX_2,11609,6.87
HOBBIES_1_229,TX_2,11609,6.47
HOBBIES_1_242,TX_2,11609,2.5
HOBBIES_1_256,TX_2,11609,0.48
HOBBIES_1_259,TX_2,11609,0.97
HOBBIES_1_263,TX_2,11609,4.97
HOBBIES_1_265,TX_2,11609,3.97
HOBBIES_1_278,TX_2,11609,0.57
HOBBIES_1_272,TX_2,11609,8.44
HOBBIES_1_270,TX_2,11609,4.88
HOBBIES_1_286,TX_2,11609,0.7
HOBBIES_1_281,TX_2,11609,4.24
HOBBIES_1_287,TX_2,11609,5.76
HOBBIES_1_297,TX_2,11609,14.72
HOBBIES_1_292,TX_2,11609,6.58
HOBBIES_1_310,TX_2,11609,5.72
HOBBIES_1_320,TX_2,11609,4.48
HOBBIES_1_329,TX_2,11609,3.97
HOBBIES_1_330,TX_2,11609,7.44
HOBBIES_1_361,TX_2,11609,26.98
HOBBIES_1_368,TX_2,11609,4.22
HOBBIES_1_372,TX_2,11609,6.68
HOBBIES_1_374,TX_2,11609,17.48
HOBBIES_1_383,TX_2,11609,2.98
FOODS_3_400,WI_1,11609,2.98
FOODS_3_401,WI_1,11609,1.98
FOODS_3_399,WI_1,11609,3.56
FOODS_3_413,WI_1,11609,1.0
FOODS_3_416,WI_1,11609,2.68
FOODS_3_422,WI_1,11609,1.88
FOODS_3_447,WI_1,11609,1.74
FOODS_3_453,WI_1,11609,2.98
FOODS_3_463,WI_1,11609,6.0
FOODS_3_472,WI_1,11609,1.97
FOODS_3_479,WI_1,11609,1.0
FOODS_3_502,WI_1,11609,2.56
FOODS_3_516,WI_1,11609,3.78
FOODS_3_512,WI_1,11609,1.98
FOODS_3_525,WI_1,11609,2.0
FOODS_3_527,WI_1,11609,4.98
FOODS_3_539,WI_1,11609,2.98
FOODS_3_546,WI_1,11609,5.98
FOODS_3_543,WI_1,11609,3.48
FOODS_3_564,WI_1,11609,1.74
FOODS_3_565,WI_1,11609,2.5
FOODS_3_571,WI_1,11609,9.44
FOODS_3_576,WI_1,11609,2.5
FOODS_3_600,WI_1,11609,2.56
FOODS_3_604,WI_1,11609,2.56
FOODS_3_616,WI_1,11609,2.98
FOODS_3_618,WI_1,11609,1.98
FOODS_3_626,WI_1,11609,3.98
FOODS_3_645,WI_1,11609,1.98
FOODS_3_663,WI_1,11609,1.74
FOODS_3_672,WI_1,11609,2.64
FOODS_3_686,WI_1,11609,3.57
FOODS_3_693,WI_1,11609,3.48
FOODS_3_690,WI_1,11609,9.98
FOODS_3_697,WI_1,11609,3.0
FOODS_3_718,WI_1,11609,1.48
FOODS_3_721,WI_1,11609,1.98
FOODS_3_753,WI_1,11609,5.44
FOODS_3_757,WI_1,11609,2.68
FOODS_3_775,WI_1,11609,3.78
FOODS_3_810,WI_1,11609,2.56
FOODS_3_811,WI_1,11609,1.88
FOODS_3_817,WI_1,11609,2.94
FOODS_3_818,WI_1,11609,2.98
FOODS_3_820,WI_1,11609,1.98
FOODS_3_815,WI_1,11609,2.48
FOODS_3_824,WI_1,11609,2.68
HOBBIES_1_006,WI_2,11609,0.96
HOBBIES_1_013,WI_2,11609,1.97
HOBBIES_1_032,WI_2,11609,0.57
HOBBIES_1_034,WI_2,11609,4.86
HOBBIES_1_033,WI_2,11609,16.86
HOBBIES_1_039,WI_2,11609,5.88
HOBBIES_1_049,WI_2,11609,7.88
HOBBIES_1_058,WI_2,11609,8.82
HOBBIES_1_075,WI_2,11609,7.0
HOBBIES_1_077,WI_2,11609,9.46
HOBBIES_1_090,WI_2,11609,1.08
HOBBIES_1_102,WI_2,11609,4.98
HOBBIES_1_117,WI_2,11609,12.68
HOBBIES_1_131,WI_2,11609,0.68
HOBBIES_1_124,WI_2,11609,5.98
HOBBIES_1_122,WI_2,11609,1.77
HOBBIES_1_134,WI_2,11609,3.87
HOBBIES_1_144,WI_2,11609,11.28
HOBBIES_1_145,WI_2,11609,1.35
HOBBIES_1_148,WI_2,11609,4.88
HOBBIES_1_152,WI_2,11609,4.86
HOBBIES_1_165,WI_2,11609,4.97
HOBBIES_1_178,WI_2,11609,0.48
HOBBIES_1_185,WI_2,11609,3.24
HOBBIES_1_181,WI_2,11609,1.97
HOBBIES_1_209,WI_2,11609,0.7
HOBBIES_1_210,WI_2,11609,5.47
HOBBIES_1_218,WI_2,11609,10.58
HOBBIES_1_219,WI_2,11609,1.74
HOBBIES_1_232,WI_2,11609,0.48
HOBBIES_1_237,WI_2,11609,7.98
HOBBIES_1_268,WI_2,11609,0.48
HOBBIES_1_275,WI_2,11609,12.88
HOBBIES_1_290,WI_2,11609,5.77
HOBBIES_1_283,WI_2,11609,10.98
HOBBIES_1_326,WI_2,11609,1.97
HOBBIES_1_337,WI_2,11609,3.67
HOBBIES_1_349,WI_2,11609,9.98
HOBBIES_1_346,WI_2,11609,3.97
HOBBIES_1_344,WI_2,11609,11.78
HOBBIES_1_356,WI_2,11609,5.76
HOBBIES_1_363,WI_2,11609,2.88
HOBBIES_1_377,WI_2,11609,9.98
HOBBIES_1_375,WI_2,11609,9.88
HOBBIES_1_369,WI_2,11609,1.08
HOBBIES_1_385,WI_2,11609,9.97
HOBBIES_1_388,WI_2,11609,2.88
HOBBIES_1_393,WI_2,11609,28.96
HOBBIES_1_410,WI_2,11609,28.96
HOBBIES_1_422,WI_2,11609,3.62
HOBBIES_2_005,WI_2,11609,4.47
HOBBIES_2_016,WI_2,11609,4.97
HOBBIES_2_017,WI_2,11609,0.5
HOBBIES_2_033,WI_2,11609,2.88
HOBBIES_2_026,WI_2,11609,0.23
HOBBIES_2_039,WI_2,11609,4.97
HOBBIES_2_042,WI_2,11609,0.74
HOBBIES_2_054,WI_2,11609,3.97
HOBBIES_2_058,WI_2,11609,0.5
HOBBIES_2_080,WI_2,11609,3.97
HOBBIES_2_083,WI_2,11609,2.88
HOBBIES_2_089,WI_2,11609,2.97
HOBBIES_2_092,WI_2,11609,4.97
HOBBIES_2_091,WI_2,11609,0.97
HOBBIES_2_115,WI_2,11609,2.47
HOBBIES_2_122,WI_2,11609,0.88
HOUSEHOLD_1_010,WI_2,11609,3.17
HOUSEHOLD_1_021,WI_2,11609,1.94
HOUSEHOLD_1_024,WI_2,11609,1.47
HOUSEHOLD_1_042,WI_2,11609,9.97
HOUSEHOLD_1_046,WI_2,11609,3.78
HOUSEHOLD_1_047,WI_2,11609,4.23
HOUSEHOLD_1_065,WI_2,11609,0.98
HOUSEHOLD_1_081,WI_2,11609,7.98
HOUSEHOLD_1_096,WI_2,11609,3.97
HOUSEHOLD_1_098,WI_2,11609,7.98
HOUSEHOLD_1_127,WI_2,11609,7.98
HOUSEHOLD_1_125,WI_2,11609,5.72
HOUSEHOLD_1_130,WI_2,11609,6.42
HOUSEHOLD_1_138,WI_2,11609,4.94
HOUSEHOLD_1_142,WI_2,11609,6.27
HOUSEHOLD_1_154,WI_2,11609,2.96
HOUSEHOLD_1_152,WI_2,11609,9.98
HOUSEHOLD_1_150,WI_2,11609,12.48
HOUSEHOLD_1_162,WI_2,11609,5.97
HOUSEHOLD_1_157,WI_2,11609,4.47
HOUSEHOLD_1_172,WI_2,11609,1.96
HOUSEHOLD_1_180,WI_2,11609,2.88
HOUSEHOLD_1_201,WI_2,11609,4.84
HOUSEHOLD_1_204,WI_2,11609,1.88
HOUSEHOLD_1_223,WI_2,11609,9.47
HOUSEHOLD_1_220,WI_2,11609,1.83
HOUSEHOLD_1_214,WI_2,11609,1.87
HOUSEHOLD_1_224,WI_2,11609,7.97
HOUSEHOLD_1_229,WI_2,11609,2.96
HOBBIES_1_035,CA_3,11609,2.12
HOBBIES_1_044,CA_3,11609,1.48
HOBBIES_1_040,CA_3,11609,12.97
HOBBIES_1_045,CA_3,11609,10.58
HOBBIES_1_046,CA_3,11609,18.72
HOBBIES_1_069,CA_3,11609,13.23
HOBBIES_1_070,CA_3,11609,5.88
HOBBIES_1_098,CA_3,11609,13.98
HOBBIES_1_118,CA_3,11609,11.12
HOBBIES_1_120,CA_3,11609,10.98
HOBBIES_1_132,CA_3,11609,3.98
HOBBIES_1_135,CA_3,11609,20.38
HOBBIES_1_143,CA_3,11609,8.77
HOBBIES_1_195,CA_3,11609,11.28
HOBBIES_1_202,CA_3,11609,1.77
HOBBIES_1_200,CA_3,11609,7.88
HOBBIES_1_203,CA_3,11609,12.98
HOBBIES_1_228,CA_3,11609,6.87
HOBBIES_1_229,CA_3,11609,6.47
HOBBIES_1_242,CA_3,11609,2.78
HOBBIES_1_256,CA_3,11609,0.48
HOBBIES_1_259,CA_3,11609,0.97
HOBBIES_1_263,CA_3,11609,4.97
HOBBIES_1_265,CA_3,11609,3.97
HOBBIES_1_270,CA_3,11609,4.88
HOBBIES_1_278,CA_3,11609,0.57
HOBBIES_1_272,CA_3,11609,8.44
HOBBIES_1_286,CA_3,11609,0.7
HOBBIES_1_281,CA_3,11609,4.24
HOBBIES_1_287,CA_3,11609,5.76
HOBBIES_1_297,CA_3,11609,14.72
HOBBIES_1_292,CA_3,11609,6.58
HOBBIES_1_310,CA_3,11609,5.72
HOBBIES_1_320,CA_3,11609,4.48
HOBBIES_1_329,CA_3,11609,3.97
HOBBIES_1_330,CA_3,11609,7.88
HOBBIES_1_361,CA_3,11609,29.96
HOBBIES_1_368,CA_3,11609,4.22
HOBBIES_1_372,CA_3,11609,6.68
HOBBIES_1_374,CA_3,11609,17.48
HOBBIES_1_383,CA_3,11609,2.98
HOBBIES_1_392,CA_3,11609,12.98
HOBBIES_1_395,CA_3,11609,7.48
HOBBIES_1_405,CA_3,11609,12.68
HOBBIES_1_408,CA_3,11609,0.6
HOBBIES_1_407,CA_3,11609,2.88
HOBBIES_1_413,CA_3,11609,4.86
HOBBIES_1_414,CA_3,11609,7.22
HOBBIES_2_003,CA_3,11609,1.97
HOBBIES_2_011,CA_3,11609,0.97
HOBBIES_2_004,CA_3,11609,2.47
HOBBIES_2_008,CA_3,11609,3.88
HOBBIES_2_010,CA_3,11609,0.97
HOBBIES_2_014,CA_3,11609,0.97
HOBBIES_2_022,CA_3,11609,4.97
HOBBIES_2_030,CA_3,11609,0.97
HOBBIES_2_034,CA_3,11609,2.5
HOBBIES_2_036,CA_3,11609,0.88
HOBBIES_2_050,CA_3,11609,1.97
HOBBIES_2_051,CA_3,11609,1.97
HOBBIES_2_062,CA_3,11609,5.88
HOBBIES_2_077,CA_3,11609,9.97
HOBBIES_2_070,CA_3,11609,9.97
HOBBIES_2_087,CA_3,11609,0.97
HOBBIES_2_113,CA_3,11609,5.97
HOBBIES_2_117,CA_3,11609,2.88
HOBBIES_2_110,CA_3,11609,5.97
HOBBIES_2_114,CA_3,11609,1.97
HOBBIES_2_130,CA_3,11609,6.97
HOBBIES_2_143,CA_3,11609,0.97
HOBBIES_2_145,CA_3,11609,2.88
HOBBIES_2_137,CA_3,11609,2.97
HOBBIES_2_141,CA_3,11609,0.5
HOBBIES_2_146,CA_3,11609,1.97
HOUSEHOLD_1_003,CA_3,11609,8.97
HOUSEHOLD_1_011,CA_3,11609,4.63
HOUSEHOLD_1_017,CA_3,11609,4.94
HOUSEHOLD_1_025,CA_3,11609,2.98
HOUSEHOLD_1_048,CA_3,11609,2.84
HOUSEHOLD_1_054,CA_3,11609,3.92
HOUSEHOLD_1_061,CA_3,11609,1.88
HOUSEHOLD_1_074,CA_3,11609,4.94
HOUSEHOLD_1_075,CA_3,11609,2.73
HOUSEHOLD_1_088,CA_3,11609,5.97
HOUSEHOLD_1_089,CA_3,11609,5.22
HOUSEHOLD_1_106,CA_3,11609,9.46
HOUSEHOLD_1_114,CA_3,11609,0.97
HOUSEHOLD_1_121,CA_3,11609,2.48
HOUSEHOLD_1_113,CA_3,11609,5.74
HOUSEHOLD_1_133,CA_3,11609,3.12
HOUSEHOLD_1_178,CA_3,11609,4.47
HOUSEHOLD_1_176,CA_3,11609,3.87
HOUSEHOLD_1_170,CA_3,11609,1.98
HOUSEHOLD_1_184,CA_3,11609,11.97
HOUSEHOLD_1_186,CA_3,11609,2.97
HOUSEHOLD_1_194,CA_3,11609,4.98
HOUSEHOLD_1_234,CA_3,11609,0.97
HOUSEHOLD_1_235,CA_3,11609,3.88
HOUSEHOLD_1_231,CA_3,11609,2.97
HOUSEHOLD_1_244,CA_3,11609,2.96
HOUSEHOLD_1_254,CA_3,11609,0.97
HOUSEHOLD_1_268,CA_3,11609,8.37
HOUSEHOLD_1_262,CA_3,11609,0.97
HOUSEHOLD_1_277,CA_3,11609,0.97
HOUSEHOLD_1_274,CA_3,11609,4.94
HOUSEHOLD_1_280,CA_3,11609,4.97
HOUSEHOLD_1_282,CA_3,11609,3.98
HOUSEHOLD_1_302,CA_3,11609,7.93
HOUSEHOLD_1_325,CA_3,11609,3.88
HOUSEHOLD_1_331,CA_3,11609,4.88
HOUSEHOLD_1_333,CA_3,11609,2.97
HOUSEHOLD_1_336,CA_3,11609,4.87
HOUSEHOLD_1_334,CA_3,11609,0.97
HOUSEHOLD_1_344,CA_3,11609,7.93
HOUSEHOLD_1_362,CA_3,11609,7.97
HOUSEHOLD_1_381,CA_3,11609,4.97
HOUSEHOLD_1_383,CA_3,11609,3.48
HOUSEHOLD_1_382,CA_3,11609,2.28
HOUSEHOLD_1_396,CA_3,11609,3.97
HOUSEHOLD_1_398,CA_3,11609,2.87
HOUSEHOLD_1_400,CA_3,11609,6.97
HOUSEHOLD_1_415,CA_3,11609,12.58
HOUSEHOLD_1_412,CA_3,11609,18.87
HOUSEHOLD_1_418,CA_3,11609,0.97
HOUSEHOLD_1_421,CA_3,11609,5.88
HOUSEHOLD_1_432,CA_3,11609,3.97
HOUSEHOLD_1_426,CA_3,11609,2.62
HOUSEHOLD_1_431,CA_3,11609,7.48
HOUSEHOLD_1_441,CA_3,11609,2.77
HOUSEHOLD_1_452,CA_3,11609,2.97
HOUSEHOLD_1_458,CA_3,11609,2.27
HOUSEHOLD_1_462,CA_3,11609,2.36
HOUSEHOLD_1_461,CA_3,11609,0.97
HOUSEHOLD_1_463,CA_3,11609,2.98
HOUSEHOLD_1_475,CA_3,11609,2.67
HOUSEHOLD_1_476,CA_3,11609,4.84
HOUSEHOLD_1_488,CA_3,11609,9.98
HOUSEHOLD_1_498,CA_3,11609,3.28
HOUSEHOLD_1_496,CA_3,11609,7.93
HOUSEHOLD_1_517,CA_3,11609,0.88
HOUSEHOLD_1_530,CA_3,11609,1.88
HOUSEHOLD_1_529,CA_3,11609,2.97
HOUSEHOLD_2_001,CA_3,11609,6.77
HOUSEHOLD_2_004,CA_3,11609,5.67
HOUSEHOLD_2_028,CA_3,11609,5.94
HOUSEHOLD_2_042,CA_3,11609,4.28
HOUSEHOLD_2_059,CA_3,11609,3.48
HOUSEHOLD_2_060,CA_3,11609,7.96
HOUSEHOLD_2_062,CA_3,11609,2.94
HOUSEHOLD_2_066,CA_3,11609,6.94
HOUSEHOLD_2_073,CA_3,11609,20.97
HOUSEHOLD_2_083,CA_3,11609,9.97
HOUSEHOLD_2_084,CA_3,11609,4.27
FOODS_3_486,TX_2,11609,2.88
FOODS_3_499,TX_2,11609,2.56
FOODS_3_522,TX_2,11609,2.18
FOODS_3_521,TX_2,11609,2.54
FOODS_3_519,TX_2,11609,1.0
FOODS_3_517,TX_2,11609,2.94
FOODS_3_531,TX_2,11609,2.48
FOODS_3_541,TX_2,11609,0.94
FOODS_3_563,TX_2,11609,3.78
FOODS_3_589,TX_2,11609,1.28
FOODS_3_595,TX_2,11609,1.98
FOODS_3_607,TX_2,11609,2.48
FOODS_3_603,TX_2,11609,1.0
FOODS_3_601,TX_2,11609,1.98
FOODS_3_609,TX_2,11609,2.98
FOODS_3_620,TX_2,11609,6.98
FOODS_3_625,TX_2,11609,3.0
FOODS_3_631,TX_2,11609,3.37
FOODS_3_629,TX_2,11609,4.98
FOODS_3_648,TX_2,11609,1.0
FOODS_3_659,TX_2,11609,2.98
FOODS_3_658,TX_2,11609,2.84
FOODS_3_665,TX_2,11609,2.98
FOODS_3_671,TX_2,11609,2.28
FOODS_3_677,TX_2,11609,3.98
FOODS_3_682,TX_2,11609,3.56
FOODS_3_689,TX_2,11609,2.98
FOODS_3_691,TX_2,11609,7.48
FOODS_3_708,TX_2,11609,2.78
FOODS_3_730,TX_2,11609,4.98
FOODS_3_748,TX_2,11609,3.98
FOODS_3_756,TX_2,11609,2.5
FOODS_3_770,TX_2,11609,3.98
FOODS_3_774,TX_2,11609,7.48
FOODS_3_795,TX_2,11609,2.98
FOODS_3_804,TX_2,11609,1.88
FOODS_3_802,TX_2,11609,1.68
FOODS_3_803,TX_2,11609,1.0
FOODS_3_819,TX_2,11609,1.98
HOBBIES_1_008,TX_3,11609,0.48
HOBBIES_1_015,TX_3,11609,0.7
HOBBIES_1_017,TX_3,11609,1.98
HOBBIES_1_025,TX_3,11609,3.98
HOBBIES_1_030,TX_3,11609,0.7
HOBBIES_1_036,TX_3,11609,1.12
HOBBIES_1_047,TX_3,11609,1.63
HOBBIES_1_053,TX_3,11609,3.97
HOBBIES_1_063,TX_3,11609,5.47
HOBBIES_1_057,TX_3,11609,4.88
HOBBIES_1_060,TX_3,11609,26.98
HOBBIES_1_079,TX_3,11609,7.88
HOBBIES_1_080,TX_3,11609,0.57
HOBBIES_1_078,TX_3,11609,12.78
HOBBIES_1_081,TX_3,11609,14.72
HOBBIES_1_082,TX_3,11609,3.78
HOBBIES_1_084,TX_3,11609,3.94
HOBBIES_1_087,TX_3,11609,11.93
HOBBIES_1_092,TX_3,11609,2.38
HOBBIES_1_097,TX_3,11609,4.24
HOBBIES_1_105,TX_3,11609,6.68
HOBBIES_1_107,TX_3,11609,3.98
HOBBIES_1_116,TX_3,11609,6.47
HOBBIES_1_127,TX_3,11609,1.22
HOBBIES_1_128,TX_3,11609,7.97
HOBBIES_1_151,TX_3,11609,5.47
HOBBIES_1_172,TX_3,11609,2.98
HOBBIES_1_175,TX_3,11609,1.97
HOBBIES_1_184,TX_3,11609,12.68
HOBBIES_1_207,TX_3,11609,2.78
HOBBIES_1_216,TX_3,11609,1.63
HOBBIES_1_231,TX_3,11609,6.87
HOBBIES_1_236,TX_3,11609,11.88
HOBBIES_1_248,TX_3,11609,0.94
HOBBIES_1_258,TX_3,11609,11.78
HOBBIES_1_252,TX_3,11609,0.68
HOBBIES_1_264,TX_3,11609,4.47
HOBBIES_1_277,TX_3,11609,1.63
HOBBIES_1_273,TX_3,11609,12.68
HOBBIES_1_294,TX_3,11609,3.88
HOBBIES_1_306,TX_3,11609,13.98
HOBBIES_1_325,TX_3,11609,6.44
HOBBIES_1_338,TX_3,11609,8.98
HOBBIES_1_339,TX_3,11609,7.98
HOBBIES_1_358,TX_3,11609,2.74
HOBBIES_1_370,TX_3,11609,0.48
HOBBIES_1_371,TX_3,11609,0.48
HOBBIES_1_366,TX_3,11609,3.97
HOBBIES_1_380,TX_3,11609,1.63
HOBBIES_1_382,TX_3,11609,1.97
HOBBIES_1_378,TX_3,11609,3.24
HOBBIES_1_381,TX_3,11609,0.7
HOBBIES_1_390,TX_3,11609,11.73
HOBBIES_1_398,TX_3,11609,0.57
HOBBIES_1_401,TX_3,11609,1.97
HOBBIES_1_406,TX_3,11609,3.88
HOBBIES_1_416,TX_3,11609,4.47
HOBBIES_1_412,TX_3,11609,1.98
HOBBIES_2_001,TX_3,11609,5.47
HOBBIES_2_013,TX_3,11609,6.97
HOBBIES_2_048,TX_3,11609,2.88
HOBBIES_2_044,TX_3,11609,4.47
HOBBIES_2_047,TX_3,11609,0.5
HOBBIES_2_056,TX_3,11609,1.94
HOBBIES_2_055,TX_3,11609,2.5
HOBBIES_2_053,TX_3,11609,4.97
HOBBIES_2_068,TX_3,11609,1.97
HOBBIES_2_084,TX_3,11609,5.97
HOBBIES_2_096,TX_3,11609,2.77
HOBBIES_2_102,TX_3,11609,5.97
HOBBIES_2_105,TX_3,11609,2.47
HOBBIES_2_112,TX_3,11609,2.47
HOBBIES_2_107,TX_3,11609,0.5
HOBBIES_2_118,TX_3,11609,3.97
HOBBIES_2_128,TX_3,11609,4.97
HOBBIES_2_134,TX_3,11609,4.97
HOBBIES_2_127,TX_3,11609,3.97
HOBBIES_2_135,TX_3,11609,0.5
HOBBIES_2_138,TX_3,11609,0.97
HOUSEHOLD_1_002,TX_3,11609,5.97
HOUSEHOLD_1_013,TX_3,11609,4.94
HOUSEHOLD_1_019,TX_3,11609,0.96
HOUSEHOLD_1_027,TX_3,11609,5.97
HOUSEHOLD_1_020,TX_3,11609,6.97
HOUSEHOLD_1_037,TX_3,11609,4.23
HOUSEHOLD_1_066,TX_3,11609,2.96
HOUSEHOLD_1_073,TX_3,11609,8.88
HOUSEHOLD_1_085,TX_3,11609,16.67
HOUSEHOLD_1_082,TX_3,11609,3.48
HOUSEHOLD_1_080,TX_3,11609,10.47
HOUSEHOLD_1_087,TX_3,11609,4.47
HOUSEHOLD_1_091,TX_3,11609,6.88
HOUSEHOLD_1_090,TX_3,11609,2.86
HOUSEHOLD_1_099,TX_3,11609,2.37
HOUSEHOLD_1_102,TX_3,11609,17.92
HOUSEHOLD_1_128,TX_3,11609,2.67
HOUSEHOLD_1_124,TX_3,11609,3.98
HOUSEHOLD_1_136,TX_3,11609,3.97
HOUSEHOLD_1_137,TX_3,11609,12.98
HOUSEHOLD_1_145,TX_3,11609,2.24
HOUSEHOLD_1_144,TX_3,11609,2.97
HOUSEHOLD_1_143,TX_3,11609,1.97
HOUSEHOLD_1_153,TX_3,11609,1.97
HOUSEHOLD_1_163,TX_3,11609,9.98
HOUSEHOLD_1_164,TX_3,11609,2.97
HOUSEHOLD_1_192,TX_3,11609,3.62
HOUSEHOLD_1_188,TX_3,11609,3.98
HOUSEHOLD_1_208,TX_3,11609,0.93
HOUSEHOLD_1_215,TX_3,11609,2.18
HOUSEHOLD_1_228,TX_3,11609,9.47
HOUSEHOLD_1_238,TX_3,11609,2.48
HOUSEHOLD_1_255,TX_3,11609,9.47
HOUSEHOLD_1_250,TX_3,11609,2.68
HOUSEHOLD_1_265,TX_3,11609,4.74
HOUSEHOLD_1_279,TX_3,11609,0.97
HOUSEHOLD_1_281,TX_3,11609,4.94
HOBBIES_1_207,WI_3,11609,2.78
HOBBIES_1_216,WI_3,11609,1.77
HOBBIES_1_236,WI_3,11609,11.88
HOBBIES_1_231,WI_3,11609,6.87
HOBBIES_1_248,WI_3,11609,0.94
HOBBIES_1_252,WI_3,11609,0.68
HOBBIES_1_258,WI_3,11609,11.78
HOBBIES_1_264,WI_3,11609,4.47
HOBBIES_1_273,WI_3,11609,12.68
HOBBIES_1_277,WI_3,11609,1.77
HOBBIES_1_294,WI_3,11609,3.88
HOBBIES_1_306,WI_3,11609,13.98
HOBBIES_1_325,WI_3,11609,6.44
HOBBIES_1_338,WI_3,11609,8.98
HOBBIES_1_339,WI_3,11609,7.98
HOBBIES_1_358,WI_3,11609,2.74
HOBBIES_1_366,WI_3,11609,3.97
HOBBIES_1_370,WI_3,11609,0.48
HOBBIES_1_371,WI_3,11609,0.48
HOBBIES_1_378,WI_3,11609,3.24
HOBBIES_1_380,WI_3,11609,1.77
HOBBIES_1_381,WI_3,11609,0.7
HOBBIES_1_382,WI_3,11609,1.97
HOBBIES_1_390,WI_3,11609,11.73
HOBBIES_1_398,WI_3,11609,0.57
HOBBIES_1_401,WI_3,11609,1.97
HOBBIES_1_406,WI_3,11609,3.88
HOBBIES_1_412,WI_3,11609,1.98
HOBBIES_1_416,WI_3,11609,4.97
HOBBIES_2_001,WI_3,11609,5.47
HOBBIES_2_013,WI_3,11609,6.97
HOBBIES_2_044,WI_3,11609,4.47
HOBBIES_2_048,WI_3,11609,2.88
HOBBIES_2_053,WI_3,11609,4.97
HOBBIES_2_047,WI_3,11609,0.5
HOBBIES_2_055,WI_3,11609,2.5
HOBBIES_2_056,WI_3,11609,1.94
HOBBIES_2_068,WI_3,11609,1.97
HOBBIES_2_084,WI_3,11609,5.97
HOBBIES_2_096,WI_3,11609,2.77
HOBBIES_2_105,WI_3,11609,2.47
HOBBIES_2_102,WI_3,11609,5.97
HOBBIES_2_107,WI_3,11609,0.5
HOBBIES_2_118,WI_3,11609,3.97
HOBBIES_2_112,WI_3,11609,2.47
HOBBIES_2_128,WI_3,11609,4.97
HOBBIES_2_127,WI_3,11609,3.97
HOBBIES_2_134,WI_3,11609,4.97
HOBBIES_2_135,WI_3,11609,0.5
HOBBIES_2_138,WI_3,11609,0.97
HOUSEHOLD_1_002,WI_3,11609,5.97
HOUSEHOLD_1_013,WI_3,11609,4.94
HOUSEHOLD_1_019,WI_3,11609,0.97
HOUSEHOLD_1_020,WI_3,11609,6.97
HOUSEHOLD_1_027,WI_3,11609,5.97
HOUSEHOLD_1_037,WI_3,11609,4.23
HOUSEHOLD_1_066,WI_3,11609,2.96
HOUSEHOLD_1_073,WI_3,11609,8.88
HOUSEHOLD_1_080,WI_3,11609,10.47
HOUSEHOLD_1_087,WI_3,11609,4.47
HOUSEHOLD_1_085,WI_3,11609,16.67
HOUSEHOLD_1_082,WI_3,11609,3.48
HOUSEHOLD_1_091,WI_3,11609,6.88
HOUSEHOLD_1_090,WI_3,11609,2.96
HOUSEHOLD_1_099,WI_3,11609,2.37
HOUSEHOLD_1_102,WI_3,11609,17.97
HOUSEHOLD_1_124,WI_3,11609,3.98
HOUSEHOLD_1_128,WI_3,11609,2.67
HOUSEHOLD_1_136,WI_3,11609,3.97
HOUSEHOLD_1_144,WI_3,11609,2.97
HOUSEHOLD_1_143,WI_3,11609,1.97
HOUSEHOLD_1_137,WI_3,11609,12.98
HOUSEHOLD_1_145,WI_3,11609,2.24
HOUSEHOLD_1_153,WI_3,11609,1.97
HOUSEHOLD_1_163,WI_3,11609,9.98
HOUSEHOLD_1_164,WI_3,11609,2.97
HOUSEHOLD_1_188,WI_3,11609,3.98
HOUSEHOLD_1_192,WI_3,11609,3.62
HOUSEHOLD_1_215,WI_3,11609,2.24
HOUSEHOLD_1_208,WI_3,11609,0.93
HOUSEHOLD_1_228,WI_3,11609,9.47
HOUSEHOLD_1_238,WI_3,11609,2.48
HOUSEHOLD_1_250,WI_3,11609,2.68
HOUSEHOLD_1_255,WI_3,11609,9.47
HOUSEHOLD_1_265,WI_3,11609,4.74
HOUSEHOLD_1_279,WI_3,11609,0.97
HOUSEHOLD_1_281,WI_3,11609,4.94
HOUSEHOLD_1_284,WI_3,11609,4.94
HOUSEHOLD_1_299,WI_3,11609,5.27
HOUSEHOLD_1_293,WI_3,11609,12.47
HOUSEHOLD_1_296,WI_3,11609,4.97
HOUSEHOLD_1_316,WI_3,11609,3.96
HOUSEHOLD_1_318,WI_3,11609,2.88
HOUSEHOLD_1_326,WI_3,11609,4.88
HOUSEHOLD_1_340,WI_3,11609,4.98
HOUSEHOLD_1_358,WI_3,11609,9.97
HOUSEHOLD_1_355,WI_3,11609,7.98
HOUSEHOLD_1_349,WI_3,11609,2.94
HOUSEHOLD_1_370,WI_3,11609,7.27
HOUSEHOLD_1_372,WI_3,11609,1.97
HOUSEHOLD_1_376,WI_3,11609,5.44
HOUSEHOLD_1_379,WI_3,11609,0.97
HOUSEHOLD_1_395,WI_3,11609,4.88
HOUSEHOLD_1_401,WI_3,11609,9.47
HOUSEHOLD_1_404,WI_3,11609,2.67
HOUSEHOLD_1_433,WI_3,11609,8.97
HOUSEHOLD_1_440,WI_3,11609,14.97
HOUSEHOLD_1_445,WI_3,11609,1.97
HOUSEHOLD_1_460,WI_3,11609,3.88
HOUSEHOLD_1_459,WI_3,11609,0.97
HOUSEHOLD_1_474,WI_3,11609,0.97
HOUSEHOLD_1_473,WI_3,11609,2.36
HOUSEHOLD_1_493,WI_3,11609,2.87
HOUSEHOLD_1_501,WI_3,11609,3.96
HOUSEHOLD_1_506,WI_3,11609,3.88
HOUSEHOLD_1_500,WI_3,11609,4.44
HOUSEHOLD_1_502,WI_3,11609,4.23
HOUSEHOLD_1_516,WI_3,11609,1.94
HOUSEHOLD_1_510,WI_3,11609,4.94
HOUSEHOLD_1_512,WI_3,11609,1.87
HOUSEHOLD_1_525,WI_3,11609,4.23
HOUSEHOLD_1_518,WI_3,11609,6.97
HOUSEHOLD_2_009,WI_3,11609,5.73
HOUSEHOLD_2_025,WI_3,11609,5.47
HOUSEHOLD_2_026,WI_3,11609,3.97
HOUSEHOLD_2_023,WI_3,11609,3.97
HOUSEHOLD_2_036,WI_3,11609,3.97
HOUSEHOLD_2_039,WI_3,11609,10.72
HOUSEHOLD_2_032,WI_3,11609,9.43
HOUSEHOLD_2_043,WI_3,11609,4.97
HOUSEHOLD_2_040,WI_3,11609,3.97
HOUSEHOLD_2_070,WI_3,11609,2.97
HOUSEHOLD_2_074,WI_3,11609,0.96
HOUSEHOLD_2_067,WI_3,11609,0.97
HOUSEHOLD_2_076,WI_3,11609,8.97
HOUSEHOLD_2_089,WI_3,11609,3.48
HOUSEHOLD_2_108,WI_3,11609,8.88
HOUSEHOLD_2_107,WI_3,11609,11.97
HOUSEHOLD_2_109,WI_3,11609,3.87
HOUSEHOLD_2_127,WI_3,11609,5.73
HOUSEHOLD_2_123,WI_3,11609,1.98
HOUSEHOLD_2_135,WI_3,11609,9.98
HOUSEHOLD_2_149,WI_3,11609,3.98
HOUSEHOLD_2_155,WI_3,11609,6.77
HOUSEHOLD_2_164,WI_3,11609,8.47
HOUSEHOLD_2_204,WI_3,11609,12.97
HOUSEHOLD_2_210,WI_3,11609,8.86
FOODS_3_132,CA_3,11609,2.68
FOODS_3_147,CA_3,11609,2.98
FOODS_3_178,CA_3,11609,2.18
FOODS_3_187,CA_3,11609,2.5
FOODS_3_190,CA_3,11609,1.0
FOODS_3_199,CA_3,11609,2.56
FOODS_3_209,CA_3,11609,3.98
FOODS_3_226,CA_3,11609,1.68
FOODS_3_227,CA_3,11609,2.68
FOODS_3_223,CA_3,11609,1.98
FOODS_3_229,CA_3,11609,3.78
FOODS_3_243,CA_3,11609,1.58
FOODS_3_256,CA_3,11609,2.58
FOODS_3_250,CA_3,11609,3.98
FOODS_3_254,CA_3,11609,1.74
FOODS_3_263,CA_3,11609,2.5
FOODS_3_266,CA_3,11609,3.48
FOODS_3_260,CA_3,11609,1.97
FOODS_3_294,CA_3,11609,2.48
FOODS_3_300,CA_3,11609,3.98
FOODS_3_296,CA_3,11609,2.0
FOODS_3_318,CA_3,11609,1.48
FOODS_3_314,CA_3,11609,2.48
FOODS_3_310,CA_3,11609,1.0
FOODS_3_333,CA_3,11609,1.98
FOODS_3_342,CA_3,11609,1.25
FOODS_3_337,CA_3,11609,3.98
FOODS_3_356,CA_3,11609,3.0
FOODS_3_357,CA_3,11609,3.64
FOODS_3_361,CA_3,11609,1.98
FOODS_3_373,CA_3,11609,1.74
FOODS_3_372,CA_3,11609,3.28
FOODS_3_366,CA_3,11609,1.74
FOODS_3_378,CA_3,11609,4.68
FOODS_3_385,CA_3,11609,2.98
FOODS_3_389,CA_3,11609,1.68
FOODS_3_382,CA_3,11609,1.98
FOODS_3_395,CA_3,11609,3.98
FOODS_3_397,CA_3,11609,1.98
FOODS_3_396,CA_3,11609,11.48
FOODS_3_407,CA_3,11609,2.98
FOODS_3_410,CA_3,11609,2.68
FOODS_3_420,CA_3,11609,8.48
FOODS_3_431,CA_3,11609,1.0
FOODS_3_425,CA_3,11609,2.48
FOODS_3_430,CA_3,11609,5.98
FOODS_3_441,CA_3,11609,6.98
FOODS_3_444,CA_3,11609,6.98
FOODS_3_458,CA_3,11609,1.98
FOODS_3_457,CA_3,11609,2.5
FOODS_3_467,CA_3,11609,1.98
FOODS_3_486,CA_3,11609,2.88
FOODS_3_499,CA_3,11609,2.56
FOODS_3_522,CA_3,11609,2.48
FOODS_3_519,CA_3,11609,1.0
FOODS_3_517,CA_3,11609,2.94
FOODS_3_521,CA_3,11609,2.54
FOODS_3_531,CA_3,11609,2.48
FOODS_3_541,CA_3,11609,1.0
FOODS_3_563,CA_3,11609,2.98
FOODS_3_589,CA_3,11609,1.0
FOODS_3_595,CA_3,11609,1.98
FOODS_3_607,CA_3,11609,2.48
FOODS_3_601,CA_3,11609,1.98
FOODS_3_603,CA_3,11609,1.0
FOODS_3_609,CA_3,11609,2.98
FOODS_3_620,CA_3,11609,6.98
FOODS_3_625,CA_3,11609,3.0
FOODS_3_629,CA_3,11609,4.98
FOODS_3_631,CA_3,11609,3.78
FOODS_3_648,CA_3,11609,1.0
FOODS_3_659,CA_3,11609,2.98
FOODS_3_658,CA_3,11609,2.84
FOODS_3_671,CA_3,11609,2.28
FOODS_3_665,CA_3,11609,2.98
FOODS_3_677,CA_3,11609,3.98
FOODS_3_682,CA_3,11609,3.56
FOODS_3_689,CA_3,11609,2.98
FOODS_3_691,CA_3,11609,7.48
FOODS_3_708,CA_3,11609,2.78
FOODS_3_730,CA_3,11609,4.98
FOODS_3_748,CA_3,11609,3.98
FOODS_3_756,CA_3,11609,2.5
FOODS_3_774,CA_3,11609,7.48
FOODS_3_770,CA_3,11609,3.98
FOODS_3_802,CA_3,11609,1.68
FOODS_3_795,CA_3,11609,2.98
FOODS_3_804,CA_3,11609,1.88
FOODS_3_803,CA_3,11609,1.0
FOODS_3_819,CA_3,11609,1.98
HOBBIES_1_006,CA_4,11609,0.96
HOBBIES_1_013,CA_4,11609,1.97
HOBBIES_1_032,CA_4,11609,0.57
HOBBIES_1_034,CA_4,11609,4.86
HOBBIES_1_033,CA_4,11609,16.86
HOBBIES_1_039,CA_4,11609,5.88
HOBBIES_1_049,CA_4,11609,7.88
HOBBIES_1_058,CA_4,11609,8.82
HOBBIES_1_075,CA_4,11609,7.0
HOBBIES_1_077,CA_4,11609,9.46
HOBBIES_1_090,CA_4,11609,1.08
HOBBIES_1_102,CA_4,11609,4.98
HOBBIES_1_117,CA_4,11609,12.68
HOBBIES_1_122,CA_4,11609,1.77
HOBBIES_1_131,CA_4,11609,0.68
HOBBIES_1_124,CA_4,11609,5.98
HOBBIES_1_134,CA_4,11609,3.87
HOBBIES_1_144,CA_4,11609,11.28
HOBBIES_1_145,CA_4,11609,1.28
HOBBIES_1_148,CA_4,11609,4.88
HOBBIES_1_152,CA_4,11609,4.86
HOBBIES_1_165,CA_4,11609,4.97
HOBBIES_1_178,CA_4,11609,0.48
HOBBIES_1_181,CA_4,11609,1.97
HOBBIES_1_185,CA_4,11609,3.24
HOBBIES_1_209,CA_4,11609,0.25
HOBBIES_1_210,CA_4,11609,5.47
HOBBIES_1_218,CA_4,11609,10.58
HOBBIES_1_219,CA_4,11609,1.74
HOBBIES_1_232,CA_4,11609,0.48
HOBBIES_1_237,CA_4,11609,7.98
HOBBIES_1_268,CA_4,11609,0.48
HOBBIES_1_275,CA_4,11609,12.88
HOBBIES_1_290,CA_4,11609,5.77
HOBBIES_1_283,CA_4,11609,10.98
HOBBIES_1_326,CA_4,11609,1.97
HOBBIES_1_337,CA_4,11609,3.67
HOBBIES_1_344,CA_4,11609,11.78
HOBBIES_1_349,CA_4,11609,9.98
HOBBIES_1_346,CA_4,11609,3.97
HOBBIES_1_356,CA_4,11609,5.76
HOBBIES_1_363,CA_4,11609,2.88
HOBBIES_1_369,CA_4,11609,1.08
HOBBIES_1_377,CA_4,11609,9.98
HOBBIES_1_375,CA_4,11609,9.88
HOBBIES_1_388,CA_4,11609,2.88
HOBBIES_1_385,CA_4,11609,9.97
HOBBIES_1_393,CA_4,11609,28.96
HOBBIES_1_410,CA_4,11609,28.96
HOBBIES_1_422,CA_4,11609,3.62
HOBBIES_2_005,CA_4,11609,4.47
HOBBIES_2_016,CA_4,11609,4.97
HOBBIES_2_017,CA_4,11609,0.5
HOBBIES_2_033,CA_4,11609,2.88
HOBBIES_2_026,CA_4,11609,0.23
HOBBIES_2_039,CA_4,11609,4.97
HOBBIES_2_042,CA_4,11609,0.74
HOBBIES_2_054,CA_4,11609,3.97
HOBBIES_2_058,CA_4,11609,0.5
HOBBIES_2_080,CA_4,11609,3.97
HOBBIES_2_083,CA_4,11609,2.88
HOBBIES_2_089,CA_4,11609,2.97
HOBBIES_2_092,CA_4,11609,4.97
HOBBIES_2_091,CA_4,11609,0.97
HOBBIES_2_115,CA_4,11609,2.47
HOBBIES_2_122,CA_4,11609,0.88
HOUSEHOLD_2_409,TX_2,11609,3.93
HOUSEHOLD_2_416,TX_2,11609,3.24
HOUSEHOLD_2_433,TX_2,11609,6.27
HOUSEHOLD_2_446,TX_2,11609,25.97
HOUSEHOLD_2_452,TX_2,11609,5.94
HOUSEHOLD_2_448,TX_2,11609,4.97
HOUSEHOLD_2_472,TX_2,11609,8.48
HOUSEHOLD_2_469,TX_2,11609,2.97
HOUSEHOLD_2_477,TX_2,11609,5.74
FOODS_1_001,TX_2,11609,2.24
HOUSEHOLD_2_510,TX_2,11609,3.93
FOODS_1_010,TX_2,11609,6.27
FOODS_1_037,TX_2,11609,3.48
FOODS_1_044,TX_2,11609,2.98
FOODS_1_045,TX_2,11609,1.78
FOODS_1_052,TX_2,11609,0.98
FOODS_1_064,TX_2,11609,2.54
FOODS_1_065,TX_2,11609,3.54
FOODS_1_075,TX_2,11609,3.54
FOODS_1_090,TX_2,11609,3.54
FOODS_1_087,TX_2,11609,6.27
FOODS_1_121,TX_2,11609,1.5
FOODS_1_129,TX_2,11609,6.38
FOODS_1_131,TX_2,11609,2.78
FOODS_1_144,TX_2,11609,6.98
FOODS_1_154,TX_2,11609,1.5
FOODS_1_166,TX_2,11609,2.24
FOODS_1_172,TX_2,11609,1.98
FOODS_1_174,TX_2,11609,5.28
FOODS_1_180,TX_2,11609,9.97
FOODS_1_198,TX_2,11609,2.68
FOODS_1_199,TX_2,11609,6.27
FOODS_1_217,TX_2,11609,3.54
FOODS_2_017,TX_2,11609,3.76
FOODS_2_025,TX_2,11609,3.86
FOODS_2_029,TX_2,11609,9.98
FOODS_2_050,TX_2,11609,1.0
FOODS_2_055,TX_2,11609,2.5
FOODS_2_060,TX_2,11609,7.98
FOODS_2_066,TX_2,11609,5.98
FOODS_2_078,TX_2,11609,9.97
FOODS_2_073,TX_2,11609,5.74
FOODS_2_096,TX_2,11609,7.98
FOODS_2_108,TX_2,11609,3.44
FOODS_2_112,TX_2,11609,2.98
FOODS_2_121,TX_2,11609,1.58
FOODS_2_132,TX_2,11609,2.5
FOODS_2_131,TX_2,11609,5.98
FOODS_2_138,TX_2,11609,1.84
FOODS_2_139,TX_2,11609,2.98
FOODS_2_141,TX_2,11609,6.98
FOODS_2_140,TX_2,11609,9.98
FOODS_2_152,TX_2,11609,2.22
FOODS_2_147,TX_2,11609,3.76
FOODS_2_155,TX_2,11609,2.5
FOODS_2_173,TX_2,11609,8.98
FOODS_2_186,TX_2,11609,4.98
FOODS_2_202,TX_2,11609,2.98
FOODS_2_218,TX_2,11609,3.86
FOODS_2_225,TX_2,11609,2.47
FOODS_2_231,TX_2,11609,2.5
FOODS_2_232,TX_2,11609,2.16
FOODS_2_241,TX_2,11609,2.28
FOODS_2_248,TX_2,11609,5.96
FOODS_2_264,TX_2,11609,3.97
FOODS_2_269,TX_2,11609,2.5
FOODS_2_266,TX_2,11609,8.92
FOODS_2_265,TX_2,11609,3.76
FOODS_2_313,TX_2,11609,9.88
FOODS_2_310,TX_2,11609,3.97
FOODS_2_319,TX_2,11609,2.82
FOODS_2_331,TX_2,11609,2.5
FOODS_2_343,TX_2,11609,3.97
FOODS_2_345,TX_2,11609,8.47
FOODS_2_353,TX_2,11609,2.98
FOODS_2_365,TX_2,11609,10.97
FOODS_2_377,TX_2,11609,2.73
FOODS_2_389,TX_2,11609,13.97
FOODS_2_386,TX_2,11609,2.5
FOODS_3_003,TX_2,11609,3.64
FOODS_3_022,TX_2,11609,1.98
FOODS_3_037,TX_2,11609,2.56
FOODS_3_063,TX_2,11609,2.48
FOODS_3_067,TX_2,11609,3.98
FOODS_3_076,TX_2,11609,1.0
FOODS_3_073,TX_2,11609,2.98
FOODS_3_084,TX_2,11609,1.98
FOODS_3_094,TX_2,11609,2.98
FOODS_3_099,TX_2,11609,2.56
FOODS_3_107,TX_2,11609,2.48
FOODS_3_108,TX_2,11609,1.0
FOODS_3_110,TX_2,11609,11.98
FOODS_3_123,TX_2,11609,2.48
FOODS_3_132,TX_2,11609,2.68
FOODS_3_147,TX_2,11609,2.98
FOODS_3_178,TX_2,11609,1.64
FOODS_3_187,TX_2,11609,2.5
FOODS_3_190,TX_2,11609,1.0
FOODS_3_199,TX_2,11609,2.56
FOODS_3_209,TX_2,11609,3.98
FOODS_3_223,TX_2,11609,1.98
FOODS_3_226,TX_2,11609,1.68
FOODS_3_227,TX_2,11609,2.68
FOODS_3_229,TX_2,11609,3.78
FOODS_3_243,TX_2,11609,1.32
FOODS_3_256,TX_2,11609,2.56
FOODS_3_250,TX_2,11609,3.98
FOODS_3_254,TX_2,11609,1.74
FOODS_3_263,TX_2,11609,2.5
FOODS_3_266,TX_2,11609,3.48
FOODS_3_260,TX_2,11609,1.97
FOODS_3_294,TX_2,11609,2.48
FOODS_3_300,TX_2,11609,3.98
FOODS_3_296,TX_2,11609,2.0
FOODS_3_310,TX_2,11609,1.0
FOODS_3_314,TX_2,11609,2.18
FOODS_3_318,TX_2,11609,1.48
FOODS_3_333,TX_2,11609,1.98
FOODS_3_342,TX_2,11609,1.25
FOODS_3_337,TX_2,11609,3.98
FOODS_3_356,TX_2,11609,3.0
FOODS_3_357,TX_2,11609,3.64
FOODS_3_361,TX_2,11609,1.98
FOODS_3_373,TX_2,11609,1.74
FOODS_3_372,TX_2,11609,3.28
FOODS_3_366,TX_2,11609,1.74
FOODS_3_378,TX_2,11609,4.68
FOODS_3_385,TX_2,11609,2.98
FOODS_3_389,TX_2,11609,1.68
FOODS_3_382,TX_2,11609,1.98
FOODS_3_395,TX_2,11609,3.98
FOODS_3_397,TX_2,11609,1.98
FOODS_3_396,TX_2,11609,11.48
FOODS_3_407,TX_2,11609,2.98
FOODS_3_410,TX_2,11609,2.68
FOODS_3_420,TX_2,11609,7.98
FOODS_3_431,TX_2,11609,1.0
FOODS_3_425,TX_2,11609,2.48
FOODS_3_430,TX_2,11609,5.98
FOODS_3_441,TX_2,11609,6.98
FOODS_3_444,TX_2,11609,6.98
FOODS_3_458,TX_2,11609,1.98
FOODS_3_457,TX_2,11609,2.5
FOODS_3_467,TX_2,11609,1.98
HOUSEHOLD_1_243,WI_2,11609,1.97
HOUSEHOLD_1_239,WI_2,11609,3.97
HOUSEHOLD_1_263,WI_2,11609,7.42
HOUSEHOLD_1_258,WI_2,11609,2.97
HOUSEHOLD_1_271,WI_2,11609,2.98
HOUSEHOLD_1_289,WI_2,11609,5.22
HOUSEHOLD_1_288,WI_2,11609,7.93
HOUSEHOLD_1_297,WI_2,11609,7.94
HOUSEHOLD_1_489,WI_2,11609,9.97
HOUSEHOLD_1_521,WI_2,11609,0.98
HOUSEHOLD_1_527,WI_2,11609,5.24
HOUSEHOLD_1_537,WI_2,11609,15.97
HOUSEHOLD_2_016,WI_2,11609,1.62
HOUSEHOLD_2_018,WI_2,11609,7.94
HOUSEHOLD_2_022,WI_2,11609,5.64
HOUSEHOLD_2_050,WI_2,11609,8.48
HOUSEHOLD_2_051,WI_2,11609,9.97
HOUSEHOLD_2_049,WI_2,11609,3.42
HOUSEHOLD_2_056,WI_2,11609,5.97
HOUSEHOLD_2_058,WI_2,11609,9.97
HOUSEHOLD_2_057,WI_2,11609,4.97
HOUSEHOLD_2_063,WI_2,11609,4.97
HOUSEHOLD_2_075,WI_2,11609,1.84
HOUSEHOLD_2_071,WI_2,11609,6.47
HOUSEHOLD_2_080,WI_2,11609,8.98
HOUSEHOLD_2_096,WI_2,11609,3.47
HOUSEHOLD_2_100,WI_2,11609,8.64
HOUSEHOLD_2_112,WI_2,11609,3.97
HOUSEHOLD_2_121,WI_2,11609,1.97
HOUSEHOLD_2_133,WI_2,11609,4.97
HOUSEHOLD_2_140,WI_2,11609,6.97
HOUSEHOLD_2_145,WI_2,11609,3.97
HOUSEHOLD_2_158,WI_2,11609,11.47
HOUSEHOLD_2_151,WI_2,11609,4.44
HOUSEHOLD_2_183,WI_2,11609,4.97
HOUSEHOLD_2_185,WI_2,11609,3.48
HOUSEHOLD_2_195,WI_2,11609,14.97
HOUSEHOLD_2_198,WI_2,11609,7.97
HOUSEHOLD_2_200,WI_2,11609,6.94
HOUSEHOLD_2_203,WI_2,11609,2.97
HOUSEHOLD_2_206,WI_2,11609,2.87
HOUSEHOLD_2_222,WI_2,11609,4.97
HOUSEHOLD_2_231,WI_2,11609,3.96
HOUSEHOLD_2_246,WI_2,11609,7.87
HOUSEHOLD_2_249,WI_2,11609,8.64
HOUSEHOLD_2_253,WI_2,11609,5.97
HOUSEHOLD_2_269,WI_2,11609,10.97
HOUSEHOLD_2_265,WI_2,11609,4.97
HOUSEHOLD_2_304,WI_2,11609,5.94
HOUSEHOLD_2_298,WI_2,11609,3.42
HOUSEHOLD_2_300,WI_2,11609,7.97
HOUSEHOLD_2_310,WI_2,11609,1.42
HOUSEHOLD_2_311,WI_2,11609,5.94
HOUSEHOLD_2_315,WI_2,11609,7.67
HOUSEHOLD_2_324,WI_2,11609,14.26
HOUSEHOLD_2_337,WI_2,11609,6.77
HOUSEHOLD_2_338,WI_2,11609,4.92
HOUSEHOLD_2_343,WI_2,11609,2.78
HOUSEHOLD_2_352,WI_2,11609,2.97
HOUSEHOLD_2_357,WI_2,11609,7.97
HOUSEHOLD_2_383,WI_2,11609,3.88
HOUSEHOLD_2_390,WI_2,11609,5.98
HOUSEHOLD_2_392,WI_2,11609,4.97
HOUSEHOLD_2_394,WI_2,11609,6.27
HOUSEHOLD_2_397,WI_2,11609,6.98
HOUSEHOLD_2_399,WI_2,11609,2.67
HOUSEHOLD_2_407,WI_2,11609,4.94
HOUSEHOLD_2_408,WI_2,11609,8.48
HOUSEHOLD_2_413,WI_2,11609,3.68
HOUSEHOLD_2_434,WI_2,11609,1.88
HOUSEHOLD_2_437,WI_2,11609,7.97
HOUSEHOLD_2_438,WI_2,11609,8.87
HOUSEHOLD_2_458,WI_2,11609,3.96
HOUSEHOLD_2_471,WI_2,11609,3.48
HOUSEHOLD_2_483,WI_2,11609,4.97
HOUSEHOLD_2_492,WI_2,11609,5.92
HOUSEHOLD_2_489,WI_2,11609,14.47
HOUSEHOLD_2_490,WI_2,11609,3.48
HOUSEHOLD_2_500,WI_2,11609,5.84
FOODS_1_012,WI_2,11609,7.27
FOODS_1_018,WI_2,11609,0.98
FOODS_1_020,WI_2,11609,2.68
FOODS_1_023,WI_2,11609,7.27
FOODS_1_032,WI_2,11609,0.98
FOODS_1_038,WI_2,11609,9.94
FOODS_1_041,WI_2,11609,2.24
FOODS_1_043,WI_2,11609,1.96
FOODS_1_054,WI_2,11609,1.98
FOODS_1_060,WI_2,11609,1.68
FOODS_1_072,WI_2,11609,5.28
FOODS_1_083,WI_2,11609,2.0
FOODS_1_089,WI_2,11609,3.48
FOODS_1_094,WI_2,11609,3.54
FOODS_1_093,WI_2,11609,6.77
FOODS_1_104,WI_2,11609,3.54
FOODS_1_103,WI_2,11609,3.88
FOODS_1_112,WI_2,11609,1.98
FOODS_1_113,WI_2,11609,0.98
FOODS_1_111,WI_2,11609,5.98
FOODS_1_124,WI_2,11609,2.24
FOODS_1_120,WI_2,11609,1.96
FOODS_1_130,WI_2,11609,1.78
FOODS_1_132,WI_2,11609,1.96
FOODS_1_150,WI_2,11609,5.28
FOODS_1_148,WI_2,11609,6.47
FOODS_1_159,WI_2,11609,6.47
FOODS_1_170,WI_2,11609,7.27
FOODS_1_175,WI_2,11609,2.98
FOODS_1_184,WI_2,11609,1.0
FOODS_1_193,WI_2,11609,6.32
FOODS_1_201,WI_2,11609,2.24
FOODS_1_203,WI_2,11609,2.24
FOODS_1_205,WI_2,11609,5.28
FOODS_1_208,WI_2,11609,1.96
FOODS_1_210,WI_2,11609,1.96
FOODS_2_009,WI_2,11609,1.48
FOODS_2_006,WI_2,11609,10.97
FOODS_2_034,WI_2,11609,2.5
FOODS_2_027,WI_2,11609,2.64
FOODS_2_028,WI_2,11609,3.94
FOODS_2_047,WI_2,11609,2.96
FOODS_2_046,WI_2,11609,3.94
FOODS_2_056,WI_2,11609,6.98
FOODS_2_071,WI_2,11609,4.48
FOODS_2_077,WI_2,11609,5.92
FOODS_2_088,WI_2,11609,7.47
FOODS_2_086,WI_2,11609,2.67
FOODS_2_089,WI_2,11609,3.98
HOBBIES_2_059,CA_2,11609,0.23
HOBBIES_2_071,CA_2,11609,0.97
HOBBIES_2_065,CA_2,11609,0.5
HOBBIES_2_079,CA_2,11609,2.47
HOBBIES_2_085,CA_2,11609,0.97
HOBBIES_2_082,CA_2,11609,0.88
HOBBIES_2_100,CA_2,11609,0.88
HOBBIES_2_093,CA_2,11609,1.97
HOBBIES_2_094,CA_2,11609,1.97
HOBBIES_2_119,CA_2,11609,2.97
HOBBIES_2_111,CA_2,11609,3.97
HOBBIES_2_121,CA_2,11609,0.97
HOBBIES_2_140,CA_2,11609,2.47
HOUSEHOLD_1_008,CA_2,11609,5.47
HOUSEHOLD_1_033,CA_2,11609,3.97
HOUSEHOLD_1_035,CA_2,11609,4.63
HOUSEHOLD_1_053,CA_2,11609,14.97
HOUSEHOLD_1_052,CA_2,11609,4.23
HOUSEHOLD_1_069,CA_2,11609,1.97
HOUSEHOLD_1_083,CA_2,11609,0.97
HOUSEHOLD_1_078,CA_2,11609,2.84
HOUSEHOLD_1_079,CA_2,11609,4.47
HOUSEHOLD_1_077,CA_2,11609,6.42
HOUSEHOLD_1_086,CA_2,11609,5.27
HOUSEHOLD_1_117,CA_2,11609,7.97
HOUSEHOLD_1_112,CA_2,11609,2.97
HOUSEHOLD_1_119,CA_2,11609,3.74
HOUSEHOLD_1_116,CA_2,11609,2.97
HOUSEHOLD_1_123,CA_2,11609,8.97
HOUSEHOLD_1_131,CA_2,11609,4.94
HOUSEHOLD_1_141,CA_2,11609,1.77
HOUSEHOLD_1_156,CA_2,11609,2.73
HOUSEHOLD_1_161,CA_2,11609,11.93
HOUSEHOLD_1_181,CA_2,11609,3.94
HOUSEHOLD_1_185,CA_2,11609,2.97
HOUSEHOLD_1_187,CA_2,11609,6.48
HOUSEHOLD_1_197,CA_2,11609,4.97
HOUSEHOLD_1_211,CA_2,11609,3.87
HOUSEHOLD_1_205,CA_2,11609,5.94
HOUSEHOLD_1_218,CA_2,11609,1.94
HOUSEHOLD_1_221,CA_2,11609,12.57
HOUSEHOLD_1_232,CA_2,11609,4.23
HOUSEHOLD_1_242,CA_2,11609,4.88
HOUSEHOLD_1_256,CA_2,11609,5.97
HOUSEHOLD_1_261,CA_2,11609,5.97
HOUSEHOLD_1_267,CA_2,11609,9.74
HOUSEHOLD_1_272,CA_2,11609,9.97
HOUSEHOLD_1_295,CA_2,11609,2.98
HOUSEHOLD_1_292,CA_2,11609,6.48
HOUSEHOLD_1_303,CA_2,11609,0.98
HOUSEHOLD_1_301,CA_2,11609,4.94
HOUSEHOLD_1_307,CA_2,11609,2.97
HOUSEHOLD_1_312,CA_2,11609,2.37
HOUSEHOLD_1_329,CA_2,11609,4.94
HOUSEHOLD_1_335,CA_2,11609,9.42
HOUSEHOLD_1_345,CA_2,11609,4.22
HOUSEHOLD_1_337,CA_2,11609,4.97
HOUSEHOLD_1_342,CA_2,11609,17.97
HOUSEHOLD_1_346,CA_2,11609,3.94
HOUSEHOLD_1_351,CA_2,11609,0.97
HOUSEHOLD_1_360,CA_2,11609,3.96
HOUSEHOLD_1_368,CA_2,11609,8.48
HOUSEHOLD_1_373,CA_2,11609,3.42
HOUSEHOLD_1_371,CA_2,11609,4.94
HOUSEHOLD_1_378,CA_2,11609,21.78
HOUSEHOLD_1_393,CA_2,11609,1.98
HOUSEHOLD_1_410,CA_2,11609,3.97
HOUSEHOLD_1_413,CA_2,11609,17.97
HOUSEHOLD_1_411,CA_2,11609,3.28
HOUSEHOLD_1_443,CA_2,11609,2.47
HOUSEHOLD_1_450,CA_2,11609,3.42
HOUSEHOLD_1_469,CA_2,11609,17.97
HOUSEHOLD_1_478,CA_2,11609,2.67
HOUSEHOLD_1_479,CA_2,11609,7.56
HOUSEHOLD_1_485,CA_2,11609,2.97
HOUSEHOLD_1_486,CA_2,11609,18.87
HOUSEHOLD_1_503,CA_2,11609,1.28
HOUSEHOLD_1_511,CA_2,11609,6.27
HOUSEHOLD_1_519,CA_2,11609,4.88
HOUSEHOLD_1_528,CA_2,11609,2.97
HOUSEHOLD_1_533,CA_2,11609,4.97
HOUSEHOLD_1_534,CA_2,11609,9.97
HOUSEHOLD_1_539,CA_2,11609,3.97
HOUSEHOLD_2_012,CA_2,11609,4.78
HOUSEHOLD_2_029,CA_2,11609,10.43
HOUSEHOLD_2_027,CA_2,11609,4.97
HOUSEHOLD_2_030,CA_2,11609,3.97
HOUSEHOLD_2_052,CA_2,11609,4.97
HOUSEHOLD_2_072,CA_2,11609,2.58
HOUSEHOLD_2_078,CA_2,11609,5.84
HOUSEHOLD_2_082,CA_2,11609,5.92
HOUSEHOLD_2_077,CA_2,11609,3.48
HOUSEHOLD_2_095,CA_2,11609,6.47
HOUSEHOLD_2_091,CA_2,11609,8.97
HOUSEHOLD_2_106,CA_2,11609,8.44
HOUSEHOLD_2_101,CA_2,11609,4.49
HOUSEHOLD_2_114,CA_2,11609,5.94
HOUSEHOLD_2_117,CA_2,11609,2.46
HOUSEHOLD_2_119,CA_2,11609,5.84
HOUSEHOLD_2_125,CA_2,11609,8.88
HOUSEHOLD_2_126,CA_2,11609,6.97
HOUSEHOLD_2_172,CA_2,11609,5.94
HOUSEHOLD_2_178,CA_2,11609,6.96
HOUSEHOLD_2_175,CA_2,11609,5.97
HOUSEHOLD_2_190,CA_2,11609,0.98
HOUSEHOLD_2_187,CA_2,11609,3.33
HOUSEHOLD_2_209,CA_2,11609,7.97
HOUSEHOLD_2_214,CA_2,11609,6.94
HOUSEHOLD_2_208,CA_2,11609,12.97
HOUSEHOLD_2_213,CA_2,11609,0.93
HOUSEHOLD_2_217,CA_2,11609,2.87
HOUSEHOLD_2_226,CA_2,11609,6.97
HOUSEHOLD_2_228,CA_2,11609,5.47
HOUSEHOLD_2_238,CA_2,11609,9.93
HOUSEHOLD_2_236,CA_2,11609,8.48
HOUSEHOLD_2_241,CA_2,11609,4.94
HOUSEHOLD_2_243,CA_2,11609,2.97
HOUSEHOLD_2_251,CA_2,11609,3.97
HOUSEHOLD_2_260,CA_2,11609,6.97
HOUSEHOLD_2_264,CA_2,11609,3.48
HOUSEHOLD_2_280,CA_2,11609,5.97
HOUSEHOLD_2_284,CA_2,11609,5.94
HOUSEHOLD_2_285,CA_2,11609,4.67
HOUSEHOLD_2_287,CA_2,11609,1.94
HOUSEHOLD_2_294,CA_2,11609,4.77
HOUSEHOLD_2_301,CA_2,11609,1.97
HOUSEHOLD_2_305,CA_2,11609,5.47
HOUSEHOLD_2_314,CA_2,11609,1.97
HOUSEHOLD_2_313,CA_2,11609,1.97
HOUSEHOLD_2_320,CA_2,11609,8.47
HOUSEHOLD_2_323,CA_2,11609,3.97
HOUSEHOLD_2_318,CA_2,11609,3.97
HOUSEHOLD_2_326,CA_2,11609,5.94
HOUSEHOLD_2_333,CA_2,11609,4.98
HOUSEHOLD_2_349,CA_2,11609,4.97
HOUSEHOLD_2_365,CA_2,11609,4.87
HOUSEHOLD_2_370,CA_2,11609,6.27
HOUSEHOLD_2_389,CA_2,11609,1.97
HOUSEHOLD_2_403,CA_2,11609,5.44
HOUSEHOLD_2_411,CA_2,11609,5.84
HOUSEHOLD_2_420,CA_2,11609,5.64
HOUSEHOLD_2_428,CA_2,11609,7.94
HOUSEHOLD_2_430,CA_2,11609,3.97
HOUSEHOLD_2_442,CA_2,11609,1.48
HOUSEHOLD_2_447,CA_2,11609,1.97
HOUSEHOLD_2_450,CA_2,11609,10.43
HOUSEHOLD_2_467,CA_2,11609,3.97
HOBBIES_1_394,TX_2,11609,7.88
HOBBIES_2_007,TX_2,11609,0.97
HOBBIES_2_020,TX_2,11609,3.88
HOBBIES_2_019,TX_2,11609,3.37
HOBBIES_2_032,TX_2,11609,0.97
HOBBIES_2_043,TX_2,11609,0.97
HOBBIES_2_063,TX_2,11609,0.97
HOBBIES_2_069,TX_2,11609,2.97
HOBBIES_2_074,TX_2,11609,3.97
HOBBIES_2_067,TX_2,11609,2.97
HOBBIES_2_078,TX_2,11609,5.97
HOBBIES_2_088,TX_2,11609,2.77
HOBBIES_2_101,TX_2,11609,0.5
HOBBIES_2_099,TX_2,11609,0.97
HOBBIES_2_124,TX_2,11609,0.23
HOBBIES_2_133,TX_2,11609,2.88
HOBBIES_2_139,TX_2,11609,4.97
HOBBIES_2_147,TX_2,11609,0.97
HOUSEHOLD_1_005,TX_2,11609,9.97
HOUSEHOLD_1_015,TX_2,11609,4.88
HOUSEHOLD_1_022,TX_2,11609,4.84
HOUSEHOLD_1_028,TX_2,11609,2.97
HOUSEHOLD_1_036,TX_2,11609,2.98
HOUSEHOLD_1_045,TX_2,11609,2.67
HOUSEHOLD_1_057,TX_2,11609,1.77
HOUSEHOLD_1_050,TX_2,11609,3.97
HOUSEHOLD_1_059,TX_2,11609,3.12
HOUSEHOLD_1_058,TX_2,11609,6.48
HOUSEHOLD_1_060,TX_2,11609,29.97
HOUSEHOLD_1_068,TX_2,11609,6.97
HOUSEHOLD_1_072,TX_2,11609,7.98
HOUSEHOLD_1_092,TX_2,11609,1.77
HOUSEHOLD_1_100,TX_2,11609,7.97
HOUSEHOLD_1_108,TX_2,11609,4.88
HOUSEHOLD_1_109,TX_2,11609,3.97
HOUSEHOLD_1_105,TX_2,11609,3.94
HOUSEHOLD_1_107,TX_2,11609,3.48
HOUSEHOLD_1_115,TX_2,11609,4.94
HOUSEHOLD_1_122,TX_2,11609,2.26
HOUSEHOLD_1_146,TX_2,11609,5.98
HOUSEHOLD_1_140,TX_2,11609,14.97
HOUSEHOLD_1_151,TX_2,11609,0.88
HOUSEHOLD_1_160,TX_2,11609,9.97
HOUSEHOLD_1_158,TX_2,11609,3.97
HOUSEHOLD_1_159,TX_2,11609,7.93
HOUSEHOLD_1_175,TX_2,11609,4.87
HOUSEHOLD_1_168,TX_2,11609,2.97
HOUSEHOLD_1_171,TX_2,11609,8.97
HOUSEHOLD_1_169,TX_2,11609,2.94
HOUSEHOLD_1_177,TX_2,11609,6.97
HOUSEHOLD_1_179,TX_2,11609,0.94
HOUSEHOLD_1_183,TX_2,11609,4.88
HOUSEHOLD_1_193,TX_2,11609,2.42
HOUSEHOLD_1_202,TX_2,11609,1.98
HOUSEHOLD_1_212,TX_2,11609,4.47
HOUSEHOLD_1_236,TX_2,11609,2.47
HOUSEHOLD_1_233,TX_2,11609,11.52
HOUSEHOLD_1_252,TX_2,11609,9.47
HOUSEHOLD_1_248,TX_2,11609,8.97
HOUSEHOLD_1_246,TX_2,11609,3.98
HOUSEHOLD_1_257,TX_2,11609,5.24
HOUSEHOLD_1_266,TX_2,11609,1.0
HOUSEHOLD_1_291,TX_2,11609,3.72
HOUSEHOLD_1_294,TX_2,11609,2.27
HOUSEHOLD_1_300,TX_2,11609,4.88
HOUSEHOLD_1_304,TX_2,11609,2.36
HOUSEHOLD_1_306,TX_2,11609,1.97
HOUSEHOLD_1_324,TX_2,11609,5.97
HOUSEHOLD_1_327,TX_2,11609,0.94
HOUSEHOLD_1_347,TX_2,11609,7.97
HOUSEHOLD_1_341,TX_2,11609,4.88
HOUSEHOLD_1_353,TX_2,11609,3.44
HOUSEHOLD_1_374,TX_2,11609,3.97
HOUSEHOLD_1_385,TX_2,11609,1.97
HOUSEHOLD_1_380,TX_2,11609,4.57
HOUSEHOLD_1_384,TX_2,11609,4.84
HOUSEHOLD_1_386,TX_2,11609,2.86
HOUSEHOLD_1_414,TX_2,11609,0.94
HOUSEHOLD_1_420,TX_2,11609,6.42
HOUSEHOLD_1_430,TX_2,11609,0.94
HOUSEHOLD_1_438,TX_2,11609,7.33
HOUSEHOLD_1_451,TX_2,11609,6.98
HOUSEHOLD_1_465,TX_2,11609,0.96
HOUSEHOLD_1_477,TX_2,11609,13.48
HOUSEHOLD_1_483,TX_2,11609,4.54
HOUSEHOLD_1_494,TX_2,11609,7.97
HOUSEHOLD_1_499,TX_2,11609,3.88
HOUSEHOLD_1_505,TX_2,11609,2.47
HOUSEHOLD_1_514,TX_2,11609,3.97
HOUSEHOLD_1_540,TX_2,11609,1.88
HOUSEHOLD_2_014,TX_2,11609,5.97
HOUSEHOLD_2_019,TX_2,11609,9.47
HOUSEHOLD_2_020,TX_2,11609,8.47
HOUSEHOLD_2_033,TX_2,11609,6.97
HOUSEHOLD_2_054,TX_2,11609,4.87
HOUSEHOLD_2_055,TX_2,11609,8.97
HOUSEHOLD_2_065,TX_2,11609,5.47
HOUSEHOLD_2_081,TX_2,11609,2.57
HOUSEHOLD_2_087,TX_2,11609,7.94
HOUSEHOLD_2_085,TX_2,11609,7.94
HOUSEHOLD_2_098,TX_2,11609,3.47
HOUSEHOLD_2_094,TX_2,11609,5.94
HOUSEHOLD_2_104,TX_2,11609,4.97
HOUSEHOLD_2_102,TX_2,11609,2.48
HOUSEHOLD_2_115,TX_2,11609,3.87
HOUSEHOLD_2_122,TX_2,11609,6.96
HOUSEHOLD_2_148,TX_2,11609,5.94
HOUSEHOLD_2_162,TX_2,11609,3.97
HOUSEHOLD_2_182,TX_2,11609,6.98
HOUSEHOLD_2_189,TX_2,11609,14.48
HOUSEHOLD_2_188,TX_2,11609,7.24
HOUSEHOLD_2_186,TX_2,11609,9.98
HOUSEHOLD_2_194,TX_2,11609,6.27
HOUSEHOLD_2_224,TX_2,11609,3.97
HOUSEHOLD_2_240,TX_2,11609,4.97
HOUSEHOLD_2_242,TX_2,11609,12.97
HOUSEHOLD_2_250,TX_2,11609,6.96
HOUSEHOLD_2_274,TX_2,11609,5.98
HOUSEHOLD_2_267,TX_2,11609,1.93
HOUSEHOLD_2_283,TX_2,11609,5.84
HOUSEHOLD_2_325,TX_2,11609,3.82
HOUSEHOLD_2_322,TX_2,11609,2.22
HOUSEHOLD_2_332,TX_2,11609,6.77
HOUSEHOLD_2_341,TX_2,11609,5.32
HOUSEHOLD_2_348,TX_2,11609,7.44
HOUSEHOLD_2_368,TX_2,11609,5.48
HOUSEHOLD_2_369,TX_2,11609,6.47
HOUSEHOLD_2_378,TX_2,11609,6.98
HOUSEHOLD_2_379,TX_2,11609,4.44
HOUSEHOLD_2_395,TX_2,11609,3.67
FOODS_2_118,WI_2,11609,3.28
FOODS_2_114,WI_2,11609,2.5
FOODS_2_128,WI_2,11609,0.94
FOODS_2_137,WI_2,11609,2.5
FOODS_2_142,WI_2,11609,3.98
FOODS_2_153,WI_2,11609,2.96
FOODS_2_144,WI_2,11609,2.5
FOODS_2_157,WI_2,11609,3.94
FOODS_2_171,WI_2,11609,2.97
FOODS_2_201,WI_2,11609,4.98
FOODS_2_207,WI_2,11609,7.98
FOODS_2_216,WI_2,11609,5.98
FOODS_2_229,WI_2,11609,2.18
FOODS_2_235,WI_2,11609,2.5
FOODS_2_244,WI_2,11609,5.94
FOODS_2_237,WI_2,11609,2.5
FOODS_2_251,WI_2,11609,7.87
FOODS_2_246,WI_2,11609,1.87
FOODS_2_250,WI_2,11609,10.97
FOODS_2_262,WI_2,11609,2.0
FOODS_2_259,WI_2,11609,3.67
FOODS_2_282,WI_2,11609,6.72
FOODS_2_286,WI_2,11609,1.58
FOODS_2_295,WI_2,11609,13.97
FOODS_2_298,WI_2,11609,13.97
FOODS_2_300,WI_2,11609,5.92
FOODS_2_309,WI_2,11609,2.74
FOODS_2_301,WI_2,11609,3.18
FOODS_2_322,WI_2,11609,2.97
FOODS_2_327,WI_2,11609,2.0
FOODS_2_321,WI_2,11609,2.98
FOODS_2_320,WI_2,11609,1.86
FOODS_2_368,WI_2,11609,7.87
FOODS_2_361,WI_2,11609,3.94
FOODS_2_367,WI_2,11609,4.97
FOODS_2_366,WI_2,11609,2.5
FOODS_2_370,WI_2,11609,4.97
FOODS_2_376,WI_2,11609,2.0
FOODS_2_379,WI_2,11609,6.98
FOODS_2_381,WI_2,11609,2.5
FOODS_2_384,WI_2,11609,2.28
FOODS_3_005,WI_2,11609,2.28
FOODS_3_012,WI_2,11609,2.68
FOODS_3_010,WI_2,11609,2.84
FOODS_3_006,WI_2,11609,7.88
FOODS_3_019,WI_2,11609,1.98
FOODS_3_018,WI_2,11609,4.54
FOODS_3_023,WI_2,11609,3.98
FOODS_3_032,WI_2,11609,2.98
FOODS_3_034,WI_2,11609,2.56
FOODS_3_033,WI_2,11609,2.5
FOODS_3_038,WI_2,11609,4.98
FOODS_3_042,WI_2,11609,1.68
FOODS_3_046,WI_2,11609,1.98
FOODS_3_047,WI_2,11609,1.0
FOODS_3_061,WI_2,11609,2.98
FOODS_3_058,WI_2,11609,1.98
FOODS_3_070,WI_2,11609,0.25
FOODS_3_078,WI_2,11609,2.97
FOODS_3_071,WI_2,11609,1.34
FOODS_3_092,WI_2,11609,3.98
FOODS_3_096,WI_2,11609,4.44
FOODS_3_091,WI_2,11609,5.98
FOODS_3_101,WI_2,11609,1.0
FOODS_3_117,WI_2,11609,1.88
FOODS_3_119,WI_2,11609,4.28
FOODS_3_138,WI_2,11609,1.98
FOODS_3_145,WI_2,11609,2.98
FOODS_3_152,WI_2,11609,2.88
FOODS_3_164,WI_2,11609,2.94
FOODS_3_188,WI_2,11609,1.98
FOODS_3_186,WI_2,11609,2.28
FOODS_3_194,WI_2,11609,2.98
FOODS_3_200,WI_2,11609,2.0
FOODS_3_198,WI_2,11609,6.44
FOODS_3_211,WI_2,11609,4.58
FOODS_3_213,WI_2,11609,2.24
FOODS_3_214,WI_2,11609,0.94
FOODS_3_215,WI_2,11609,0.78
FOODS_3_222,WI_2,11609,4.54
FOODS_3_238,WI_2,11609,3.27
FOODS_3_232,WI_2,11609,3.0
FOODS_3_236,WI_2,11609,2.56
FOODS_3_257,WI_2,11609,3.98
FOODS_3_261,WI_2,11609,3.98
FOODS_3_259,WI_2,11609,1.34
FOODS_3_269,WI_2,11609,2.98
FOODS_3_281,WI_2,11609,1.25
FOODS_3_289,WI_2,11609,2.98
FOODS_3_293,WI_2,11609,1.98
FOODS_3_309,WI_2,11609,1.98
FOODS_3_306,WI_2,11609,1.58
FOODS_3_315,WI_2,11609,1.74
FOODS_3_320,WI_2,11609,1.98
FOODS_3_335,WI_2,11609,2.48
FOODS_3_346,WI_2,11609,1.98
FOODS_3_351,WI_2,11609,0.94
FOODS_3_354,WI_2,11609,2.98
FOODS_3_362,WI_2,11609,2.56
FOODS_3_358,WI_2,11609,2.88
FOODS_3_384,WI_2,11609,2.98
FOODS_3_387,WI_2,11609,2.68
FOODS_3_388,WI_2,11609,3.98
FOODS_3_408,WI_2,11609,2.98
FOODS_3_404,WI_2,11609,0.94
FOODS_3_418,WI_2,11609,3.98
FOODS_3_426,WI_2,11609,2.98
FOODS_3_429,WI_2,11609,5.98
FOODS_3_442,WI_2,11609,2.48
FOODS_3_455,WI_2,11609,2.48
FOODS_3_471,WI_2,11609,2.5
FOODS_3_477,WI_2,11609,1.68
FOODS_3_480,WI_2,11609,2.98
FOODS_3_478,WI_2,11609,1.74
FOODS_3_484,WI_2,11609,1.98
FOODS_3_490,WI_2,11609,3.48
FOODS_3_497,WI_2,11609,2.5
FOODS_3_495,WI_2,11609,1.98
FOODS_3_500,WI_2,11609,2.5
FOODS_3_506,WI_2,11609,3.98
FOODS_3_526,WI_2,11609,1.98
FOODS_3_528,WI_2,11609,4.98
FOODS_3_524,WI_2,11609,0.94
FOODS_3_534,WI_2,11609,4.88
FOODS_3_568,WI_2,11609,1.0
FOODS_3_586,WI_2,11609,1.68
FOODS_3_583,WI_2,11609,1.45
FOODS_3_587,WI_2,11609,2.48
FOODS_3_588,WI_2,11609,3.94
FOODS_3_599,WI_2,11609,1.38
FOODS_3_608,WI_2,11609,1.74
FOODS_3_628,WI_2,11609,3.98
FOODS_3_627,WI_2,11609,2.88
FOODS_3_635,WI_2,11609,0.94
FOODS_3_642,WI_2,11609,2.98
FOODS_3_640,WI_2,11609,1.5
FOODS_3_646,WI_2,11609,2.68
FOODS_3_657,WI_2,11609,3.98
FOODS_3_666,WI_2,11609,2.48
FOODS_3_667,WI_2,11609,1.98
FOODS_3_680,WI_2,11609,2.56
FOODS_3_683,WI_2,11609,2.56
FOODS_3_692,WI_2,11609,0.8
FOODS_3_698,WI_2,11609,1.0
FOODS_3_705,WI_2,11609,3.88
FOODS_3_706,WI_2,11609,1.98
FOODS_3_710,WI_2,11609,2.98
FOODS_3_722,WI_2,11609,2.56
FOODS_3_734,WI_2,11609,1.78
FOODS_3_739,WI_2,11609,1.45
FOODS_3_764,WI_2,11609,2.98
FOODS_3_771,WI_2,11609,2.56
FOODS_3_794,WI_2,11609,2.98
FOODS_3_789,WI_2,11609,1.45
FOODS_3_790,WI_2,11609,2.68
FOODS_3_800,WI_2,11609,1.88
FOODS_3_798,WI_2,11609,1.98
FOODS_3_807,WI_2,11609,1.98
FOODS_3_822,WI_2,11609,3.98
FOODS_3_823,WI_2,11609,2.98
HOBBIES_1_001,WI_3,11609,8.26
FOODS_3_827,WI_2,11609,1.0
HOBBIES_1_005,WI_3,11609,2.88
HOBBIES_1_020,WI_3,11609,12.68
HOBBIES_1_021,WI_3,11609,11.88
HOBBIES_1_029,WI_3,11609,8.98
HOBBIES_1_038,WI_3,11609,3.22
HOBBIES_1_041,WI_3,11609,4.22
HOBBIES_1_042,WI_3,11609,7.83
HOBBIES_1_037,WI_3,11609,12.97
HOBBIES_1_052,WI_3,11609,5.88
HOBBIES_1_055,WI_3,11609,8.98
HOBBIES_1_056,WI_3,11609,0.94
HOBBIES_1_074,WI_3,11609,3.67
HOBBIES_1_089,WI_3,11609,7.97
HOBBIES_1_111,WI_3,11609,2.92
HOBBIES_1_142,WI_3,11609,0.94
HOBBIES_1_140,WI_3,11609,1.12
HOBBIES_1_154,WI_3,11609,2.88
HOBBIES_1_166,WI_3,11609,9.98
HOBBIES_1_170,WI_3,11609,17.97
HOBBIES_1_179,WI_3,11609,6.87
HOUSEHOLD_2_052,CA_1,11609,4.97
HOUSEHOLD_2_072,CA_1,11609,2.58
HOUSEHOLD_2_078,CA_1,11609,5.84
HOUSEHOLD_2_082,CA_1,11609,5.92
HOUSEHOLD_2_077,CA_1,11609,3.48
HOUSEHOLD_2_095,CA_1,11609,6.47
HOUSEHOLD_2_091,CA_1,11609,8.97
HOUSEHOLD_2_106,CA_1,11609,8.44
HOUSEHOLD_2_101,CA_1,11609,4.49
HOUSEHOLD_2_114,CA_1,11609,5.94
HOUSEHOLD_2_117,CA_1,11609,2.46
HOUSEHOLD_2_119,CA_1,11609,5.84
HOUSEHOLD_2_125,CA_1,11609,8.88
HOUSEHOLD_2_126,CA_1,11609,6.97
HOUSEHOLD_2_172,CA_1,11609,5.94
HOUSEHOLD_2_178,CA_1,11609,6.96
HOUSEHOLD_2_175,CA_1,11609,5.97
HOUSEHOLD_2_190,CA_1,11609,0.98
HOUSEHOLD_2_187,CA_1,11609,3.33
HOUSEHOLD_2_209,CA_1,11609,7.97
HOUSEHOLD_2_214,CA_1,11609,6.94
HOUSEHOLD_2_208,CA_1,11609,12.97
HOUSEHOLD_2_213,CA_1,11609,0.93
HOUSEHOLD_2_217,CA_1,11609,2.87
HOUSEHOLD_2_226,CA_1,11609,6.97
HOUSEHOLD_2_228,CA_1,11609,5.47
HOUSEHOLD_2_236,CA_1,11609,8.48
HOUSEHOLD_2_238,CA_1,11609,9.93
HOUSEHOLD_2_241,CA_1,11609,4.94
HOUSEHOLD_2_243,CA_1,11609,2.97
HOUSEHOLD_2_251,CA_1,11609,3.97
HOUSEHOLD_2_260,CA_1,11609,6.97
HOUSEHOLD_2_264,CA_1,11609,3.48
HOUSEHOLD_2_280,CA_1,11609,5.97
HOUSEHOLD_2_284,CA_1,11609,5.94
HOUSEHOLD_2_285,CA_1,11609,4.67
HOUSEHOLD_2_287,CA_1,11609,1.94
HOUSEHOLD_2_294,CA_1,11609,4.77
HOUSEHOLD_2_301,CA_1,11609,1.97
HOUSEHOLD_2_305,CA_1,11609,5.47
HOUSEHOLD_2_314,CA_1,11609,1.97
HOUSEHOLD_2_313,CA_1,11609,1.97
HOUSEHOLD_2_320,CA_1,11609,8.47
HOUSEHOLD_2_323,CA_1,11609,3.97
HOUSEHOLD_2_318,CA_1,11609,3.97
HOUSEHOLD_2_326,CA_1,11609,5.94
HOUSEHOLD_2_333,CA_1,11609,4.98
HOUSEHOLD_2_349,CA_1,11609,4.97
HOUSEHOLD_2_365,CA_1,11609,4.87
HOUSEHOLD_2_370,CA_1,11609,6.27
HOUSEHOLD_2_389,CA_1,11609,1.97
HOUSEHOLD_2_403,CA_1,11609,5.44
HOUSEHOLD_2_411,CA_1,11609,5.84
HOUSEHOLD_2_420,CA_1,11609,5.64
HOUSEHOLD_2_428,CA_1,11609,7.94
HOUSEHOLD_2_430,CA_1,11609,3.97
HOUSEHOLD_2_442,CA_1,11609,1.48
HOUSEHOLD_2_447,CA_1,11609,1.97
HOUSEHOLD_2_450,CA_1,11609,10.43
HOUSEHOLD_2_467,CA_1,11609,3.97
HOUSEHOLD_2_503,CA_1,11609,6.94
HOUSEHOLD_2_505,CA_1,11609,4.97
HOUSEHOLD_2_504,CA_1,11609,1.97
HOUSEHOLD_2_508,CA_1,11609,15.94
FOODS_1_002,CA_1,11609,9.48
FOODS_1_005,CA_1,11609,3.54
FOODS_1_021,CA_1,11609,0.98
FOODS_1_022,CA_1,11609,4.84
FOODS_1_030,CA_1,11609,3.48
FOODS_1_031,CA_1,11609,3.54
FOODS_1_027,CA_1,11609,1.96
FOODS_1_033,CA_1,11609,5.64
FOODS_1_039,CA_1,11609,2.48
FOODS_1_042,CA_1,11609,0.98
FOODS_1_063,CA_1,11609,2.48
FOODS_1_076,CA_1,11609,5.14
FOODS_1_082,CA_1,11609,0.98
FOODS_1_084,CA_1,11609,4.58
FOODS_1_086,CA_1,11609,1.83
FOODS_1_095,CA_1,11609,3.17
FOODS_1_092,CA_1,11609,1.96
FOODS_1_102,CA_1,11609,1.78
FOODS_1_107,CA_1,11609,4.5
FOODS_1_126,CA_1,11609,2.24
FOODS_1_127,CA_1,11609,2.12
FOODS_1_133,CA_1,11609,3.48
FOODS_1_147,CA_1,11609,4.84
FOODS_1_151,CA_1,11609,11.84
FOODS_1_158,CA_1,11609,4.68
FOODS_1_156,CA_1,11609,2.24
FOODS_1_173,CA_1,11609,2.0
FOODS_1_192,CA_1,11609,2.24
FOODS_1_195,CA_1,11609,2.24
FOODS_1_196,CA_1,11609,2.0
FOODS_1_216,CA_1,11609,5.28
FOODS_1_215,CA_1,11609,1.84
FOODS_2_012,CA_1,11609,3.34
FOODS_2_018,CA_1,11609,6.98
FOODS_2_038,CA_1,11609,6.08
FOODS_2_052,CA_1,11609,13.97
FOODS_2_062,CA_1,11609,5.77
FOODS_2_063,CA_1,11609,2.96
FOODS_2_082,CA_1,11609,5.98
FOODS_2_092,CA_1,11609,3.5
FOODS_2_104,CA_1,11609,7.48
FOODS_2_113,CA_1,11609,2.5
FOODS_2_126,CA_1,11609,4.88
FOODS_2_149,CA_1,11609,6.98
FOODS_2_160,CA_1,11609,2.88
FOODS_2_159,CA_1,11609,3.97
FOODS_2_177,CA_1,11609,3.33
FOODS_2_188,CA_1,11609,2.5
FOODS_2_200,CA_1,11609,3.97
FOODS_2_220,CA_1,11609,2.0
FOODS_2_221,CA_1,11609,1.0
FOODS_2_215,CA_1,11609,1.84
FOODS_2_223,CA_1,11609,2.18
FOODS_2_240,CA_1,11609,2.18
FOODS_2_255,CA_1,11609,2.68
FOODS_2_272,CA_1,11609,2.0
FOODS_2_288,CA_1,11609,2.5
FOODS_2_287,CA_1,11609,2.5
FOODS_2_302,CA_1,11609,9.98
FOODS_2_304,CA_1,11609,3.97
FOODS_2_328,CA_1,11609,4.42
FOODS_2_339,CA_1,11609,3.5
FOODS_2_336,CA_1,11609,2.5
FOODS_2_371,CA_1,11609,2.0
FOODS_2_388,CA_1,11609,2.98
FOODS_2_399,CA_1,11609,2.0
FOODS_3_002,CA_1,11609,2.5
FOODS_3_013,CA_1,11609,2.58
FOODS_3_039,CA_1,11609,3.98
FOODS_3_059,CA_1,11609,1.98
HOUSEHOLD_1_001,CA_4,11609,5.97
HOUSEHOLD_1_012,CA_4,11609,3.92
HOUSEHOLD_1_016,CA_4,11609,4.88
HOUSEHOLD_1_014,CA_4,11609,17.97
HOUSEHOLD_1_029,CA_4,11609,7.48
HOUSEHOLD_1_026,CA_4,11609,2.97
HOUSEHOLD_1_034,CA_4,11609,3.93
HOUSEHOLD_1_039,CA_4,11609,2.97
HOUSEHOLD_1_056,CA_4,11609,11.97
HOUSEHOLD_1_067,CA_4,11609,3.97
HOUSEHOLD_1_063,CA_4,11609,9.97
HOUSEHOLD_1_064,CA_4,11609,5.78
HOUSEHOLD_1_097,CA_4,11609,3.97
HOUSEHOLD_1_093,CA_4,11609,3.94
HOUSEHOLD_1_101,CA_4,11609,2.37
HOUSEHOLD_1_104,CA_4,11609,2.97
HOUSEHOLD_1_118,CA_4,11609,0.97
HOUSEHOLD_1_135,CA_4,11609,1.48
HOUSEHOLD_1_147,CA_4,11609,0.96
HOUSEHOLD_1_165,CA_4,11609,17.97
HOUSEHOLD_1_167,CA_4,11609,2.74
HOUSEHOLD_1_198,CA_4,11609,0.97
HOUSEHOLD_1_195,CA_4,11609,3.88
HOUSEHOLD_1_206,CA_4,11609,4.92
HOUSEHOLD_1_222,CA_4,11609,9.97
HOUSEHOLD_1_227,CA_4,11609,2.73
HOUSEHOLD_1_241,CA_4,11609,7.94
HOUSEHOLD_1_247,CA_4,11609,0.97
HOUSEHOLD_1_251,CA_4,11609,1.98
HOUSEHOLD_1_245,CA_4,11609,2.67
HOUSEHOLD_1_259,CA_4,11609,7.48
HOUSEHOLD_1_275,CA_4,11609,2.97
HOUSEHOLD_1_278,CA_4,11609,5.97
HOUSEHOLD_1_276,CA_4,11609,17.97
HOUSEHOLD_1_287,CA_4,11609,4.63
HOUSEHOLD_1_290,CA_4,11609,9.84
HOUSEHOLD_1_313,CA_4,11609,3.97
HOUSEHOLD_1_359,CA_4,11609,6.88
HOUSEHOLD_1_369,CA_4,11609,3.72
HOUSEHOLD_1_389,CA_4,11609,0.98
HOUSEHOLD_1_397,CA_4,11609,2.78
HOUSEHOLD_1_394,CA_4,11609,4.88
HOUSEHOLD_1_422,CA_4,11609,3.62
HOUSEHOLD_1_434,CA_4,11609,3.97
HOUSEHOLD_1_436,CA_4,11609,8.97
HOUSEHOLD_1_435,CA_4,11609,7.93
HOUSEHOLD_1_456,CA_4,11609,6.97
HOUSEHOLD_1_455,CA_4,11609,2.97
HOUSEHOLD_1_468,CA_4,11609,4.98
HOUSEHOLD_1_470,CA_4,11609,2.98
HOUSEHOLD_1_471,CA_4,11609,2.74
HOUSEHOLD_1_480,CA_4,11609,2.73
HOUSEHOLD_1_489,CA_4,11609,9.97
HOUSEHOLD_1_521,CA_4,11609,0.98
HOUSEHOLD_1_527,CA_4,11609,5.24
HOUSEHOLD_1_537,CA_4,11609,15.97
HOUSEHOLD_2_016,CA_4,11609,1.62
HOUSEHOLD_2_018,CA_4,11609,7.94
HOUSEHOLD_2_022,CA_4,11609,5.64
HOUSEHOLD_2_051,CA_4,11609,9.97
HOUSEHOLD_2_050,CA_4,11609,8.48
HOUSEHOLD_2_049,CA_4,11609,3.42
HOUSEHOLD_2_056,CA_4,11609,5.97
HOUSEHOLD_2_063,CA_4,11609,4.97
HOUSEHOLD_2_058,CA_4,11609,9.97
HOUSEHOLD_2_057,CA_4,11609,4.97
HOUSEHOLD_2_071,CA_4,11609,6.47
HOUSEHOLD_2_075,CA_4,11609,1.84
HOUSEHOLD_2_080,CA_4,11609,8.98
HOUSEHOLD_2_096,CA_4,11609,3.47
HOUSEHOLD_2_100,CA_4,11609,8.64
HOUSEHOLD_2_112,CA_4,11609,3.97
HOUSEHOLD_2_121,CA_4,11609,1.97
HOUSEHOLD_2_133,CA_4,11609,4.97
HOUSEHOLD_2_140,CA_4,11609,6.97
HOUSEHOLD_2_145,CA_4,11609,3.97
HOUSEHOLD_2_151,CA_4,11609,4.44
HOUSEHOLD_2_158,CA_4,11609,11.47
HOUSEHOLD_2_183,CA_4,11609,4.97
HOUSEHOLD_2_185,CA_4,11609,3.48
HOUSEHOLD_2_198,CA_4,11609,7.97
HOUSEHOLD_2_200,CA_4,11609,6.94
HOUSEHOLD_2_195,CA_4,11609,14.97
HOUSEHOLD_2_206,CA_4,11609,2.87
HOUSEHOLD_2_203,CA_4,11609,2.97
HOUSEHOLD_2_222,CA_4,11609,4.97
HOUSEHOLD_2_231,CA_4,11609,3.96
HOUSEHOLD_2_246,CA_4,11609,7.87
HOUSEHOLD_2_249,CA_4,11609,8.64
HOUSEHOLD_2_253,CA_4,11609,5.97
HOUSEHOLD_2_265,CA_4,11609,4.97
HOUSEHOLD_2_269,CA_4,11609,10.97
HOUSEHOLD_2_298,CA_4,11609,3.42
HOUSEHOLD_2_300,CA_4,11609,7.97
HOUSEHOLD_2_304,CA_4,11609,5.94
HOUSEHOLD_2_310,CA_4,11609,1.42
HOUSEHOLD_2_311,CA_4,11609,5.94
HOUSEHOLD_2_315,CA_4,11609,7.67
HOUSEHOLD_2_324,CA_4,11609,14.26
HOUSEHOLD_2_337,CA_4,11609,6.77
HOUSEHOLD_2_338,CA_4,11609,4.92
HOUSEHOLD_2_343,CA_4,11609,2.78
HOUSEHOLD_2_352,CA_4,11609,2.97
HOUSEHOLD_2_357,CA_4,11609,7.97
HOUSEHOLD_2_383,CA_4,11609,3.88
HOUSEHOLD_2_390,CA_4,11609,5.98
HOUSEHOLD_2_392,CA_4,11609,4.97
HOUSEHOLD_2_394,CA_4,11609,6.27
HOUSEHOLD_2_397,CA_4,11609,6.98
HOUSEHOLD_2_399,CA_4,11609,2.67
HOUSEHOLD_2_407,CA_4,11609,4.94
HOUSEHOLD_2_408,CA_4,11609,8.48
HOUSEHOLD_2_413,CA_4,11609,3.68
HOUSEHOLD_2_437,CA_4,11609,7.97
HOUSEHOLD_2_438,CA_4,11609,8.87
HOUSEHOLD_2_434,CA_4,11609,1.88
HOUSEHOLD_2_458,CA_4,11609,3.96
HOUSEHOLD_2_471,CA_4,11609,3.48
HOUSEHOLD_2_483,CA_4,11609,4.97
HOUSEHOLD_2_489,CA_4,11609,14.47
HOUSEHOLD_2_490,CA_4,11609,3.48
HOUSEHOLD_2_500,CA_4,11609,5.84
HOUSEHOLD_2_492,CA_4,11609,5.92
FOODS_1_018,CA_4,11609,0.98
FOODS_1_012,CA_4,11609,5.64
FOODS_1_020,CA_4,11609,2.68
FOODS_1_023,CA_4,11609,5.64
FOODS_1_032,CA_4,11609,0.98
FOODS_1_041,CA_4,11609,2.24
FOODS_1_038,CA_4,11609,9.94
FOODS_1_043,CA_4,11609,1.96
FOODS_1_054,CA_4,11609,1.98
FOODS_1_060,CA_4,11609,1.68
FOODS_1_072,CA_4,11609,5.28
FOODS_2_149,TX_3,11609,6.98
FOODS_2_160,TX_3,11609,2.88
FOODS_2_159,TX_3,11609,3.97
FOODS_2_177,TX_3,11609,3.33
FOODS_2_188,TX_3,11609,2.5
FOODS_2_200,TX_3,11609,4.97
FOODS_2_220,TX_3,11609,2.0
FOODS_2_221,TX_3,11609,1.0
FOODS_2_215,TX_3,11609,1.84
FOODS_2_223,TX_3,11609,2.18
FOODS_2_240,TX_3,11609,2.18
FOODS_2_255,TX_3,11609,2.0
FOODS_2_272,TX_3,11609,1.87
FOODS_2_288,TX_3,11609,2.5
FOODS_2_287,TX_3,11609,2.5
FOODS_2_304,TX_3,11609,3.97
FOODS_2_302,TX_3,11609,9.98
FOODS_2_328,TX_3,11609,4.42
FOODS_2_339,TX_3,11609,3.5
FOODS_2_336,TX_3,11609,2.5
FOODS_2_371,TX_3,11609,1.78
FOODS_2_388,TX_3,11609,2.98
FOODS_2_399,TX_3,11609,2.0
FOODS_3_002,TX_3,11609,2.56
FOODS_3_013,TX_3,11609,2.58
FOODS_3_039,TX_3,11609,3.98
FOODS_3_059,TX_3,11609,1.88
FOODS_3_080,TX_3,11609,1.68
FOODS_3_090,TX_3,11609,1.5
FOODS_3_098,TX_3,11609,4.48
FOODS_3_109,TX_3,11609,1.0
FOODS_3_111,TX_3,11609,4.98
FOODS_3_113,TX_3,11609,1.28
FOODS_3_120,TX_3,11609,4.98
FOODS_3_114,TX_3,11609,2.68
FOODS_3_124,TX_3,11609,5.44
FOODS_3_133,TX_3,11609,0.8
FOODS_3_139,TX_3,11609,4.98
FOODS_3_131,TX_3,11609,1.0
FOODS_3_135,TX_3,11609,1.48
FOODS_3_146,TX_3,11609,5.44
FOODS_3_181,TX_3,11609,2.98
FOODS_3_201,TX_3,11609,2.56
FOODS_3_196,TX_3,11609,4.48
FOODS_3_204,TX_3,11609,2.48
FOODS_3_216,TX_3,11609,2.56
FOODS_3_230,TX_3,11609,3.78
FOODS_3_235,TX_3,11609,1.74
FOODS_3_242,TX_3,11609,9.86
FOODS_3_262,TX_3,11609,6.72
FOODS_3_276,TX_3,11609,4.48
FOODS_3_288,TX_3,11609,1.5
FOODS_3_303,TX_3,11609,2.98
FOODS_3_308,TX_3,11609,4.98
FOODS_3_319,TX_3,11609,0.94
FOODS_3_322,TX_3,11609,2.56
FOODS_3_334,TX_3,11609,2.98
FOODS_3_332,TX_3,11609,1.98
FOODS_3_339,TX_3,11609,0.8
FOODS_3_349,TX_3,11609,1.68
FOODS_3_367,TX_3,11609,2.68
FOODS_3_369,TX_3,11609,3.98
FOODS_3_374,TX_3,11609,2.5
FOODS_3_377,TX_3,11609,1.68
FOODS_3_454,TX_3,11609,0.25
FOODS_3_459,TX_3,11609,1.88
FOODS_3_465,TX_3,11609,1.74
FOODS_3_473,TX_3,11609,4.18
FOODS_3_474,TX_3,11609,1.88
FOODS_3_485,TX_3,11609,3.56
FOODS_3_482,TX_3,11609,2.98
FOODS_3_507,TX_3,11609,1.98
FOODS_3_533,TX_3,11609,4.98
FOODS_3_532,TX_3,11609,2.98
FOODS_3_529,TX_3,11609,3.98
FOODS_3_536,TX_3,11609,2.98
FOODS_3_548,TX_3,11609,2.56
FOODS_3_559,TX_3,11609,3.0
FOODS_3_558,TX_3,11609,2.98
FOODS_3_567,TX_3,11609,1.74
FOODS_3_572,TX_3,11609,2.5
FOODS_3_577,TX_3,11609,3.43
FOODS_3_579,TX_3,11609,1.98
FOODS_3_573,TX_3,11609,1.0
FOODS_3_594,TX_3,11609,0.94
FOODS_3_617,TX_3,11609,2.78
FOODS_3_630,TX_3,11609,2.68
FOODS_3_643,TX_3,11609,1.74
FOODS_3_655,TX_3,11609,1.98
FOODS_3_650,TX_3,11609,2.98
FOODS_3_656,TX_3,11609,3.48
FOODS_3_669,TX_3,11609,0.75
FOODS_3_681,TX_3,11609,1.0
FOODS_3_685,TX_3,11609,2.5
FOODS_3_687,TX_3,11609,3.0
FOODS_3_694,TX_3,11609,1.68
FOODS_3_696,TX_3,11609,4.54
FOODS_3_723,TX_3,11609,1.5
FOODS_3_724,TX_3,11609,6.48
FOODS_3_725,TX_3,11609,2.88
FOODS_3_731,TX_3,11609,2.98
FOODS_3_744,TX_3,11609,2.28
FOODS_3_749,TX_3,11609,1.74
FOODS_3_767,TX_3,11609,0.94
FOODS_3_778,TX_3,11609,2.28
FOODS_3_787,TX_3,11609,2.48
FOODS_3_805,TX_3,11609,1.0
FOODS_3_797,TX_3,11609,3.98
FOODS_3_816,TX_3,11609,0.25
FOODS_3_825,TX_3,11609,3.98
HOBBIES_1_011,WI_1,11609,3.48
HOBBIES_1_019,WI_1,11609,0.48
HOBBIES_1_023,WI_1,11609,2.97
HOBBIES_1_028,WI_1,11609,7.98
HOBBIES_1_054,WI_1,11609,2.97
HOBBIES_1_067,WI_1,11609,0.57
HOBBIES_1_066,WI_1,11609,1.25
HOBBIES_1_073,WI_1,11609,5.47
HOBBIES_1_072,WI_1,11609,1.97
HOBBIES_1_085,WI_1,11609,14.72
HOBBIES_1_091,WI_1,11609,0.7
HOBBIES_1_099,WI_1,11609,13.98
HOBBIES_1_094,WI_1,11609,12.97
HOBBIES_1_114,WI_1,11609,5.97
HOBBIES_1_115,WI_1,11609,0.68
HOBBIES_1_113,WI_1,11609,1.47
HOBBIES_1_129,WI_1,11609,4.88
HOBBIES_1_125,WI_1,11609,11.73
HOBBIES_1_136,WI_1,11609,4.88
HOBBIES_1_133,WI_1,11609,12.88
HOBBIES_1_146,WI_1,11609,4.86
HOBBIES_1_147,WI_1,11609,9.97
HOBBIES_1_157,WI_1,11609,11.28
HOBBIES_1_155,WI_1,11609,18.98
HOBBIES_1_158,WI_1,11609,22.98
HOBBIES_1_174,WI_1,11609,4.88
HOBBIES_1_177,WI_1,11609,4.24
HOBBIES_1_180,WI_1,11609,19.98
HOBBIES_1_188,WI_1,11609,12.88
HOBBIES_1_190,WI_1,11609,9.97
FOODS_3_288,WI_3,11609,1.45
FOODS_3_303,WI_3,11609,2.98
FOODS_3_308,WI_3,11609,4.98
FOODS_3_319,WI_3,11609,0.94
FOODS_3_322,WI_3,11609,2.56
FOODS_3_334,WI_3,11609,2.98
FOODS_3_332,WI_3,11609,1.98
FOODS_3_339,WI_3,11609,0.8
FOODS_3_349,WI_3,11609,1.68
FOODS_3_367,WI_3,11609,2.68
FOODS_3_369,WI_3,11609,3.98
FOODS_3_374,WI_3,11609,2.5
FOODS_3_377,WI_3,11609,1.68
FOODS_3_454,WI_3,11609,0.25
FOODS_3_459,WI_3,11609,1.88
FOODS_3_465,WI_3,11609,1.74
FOODS_3_473,WI_3,11609,4.18
FOODS_3_474,WI_3,11609,1.88
FOODS_3_485,WI_3,11609,3.56
FOODS_3_482,WI_3,11609,2.98
FOODS_3_507,WI_3,11609,1.98
FOODS_3_533,WI_3,11609,4.98
FOODS_3_536,WI_3,11609,2.98
FOODS_3_532,WI_3,11609,2.98
FOODS_3_529,WI_3,11609,3.98
FOODS_3_548,WI_3,11609,2.58
FOODS_3_558,WI_3,11609,2.98
FOODS_3_559,WI_3,11609,3.0
FOODS_3_567,WI_3,11609,1.74
FOODS_3_572,WI_3,11609,2.5
FOODS_3_577,WI_3,11609,3.43
FOODS_3_573,WI_3,11609,1.0
FOODS_3_579,WI_3,11609,1.98
FOODS_3_594,WI_3,11609,0.94
FOODS_3_617,WI_3,11609,2.78
FOODS_3_630,WI_3,11609,2.68
FOODS_3_643,WI_3,11609,1.74
FOODS_3_655,WI_3,11609,1.98
FOODS_3_656,WI_3,11609,3.48
FOODS_3_650,WI_3,11609,2.98
FOODS_3_669,WI_3,11609,0.75
FOODS_3_681,WI_3,11609,1.0
FOODS_3_685,WI_3,11609,2.5
FOODS_3_687,WI_3,11609,3.0
FOODS_3_694,WI_3,11609,1.68
FOODS_3_696,WI_3,11609,4.54
FOODS_3_723,WI_3,11609,1.5
FOODS_3_724,WI_3,11609,6.48
FOODS_3_725,WI_3,11609,2.88
FOODS_3_731,WI_3,11609,2.98
FOODS_3_744,WI_3,11609,2.28
FOODS_3_749,WI_3,11609,1.74
FOODS_3_767,WI_3,11609,0.94
FOODS_3_778,WI_3,11609,2.28
FOODS_3_787,WI_3,11609,2.48
FOODS_3_805,WI_3,11609,1.0
FOODS_3_797,WI_3,11609,3.98
FOODS_3_816,WI_3,11609,0.25
FOODS_3_825,WI_3,11609,3.98
HOUSEHOLD_2_503,CA_2,11609,6.94
HOUSEHOLD_2_505,CA_2,11609,4.97
HOUSEHOLD_2_504,CA_2,11609,1.97
HOUSEHOLD_2_508,CA_2,11609,15.94
FOODS_1_002,CA_2,11609,9.48
FOODS_1_005,CA_2,11609,3.54
FOODS_1_022,CA_2,11609,4.84
FOODS_1_027,CA_2,11609,1.96
FOODS_1_021,CA_2,11609,0.98
FOODS_1_030,CA_2,11609,3.48
FOODS_1_031,CA_2,11609,3.54
FOODS_1_033,CA_2,11609,5.64
FOODS_1_039,CA_2,11609,2.48
FOODS_1_042,CA_2,11609,0.98
FOODS_1_063,CA_2,11609,2.48
FOODS_1_076,CA_2,11609,5.14
FOODS_1_084,CA_2,11609,4.58
FOODS_1_086,CA_2,11609,1.83
FOODS_1_082,CA_2,11609,0.98
FOODS_1_092,CA_2,11609,1.96
FOODS_1_095,CA_2,11609,3.17
FOODS_1_102,CA_2,11609,1.78
FOODS_1_107,CA_2,11609,4.58
FOODS_1_127,CA_2,11609,2.12
FOODS_1_126,CA_2,11609,2.24
FOODS_1_133,CA_2,11609,3.48
FOODS_1_147,CA_2,11609,4.84
FOODS_1_156,CA_2,11609,2.24
FOODS_1_151,CA_2,11609,11.84
FOODS_1_158,CA_2,11609,4.68
FOODS_1_173,CA_2,11609,2.0
FOODS_1_192,CA_2,11609,2.24
FOODS_1_195,CA_2,11609,2.24
FOODS_1_196,CA_2,11609,2.0
FOODS_1_216,CA_2,11609,5.28
FOODS_1_215,CA_2,11609,1.84
FOODS_2_012,CA_2,11609,3.34
FOODS_2_018,CA_2,11609,6.98
FOODS_2_038,CA_2,11609,6.08
FOODS_2_052,CA_2,11609,13.97
FOODS_2_063,CA_2,11609,2.96
FOODS_2_062,CA_2,11609,5.77
FOODS_2_092,CA_2,11609,3.5
FOODS_2_082,CA_2,11609,5.98
FOODS_2_126,CA_2,11609,4.88
FOODS_2_113,CA_2,11609,2.5
FOODS_2_104,CA_2,11609,7.48
FOODS_2_149,CA_2,11609,6.98
FOODS_2_159,CA_2,11609,3.97
FOODS_2_160,CA_2,11609,2.88
FOODS_2_177,CA_2,11609,3.33
FOODS_2_188,CA_2,11609,2.5
FOODS_2_215,CA_2,11609,1.84
FOODS_2_200,CA_2,11609,4.97
FOODS_2_220,CA_2,11609,2.0
FOODS_2_221,CA_2,11609,1.0
FOODS_2_223,CA_2,11609,2.18
FOODS_2_240,CA_2,11609,1.98
FOODS_2_255,CA_2,11609,2.68
FOODS_2_272,CA_2,11609,2.0
FOODS_2_288,CA_2,11609,2.5
FOODS_2_287,CA_2,11609,2.0
FOODS_2_304,CA_2,11609,3.97
FOODS_2_302,CA_2,11609,9.98
FOODS_2_339,CA_2,11609,3.5
FOODS_2_328,CA_2,11609,4.42
FOODS_2_336,CA_2,11609,2.5
FOODS_2_371,CA_2,11609,2.0
FOODS_2_388,CA_2,11609,2.98
FOODS_2_399,CA_2,11609,2.0
FOODS_3_002,CA_2,11609,2.56
FOODS_3_013,CA_2,11609,2.58
FOODS_3_039,CA_2,11609,3.98
FOODS_3_059,CA_2,11609,1.98
FOODS_3_080,CA_2,11609,1.68
FOODS_3_090,CA_2,11609,1.6
FOODS_3_098,CA_2,11609,4.68
FOODS_3_109,CA_2,11609,1.0
FOODS_3_111,CA_2,11609,4.98
FOODS_3_113,CA_2,11609,1.28
FOODS_3_120,CA_2,11609,4.98
FOODS_3_114,CA_2,11609,2.68
FOODS_3_124,CA_2,11609,5.44
FOODS_3_133,CA_2,11609,0.8
FOODS_3_139,CA_2,11609,4.98
FOODS_3_131,CA_2,11609,1.0
FOODS_3_135,CA_2,11609,1.48
FOODS_3_146,CA_2,11609,5.44
FOODS_3_181,CA_2,11609,2.98
FOODS_3_196,CA_2,11609,4.48
FOODS_3_201,CA_2,11609,2.56
FOODS_3_204,CA_2,11609,2.48
FOODS_3_216,CA_2,11609,2.56
FOODS_3_230,CA_2,11609,3.78
FOODS_3_235,CA_2,11609,1.74
FOODS_3_242,CA_2,11609,9.86
FOODS_3_262,CA_2,11609,6.72
FOODS_3_276,CA_2,11609,3.98
FOODS_3_288,CA_2,11609,1.5
FOODS_3_303,CA_2,11609,2.98
FOODS_3_308,CA_2,11609,4.98
FOODS_3_319,CA_2,11609,1.0
FOODS_3_322,CA_2,11609,2.56
FOODS_3_339,CA_2,11609,0.8
FOODS_3_334,CA_2,11609,2.98
FOODS_3_332,CA_2,11609,1.98
FOODS_3_349,CA_2,11609,1.68
FOODS_3_369,CA_2,11609,3.98
FOODS_3_367,CA_2,11609,2.68
FOODS_3_374,CA_2,11609,2.5
FOODS_3_377,CA_2,11609,1.68
FOODS_3_454,CA_2,11609,0.25
FOODS_3_459,CA_2,11609,1.88
FOODS_3_465,CA_2,11609,1.74
FOODS_3_473,CA_2,11609,4.18
FOODS_3_474,CA_2,11609,1.88
FOODS_3_485,CA_2,11609,3.56
FOODS_3_482,CA_2,11609,2.98
FOODS_3_507,CA_2,11609,1.98
FOODS_3_533,CA_2,11609,4.98
FOODS_3_532,CA_2,11609,2.98
FOODS_3_536,CA_2,11609,2.98
FOODS_3_529,CA_2,11609,3.98
FOODS_3_548,CA_2,11609,2.58
FOODS_3_558,CA_2,11609,2.5
FOODS_3_559,CA_2,11609,3.0
FOODS_3_567,CA_2,11609,1.74
FOODS_3_572,CA_2,11609,2.5
FOODS_3_577,CA_2,11609,3.43
FOODS_3_573,CA_2,11609,1.0
FOODS_3_579,CA_2,11609,1.98
FOODS_3_594,CA_2,11609,1.0
FOODS_3_617,CA_2,11609,2.78
FOODS_3_630,CA_2,11609,2.48
FOODS_3_643,CA_2,11609,1.74
FOODS_3_655,CA_2,11609,1.98
FOODS_3_656,CA_2,11609,3.48
FOODS_3_650,CA_2,11609,2.98
FOODS_3_669,CA_2,11609,0.75
FOODS_3_681,CA_2,11609,1.0
FOODS_3_685,CA_2,11609,2.5
FOODS_3_687,CA_2,11609,3.0
FOODS_3_694,CA_2,11609,1.68
FOODS_3_696,CA_2,11609,4.54
FOODS_3_723,CA_2,11609,1.6
FOODS_3_724,CA_2,11609,6.48
FOODS_3_725,CA_2,11609,2.88
FOODS_3_731,CA_2,11609,2.98
FOODS_3_744,CA_2,11609,2.28
FOODS_3_749,CA_2,11609,1.74
FOODS_3_767,CA_2,11609,1.0
FOODS_3_778,CA_2,11609,2.28
FOODS_3_787,CA_2,11609,2.48
FOODS_3_797,CA_2,11609,3.98
FOODS_3_805,CA_2,11609,1.0
FOODS_3_816,CA_2,11609,0.25
FOODS_3_825,CA_2,11609,3.98
HOBBIES_1_010,CA_3,11609,2.97
HOBBIES_1_007,CA_3,11609,7.88
HOBBIES_1_014,CA_3,11609,1.16
HOBBIES_1_026,CA_3,11609,17.97
FOODS_1_083,CA_4,11609,2.0
FOODS_1_094,CA_4,11609,3.54
FOODS_1_093,CA_4,11609,5.64
FOODS_1_089,CA_4,11609,3.48
FOODS_1_103,CA_4,11609,4.27
FOODS_1_104,CA_4,11609,3.54
FOODS_1_112,CA_4,11609,1.98
FOODS_1_113,CA_4,11609,0.98
FOODS_1_111,CA_4,11609,5.98
FOODS_1_124,CA_4,11609,2.24
FOODS_1_120,CA_4,11609,1.96
FOODS_1_130,CA_4,11609,1.78
FOODS_1_132,CA_4,11609,1.96
FOODS_1_150,CA_4,11609,5.28
FOODS_1_148,CA_4,11609,4.84
FOODS_1_159,CA_4,11609,4.89
FOODS_1_170,CA_4,11609,5.64
FOODS_1_175,CA_4,11609,2.98
FOODS_1_184,CA_4,11609,1.0
FOODS_1_193,CA_4,11609,4.89
FOODS_1_201,CA_4,11609,2.24
FOODS_1_203,CA_4,11609,2.24
FOODS_1_205,CA_4,11609,5.28
FOODS_1_208,CA_4,11609,1.96
FOODS_1_210,CA_4,11609,1.96
FOODS_2_009,CA_4,11609,1.48
FOODS_2_006,CA_4,11609,10.97
FOODS_2_027,CA_4,11609,2.64
FOODS_2_028,CA_4,11609,3.94
FOODS_2_034,CA_4,11609,2.5
FOODS_2_047,CA_4,11609,2.96
FOODS_2_046,CA_4,11609,3.94
FOODS_2_056,CA_4,11609,6.98
FOODS_2_071,CA_4,11609,4.48
FOODS_2_077,CA_4,11609,5.92
FOODS_2_086,CA_4,11609,2.67
FOODS_2_088,CA_4,11609,7.47
FOODS_2_089,CA_4,11609,3.98
FOODS_2_114,CA_4,11609,2.5
FOODS_2_118,CA_4,11609,3.28
FOODS_2_128,CA_4,11609,0.94
FOODS_2_137,CA_4,11609,2.5
FOODS_2_142,CA_4,11609,3.98
FOODS_2_144,CA_4,11609,2.5
FOODS_2_153,CA_4,11609,2.96
FOODS_2_157,CA_4,11609,3.94
FOODS_2_171,CA_4,11609,2.97
FOODS_2_207,CA_4,11609,7.98
FOODS_2_201,CA_4,11609,4.98
FOODS_2_216,CA_4,11609,5.98
FOODS_2_229,CA_4,11609,2.18
FOODS_2_235,CA_4,11609,2.5
FOODS_2_237,CA_4,11609,2.5
FOODS_2_244,CA_4,11609,5.94
FOODS_2_251,CA_4,11609,7.87
FOODS_2_246,CA_4,11609,2.18
FOODS_2_250,CA_4,11609,10.97
FOODS_2_262,CA_4,11609,2.0
FOODS_2_259,CA_4,11609,3.67
FOODS_2_282,CA_4,11609,6.72
FOODS_2_286,CA_4,11609,1.58
FOODS_2_295,CA_4,11609,13.97
FOODS_2_298,CA_4,11609,13.97
FOODS_2_300,CA_4,11609,5.92
FOODS_2_301,CA_4,11609,3.18
FOODS_2_309,CA_4,11609,2.74
FOODS_2_322,CA_4,11609,2.97
FOODS_2_327,CA_4,11609,2.0
FOODS_2_321,CA_4,11609,2.98
FOODS_2_320,CA_4,11609,1.86
FOODS_2_361,CA_4,11609,3.94
FOODS_2_367,CA_4,11609,4.97
FOODS_2_368,CA_4,11609,7.87
FOODS_2_370,CA_4,11609,4.97
FOODS_2_366,CA_4,11609,2.5
FOODS_2_376,CA_4,11609,2.0
FOODS_2_379,CA_4,11609,6.98
FOODS_2_381,CA_4,11609,2.5
FOODS_2_384,CA_4,11609,2.28
FOODS_3_005,CA_4,11609,2.28
FOODS_3_010,CA_4,11609,2.84
FOODS_3_006,CA_4,11609,7.88
FOODS_3_019,CA_4,11609,1.98
FOODS_3_012,CA_4,11609,2.68
FOODS_3_018,CA_4,11609,4.54
FOODS_3_023,CA_4,11609,3.98
FOODS_3_032,CA_4,11609,2.98
FOODS_3_034,CA_4,11609,2.56
FOODS_3_033,CA_4,11609,2.5
FOODS_3_038,CA_4,11609,4.98
FOODS_3_042,CA_4,11609,1.68
FOODS_3_046,CA_4,11609,1.98
FOODS_3_047,CA_4,11609,1.0
FOODS_3_058,CA_4,11609,1.98
FOODS_3_061,CA_4,11609,2.98
FOODS_3_070,CA_4,11609,0.25
FOODS_3_071,CA_4,11609,1.34
FOODS_3_078,CA_4,11609,2.97
FOODS_3_091,CA_4,11609,5.98
FOODS_3_092,CA_4,11609,3.98
FOODS_3_096,CA_4,11609,4.68
FOODS_3_101,CA_4,11609,1.0
FOODS_3_117,CA_4,11609,1.98
FOODS_3_119,CA_4,11609,4.28
FOODS_3_138,CA_4,11609,1.98
FOODS_3_145,CA_4,11609,2.98
FOODS_3_152,CA_4,11609,2.88
FOODS_3_164,CA_4,11609,2.94
FOODS_3_188,CA_4,11609,1.98
FOODS_3_186,CA_4,11609,2.28
FOODS_3_194,CA_4,11609,2.98
FOODS_3_198,CA_4,11609,6.44
FOODS_3_200,CA_4,11609,2.0
FOODS_3_214,CA_4,11609,0.94
FOODS_3_215,CA_4,11609,1.24
FOODS_3_213,CA_4,11609,2.24
FOODS_3_211,CA_4,11609,4.58
FOODS_3_222,CA_4,11609,4.54
FOODS_3_232,CA_4,11609,3.0
FOODS_3_238,CA_4,11609,3.27
FOODS_3_236,CA_4,11609,2.56
FOODS_3_257,CA_4,11609,3.98
FOODS_3_259,CA_4,11609,1.78
FOODS_3_261,CA_4,11609,3.98
FOODS_3_269,CA_4,11609,2.98
FOODS_3_281,CA_4,11609,1.25
FOODS_3_289,CA_4,11609,2.98
FOODS_3_293,CA_4,11609,1.98
FOODS_3_309,CA_4,11609,1.98
FOODS_3_306,CA_4,11609,1.58
FOODS_3_315,CA_4,11609,1.74
FOODS_3_320,CA_4,11609,1.98
FOODS_3_335,CA_4,11609,2.48
FOODS_3_346,CA_4,11609,1.98
FOODS_3_351,CA_4,11609,0.94
FOODS_3_358,CA_4,11609,2.88
FOODS_3_354,CA_4,11609,2.98
FOODS_3_362,CA_4,11609,2.56
FOODS_3_384,CA_4,11609,2.98
FOODS_3_387,CA_4,11609,2.68
FOODS_3_388,CA_4,11609,3.98
FOODS_3_408,CA_4,11609,2.98
FOODS_3_404,CA_4,11609,1.0
FOODS_3_418,CA_4,11609,3.98
FOODS_3_426,CA_4,11609,2.98
FOODS_3_429,CA_4,11609,5.98
FOODS_3_442,CA_4,11609,2.48
FOODS_3_455,CA_4,11609,2.48
FOODS_3_471,CA_4,11609,2.5
FOODS_3_477,CA_4,11609,1.68
FOODS_3_478,CA_4,11609,1.74
FOODS_3_484,CA_4,11609,1.98
FOODS_3_480,CA_4,11609,2.98
FOODS_3_490,CA_4,11609,3.48
FOODS_3_495,CA_4,11609,2.18
FOODS_3_497,CA_4,11609,2.5
FOODS_3_500,CA_4,11609,2.5
FOODS_3_506,CA_4,11609,3.98
FOODS_3_526,CA_4,11609,1.98
FOODS_3_528,CA_4,11609,4.98
FOODS_3_524,CA_4,11609,1.0
FOODS_3_534,CA_4,11609,4.88
FOODS_3_568,CA_4,11609,1.0
FOODS_3_586,CA_4,11609,1.68
FOODS_3_583,CA_4,11609,1.5
FOODS_3_587,CA_4,11609,2.48
FOODS_3_588,CA_4,11609,3.94
FOODS_3_599,CA_4,11609,1.98
FOODS_3_608,CA_4,11609,1.74
FOODS_3_628,CA_4,11609,3.98
FOODS_3_627,CA_4,11609,2.88
FOODS_3_635,CA_4,11609,1.0
FOODS_3_642,CA_4,11609,2.98
FOODS_3_640,CA_4,11609,1.5
FOODS_3_646,CA_4,11609,2.68
FOODS_3_657,CA_4,11609,3.98
FOODS_3_666,CA_4,11609,2.68
FOODS_3_667,CA_4,11609,1.98
FOODS_3_680,CA_4,11609,2.5
FOODS_3_683,CA_4,11609,2.56
FOODS_3_692,CA_4,11609,0.8
FOODS_3_698,CA_4,11609,1.0
FOODS_3_705,CA_4,11609,3.88
FOODS_3_710,CA_4,11609,2.98
FOODS_3_706,CA_4,11609,1.98
FOODS_3_722,CA_4,11609,2.56
FOODS_3_734,CA_4,11609,1.78
FOODS_3_739,CA_4,11609,1.5
HOUSEHOLD_2_231,WI_1,11609,3.96
HOUSEHOLD_2_249,WI_1,11609,8.64
HOUSEHOLD_2_246,WI_1,11609,7.87
HOUSEHOLD_2_253,WI_1,11609,5.97
HOUSEHOLD_2_265,WI_1,11609,4.97
HOUSEHOLD_2_269,WI_1,11609,10.97
HOUSEHOLD_2_298,WI_1,11609,3.42
HOUSEHOLD_2_300,WI_1,11609,7.97
HOUSEHOLD_2_304,WI_1,11609,5.94
HOUSEHOLD_2_310,WI_1,11609,1.42
HOUSEHOLD_2_311,WI_1,11609,5.94
HOUSEHOLD_2_315,WI_1,11609,7.67
HOUSEHOLD_2_324,WI_1,11609,14.26
HOUSEHOLD_2_337,WI_1,11609,6.77
HOUSEHOLD_2_343,WI_1,11609,2.78
HOUSEHOLD_2_338,WI_1,11609,4.92
HOUSEHOLD_2_352,WI_1,11609,2.97
HOUSEHOLD_2_357,WI_1,11609,7.97
HOUSEHOLD_2_383,WI_1,11609,3.88
HOUSEHOLD_2_394,WI_1,11609,6.27
HOUSEHOLD_2_390,WI_1,11609,5.98
HOUSEHOLD_2_392,WI_1,11609,4.97
HOUSEHOLD_2_397,WI_1,11609,6.98
HOUSEHOLD_2_407,WI_1,11609,4.94
HOUSEHOLD_2_408,WI_1,11609,8.48
HOUSEHOLD_2_399,WI_1,11609,2.67
HOUSEHOLD_2_413,WI_1,11609,3.68
HOUSEHOLD_2_434,WI_1,11609,1.88
HOUSEHOLD_2_437,WI_1,11609,7.97
HOUSEHOLD_2_438,WI_1,11609,8.87
HOUSEHOLD_2_458,WI_1,11609,3.96
HOUSEHOLD_2_471,WI_1,11609,3.48
HOUSEHOLD_2_483,WI_1,11609,4.97
HOUSEHOLD_2_489,WI_1,11609,14.47
HOUSEHOLD_2_490,WI_1,11609,3.48
HOUSEHOLD_2_492,WI_1,11609,5.92
HOUSEHOLD_2_500,WI_1,11609,5.84
FOODS_1_018,WI_1,11609,0.98
FOODS_1_012,WI_1,11609,7.27
FOODS_1_020,WI_1,11609,2.68
FOODS_1_023,WI_1,11609,7.27
FOODS_1_032,WI_1,11609,0.98
FOODS_1_038,WI_1,11609,9.94
FOODS_1_041,WI_1,11609,2.24
FOODS_1_043,WI_1,11609,1.96
FOODS_1_054,WI_1,11609,1.98
FOODS_1_060,WI_1,11609,1.68
FOODS_1_072,WI_1,11609,5.28
FOODS_1_083,WI_1,11609,2.0
FOODS_1_094,WI_1,11609,3.54
FOODS_1_093,WI_1,11609,6.77
FOODS_1_089,WI_1,11609,3.48
FOODS_1_103,WI_1,11609,3.88
FOODS_1_104,WI_1,11609,3.54
FOODS_1_112,WI_1,11609,1.98
FOODS_1_111,WI_1,11609,5.98
FOODS_1_120,WI_1,11609,1.96
FOODS_1_113,WI_1,11609,0.98
FOODS_1_124,WI_1,11609,2.24
FOODS_1_130,WI_1,11609,1.78
FOODS_1_132,WI_1,11609,1.96
FOODS_1_150,WI_1,11609,5.28
FOODS_1_148,WI_1,11609,6.47
FOODS_1_159,WI_1,11609,6.47
FOODS_1_170,WI_1,11609,7.27
FOODS_1_175,WI_1,11609,2.98
FOODS_1_184,WI_1,11609,1.0
FOODS_1_193,WI_1,11609,6.32
FOODS_1_201,WI_1,11609,2.24
FOODS_1_203,WI_1,11609,2.24
FOODS_1_208,WI_1,11609,1.96
FOODS_1_205,WI_1,11609,5.28
FOODS_1_210,WI_1,11609,1.96
FOODS_2_006,WI_1,11609,10.97
FOODS_2_009,WI_1,11609,1.48
FOODS_2_027,WI_1,11609,2.64
FOODS_2_028,WI_1,11609,3.94
FOODS_2_034,WI_1,11609,2.5
FOODS_2_047,WI_1,11609,2.96
FOODS_2_046,WI_1,11609,3.94
FOODS_2_056,WI_1,11609,6.98
FOODS_2_071,WI_1,11609,4.48
FOODS_2_077,WI_1,11609,5.92
FOODS_2_086,WI_1,11609,2.67
FOODS_2_088,WI_1,11609,7.47
FOODS_2_089,WI_1,11609,3.98
FOODS_2_118,WI_1,11609,3.28
FOODS_2_114,WI_1,11609,2.5
FOODS_2_128,WI_1,11609,0.94
FOODS_2_144,WI_1,11609,2.5
FOODS_2_137,WI_1,11609,2.5
FOODS_2_142,WI_1,11609,3.98
FOODS_2_153,WI_1,11609,2.96
FOODS_2_157,WI_1,11609,3.94
FOODS_2_171,WI_1,11609,2.97
FOODS_2_201,WI_1,11609,4.98
FOODS_2_207,WI_1,11609,7.98
FOODS_2_216,WI_1,11609,5.98
FOODS_2_229,WI_1,11609,2.18
FOODS_2_235,WI_1,11609,2.5
FOODS_2_237,WI_1,11609,2.5
FOODS_2_244,WI_1,11609,5.94
FOODS_2_246,WI_1,11609,1.87
FOODS_2_251,WI_1,11609,7.87
FOODS_2_259,WI_1,11609,3.67
FOODS_2_250,WI_1,11609,10.97
FOODS_2_262,WI_1,11609,2.0
FOODS_2_282,WI_1,11609,6.72
FOODS_2_286,WI_1,11609,1.58
FOODS_2_300,WI_1,11609,5.92
FOODS_2_295,WI_1,11609,13.97
FOODS_2_298,WI_1,11609,13.97
FOODS_2_301,WI_1,11609,3.18
FOODS_2_309,WI_1,11609,2.74
FOODS_2_321,WI_1,11609,2.98
FOODS_2_322,WI_1,11609,2.97
FOODS_2_327,WI_1,11609,2.0
FOODS_2_320,WI_1,11609,1.86
FOODS_2_361,WI_1,11609,3.94
FOODS_2_368,WI_1,11609,7.87
FOODS_2_367,WI_1,11609,4.97
FOODS_2_366,WI_1,11609,2.5
FOODS_2_370,WI_1,11609,4.97
FOODS_2_381,WI_1,11609,2.5
FOODS_2_384,WI_1,11609,2.28
FOODS_2_376,WI_1,11609,2.0
FOODS_2_379,WI_1,11609,6.98
FOODS_3_005,WI_1,11609,2.28
FOODS_3_006,WI_1,11609,7.88
FOODS_3_012,WI_1,11609,2.68
FOODS_3_010,WI_1,11609,2.84
FOODS_3_019,WI_1,11609,1.98
FOODS_3_023,WI_1,11609,3.98
FOODS_3_018,WI_1,11609,4.54
FOODS_3_032,WI_1,11609,2.98
FOODS_3_034,WI_1,11609,2.56
FOODS_3_033,WI_1,11609,2.5
FOODS_3_038,WI_1,11609,4.98
FOODS_3_042,WI_1,11609,1.68
FOODS_3_046,WI_1,11609,1.98
FOODS_3_047,WI_1,11609,1.0
FOODS_3_058,WI_1,11609,1.98
FOODS_3_061,WI_1,11609,2.98
FOODS_3_070,WI_1,11609,0.25
FOODS_3_078,WI_1,11609,2.97
FOODS_3_071,WI_1,11609,1.34
FOODS_3_091,WI_1,11609,5.98
FOODS_3_092,WI_1,11609,3.98
FOODS_3_096,WI_1,11609,4.44
FOODS_3_101,WI_1,11609,1.0
FOODS_3_117,WI_1,11609,1.88
FOODS_3_119,WI_1,11609,4.28
FOODS_3_138,WI_1,11609,1.98
FOODS_3_145,WI_1,11609,2.98
FOODS_3_152,WI_1,11609,2.88
FOODS_3_164,WI_1,11609,2.94
FOODS_3_186,WI_1,11609,2.28
FOODS_3_188,WI_1,11609,1.98
FOODS_3_194,WI_1,11609,2.98
FOODS_3_198,WI_1,11609,6.44
FOODS_3_200,WI_1,11609,2.0
FOODS_3_214,WI_1,11609,0.94
FOODS_3_215,WI_1,11609,0.78
FOODS_3_213,WI_1,11609,2.24
FOODS_3_211,WI_1,11609,4.58
FOODS_3_222,WI_1,11609,4.54
FOODS_3_232,WI_1,11609,3.0
FOODS_3_238,WI_1,11609,3.27
FOODS_3_236,WI_1,11609,2.56
FOODS_3_257,WI_1,11609,3.98
FOODS_3_259,WI_1,11609,1.34
FOODS_3_261,WI_1,11609,3.98
FOODS_3_269,WI_1,11609,2.98
FOODS_3_281,WI_1,11609,1.25
FOODS_3_289,WI_1,11609,2.98
FOODS_3_293,WI_1,11609,1.98
FOODS_3_306,WI_1,11609,1.58
FOODS_3_309,WI_1,11609,1.98
FOODS_3_320,WI_1,11609,1.98
FOODS_3_315,WI_1,11609,1.74
FOODS_3_335,WI_1,11609,2.48
FOODS_3_346,WI_1,11609,1.98
FOODS_3_351,WI_1,11609,0.94
FOODS_3_358,WI_1,11609,2.88
FOODS_3_354,WI_1,11609,2.98
FOODS_3_362,WI_1,11609,2.56
FOODS_3_387,WI_1,11609,2.68
FOODS_3_388,WI_1,11609,3.98
FOODS_3_384,WI_1,11609,2.98
HOUSEHOLD_2_226,WI_3,11609,6.97
HOUSEHOLD_2_228,WI_3,11609,5.47
HOUSEHOLD_2_236,WI_3,11609,8.48
HOUSEHOLD_2_238,WI_3,11609,9.93
HOUSEHOLD_2_243,WI_3,11609,2.97
HOUSEHOLD_2_241,WI_3,11609,4.94
HOUSEHOLD_2_251,WI_3,11609,3.97
HOUSEHOLD_2_260,WI_3,11609,6.97
HOUSEHOLD_2_264,WI_3,11609,3.48
HOUSEHOLD_2_284,WI_3,11609,5.94
HOUSEHOLD_2_285,WI_3,11609,4.67
HOUSEHOLD_2_287,WI_3,11609,1.94
HOUSEHOLD_2_280,WI_3,11609,5.97
HOUSEHOLD_2_294,WI_3,11609,4.77
HOUSEHOLD_2_301,WI_3,11609,1.97
HOUSEHOLD_2_305,WI_3,11609,5.47
HOUSEHOLD_2_314,WI_3,11609,1.97
HOUSEHOLD_2_313,WI_3,11609,1.97
HOUSEHOLD_2_320,WI_3,11609,8.47
HOUSEHOLD_2_323,WI_3,11609,3.97
HOUSEHOLD_2_318,WI_3,11609,3.97
HOUSEHOLD_2_326,WI_3,11609,5.94
HOUSEHOLD_2_333,WI_3,11609,4.98
HOUSEHOLD_2_349,WI_3,11609,4.97
HOUSEHOLD_2_365,WI_3,11609,4.87
HOUSEHOLD_2_370,WI_3,11609,6.27
HOUSEHOLD_2_389,WI_3,11609,1.97
HOUSEHOLD_2_403,WI_3,11609,5.44
HOUSEHOLD_2_411,WI_3,11609,5.84
HOUSEHOLD_2_420,WI_3,11609,5.64
HOUSEHOLD_2_428,WI_3,11609,7.94
HOUSEHOLD_2_430,WI_3,11609,3.97
HOUSEHOLD_2_442,WI_3,11609,1.48
HOUSEHOLD_2_447,WI_3,11609,1.97
HOUSEHOLD_2_450,WI_3,11609,10.43
HOUSEHOLD_2_467,WI_3,11609,3.97
HOUSEHOLD_2_503,WI_3,11609,6.94
HOUSEHOLD_2_505,WI_3,11609,4.97
HOUSEHOLD_2_504,WI_3,11609,1.97
HOUSEHOLD_2_508,WI_3,11609,15.94
FOODS_1_002,WI_3,11609,9.48
FOODS_1_005,WI_3,11609,3.54
FOODS_1_021,WI_3,11609,0.98
FOODS_1_022,WI_3,11609,6.47
FOODS_1_031,WI_3,11609,3.54
FOODS_1_030,WI_3,11609,3.48
FOODS_1_033,WI_3,11609,7.27
FOODS_1_027,WI_3,11609,1.96
FOODS_1_039,WI_3,11609,2.48
FOODS_1_042,WI_3,11609,0.94
FOODS_1_063,WI_3,11609,2.48
FOODS_1_084,WI_3,11609,6.03
FOODS_1_076,WI_3,11609,6.72
FOODS_1_082,WI_3,11609,0.98
FOODS_1_086,WI_3,11609,1.83
FOODS_1_095,WI_3,11609,4.79
FOODS_1_092,WI_3,11609,1.96
FOODS_1_107,WI_3,11609,6.03
FOODS_1_102,WI_3,11609,1.78
FOODS_1_127,WI_3,11609,2.12
FOODS_1_126,WI_3,11609,2.24
FOODS_1_133,WI_3,11609,3.48
FOODS_1_151,WI_3,11609,11.84
FOODS_1_147,WI_3,11609,6.47
FOODS_1_158,WI_3,11609,4.68
FOODS_1_156,WI_3,11609,2.24
FOODS_1_173,WI_3,11609,2.0
FOODS_1_192,WI_3,11609,2.24
FOODS_1_195,WI_3,11609,2.24
FOODS_1_196,WI_3,11609,2.0
FOODS_1_216,WI_3,11609,5.28
FOODS_1_215,WI_3,11609,1.84
FOODS_2_012,WI_3,11609,3.34
FOODS_2_018,WI_3,11609,6.98
FOODS_2_038,WI_3,11609,6.08
FOODS_2_052,WI_3,11609,13.97
FOODS_2_062,WI_3,11609,5.77
FOODS_2_063,WI_3,11609,2.96
FOODS_2_082,WI_3,11609,5.98
FOODS_2_092,WI_3,11609,3.5
FOODS_2_104,WI_3,11609,7.48
FOODS_2_113,WI_3,11609,2.5
FOODS_2_126,WI_3,11609,4.88
FOODS_2_149,WI_3,11609,6.98
FOODS_2_160,WI_3,11609,2.88
FOODS_2_159,WI_3,11609,3.97
FOODS_2_177,WI_3,11609,3.33
FOODS_2_188,WI_3,11609,2.5
FOODS_2_200,WI_3,11609,4.32
FOODS_2_220,WI_3,11609,2.0
FOODS_2_215,WI_3,11609,1.84
FOODS_2_221,WI_3,11609,1.0
FOODS_2_223,WI_3,11609,2.18
FOODS_2_240,WI_3,11609,1.87
FOODS_2_255,WI_3,11609,2.56
FOODS_2_272,WI_3,11609,1.87
FOODS_2_288,WI_3,11609,2.5
FOODS_2_287,WI_3,11609,2.5
FOODS_2_304,WI_3,11609,3.97
FOODS_2_302,WI_3,11609,9.98
FOODS_2_328,WI_3,11609,4.42
FOODS_2_339,WI_3,11609,3.5
FOODS_2_336,WI_3,11609,2.5
FOODS_2_371,WI_3,11609,1.68
FOODS_2_388,WI_3,11609,2.98
FOODS_2_399,WI_3,11609,2.0
FOODS_3_002,WI_3,11609,2.56
FOODS_3_013,WI_3,11609,2.58
FOODS_3_039,WI_3,11609,3.98
FOODS_3_059,WI_3,11609,1.88
FOODS_3_080,WI_3,11609,1.68
FOODS_3_090,WI_3,11609,1.38
FOODS_3_098,WI_3,11609,4.44
FOODS_3_109,WI_3,11609,1.0
FOODS_3_111,WI_3,11609,4.98
FOODS_3_113,WI_3,11609,1.18
FOODS_3_120,WI_3,11609,4.98
FOODS_3_114,WI_3,11609,2.68
FOODS_3_124,WI_3,11609,5.44
FOODS_3_133,WI_3,11609,0.8
FOODS_3_131,WI_3,11609,1.0
FOODS_3_135,WI_3,11609,1.48
FOODS_3_139,WI_3,11609,4.98
FOODS_3_146,WI_3,11609,5.44
FOODS_3_181,WI_3,11609,2.98
FOODS_3_201,WI_3,11609,2.56
FOODS_3_196,WI_3,11609,4.48
FOODS_3_204,WI_3,11609,2.48
FOODS_3_216,WI_3,11609,2.56
FOODS_3_230,WI_3,11609,3.78
FOODS_3_235,WI_3,11609,1.74
FOODS_3_242,WI_3,11609,9.86
FOODS_3_262,WI_3,11609,6.72
FOODS_3_276,WI_3,11609,4.48
FOODS_3_121,CA_1,11609,2.98
FOODS_3_125,CA_1,11609,4.98
FOODS_3_136,CA_1,11609,4.68
FOODS_3_134,CA_1,11609,6.98
FOODS_3_140,CA_1,11609,3.0
FOODS_3_155,CA_1,11609,1.98
FOODS_3_156,CA_1,11609,4.18
FOODS_3_161,CA_1,11609,1.98
FOODS_3_169,CA_1,11609,3.98
FOODS_3_173,CA_1,11609,11.82
FOODS_3_218,CA_1,11609,2.0
FOODS_3_233,CA_1,11609,2.56
FOODS_3_248,CA_1,11609,1.98
FOODS_3_249,CA_1,11609,2.68
FOODS_3_247,CA_1,11609,4.94
FOODS_3_267,CA_1,11609,2.28
FOODS_3_272,CA_1,11609,9.98
FOODS_3_274,CA_1,11609,1.6
FOODS_3_279,CA_1,11609,2.98
FOODS_3_275,CA_1,11609,2.5
FOODS_3_277,CA_1,11609,1.98
FOODS_3_290,CA_1,11609,1.0
FOODS_3_298,CA_1,11609,18.73
FOODS_3_297,CA_1,11609,2.88
FOODS_3_302,CA_1,11609,1.5
FOODS_3_304,CA_1,11609,4.48
FOODS_3_323,CA_1,11609,2.48
FOODS_3_326,CA_1,11609,1.48
FOODS_3_328,CA_1,11609,3.88
FOODS_3_348,CA_1,11609,0.8
FOODS_3_344,CA_1,11609,2.24
FOODS_3_360,CA_1,11609,2.24
FOODS_3_375,CA_1,11609,1.74
FOODS_3_380,CA_1,11609,1.98
FOODS_3_383,CA_1,11609,1.48
FOODS_3_391,CA_1,11609,2.98
FOODS_3_398,CA_1,11609,5.62
FOODS_3_409,CA_1,11609,2.78
FOODS_3_417,CA_1,11609,4.54
FOODS_3_436,CA_1,11609,2.5
FOODS_3_460,CA_1,11609,1.98
FOODS_3_489,CA_1,11609,1.98
FOODS_3_498,CA_1,11609,0.25
FOODS_3_501,CA_1,11609,0.8
FOODS_3_496,CA_1,11609,3.98
FOODS_3_505,CA_1,11609,3.62
FOODS_3_509,CA_1,11609,1.98
FOODS_3_518,CA_1,11609,2.88
FOODS_3_523,CA_1,11609,1.98
FOODS_3_535,CA_1,11609,6.24
FOODS_3_557,CA_1,11609,2.5
FOODS_3_566,CA_1,11609,1.0
FOODS_3_561,CA_1,11609,2.98
FOODS_3_569,CA_1,11609,3.98
FOODS_3_575,CA_1,11609,6.72
FOODS_3_590,CA_1,11609,2.68
FOODS_3_611,CA_1,11609,2.48
FOODS_3_612,CA_1,11609,4.54
FOODS_3_622,CA_1,11609,2.58
FOODS_3_623,CA_1,11609,2.98
FOODS_3_619,CA_1,11609,2.98
FOODS_3_632,CA_1,11609,3.98
FOODS_3_644,CA_1,11609,1.68
FOODS_3_664,CA_1,11609,1.98
FOODS_3_674,CA_1,11609,2.98
FOODS_3_676,CA_1,11609,6.98
FOODS_3_679,CA_1,11609,3.88
FOODS_3_678,CA_1,11609,4.98
FOODS_3_713,CA_1,11609,3.48
FOODS_3_707,CA_1,11609,1.28
FOODS_3_716,CA_1,11609,1.28
FOODS_3_727,CA_1,11609,3.98
FOODS_3_729,CA_1,11609,3.98
FOODS_3_732,CA_1,11609,2.18
FOODS_3_736,CA_1,11609,1.74
FOODS_3_741,CA_1,11609,1.35
FOODS_3_742,CA_1,11609,1.25
FOODS_3_737,CA_1,11609,3.48
FOODS_3_752,CA_1,11609,0.25
FOODS_3_760,CA_1,11609,2.88
FOODS_3_769,CA_1,11609,1.25
FOODS_3_768,CA_1,11609,1.98
FOODS_3_772,CA_1,11609,5.44
FOODS_3_779,CA_1,11609,2.48
FOODS_3_784,CA_1,11609,1.48
FOODS_3_791,CA_1,11609,2.5
FOODS_3_799,CA_1,11609,2.18
FOODS_3_806,CA_1,11609,2.56
FOODS_3_812,CA_1,11609,2.94
HOBBIES_1_007,CA_2,11609,7.88
HOBBIES_1_010,CA_2,11609,2.97
HOBBIES_1_014,CA_2,11609,1.16
HOBBIES_1_026,CA_2,11609,17.97
HOBBIES_1_043,CA_2,11609,0.7
HOBBIES_1_050,CA_2,11609,10.98
HOBBIES_1_061,CA_2,11609,2.83
HOBBIES_1_076,CA_2,11609,3.43
HOBBIES_1_083,CA_2,11609,15.92
HOBBIES_1_093,CA_2,11609,19.96
HOBBIES_1_108,CA_2,11609,12.98
HOBBIES_1_110,CA_2,11609,3.67
HOBBIES_1_130,CA_2,11609,2.73
HOBBIES_1_164,CA_2,11609,8.97
HOBBIES_1_167,CA_2,11609,0.68
HOBBIES_1_176,CA_2,11609,5.94
HOBBIES_1_171,CA_2,11609,2.88
HOBBIES_1_187,CA_2,11609,7.0
HOBBIES_1_183,CA_2,11609,7.98
HOBBIES_1_186,CA_2,11609,15.92
HOBBIES_1_215,CA_2,11609,10.98
HOBBIES_1_214,CA_2,11609,9.88
HOBBIES_1_211,CA_2,11609,4.72
HOBBIES_1_221,CA_2,11609,2.97
HOBBIES_1_239,CA_2,11609,2.97
HOBBIES_1_254,CA_2,11609,0.7
HOBBIES_1_257,CA_2,11609,16.76
HOBBIES_1_276,CA_2,11609,7.98
HOBBIES_1_288,CA_2,11609,0.57
HOBBIES_1_289,CA_2,11609,4.97
HOBBIES_1_295,CA_2,11609,0.48
HOBBIES_1_307,CA_2,11609,3.97
HOBBIES_1_309,CA_2,11609,5.12
HOBBIES_1_322,CA_2,11609,3.97
HOBBIES_1_341,CA_2,11609,0.48
HOBBIES_1_335,CA_2,11609,12.88
HOBBIES_1_345,CA_2,11609,7.88
HOBBIES_1_352,CA_2,11609,2.74
HOBBIES_1_365,CA_2,11609,3.97
HOBBIES_1_394,CA_2,11609,7.88
HOBBIES_2_007,CA_2,11609,0.97
HOBBIES_2_020,CA_2,11609,3.88
HOBBIES_2_019,CA_2,11609,3.37
HOBBIES_2_032,CA_2,11609,0.97
HOBBIES_2_043,CA_2,11609,0.97
FOODS_3_743,CA_4,11609,2.98
FOODS_3_754,CA_4,11609,6.24
FOODS_3_762,CA_4,11609,3.27
FOODS_3_763,CA_4,11609,3.48
FOODS_3_759,CA_4,11609,2.98
FOODS_3_782,CA_4,11609,2.68
FOODS_3_780,CA_4,11609,2.98
FOODS_3_792,CA_4,11609,1.0
FOODS_3_801,CA_4,11609,1.0
HOBBIES_1_008,TX_1,11609,0.48
HOBBIES_1_015,TX_1,11609,0.7
HOBBIES_1_017,TX_1,11609,1.98
HOBBIES_1_025,TX_1,11609,3.98
HOBBIES_1_036,TX_1,11609,1.12
HOBBIES_1_030,TX_1,11609,0.7
HOBBIES_1_047,TX_1,11609,1.63
HOBBIES_1_053,TX_1,11609,3.97
HOBBIES_1_063,TX_1,11609,5.47
HOBBIES_1_057,TX_1,11609,4.88
HOBBIES_1_060,TX_1,11609,26.98
HOBBIES_1_078,TX_1,11609,12.78
HOBBIES_1_080,TX_1,11609,0.57
HOBBIES_1_082,TX_1,11609,3.78
HOBBIES_1_079,TX_1,11609,7.88
HOBBIES_1_081,TX_1,11609,14.72
HOBBIES_1_084,TX_1,11609,3.94
HOBBIES_1_092,TX_1,11609,2.38
HOBBIES_1_087,TX_1,11609,11.93
HOBBIES_1_097,TX_1,11609,4.24
HOBBIES_1_105,TX_1,11609,6.68
HOBBIES_1_107,TX_1,11609,3.98
HOBBIES_1_116,TX_1,11609,6.47
HOBBIES_1_127,TX_1,11609,1.22
HOBBIES_1_128,TX_1,11609,7.97
HOBBIES_1_151,TX_1,11609,5.47
HOBBIES_1_172,TX_1,11609,2.98
HOBBIES_1_175,TX_1,11609,1.97
HOBBIES_1_184,TX_1,11609,12.68
HOBBIES_1_207,TX_1,11609,2.78
HOBBIES_1_216,TX_1,11609,1.63
HOBBIES_1_231,TX_1,11609,6.87
HOBBIES_1_236,TX_1,11609,11.88
HOBBIES_1_248,TX_1,11609,0.94
HOBBIES_1_252,TX_1,11609,0.68
HOBBIES_1_258,TX_1,11609,11.78
HOBBIES_1_264,TX_1,11609,4.47
HOBBIES_1_273,TX_1,11609,12.68
HOBBIES_1_277,TX_1,11609,1.63
HOBBIES_1_294,TX_1,11609,3.88
HOBBIES_1_306,TX_1,11609,13.98
HOBBIES_1_325,TX_1,11609,6.44
HOBBIES_1_338,TX_1,11609,8.98
HOBBIES_1_339,TX_1,11609,7.98
HOBBIES_1_358,TX_1,11609,2.74
HOBBIES_1_370,TX_1,11609,0.48
HOBBIES_1_371,TX_1,11609,0.48
HOBBIES_1_366,TX_1,11609,3.97
HOBBIES_1_380,TX_1,11609,1.63
HOBBIES_1_381,TX_1,11609,0.7
HOBBIES_1_382,TX_1,11609,1.97
HOBBIES_1_378,TX_1,11609,3.24
HOBBIES_1_390,TX_1,11609,11.73
HOBBIES_1_398,TX_1,11609,0.57
HOBBIES_1_401,TX_1,11609,1.97
HOBBIES_1_406,TX_1,11609,3.88
HOBBIES_1_416,TX_1,11609,4.47
HOBBIES_1_412,TX_1,11609,1.98
HOBBIES_2_001,TX_1,11609,5.47
HOBBIES_2_013,TX_1,11609,6.97
HOBBIES_2_048,TX_1,11609,2.88
HOBBIES_2_044,TX_1,11609,4.47
HOBBIES_2_047,TX_1,11609,0.5
HOBBIES_2_055,TX_1,11609,2.5
HOBBIES_2_056,TX_1,11609,1.94
HOBBIES_2_053,TX_1,11609,4.97
HOBBIES_2_068,TX_1,11609,1.97
HOBBIES_2_084,TX_1,11609,5.97
HOBBIES_2_096,TX_1,11609,2.77
HOBBIES_2_102,TX_1,11609,5.97
HOBBIES_2_105,TX_1,11609,2.47
HOBBIES_2_107,TX_1,11609,0.5
HOBBIES_2_112,TX_1,11609,2.47
HOBBIES_2_118,TX_1,11609,3.97
HOBBIES_2_128,TX_1,11609,4.97
HOBBIES_2_134,TX_1,11609,4.97
HOBBIES_2_127,TX_1,11609,3.97
HOBBIES_2_135,TX_1,11609,0.5
HOBBIES_2_138,TX_1,11609,0.97
HOUSEHOLD_1_002,TX_1,11609,5.97
HOUSEHOLD_1_013,TX_1,11609,4.94
HOUSEHOLD_1_019,TX_1,11609,0.96
HOUSEHOLD_1_020,TX_1,11609,6.97
HOUSEHOLD_1_027,TX_1,11609,5.97
HOUSEHOLD_1_037,TX_1,11609,4.23
HOUSEHOLD_1_066,TX_1,11609,2.96
HOUSEHOLD_1_073,TX_1,11609,8.88
HOUSEHOLD_1_087,TX_1,11609,4.47
HOUSEHOLD_1_085,TX_1,11609,16.67
HOUSEHOLD_1_082,TX_1,11609,3.48
HOUSEHOLD_1_080,TX_1,11609,10.47
HOUSEHOLD_1_091,TX_1,11609,6.88
HOUSEHOLD_1_090,TX_1,11609,2.86
HOUSEHOLD_1_099,TX_1,11609,2.37
HOUSEHOLD_1_102,TX_1,11609,17.92
HOUSEHOLD_1_124,TX_1,11609,3.98
HOUSEHOLD_1_128,TX_1,11609,2.67
HOUSEHOLD_1_136,TX_1,11609,3.97
HOUSEHOLD_1_143,TX_1,11609,1.97
HOUSEHOLD_1_137,TX_1,11609,12.98
HOUSEHOLD_1_145,TX_1,11609,2.24
HOUSEHOLD_1_144,TX_1,11609,2.97
HOUSEHOLD_1_153,TX_1,11609,1.97
HOUSEHOLD_1_163,TX_1,11609,9.98
HOUSEHOLD_1_164,TX_1,11609,2.97
HOUSEHOLD_1_188,TX_1,11609,3.98
HOUSEHOLD_1_192,TX_1,11609,3.62
HOUSEHOLD_1_215,TX_1,11609,2.18
HOUSEHOLD_1_208,TX_1,11609,0.93
HOUSEHOLD_1_228,TX_1,11609,9.47
HOUSEHOLD_1_238,TX_1,11609,2.48
HOUSEHOLD_1_255,TX_1,11609,9.47
HOUSEHOLD_1_250,TX_1,11609,2.68
HOUSEHOLD_1_265,TX_1,11609,4.74
HOUSEHOLD_1_279,TX_1,11609,0.97
HOUSEHOLD_1_281,TX_1,11609,4.94
HOUSEHOLD_1_284,TX_1,11609,4.94
HOUSEHOLD_1_293,TX_1,11609,12.47
HOUSEHOLD_1_296,TX_1,11609,4.97
HOUSEHOLD_1_299,TX_1,11609,5.27
HOUSEHOLD_1_316,TX_1,11609,3.96
HOUSEHOLD_1_318,TX_1,11609,2.92
HOUSEHOLD_1_326,TX_1,11609,4.87
HOUSEHOLD_1_340,TX_1,11609,4.98
HOUSEHOLD_1_355,TX_1,11609,7.98
HOUSEHOLD_1_349,TX_1,11609,2.94
HOUSEHOLD_1_358,TX_1,11609,9.97
HOUSEHOLD_1_370,TX_1,11609,6.43
HOUSEHOLD_1_372,TX_1,11609,1.97
HOUSEHOLD_1_376,TX_1,11609,5.44
HOUSEHOLD_1_379,TX_1,11609,0.97
HOUSEHOLD_1_395,TX_1,11609,4.87
HOUSEHOLD_1_401,TX_1,11609,9.47
HOUSEHOLD_1_404,TX_1,11609,2.67
HOUSEHOLD_1_433,TX_1,11609,8.97
HOUSEHOLD_1_440,TX_1,11609,14.97
HOUSEHOLD_1_445,TX_1,11609,1.97
HOUSEHOLD_1_460,TX_1,11609,3.84
HOUSEHOLD_1_459,TX_1,11609,0.96
HOUSEHOLD_1_474,TX_1,11609,0.97
HOUSEHOLD_1_473,TX_1,11609,2.36
HOUSEHOLD_1_493,TX_1,11609,2.87
HOUSEHOLD_1_501,TX_1,11609,3.96
HOUSEHOLD_1_500,TX_1,11609,4.44
HOUSEHOLD_1_502,TX_1,11609,4.23
HOUSEHOLD_1_506,TX_1,11609,3.47
HOUSEHOLD_1_510,TX_1,11609,4.64
HOUSEHOLD_1_512,TX_1,11609,1.87
HOBBIES_1_197,WI_1,11609,12.84
HOBBIES_1_193,WI_1,11609,8.77
HOBBIES_1_198,WI_1,11609,8.38
HOBBIES_1_226,WI_1,11609,13.98
HOBBIES_1_238,WI_1,11609,5.94
HOBBIES_1_245,WI_1,11609,4.97
HOBBIES_1_246,WI_1,11609,10.98
HOBBIES_1_251,WI_1,11609,15.83
HOBBIES_1_253,WI_1,11609,11.98
HOBBIES_1_262,WI_1,11609,8.98
HOBBIES_1_271,WI_1,11609,5.77
HOBBIES_1_285,WI_1,11609,10.88
HOBBIES_1_279,WI_1,11609,3.78
HOBBIES_1_302,WI_1,11609,2.88
HOBBIES_1_313,WI_1,11609,1.23
HOBBIES_1_317,WI_1,11609,7.98
HOBBIES_1_316,WI_1,11609,0.94
HOBBIES_1_343,WI_1,11609,5.32
HOBBIES_1_336,WI_1,11609,1.88
HOBBIES_1_340,WI_1,11609,7.98
HOBBIES_1_347,WI_1,11609,9.88
HOBBIES_1_354,WI_1,11609,22.98
HOBBIES_1_359,WI_1,11609,1.47
HOBBIES_1_379,WI_1,11609,2.24
HOBBIES_1_386,WI_1,11609,5.86
HOBBIES_1_400,WI_1,11609,1.14
HOBBIES_1_396,WI_1,11609,1.88
HOBBIES_1_402,WI_1,11609,9.94
HOBBIES_1_409,WI_1,11609,5.76
HOBBIES_1_415,WI_1,11609,6.68
HOBBIES_1_417,WI_1,11609,0.57
HOBBIES_1_424,WI_1,11609,1.77
HOBBIES_2_006,WI_1,11609,3.97
HOBBIES_2_021,WI_1,11609,0.97
HOBBIES_2_052,WI_1,11609,2.47
HOBBIES_2_076,WI_1,11609,2.88
HOBBIES_2_090,WI_1,11609,1.77
HOBBIES_2_098,WI_1,11609,0.88
HOBBIES_2_095,WI_1,11609,0.88
HOBBIES_2_129,WI_1,11609,0.23
HOBBIES_2_144,WI_1,11609,0.5
HOUSEHOLD_1_006,WI_1,11609,6.97
HOBBIES_2_149,WI_1,11609,0.97
HOUSEHOLD_1_018,WI_1,11609,9.97
HOUSEHOLD_1_023,WI_1,11609,8.97
HOUSEHOLD_1_030,WI_1,11609,1.48
HOUSEHOLD_1_038,WI_1,11609,5.22
HOUSEHOLD_1_040,WI_1,11609,4.94
HOUSEHOLD_1_044,WI_1,11609,17.97
HOUSEHOLD_1_043,WI_1,11609,2.97
HOUSEHOLD_1_055,WI_1,11609,3.88
HOUSEHOLD_1_070,WI_1,11609,3.93
HOUSEHOLD_1_071,WI_1,11609,2.36
HOUSEHOLD_1_076,WI_1,11609,4.88
HOUSEHOLD_1_095,WI_1,11609,5.97
HOUSEHOLD_1_103,WI_1,11609,4.94
HOUSEHOLD_1_110,WI_1,11609,3.97
HOUSEHOLD_1_126,WI_1,11609,8.96
HOUSEHOLD_1_132,WI_1,11609,1.97
HOUSEHOLD_1_134,WI_1,11609,4.23
HOUSEHOLD_1_189,WI_1,11609,5.88
HOUSEHOLD_1_190,WI_1,11609,4.94
HOUSEHOLD_1_196,WI_1,11609,1.97
HOUSEHOLD_1_203,WI_1,11609,4.94
HOUSEHOLD_1_207,WI_1,11609,7.97
HOUSEHOLD_1_213,WI_1,11609,4.48
HOUSEHOLD_1_209,WI_1,11609,3.47
HOUSEHOLD_1_219,WI_1,11609,6.48
HOUSEHOLD_1_217,WI_1,11609,1.83
HOUSEHOLD_1_216,WI_1,11609,11.97
HOUSEHOLD_1_230,WI_1,11609,3.28
HOUSEHOLD_1_225,WI_1,11609,1.88
HOUSEHOLD_1_226,WI_1,11609,2.88
HOUSEHOLD_1_237,WI_1,11609,5.88
HOUSEHOLD_1_249,WI_1,11609,7.97
HOUSEHOLD_1_253,WI_1,11609,3.47
HOUSEHOLD_1_264,WI_1,11609,7.47
HOUSEHOLD_1_285,WI_1,11609,2.76
HOUSEHOLD_1_283,WI_1,11609,1.48
HOUSEHOLD_1_286,WI_1,11609,4.93
HOUSEHOLD_1_305,WI_1,11609,2.97
HOUSEHOLD_1_298,WI_1,11609,3.72
HOUSEHOLD_1_314,WI_1,11609,7.98
HOUSEHOLD_1_308,WI_1,11609,1.48
HOUSEHOLD_1_323,WI_1,11609,5.24
HOUSEHOLD_1_322,WI_1,11609,2.97
HOUSEHOLD_1_332,WI_1,11609,9.74
HOUSEHOLD_1_354,WI_1,11609,1.93
HOUSEHOLD_1_361,WI_1,11609,1.88
HOUSEHOLD_1_363,WI_1,11609,2.97
HOUSEHOLD_1_367,WI_1,11609,3.97
HOUSEHOLD_1_366,WI_1,11609,5.96
HOUSEHOLD_1_375,WI_1,11609,7.97
HOUSEHOLD_1_387,WI_1,11609,2.88
HOUSEHOLD_1_388,WI_1,11609,3.47
HOUSEHOLD_1_406,WI_1,11609,4.97
HOUSEHOLD_1_417,WI_1,11609,5.48
HOUSEHOLD_1_429,WI_1,11609,2.88
HOUSEHOLD_1_437,WI_1,11609,2.96
HOUSEHOLD_1_457,WI_1,11609,10.47
HOUSEHOLD_1_464,WI_1,11609,9.47
HOUSEHOLD_1_472,WI_1,11609,4.82
HOUSEHOLD_1_482,WI_1,11609,2.96
HOUSEHOLD_1_491,WI_1,11609,6.42
HOUSEHOLD_1_523,WI_1,11609,20.53
HOUSEHOLD_1_535,WI_1,11609,6.97
HOUSEHOLD_1_532,WI_1,11609,2.48
HOUSEHOLD_1_526,WI_1,11609,4.94
HOUSEHOLD_1_541,WI_1,11609,6.97
HOUSEHOLD_2_002,WI_1,11609,2.67
HOUSEHOLD_2_006,WI_1,11609,3.44
HOUSEHOLD_2_008,WI_1,11609,2.46
HOUSEHOLD_2_011,WI_1,11609,5.62
HOUSEHOLD_2_037,WI_1,11609,11.84
HOUSEHOLD_2_034,WI_1,11609,11.84
HOUSEHOLD_2_031,WI_1,11609,5.94
HOUSEHOLD_2_045,WI_1,11609,8.64
HOUSEHOLD_2_044,WI_1,11609,3.48
HOUSEHOLD_2_047,WI_1,11609,3.67
HOUSEHOLD_2_048,WI_1,11609,3.94
HOUSEHOLD_2_064,WI_1,11609,3.87
HOUSEHOLD_2_088,WI_1,11609,6.97
HOUSEHOLD_2_086,WI_1,11609,3.97
HOUSEHOLD_2_092,WI_1,11609,5.94
HOUSEHOLD_2_093,WI_1,11609,3.24
HOUSEHOLD_2_111,WI_1,11609,6.44
HOUSEHOLD_2_113,WI_1,11609,1.88
HOUSEHOLD_2_118,WI_1,11609,3.42
HOUSEHOLD_2_128,WI_1,11609,5.94
HOUSEHOLD_2_131,WI_1,11609,11.97
HOUSEHOLD_2_134,WI_1,11609,5.94
HOUSEHOLD_2_129,WI_1,11609,5.73
HOUSEHOLD_2_142,WI_1,11609,1.97
HOUSEHOLD_2_146,WI_1,11609,6.47
HOUSEHOLD_2_168,WI_1,11609,6.94
HOUSEHOLD_2_169,WI_1,11609,5.84
HOUSEHOLD_2_167,WI_1,11609,2.88
HOUSEHOLD_2_191,WI_1,11609,5.44
HOUSEHOLD_2_193,WI_1,11609,4.94
HOUSEHOLD_2_197,WI_1,11609,3.97
HOUSEHOLD_2_201,WI_1,11609,6.54
HOUSEHOLD_2_205,WI_1,11609,5.84
HOUSEHOLD_2_221,WI_1,11609,2.77
HOUSEHOLD_2_095,CA_3,11609,6.47
HOUSEHOLD_2_106,CA_3,11609,8.44
HOUSEHOLD_2_101,CA_3,11609,4.49
HOUSEHOLD_2_117,CA_3,11609,2.46
HOUSEHOLD_2_119,CA_3,11609,5.84
HOUSEHOLD_2_114,CA_3,11609,5.94
HOUSEHOLD_2_125,CA_3,11609,8.88
HOUSEHOLD_2_126,CA_3,11609,6.97
HOUSEHOLD_2_172,CA_3,11609,5.94
HOUSEHOLD_2_178,CA_3,11609,6.96
HOUSEHOLD_2_175,CA_3,11609,5.97
HOUSEHOLD_2_190,CA_3,11609,0.98
HOUSEHOLD_2_187,CA_3,11609,3.33
HOUSEHOLD_2_208,CA_3,11609,12.97
HOUSEHOLD_2_209,CA_3,11609,7.97
HOUSEHOLD_2_214,CA_3,11609,6.94
HOUSEHOLD_2_217,CA_3,11609,2.87
HOUSEHOLD_2_213,CA_3,11609,0.93
HOUSEHOLD_2_226,CA_3,11609,6.97
HOUSEHOLD_2_228,CA_3,11609,5.47
HOUSEHOLD_2_238,CA_3,11609,9.93
HOUSEHOLD_2_241,CA_3,11609,4.94
HOUSEHOLD_2_236,CA_3,11609,8.48
HOUSEHOLD_2_243,CA_3,11609,2.97
HOUSEHOLD_2_251,CA_3,11609,3.97
HOUSEHOLD_2_260,CA_3,11609,6.97
HOUSEHOLD_2_264,CA_3,11609,3.48
HOUSEHOLD_2_280,CA_3,11609,5.97
HOUSEHOLD_2_284,CA_3,11609,5.94
HOUSEHOLD_2_285,CA_3,11609,4.67
HOUSEHOLD_2_287,CA_3,11609,1.94
HOUSEHOLD_2_294,CA_3,11609,4.77
HOUSEHOLD_2_301,CA_3,11609,1.97
HOUSEHOLD_2_305,CA_3,11609,5.47
HOUSEHOLD_2_314,CA_3,11609,1.97
HOUSEHOLD_2_313,CA_3,11609,1.97
HOUSEHOLD_2_326,CA_3,11609,5.94
HOUSEHOLD_2_320,CA_3,11609,8.47
HOUSEHOLD_2_323,CA_3,11609,3.97
HOUSEHOLD_2_318,CA_3,11609,3.97
HOUSEHOLD_2_333,CA_3,11609,4.98
HOUSEHOLD_2_349,CA_3,11609,4.97
HOUSEHOLD_2_370,CA_3,11609,6.27
HOUSEHOLD_2_365,CA_3,11609,4.87
HOUSEHOLD_2_389,CA_3,11609,1.97
HOUSEHOLD_2_403,CA_3,11609,5.44
HOUSEHOLD_2_411,CA_3,11609,5.84
HOUSEHOLD_2_420,CA_3,11609,5.64
HOUSEHOLD_2_428,CA_3,11609,7.94
HOUSEHOLD_2_430,CA_3,11609,3.97
HOUSEHOLD_2_447,CA_3,11609,1.97
HOUSEHOLD_2_442,CA_3,11609,1.48
HOUSEHOLD_2_450,CA_3,11609,10.43
HOUSEHOLD_2_467,CA_3,11609,3.97
HOUSEHOLD_2_503,CA_3,11609,6.94
HOUSEHOLD_2_505,CA_3,11609,4.97
HOUSEHOLD_2_504,CA_3,11609,1.97
HOUSEHOLD_2_508,CA_3,11609,15.94
FOODS_1_002,CA_3,11609,9.48
FOODS_1_005,CA_3,11609,3.54
FOODS_1_021,CA_3,11609,0.98
FOODS_1_022,CA_3,11609,4.84
FOODS_1_030,CA_3,11609,3.48
FOODS_1_031,CA_3,11609,3.54
FOODS_1_033,CA_3,11609,5.64
FOODS_1_027,CA_3,11609,1.96
FOODS_1_039,CA_3,11609,2.48
FOODS_1_042,CA_3,11609,0.98
FOODS_1_063,CA_3,11609,2.48
FOODS_1_076,CA_3,11609,5.14
FOODS_1_084,CA_3,11609,4.58
FOODS_1_082,CA_3,11609,0.98
FOODS_1_086,CA_3,11609,1.83
FOODS_1_092,CA_3,11609,1.96
FOODS_1_095,CA_3,11609,3.17
FOODS_1_102,CA_3,11609,1.78
FOODS_1_107,CA_3,11609,4.58
FOODS_1_127,CA_3,11609,2.12
FOODS_1_126,CA_3,11609,2.24
FOODS_1_133,CA_3,11609,3.48
FOODS_1_147,CA_3,11609,4.84
FOODS_1_151,CA_3,11609,11.84
FOODS_1_158,CA_3,11609,4.68
FOODS_1_156,CA_3,11609,2.24
FOODS_1_173,CA_3,11609,2.0
FOODS_1_192,CA_3,11609,1.98
FOODS_1_195,CA_3,11609,2.24
FOODS_1_196,CA_3,11609,2.0
FOODS_1_216,CA_3,11609,5.28
FOODS_1_215,CA_3,11609,1.84
FOODS_2_012,CA_3,11609,3.34
FOODS_2_018,CA_3,11609,6.98
FOODS_2_038,CA_3,11609,6.08
FOODS_2_052,CA_3,11609,13.97
FOODS_2_062,CA_3,11609,5.77
FOODS_2_063,CA_3,11609,2.96
FOODS_2_082,CA_3,11609,5.98
FOODS_2_092,CA_3,11609,3.5
FOODS_2_104,CA_3,11609,7.48
FOODS_2_113,CA_3,11609,2.5
FOODS_2_126,CA_3,11609,4.88
FOODS_2_149,CA_3,11609,6.98
FOODS_2_160,CA_3,11609,2.88
FOODS_2_159,CA_3,11609,3.97
FOODS_2_177,CA_3,11609,3.33
FOODS_2_188,CA_3,11609,2.5
FOODS_2_200,CA_3,11609,4.97
FOODS_2_215,CA_3,11609,1.84
FOODS_2_220,CA_3,11609,2.0
FOODS_2_223,CA_3,11609,1.98
FOODS_2_221,CA_3,11609,1.0
FOODS_2_240,CA_3,11609,1.98
FOODS_2_255,CA_3,11609,2.56
FOODS_2_272,CA_3,11609,2.0
FOODS_2_288,CA_3,11609,2.5
FOODS_2_287,CA_3,11609,2.0
FOODS_2_304,CA_3,11609,3.97
FOODS_2_302,CA_3,11609,9.98
FOODS_2_328,CA_3,11609,4.42
FOODS_2_336,CA_3,11609,2.0
FOODS_2_339,CA_3,11609,3.5
FOODS_2_371,CA_3,11609,2.0
FOODS_2_388,CA_3,11609,2.98
FOODS_2_399,CA_3,11609,2.0
FOODS_3_002,CA_3,11609,2.56
FOODS_3_013,CA_3,11609,2.18
FOODS_3_039,CA_3,11609,3.98
FOODS_3_059,CA_3,11609,1.98
FOODS_3_080,CA_3,11609,1.68
FOODS_3_090,CA_3,11609,1.6
FOODS_3_098,CA_3,11609,4.68
FOODS_3_109,CA_3,11609,1.0
FOODS_3_113,CA_3,11609,1.28
FOODS_3_114,CA_3,11609,2.68
FOODS_3_111,CA_3,11609,4.98
FOODS_3_120,CA_3,11609,4.98
FOODS_3_124,CA_3,11609,5.44
FOODS_3_131,CA_3,11609,1.0
HOUSEHOLD_1_516,TX_1,11609,1.87
HOUSEHOLD_1_525,TX_1,11609,4.23
HOUSEHOLD_1_518,TX_1,11609,6.97
HOUSEHOLD_2_009,TX_1,11609,5.73
HOUSEHOLD_2_025,TX_1,11609,5.47
HOUSEHOLD_2_026,TX_1,11609,3.97
HOUSEHOLD_2_023,TX_1,11609,3.97
HOUSEHOLD_2_036,TX_1,11609,3.97
HOUSEHOLD_2_032,TX_1,11609,9.43
HOUSEHOLD_2_043,TX_1,11609,4.97
HOUSEHOLD_2_039,TX_1,11609,10.72
HOUSEHOLD_2_040,TX_1,11609,3.97
HOUSEHOLD_2_070,TX_1,11609,2.97
HOUSEHOLD_2_067,TX_1,11609,0.97
HOUSEHOLD_2_074,TX_1,11609,0.96
HOUSEHOLD_2_076,TX_1,11609,8.97
HOUSEHOLD_2_089,TX_1,11609,3.48
HOUSEHOLD_2_107,TX_1,11609,11.97
HOUSEHOLD_2_108,TX_1,11609,8.88
HOUSEHOLD_2_109,TX_1,11609,3.87
HOUSEHOLD_2_123,TX_1,11609,1.98
HOUSEHOLD_2_127,TX_1,11609,5.73
HOUSEHOLD_2_135,TX_1,11609,9.98
HOUSEHOLD_2_149,TX_1,11609,3.96
HOUSEHOLD_2_155,TX_1,11609,6.77
HOUSEHOLD_2_164,TX_1,11609,8.47
HOUSEHOLD_2_204,TX_1,11609,12.97
HOUSEHOLD_2_210,TX_1,11609,8.86
HOUSEHOLD_2_230,TX_1,11609,2.48
HOUSEHOLD_2_225,TX_1,11609,0.93
HOUSEHOLD_2_232,TX_1,11609,4.78
HOUSEHOLD_2_245,TX_1,11609,1.97
HOUSEHOLD_2_258,TX_1,11609,3.97
HOUSEHOLD_2_279,TX_1,11609,4.44
HOUSEHOLD_2_277,TX_1,11609,3.33
HOUSEHOLD_2_292,TX_1,11609,9.97
HOUSEHOLD_2_295,TX_1,11609,5.97
HOUSEHOLD_2_291,TX_1,11609,4.97
HOUSEHOLD_2_302,TX_1,11609,2.98
HOUSEHOLD_2_328,TX_1,11609,7.47
HOUSEHOLD_2_339,TX_1,11609,6.46
HOUSEHOLD_2_363,TX_1,11609,5.98
HOUSEHOLD_2_364,TX_1,11609,5.68
HOUSEHOLD_2_373,TX_1,11609,4.66
HOUSEHOLD_2_375,TX_1,11609,6.77
HOUSEHOLD_2_387,TX_1,11609,5.97
HOUSEHOLD_2_402,TX_1,11609,8.97
HOUSEHOLD_2_417,TX_1,11609,3.97
HOUSEHOLD_2_418,TX_1,11609,2.78
HOUSEHOLD_2_425,TX_1,11609,8.44
HOUSEHOLD_2_440,TX_1,11609,0.97
HOUSEHOLD_2_461,TX_1,11609,9.97
HOUSEHOLD_2_454,TX_1,11609,7.97
HOUSEHOLD_2_468,TX_1,11609,8.97
HOUSEHOLD_2_474,TX_1,11609,7.76
HOUSEHOLD_2_485,TX_1,11609,6.97
HOUSEHOLD_2_497,TX_1,11609,6.48
HOUSEHOLD_2_511,TX_1,11609,2.74
HOUSEHOLD_2_507,TX_1,11609,6.97
FOODS_1_003,TX_1,11609,3.23
FOODS_1_016,TX_1,11609,2.26
FOODS_1_017,TX_1,11609,2.24
FOODS_1_024,TX_1,11609,4.86
FOODS_1_029,TX_1,11609,4.27
FOODS_1_028,TX_1,11609,2.98
FOODS_1_040,TX_1,11609,1.78
FOODS_1_048,TX_1,11609,5.98
FOODS_1_105,TX_1,11609,1.98
FOODS_1_128,TX_1,11609,4.27
FOODS_1_125,TX_1,11609,5.28
FOODS_1_183,TX_1,11609,2.98
FOODS_1_176,TX_1,11609,3.48
FOODS_1_181,TX_1,11609,1.38
FOODS_1_182,TX_1,11609,2.28
FOODS_1_189,TX_1,11609,2.24
FOODS_1_194,TX_1,11609,4.86
FOODS_1_204,TX_1,11609,0.94
FOODS_2_003,TX_1,11609,1.98
FOODS_2_005,TX_1,11609,3.94
FOODS_2_001,TX_1,11609,1.78
FOODS_2_004,TX_1,11609,3.77
FOODS_2_010,TX_1,11609,2.47
FOODS_2_013,TX_1,11609,1.78
FOODS_2_016,TX_1,11609,1.25
FOODS_2_020,TX_1,11609,2.5
FOODS_2_022,TX_1,11609,6.98
FOODS_2_042,TX_1,11609,2.18
FOODS_2_039,TX_1,11609,4.98
FOODS_2_057,TX_1,11609,3.98
FOODS_2_065,TX_1,11609,0.84
FOODS_2_064,TX_1,11609,2.18
FOODS_2_068,TX_1,11609,7.98
FOODS_2_075,TX_1,11609,2.32
FOODS_2_070,TX_1,11609,5.98
FOODS_2_093,TX_1,11609,2.47
FOODS_2_101,TX_1,11609,5.98
FOODS_2_105,TX_1,11609,3.44
FOODS_2_116,TX_1,11609,1.74
FOODS_2_133,TX_1,11609,2.5
FOODS_2_135,TX_1,11609,2.0
FOODS_2_154,TX_1,11609,13.97
FOODS_2_156,TX_1,11609,1.32
FOODS_2_163,TX_1,11609,2.5
FOODS_2_161,TX_1,11609,7.47
FOODS_2_162,TX_1,11609,2.97
FOODS_2_170,TX_1,11609,2.83
FOODS_2_181,TX_1,11609,1.78
FOODS_2_182,TX_1,11609,2.0
FOODS_2_184,TX_1,11609,3.98
FOODS_2_180,TX_1,11609,2.0
FOODS_2_178,TX_1,11609,2.5
FOODS_2_187,TX_1,11609,5.0
FOODS_2_197,TX_1,11609,2.98
FOODS_2_219,TX_1,11609,2.5
FOODS_2_222,TX_1,11609,2.47
FOODS_2_226,TX_1,11609,7.98
FOODS_2_227,TX_1,11609,4.48
FOODS_2_258,TX_1,11609,3.22
FOODS_2_279,TX_1,11609,2.47
FOODS_2_277,TX_1,11609,1.28
FOODS_2_285,TX_1,11609,3.98
FOODS_2_294,TX_1,11609,1.0
FOODS_2_305,TX_1,11609,8.96
FOODS_2_326,TX_1,11609,0.84
FOODS_2_325,TX_1,11609,1.25
FOODS_2_337,TX_1,11609,5.92
FOODS_2_349,TX_1,11609,5.98
FOODS_2_350,TX_1,11609,4.74
FOODS_2_378,TX_1,11609,2.96
HOUSEHOLD_1_291,TX_3,11609,3.72
HOUSEHOLD_1_294,TX_3,11609,2.27
HOUSEHOLD_1_300,TX_3,11609,4.88
HOUSEHOLD_1_304,TX_3,11609,2.36
HOUSEHOLD_1_306,TX_3,11609,1.97
HOUSEHOLD_1_324,TX_3,11609,5.97
HOUSEHOLD_1_327,TX_3,11609,0.94
HOUSEHOLD_1_347,TX_3,11609,7.97
HOUSEHOLD_1_341,TX_3,11609,4.88
HOUSEHOLD_1_353,TX_3,11609,3.44
HOUSEHOLD_1_374,TX_3,11609,3.97
HOUSEHOLD_1_386,TX_3,11609,2.86
HOUSEHOLD_1_385,TX_3,11609,1.97
HOUSEHOLD_1_380,TX_3,11609,4.57
HOUSEHOLD_1_384,TX_3,11609,4.84
HOUSEHOLD_1_414,TX_3,11609,0.94
HOUSEHOLD_1_420,TX_3,11609,6.42
HOUSEHOLD_1_430,TX_3,11609,0.94
HOUSEHOLD_1_438,TX_3,11609,7.33
HOUSEHOLD_1_451,TX_3,11609,6.98
HOUSEHOLD_1_465,TX_3,11609,0.96
HOUSEHOLD_1_477,TX_3,11609,13.48
HOUSEHOLD_1_483,TX_3,11609,4.54
HOUSEHOLD_1_494,TX_3,11609,7.97
HOUSEHOLD_1_499,TX_3,11609,3.88
HOUSEHOLD_1_505,TX_3,11609,2.47
HOUSEHOLD_1_514,TX_3,11609,3.97
HOUSEHOLD_1_540,TX_3,11609,1.88
HOUSEHOLD_2_014,TX_3,11609,5.97
HOUSEHOLD_2_019,TX_3,11609,9.47
HOUSEHOLD_2_020,TX_3,11609,8.47
HOUSEHOLD_2_033,TX_3,11609,6.97
HOUSEHOLD_2_054,TX_3,11609,4.87
HOUSEHOLD_2_055,TX_3,11609,8.97
HOUSEHOLD_2_065,TX_3,11609,5.47
HOUSEHOLD_2_085,TX_3,11609,7.94
HOUSEHOLD_2_081,TX_3,11609,2.57
HOUSEHOLD_2_087,TX_3,11609,7.94
HOUSEHOLD_2_094,TX_3,11609,5.94
HOUSEHOLD_2_098,TX_3,11609,3.47
HOUSEHOLD_2_102,TX_3,11609,2.48
HOUSEHOLD_2_104,TX_3,11609,4.97
HOUSEHOLD_2_115,TX_3,11609,3.87
HOUSEHOLD_2_122,TX_3,11609,6.96
HOUSEHOLD_2_148,TX_3,11609,5.94
HOUSEHOLD_2_162,TX_3,11609,3.97
HOUSEHOLD_2_182,TX_3,11609,6.98
HOUSEHOLD_2_189,TX_3,11609,14.48
HOUSEHOLD_2_188,TX_3,11609,7.24
HOUSEHOLD_2_194,TX_3,11609,6.27
HOUSEHOLD_2_186,TX_3,11609,9.98
HOUSEHOLD_2_224,TX_3,11609,3.97
HOUSEHOLD_2_242,TX_3,11609,12.97
HOUSEHOLD_2_240,TX_3,11609,4.97
HOUSEHOLD_2_250,TX_3,11609,6.96
HOUSEHOLD_2_267,TX_3,11609,1.93
HOUSEHOLD_2_274,TX_3,11609,5.98
HOUSEHOLD_2_283,TX_3,11609,5.84
HOUSEHOLD_2_325,TX_3,11609,3.82
HOUSEHOLD_2_322,TX_3,11609,2.22
HOUSEHOLD_2_332,TX_3,11609,6.77
HOUSEHOLD_2_341,TX_3,11609,5.32
HOUSEHOLD_2_348,TX_3,11609,7.44
HOUSEHOLD_2_368,TX_3,11609,5.48
HOUSEHOLD_2_369,TX_3,11609,6.47
HOUSEHOLD_2_378,TX_3,11609,6.98
HOUSEHOLD_2_379,TX_3,11609,4.44
HOUSEHOLD_2_395,TX_3,11609,3.67
HOUSEHOLD_2_401,TX_3,11609,3.33
HOUSEHOLD_2_410,TX_3,11609,1.38
HOUSEHOLD_2_414,TX_3,11609,5.74
HOUSEHOLD_2_423,TX_3,11609,3.87
HOUSEHOLD_2_449,TX_3,11609,5.64
HOUSEHOLD_2_456,TX_3,11609,8.86
HOUSEHOLD_2_457,TX_3,11609,6.47
HOUSEHOLD_2_460,TX_3,11609,5.94
HOUSEHOLD_2_465,TX_3,11609,7.24
HOUSEHOLD_2_473,TX_3,11609,7.97
HOUSEHOLD_2_475,TX_3,11609,4.96
HOUSEHOLD_2_478,TX_3,11609,4.94
HOUSEHOLD_2_476,TX_3,11609,3.97
HOUSEHOLD_2_484,TX_3,11609,6.97
HOUSEHOLD_2_494,TX_3,11609,5.94
HOUSEHOLD_2_509,TX_3,11609,8.97
FOODS_1_006,TX_3,11609,2.48
FOODS_1_011,TX_3,11609,2.68
FOODS_1_009,TX_3,11609,2.24
FOODS_1_019,TX_3,11609,0.98
FOODS_1_025,TX_3,11609,4.27
FOODS_1_036,TX_3,11609,1.78
FOODS_1_049,TX_3,11609,2.24
FOODS_1_053,TX_3,11609,6.17
FOODS_1_062,TX_3,11609,4.27
FOODS_1_058,TX_3,11609,1.96
FOODS_1_066,TX_3,11609,1.36
FOODS_1_073,TX_3,11609,2.12
FOODS_1_071,TX_3,11609,2.0
FOODS_1_074,TX_3,11609,2.24
FOODS_1_080,TX_3,11609,7.58
FOODS_1_081,TX_3,11609,6.27
FOODS_1_096,TX_3,11609,6.38
FOODS_1_106,TX_3,11609,3.54
FOODS_1_098,TX_3,11609,5.06
FOODS_1_114,TX_3,11609,3.54
FOODS_1_110,TX_3,11609,1.96
FOODS_1_109,TX_3,11609,2.24
FOODS_1_137,TX_3,11609,2.0
FOODS_1_155,TX_3,11609,0.98
FOODS_1_157,TX_3,11609,5.47
FOODS_1_163,TX_3,11609,0.94
FOODS_1_191,TX_3,11609,6.27
FOODS_1_190,TX_3,11609,0.94
FOODS_1_188,TX_3,11609,2.98
FOODS_1_202,TX_3,11609,0.94
FOODS_1_207,TX_3,11609,3.32
FOODS_1_213,TX_3,11609,2.24
FOODS_1_214,TX_3,11609,3.14
FOODS_2_002,TX_3,11609,1.87
FOODS_2_007,TX_3,11609,2.82
FOODS_2_014,TX_3,11609,2.42
FOODS_2_019,TX_3,11609,2.98
FOODS_2_026,TX_3,11609,2.0
FOODS_2_021,TX_3,11609,0.94
FOODS_2_031,TX_3,11609,2.18
FOODS_2_087,TX_3,11609,10.97
FOODS_2_100,TX_3,11609,2.5
FOODS_2_094,TX_3,11609,1.28
FOODS_2_107,TX_3,11609,2.0
FOODS_2_110,TX_3,11609,2.28
FOODS_2_122,TX_3,11609,4.93
HOBBIES_1_007,CA_1,11609,7.88
HOBBIES_1_010,CA_1,11609,2.97
HOBBIES_1_014,CA_1,11609,1.16
HOBBIES_1_026,CA_1,11609,17.97
HOBBIES_1_043,CA_1,11609,0.7
HOBBIES_1_050,CA_1,11609,10.98
HOBBIES_1_061,CA_1,11609,2.83
HOBBIES_1_076,CA_1,11609,3.43
HOBBIES_1_083,CA_1,11609,15.92
HOBBIES_1_093,CA_1,11609,19.96
HOBBIES_1_108,CA_1,11609,12.98
HOBBIES_1_110,CA_1,11609,3.67
HOBBIES_1_130,CA_1,11609,2.73
HOBBIES_1_164,CA_1,11609,8.97
HOBBIES_1_167,CA_1,11609,0.68
HOBBIES_1_171,CA_1,11609,2.88
HOBBIES_1_176,CA_1,11609,5.94
HOBBIES_1_183,CA_1,11609,7.98
HOBBIES_1_187,CA_1,11609,7.0
HOBBIES_1_186,CA_1,11609,15.92
HOBBIES_1_211,CA_1,11609,4.72
HOBBIES_1_215,CA_1,11609,10.98
HOBBIES_1_214,CA_1,11609,9.88
HOBBIES_1_221,CA_1,11609,2.97
HOBBIES_1_239,CA_1,11609,2.97
HOBBIES_1_254,CA_1,11609,0.7
HOBBIES_1_257,CA_1,11609,16.76
HOBBIES_1_276,CA_1,11609,7.98
HOBBIES_1_288,CA_1,11609,0.57
HOBBIES_1_289,CA_1,11609,4.97
HOBBIES_1_295,CA_1,11609,0.48
HOBBIES_1_309,CA_1,11609,5.12
HOBBIES_1_307,CA_1,11609,3.97
HOBBIES_1_322,CA_1,11609,3.97
HOBBIES_1_341,CA_1,11609,0.48
HOBBIES_1_335,CA_1,11609,12.88
HOBBIES_1_345,CA_1,11609,7.88
HOBBIES_1_352,CA_1,11609,2.74
HOBBIES_1_365,CA_1,11609,3.97
HOBBIES_1_394,CA_1,11609,7.88
HOBBIES_2_007,CA_1,11609,0.97
HOBBIES_2_020,CA_1,11609,3.88
HOBBIES_2_019,CA_1,11609,3.37
HOBBIES_2_032,CA_1,11609,0.97
HOBBIES_2_043,CA_1,11609,0.97
HOBBIES_2_069,CA_1,11609,2.97
HOBBIES_2_063,CA_1,11609,0.97
HOBBIES_2_067,CA_1,11609,2.97
HOBBIES_2_074,CA_1,11609,3.97
HOBBIES_2_078,CA_1,11609,5.97
HOBBIES_2_088,CA_1,11609,2.77
HOBBIES_2_101,CA_1,11609,0.5
HOBBIES_2_099,CA_1,11609,0.97
HOBBIES_2_124,CA_1,11609,0.23
HOBBIES_2_133,CA_1,11609,2.88
HOBBIES_2_139,CA_1,11609,4.97
HOBBIES_2_147,CA_1,11609,0.97
HOUSEHOLD_1_005,CA_1,11609,9.97
HOUSEHOLD_1_015,CA_1,11609,5.88
HOUSEHOLD_1_022,CA_1,11609,4.84
HOUSEHOLD_1_028,CA_1,11609,2.97
HOUSEHOLD_1_045,CA_1,11609,2.67
HOUSEHOLD_1_036,CA_1,11609,2.98
HOUSEHOLD_1_050,CA_1,11609,3.97
HOUSEHOLD_1_059,CA_1,11609,3.12
HOUSEHOLD_1_057,CA_1,11609,1.77
HOUSEHOLD_1_058,CA_1,11609,6.48
HOUSEHOLD_1_060,CA_1,11609,29.97
HOUSEHOLD_1_068,CA_1,11609,6.97
HOUSEHOLD_1_072,CA_1,11609,7.98
HOUSEHOLD_1_092,CA_1,11609,1.77
HOUSEHOLD_1_105,CA_1,11609,3.94
HOUSEHOLD_1_108,CA_1,11609,4.88
HOUSEHOLD_1_100,CA_1,11609,7.97
HOUSEHOLD_1_107,CA_1,11609,3.48
HOUSEHOLD_1_109,CA_1,11609,3.97
HOUSEHOLD_1_115,CA_1,11609,4.94
HOUSEHOLD_1_122,CA_1,11609,2.26
HOUSEHOLD_1_140,CA_1,11609,14.97
HOUSEHOLD_1_146,CA_1,11609,5.98
HOUSEHOLD_1_151,CA_1,11609,0.88
HOUSEHOLD_1_160,CA_1,11609,9.97
HOUSEHOLD_1_158,CA_1,11609,3.97
HOUSEHOLD_1_159,CA_1,11609,7.93
HOUSEHOLD_1_168,CA_1,11609,2.97
HOUSEHOLD_1_171,CA_1,11609,8.97
HOUSEHOLD_1_169,CA_1,11609,2.94
HOUSEHOLD_1_177,CA_1,11609,6.97
HOUSEHOLD_1_179,CA_1,11609,0.98
HOUSEHOLD_1_175,CA_1,11609,4.88
HOUSEHOLD_1_183,CA_1,11609,4.88
HOUSEHOLD_1_193,CA_1,11609,2.42
HOUSEHOLD_1_202,CA_1,11609,1.98
HOUSEHOLD_1_212,CA_1,11609,4.47
HOUSEHOLD_1_236,CA_1,11609,2.47
HOUSEHOLD_1_233,CA_1,11609,11.52
HOUSEHOLD_1_248,CA_1,11609,8.97
HOUSEHOLD_1_246,CA_1,11609,3.98
HOUSEHOLD_1_252,CA_1,11609,9.47
HOUSEHOLD_1_257,CA_1,11609,5.24
HOUSEHOLD_1_266,CA_1,11609,1.0
HOUSEHOLD_1_294,CA_1,11609,2.27
HOUSEHOLD_1_291,CA_1,11609,3.72
HOUSEHOLD_1_304,CA_1,11609,2.36
HOUSEHOLD_1_306,CA_1,11609,1.97
HOUSEHOLD_1_300,CA_1,11609,4.88
HOUSEHOLD_1_324,CA_1,11609,5.97
HOUSEHOLD_1_327,CA_1,11609,0.98
HOUSEHOLD_1_347,CA_1,11609,7.97
HOUSEHOLD_1_341,CA_1,11609,4.88
HOUSEHOLD_1_353,CA_1,11609,3.44
HOUSEHOLD_1_374,CA_1,11609,3.97
HOUSEHOLD_1_380,CA_1,11609,4.57
HOUSEHOLD_1_386,CA_1,11609,2.96
HOUSEHOLD_1_385,CA_1,11609,1.97
HOUSEHOLD_1_384,CA_1,11609,4.84
HOUSEHOLD_1_414,CA_1,11609,0.98
HOUSEHOLD_1_420,CA_1,11609,6.42
HOUSEHOLD_1_430,CA_1,11609,0.98
HOUSEHOLD_1_438,CA_1,11609,7.33
HOUSEHOLD_1_451,CA_1,11609,6.98
HOUSEHOLD_1_465,CA_1,11609,0.97
HOUSEHOLD_1_477,CA_1,11609,13.48
HOUSEHOLD_1_483,CA_1,11609,4.54
HOUSEHOLD_1_494,CA_1,11609,7.97
HOUSEHOLD_1_499,CA_1,11609,3.88
HOUSEHOLD_1_505,CA_1,11609,2.47
HOUSEHOLD_1_514,CA_1,11609,3.97
HOUSEHOLD_1_540,CA_1,11609,1.88
HOUSEHOLD_2_014,CA_1,11609,5.97
HOUSEHOLD_2_019,CA_1,11609,9.47
HOUSEHOLD_2_020,CA_1,11609,8.47
HOUSEHOLD_2_033,CA_1,11609,6.97
FOODS_2_383,TX_1,11609,1.87
FOODS_2_392,TX_1,11609,4.98
FOODS_2_397,TX_1,11609,2.83
FOODS_3_011,TX_1,11609,1.88
FOODS_3_014,TX_1,11609,1.98
FOODS_3_030,TX_1,11609,1.25
FOODS_3_043,TX_1,11609,2.56
FOODS_3_044,TX_1,11609,2.88
FOODS_3_054,TX_1,11609,2.18
FOODS_3_065,TX_1,11609,3.98
FOODS_3_069,TX_1,11609,2.98
FOODS_3_088,TX_1,11609,2.78
FOODS_3_102,TX_1,11609,1.98
FOODS_3_116,TX_1,11609,1.18
FOODS_3_150,TX_1,11609,1.88
FOODS_3_149,TX_1,11609,2.5
FOODS_3_165,TX_1,11609,3.27
FOODS_3_157,TX_1,11609,3.32
FOODS_3_175,TX_1,11609,6.98
FOODS_3_171,TX_1,11609,2.48
FOODS_3_182,TX_1,11609,1.98
FOODS_3_193,TX_1,11609,2.5
FOODS_3_206,TX_1,11609,2.58
FOODS_3_207,TX_1,11609,1.98
FOODS_3_208,TX_1,11609,4.88
FOODS_3_212,TX_1,11609,2.98
FOODS_3_219,TX_1,11609,1.48
FOODS_3_239,TX_1,11609,1.98
FOODS_3_244,TX_1,11609,9.86
FOODS_3_246,TX_1,11609,1.98
FOODS_3_251,TX_1,11609,2.98
FOODS_3_271,TX_1,11609,4.48
FOODS_3_273,TX_1,11609,2.24
FOODS_3_278,TX_1,11609,1.0
FOODS_3_305,TX_1,11609,4.68
FOODS_3_317,TX_1,11609,0.94
FOODS_3_321,TX_1,11609,1.48
FOODS_3_331,TX_1,11609,1.32
FOODS_3_341,TX_1,11609,3.98
FOODS_3_368,TX_1,11609,5.98
FOODS_3_370,TX_1,11609,6.98
FOODS_3_381,TX_1,11609,2.98
FOODS_3_386,TX_1,11609,2.56
FOODS_3_405,TX_1,11609,3.56
FOODS_3_406,TX_1,11609,0.8
FOODS_3_403,TX_1,11609,1.5
FOODS_3_428,TX_1,11609,1.98
FOODS_3_432,TX_1,11609,3.98
FOODS_3_443,TX_1,11609,2.5
FOODS_3_468,TX_1,11609,1.18
FOODS_3_470,TX_1,11609,1.74
FOODS_3_466,TX_1,11609,3.78
FOODS_3_475,TX_1,11609,1.0
FOODS_3_476,TX_1,11609,5.98
FOODS_3_481,TX_1,11609,3.88
FOODS_3_487,TX_1,11609,1.68
FOODS_3_492,TX_1,11609,2.98
FOODS_3_515,TX_1,11609,2.88
FOODS_3_520,TX_1,11609,3.98
FOODS_3_537,TX_1,11609,3.98
FOODS_3_530,TX_1,11609,1.68
FOODS_3_542,TX_1,11609,2.56
FOODS_3_555,TX_1,11609,1.68
FOODS_3_550,TX_1,11609,2.98
FOODS_3_553,TX_1,11609,2.56
FOODS_3_560,TX_1,11609,2.67
FOODS_3_570,TX_1,11609,1.78
FOODS_3_581,TX_1,11609,3.48
FOODS_3_582,TX_1,11609,1.98
FOODS_3_585,TX_1,11609,3.98
FOODS_3_596,TX_1,11609,3.0
FOODS_3_598,TX_1,11609,1.98
FOODS_3_597,TX_1,11609,2.84
FOODS_3_602,TX_1,11609,2.68
FOODS_3_621,TX_1,11609,1.5
FOODS_3_633,TX_1,11609,2.88
FOODS_3_639,TX_1,11609,1.98
FOODS_3_651,TX_1,11609,5.22
FOODS_3_652,TX_1,11609,3.98
FOODS_3_653,TX_1,11609,3.64
FOODS_3_660,TX_1,11609,1.48
FOODS_3_662,TX_1,11609,2.5
FOODS_3_675,TX_1,11609,1.98
FOODS_3_688,TX_1,11609,1.88
FOODS_3_726,TX_1,11609,2.56
FOODS_3_733,TX_1,11609,1.98
FOODS_3_735,TX_1,11609,2.0
FOODS_3_750,TX_1,11609,2.68
FOODS_3_745,TX_1,11609,2.18
FOODS_3_755,TX_1,11609,0.94
FOODS_3_751,TX_1,11609,4.98
FOODS_3_776,TX_1,11609,2.98
FOODS_3_773,TX_1,11609,4.98
FOODS_3_777,TX_1,11609,2.98
FOODS_3_793,TX_1,11609,2.98
FOODS_3_788,TX_1,11609,3.48
FOODS_3_808,TX_1,11609,1.0
FOODS_3_813,TX_1,11609,4.54
FOODS_3_821,TX_1,11609,4.98
HOBBIES_1_001,TX_2,11609,8.26
HOBBIES_1_005,TX_2,11609,2.73
HOBBIES_1_020,TX_2,11609,12.68
HOBBIES_1_021,TX_2,11609,11.88
HOBBIES_1_029,TX_2,11609,8.98
HOBBIES_1_038,TX_2,11609,3.17
HOBBIES_1_037,TX_2,11609,12.77
HOBBIES_1_041,TX_2,11609,4.22
HOBBIES_1_042,TX_2,11609,7.83
HOBBIES_1_055,TX_2,11609,8.98
HOBBIES_1_052,TX_2,11609,5.88
HOBBIES_1_056,TX_2,11609,0.94
HOBBIES_1_074,TX_2,11609,3.67
HOBBIES_1_089,TX_2,11609,7.97
HOBBIES_1_111,TX_2,11609,2.64
HOBBIES_1_142,TX_2,11609,0.94
HOBBIES_1_140,TX_2,11609,1.12
HOBBIES_1_154,TX_2,11609,2.5
HOBBIES_1_166,TX_2,11609,9.98
HOBBIES_1_170,TX_2,11609,17.97
HOBBIES_1_179,TX_2,11609,6.87
HOBBIES_1_199,TX_2,11609,3.98
HOBBIES_1_204,TX_2,11609,9.72
HOBBIES_1_217,TX_2,11609,3.47
HOBBIES_1_224,TX_2,11609,3.97
HOBBIES_1_234,TX_2,11609,0.3
HOBBIES_1_244,TX_2,11609,0.48
HOBBIES_1_250,TX_2,11609,4.88
HOBBIES_1_255,TX_2,11609,1.88
HOBBIES_1_282,TX_2,11609,3.98
HOBBIES_1_284,TX_2,11609,4.88
HOBBIES_1_293,TX_2,11609,3.68
HOBBIES_1_303,TX_2,11609,8.56
HOBBIES_1_305,TX_2,11609,2.87
HOBBIES_1_308,TX_2,11609,9.98
HOBBIES_1_319,TX_2,11609,0.96
HOBBIES_1_318,TX_2,11609,3.96
HOBBIES_1_321,TX_2,11609,6.68
HOBBIES_1_323,TX_2,11609,4.62
HOBBIES_1_333,TX_2,11609,4.97
HOBBIES_1_342,TX_2,11609,18.46
HOBBIES_1_350,TX_2,11609,2.96
HOBBIES_1_355,TX_2,11609,3.94
HOBBIES_1_384,TX_2,11609,9.98
FOODS_3_402,WI_1,11609,6.48
FOODS_3_411,WI_1,11609,2.98
FOODS_3_424,WI_1,11609,3.88
FOODS_3_423,WI_1,11609,2.98
FOODS_3_435,WI_1,11609,1.48
FOODS_3_437,WI_1,11609,1.0
FOODS_3_446,WI_1,11609,1.18
FOODS_3_440,WI_1,11609,5.22
FOODS_3_449,WI_1,11609,1.98
FOODS_3_450,WI_1,11609,3.0
FOODS_3_452,WI_1,11609,4.98
FOODS_3_456,WI_1,11609,3.98
FOODS_3_451,WI_1,11609,1.48
FOODS_3_462,WI_1,11609,1.0
FOODS_3_464,WI_1,11609,3.48
FOODS_3_483,WI_1,11609,2.98
FOODS_3_494,WI_1,11609,2.98
FOODS_3_510,WI_1,11609,1.97
FOODS_3_538,WI_1,11609,1.34
FOODS_3_547,WI_1,11609,0.25
FOODS_3_549,WI_1,11609,2.48
FOODS_3_545,WI_1,11609,1.0
FOODS_3_554,WI_1,11609,3.48
FOODS_3_556,WI_1,11609,2.49
FOODS_3_574,WI_1,11609,5.98
FOODS_3_580,WI_1,11609,0.25
FOODS_3_593,WI_1,11609,6.98
FOODS_3_610,WI_1,11609,1.98
FOODS_3_606,WI_1,11609,2.88
FOODS_3_614,WI_1,11609,0.94
FOODS_3_624,WI_1,11609,2.48
FOODS_3_634,WI_1,11609,3.98
FOODS_3_637,WI_1,11609,2.98
FOODS_3_638,WI_1,11609,1.45
FOODS_3_649,WI_1,11609,6.44
FOODS_3_647,WI_1,11609,1.28
FOODS_3_668,WI_1,11609,1.68
FOODS_3_670,WI_1,11609,1.98
FOODS_3_673,WI_1,11609,5.98
FOODS_3_684,WI_1,11609,1.88
FOODS_3_695,WI_1,11609,3.98
FOODS_3_714,WI_1,11609,1.58
FOODS_3_715,WI_1,11609,3.98
FOODS_3_709,WI_1,11609,2.42
FOODS_3_717,WI_1,11609,1.98
FOODS_3_719,WI_1,11609,2.5
FOODS_3_720,WI_1,11609,4.54
FOODS_3_738,WI_1,11609,1.5
FOODS_3_743,WI_1,11609,2.98
FOODS_3_754,WI_1,11609,6.24
FOODS_3_763,WI_1,11609,3.48
FOODS_3_762,WI_1,11609,3.27
FOODS_3_759,WI_1,11609,2.98
FOODS_3_782,WI_1,11609,2.68
FOODS_3_780,WI_1,11609,2.98
FOODS_3_792,WI_1,11609,1.0
FOODS_3_801,WI_1,11609,1.0
HOBBIES_1_003,WI_2,11609,2.97
HOBBIES_1_009,WI_2,11609,1.77
HOBBIES_1_022,WI_2,11609,7.18
HOBBIES_1_064,WI_2,11609,12.97
HOBBIES_1_068,WI_2,11609,7.0
HOBBIES_1_086,WI_2,11609,8.38
HOBBIES_1_095,WI_2,11609,7.68
HOBBIES_1_109,WI_2,11609,6.12
HOBBIES_1_121,WI_2,11609,1.12
HOBBIES_1_126,WI_2,11609,9.58
HOBBIES_1_137,WI_2,11609,8.98
HOBBIES_1_139,WI_2,11609,2.74
HOBBIES_1_150,WI_2,11609,1.77
HOBBIES_1_153,WI_2,11609,6.38
HOBBIES_1_163,WI_2,11609,10.84
HOBBIES_1_162,WI_2,11609,3.98
HOBBIES_1_161,WI_2,11609,0.7
HOBBIES_1_169,WI_2,11609,0.57
HOBBIES_1_173,WI_2,11609,10.97
HOBBIES_1_192,WI_2,11609,3.54
HOBBIES_1_193,WI_2,11609,8.77
HOBBIES_1_197,WI_2,11609,12.84
HOBBIES_1_198,WI_2,11609,8.38
HOBBIES_1_191,WI_2,11609,8.97
HOBBIES_1_226,WI_2,11609,13.98
HOBBIES_1_238,WI_2,11609,5.94
HOBBIES_1_245,WI_2,11609,4.97
HOBBIES_1_253,WI_2,11609,12.78
HOBBIES_1_251,WI_2,11609,15.83
HOBBIES_1_246,WI_2,11609,10.98
HOBBIES_1_262,WI_2,11609,8.98
HOBBIES_1_271,WI_2,11609,5.77
HOBBIES_1_279,WI_2,11609,3.78
HOBBIES_1_285,WI_2,11609,10.88
HOBBIES_1_302,WI_2,11609,2.88
HOBBIES_1_313,WI_2,11609,1.23
HOBBIES_1_317,WI_2,11609,7.98
HOBBIES_1_316,WI_2,11609,0.94
HOBBIES_1_336,WI_2,11609,1.88
HOBBIES_1_340,WI_2,11609,7.98
HOBBIES_1_343,WI_2,11609,5.32
HOBBIES_1_347,WI_2,11609,9.88
HOBBIES_1_359,WI_2,11609,1.47
HOBBIES_1_354,WI_2,11609,22.98
HOBBIES_1_386,WI_2,11609,5.86
HOBBIES_1_379,WI_2,11609,2.24
HOBBIES_1_396,WI_2,11609,1.88
HOBBIES_1_400,WI_2,11609,1.14
HOBBIES_1_402,WI_2,11609,9.94
HOBBIES_1_409,WI_2,11609,5.76
HOBBIES_1_415,WI_2,11609,6.68
HOBBIES_1_417,WI_2,11609,0.57
HOBBIES_1_424,WI_2,11609,1.77
HOBBIES_2_006,WI_2,11609,3.97
HOBBIES_2_021,WI_2,11609,0.97
HOBBIES_2_052,WI_2,11609,2.47
HOBBIES_2_076,WI_2,11609,2.88
HOBBIES_2_098,WI_2,11609,0.88
HOBBIES_2_090,WI_2,11609,1.77
HOBBIES_2_095,WI_2,11609,0.88
HOBBIES_2_129,WI_2,11609,0.23
HOBBIES_2_144,WI_2,11609,0.5
HOBBIES_2_149,WI_2,11609,0.97
HOUSEHOLD_1_006,WI_2,11609,6.97
HOUSEHOLD_1_018,WI_2,11609,9.97
HOUSEHOLD_1_023,WI_2,11609,8.97
HOUSEHOLD_1_030,WI_2,11609,4.94
HOUSEHOLD_1_038,WI_2,11609,5.22
HOUSEHOLD_1_040,WI_2,11609,4.94
HOUSEHOLD_1_044,WI_2,11609,17.97
HOUSEHOLD_1_043,WI_2,11609,2.97
HOUSEHOLD_1_055,WI_2,11609,3.88
HOUSEHOLD_1_070,WI_2,11609,3.93
HOUSEHOLD_1_071,WI_2,11609,2.36
HOUSEHOLD_1_076,WI_2,11609,4.88
HOUSEHOLD_1_095,WI_2,11609,5.97
HOUSEHOLD_1_103,WI_2,11609,4.94
HOUSEHOLD_1_110,WI_2,11609,3.97
HOUSEHOLD_1_126,WI_2,11609,8.96
HOUSEHOLD_1_132,WI_2,11609,1.97
HOUSEHOLD_1_134,WI_2,11609,4.23
HOUSEHOLD_1_189,WI_2,11609,5.88
HOUSEHOLD_1_190,WI_2,11609,4.94
HOUSEHOLD_1_196,WI_2,11609,1.97
HOUSEHOLD_1_203,WI_2,11609,4.94
HOUSEHOLD_1_207,WI_2,11609,7.97
HOUSEHOLD_1_209,WI_2,11609,3.47
HOUSEHOLD_1_219,WI_2,11609,6.48
HOUSEHOLD_1_217,WI_2,11609,1.83
HOUSEHOLD_1_213,WI_2,11609,4.48
HOUSEHOLD_1_216,WI_2,11609,11.97
HOUSEHOLD_1_225,WI_2,11609,1.88
HOUSEHOLD_1_226,WI_2,11609,2.88
HOBBIES_1_038,CA_3,11609,3.22
HOBBIES_1_037,CA_3,11609,12.97
HOBBIES_1_041,CA_3,11609,4.22
HOBBIES_1_042,CA_3,11609,7.83
HOBBIES_1_055,CA_3,11609,8.98
HOBBIES_1_052,CA_3,11609,5.88
HOBBIES_1_056,CA_3,11609,0.94
HOBBIES_1_074,CA_3,11609,3.67
HOBBIES_1_089,CA_3,11609,7.97
HOBBIES_1_111,CA_3,11609,2.92
HOBBIES_1_140,CA_3,11609,1.12
HOBBIES_1_142,CA_3,11609,0.94
HOBBIES_1_154,CA_3,11609,2.88
HOBBIES_1_166,CA_3,11609,9.98
HOBBIES_1_170,CA_3,11609,17.97
HOBBIES_1_179,CA_3,11609,6.87
HOBBIES_1_199,CA_3,11609,3.98
HOBBIES_1_204,CA_3,11609,9.72
HOBBIES_1_217,CA_3,11609,3.47
HOBBIES_1_224,CA_3,11609,3.97
HOBBIES_1_234,CA_3,11609,0.3
HOBBIES_1_244,CA_3,11609,0.48
HOBBIES_1_250,CA_3,11609,4.88
HOBBIES_1_255,CA_3,11609,1.88
HOBBIES_1_282,CA_3,11609,3.98
HOBBIES_1_284,CA_3,11609,4.88
HOBBIES_1_293,CA_3,11609,3.68
HOBBIES_1_305,CA_3,11609,2.87
HOBBIES_1_303,CA_3,11609,8.56
HOBBIES_1_308,CA_3,11609,9.98
HOBBIES_1_319,CA_3,11609,0.96
HOBBIES_1_321,CA_3,11609,6.68
HOBBIES_1_318,CA_3,11609,3.96
HOBBIES_1_323,CA_3,11609,5.24
HOBBIES_1_333,CA_3,11609,4.97
HOBBIES_1_342,CA_3,11609,19.96
HOBBIES_1_350,CA_3,11609,2.98
HOBBIES_1_355,CA_3,11609,3.94
HOBBIES_1_384,CA_3,11609,9.98
HOBBIES_1_403,CA_3,11609,13.23
HOBBIES_1_404,CA_3,11609,0.48
HOBBIES_1_411,CA_3,11609,1.34
HOBBIES_1_418,CA_3,11609,3.98
HOBBIES_1_420,CA_3,11609,5.74
HOBBIES_1_421,CA_3,11609,8.26
HOBBIES_2_015,CA_3,11609,2.47
HOBBIES_2_038,CA_3,11609,0.97
HOBBIES_2_049,CA_3,11609,2.5
HOBBIES_2_045,CA_3,11609,2.47
HOBBIES_2_059,CA_3,11609,0.23
HOBBIES_2_065,CA_3,11609,0.5
HOBBIES_2_079,CA_3,11609,2.47
HOBBIES_2_071,CA_3,11609,0.97
HOBBIES_2_085,CA_3,11609,0.97
HOBBIES_2_082,CA_3,11609,0.88
HOBBIES_2_093,CA_3,11609,1.97
HOBBIES_2_094,CA_3,11609,1.97
HOBBIES_2_100,CA_3,11609,0.88
HOBBIES_2_111,CA_3,11609,3.97
HOBBIES_2_119,CA_3,11609,2.97
HOBBIES_2_121,CA_3,11609,0.97
HOBBIES_2_140,CA_3,11609,2.47
HOUSEHOLD_1_008,CA_3,11609,5.47
HOUSEHOLD_1_033,CA_3,11609,3.97
HOUSEHOLD_1_035,CA_3,11609,4.63
HOUSEHOLD_1_053,CA_3,11609,14.97
HOUSEHOLD_1_052,CA_3,11609,4.23
HOUSEHOLD_1_069,CA_3,11609,1.97
HOUSEHOLD_1_083,CA_3,11609,0.97
HOUSEHOLD_1_079,CA_3,11609,4.47
HOUSEHOLD_1_078,CA_3,11609,2.84
HOUSEHOLD_1_077,CA_3,11609,6.42
HOUSEHOLD_1_086,CA_3,11609,5.27
HOUSEHOLD_1_117,CA_3,11609,7.97
HOUSEHOLD_1_112,CA_3,11609,2.97
HOUSEHOLD_1_119,CA_3,11609,3.74
HOUSEHOLD_1_116,CA_3,11609,2.97
HOUSEHOLD_1_123,CA_3,11609,8.97
HOUSEHOLD_1_131,CA_3,11609,4.94
HOUSEHOLD_1_141,CA_3,11609,1.77
HOUSEHOLD_1_156,CA_3,11609,2.73
HOUSEHOLD_1_161,CA_3,11609,11.93
HOUSEHOLD_1_181,CA_3,11609,3.94
HOUSEHOLD_1_185,CA_3,11609,2.97
HOUSEHOLD_1_187,CA_3,11609,6.48
HOUSEHOLD_1_197,CA_3,11609,4.97
HOUSEHOLD_1_205,CA_3,11609,5.94
HOUSEHOLD_1_211,CA_3,11609,3.87
HOUSEHOLD_1_218,CA_3,11609,1.94
HOUSEHOLD_1_221,CA_3,11609,12.57
HOUSEHOLD_1_232,CA_3,11609,4.23
HOUSEHOLD_1_242,CA_3,11609,4.88
HOUSEHOLD_1_256,CA_3,11609,5.97
HOUSEHOLD_1_267,CA_3,11609,8.94
HOUSEHOLD_1_261,CA_3,11609,5.97
HOUSEHOLD_1_272,CA_3,11609,9.97
HOUSEHOLD_1_292,CA_3,11609,6.48
HOUSEHOLD_1_295,CA_3,11609,2.98
HOUSEHOLD_1_303,CA_3,11609,0.98
HOUSEHOLD_1_301,CA_3,11609,4.94
HOUSEHOLD_1_307,CA_3,11609,2.97
HOUSEHOLD_1_312,CA_3,11609,2.37
HOUSEHOLD_1_329,CA_3,11609,4.94
HOUSEHOLD_1_335,CA_3,11609,9.42
HOUSEHOLD_1_337,CA_3,11609,4.97
HOUSEHOLD_1_345,CA_3,11609,4.22
HOUSEHOLD_1_346,CA_3,11609,3.94
HOUSEHOLD_1_342,CA_3,11609,17.97
HOUSEHOLD_1_351,CA_3,11609,0.97
HOUSEHOLD_1_360,CA_3,11609,3.96
HOUSEHOLD_1_368,CA_3,11609,8.48
HOUSEHOLD_1_373,CA_3,11609,3.42
HOUSEHOLD_1_371,CA_3,11609,4.94
HOUSEHOLD_1_378,CA_3,11609,21.78
HOUSEHOLD_1_393,CA_3,11609,1.98
HOUSEHOLD_1_413,CA_3,11609,17.97
HOUSEHOLD_1_410,CA_3,11609,3.97
HOUSEHOLD_1_411,CA_3,11609,3.28
HOUSEHOLD_1_443,CA_3,11609,2.47
HOUSEHOLD_1_450,CA_3,11609,3.42
HOUSEHOLD_1_469,CA_3,11609,17.97
HOUSEHOLD_1_478,CA_3,11609,2.67
HOUSEHOLD_1_479,CA_3,11609,7.56
HOUSEHOLD_1_485,CA_3,11609,2.97
HOUSEHOLD_1_486,CA_3,11609,18.87
HOUSEHOLD_1_503,CA_3,11609,1.28
HOUSEHOLD_1_511,CA_3,11609,6.27
HOUSEHOLD_1_519,CA_3,11609,4.88
HOUSEHOLD_1_528,CA_3,11609,2.97
HOUSEHOLD_1_539,CA_3,11609,3.97
HOUSEHOLD_1_533,CA_3,11609,4.97
HOUSEHOLD_1_534,CA_3,11609,9.97
HOUSEHOLD_2_012,CA_3,11609,4.78
HOUSEHOLD_2_027,CA_3,11609,4.97
HOUSEHOLD_2_029,CA_3,11609,10.43
HOUSEHOLD_2_030,CA_3,11609,3.97
HOUSEHOLD_2_052,CA_3,11609,4.97
HOUSEHOLD_2_078,CA_3,11609,5.84
HOUSEHOLD_2_072,CA_3,11609,2.58
HOUSEHOLD_2_077,CA_3,11609,3.48
HOUSEHOLD_2_082,CA_3,11609,5.92
HOUSEHOLD_2_091,CA_3,11609,8.97
FOODS_3_485,TX_2,11609,3.56
FOODS_3_482,TX_2,11609,2.98
FOODS_3_507,TX_2,11609,1.98
FOODS_3_533,TX_2,11609,4.98
FOODS_3_532,TX_2,11609,2.98
FOODS_3_529,TX_2,11609,3.98
FOODS_3_536,TX_2,11609,2.98
FOODS_3_548,TX_2,11609,2.56
FOODS_3_558,TX_2,11609,2.98
FOODS_3_559,TX_2,11609,3.0
FOODS_3_567,TX_2,11609,1.74
FOODS_3_572,TX_2,11609,2.5
FOODS_3_577,TX_2,11609,3.43
FOODS_3_573,TX_2,11609,1.0
FOODS_3_579,TX_2,11609,1.98
FOODS_3_594,TX_2,11609,0.94
FOODS_3_617,TX_2,11609,2.78
FOODS_3_630,TX_2,11609,2.18
FOODS_3_643,TX_2,11609,1.74
FOODS_3_650,TX_2,11609,2.98
FOODS_3_655,TX_2,11609,1.98
FOODS_3_656,TX_2,11609,3.48
FOODS_3_669,TX_2,11609,0.75
FOODS_3_681,TX_2,11609,1.0
FOODS_3_685,TX_2,11609,2.5
FOODS_3_687,TX_2,11609,3.0
FOODS_3_694,TX_2,11609,1.68
FOODS_3_696,TX_2,11609,4.54
FOODS_3_723,TX_2,11609,1.5
FOODS_3_724,TX_2,11609,6.48
FOODS_3_725,TX_2,11609,2.88
FOODS_3_731,TX_2,11609,2.98
FOODS_3_744,TX_2,11609,2.28
FOODS_3_749,TX_2,11609,1.74
FOODS_3_767,TX_2,11609,0.94
FOODS_3_778,TX_2,11609,2.28
FOODS_3_787,TX_2,11609,2.48
FOODS_3_797,TX_2,11609,3.98
FOODS_3_805,TX_2,11609,1.0
FOODS_3_816,TX_2,11609,0.1
FOODS_3_825,TX_2,11609,3.98
HOBBIES_1_007,TX_3,11609,7.88
HOBBIES_1_010,TX_3,11609,2.97
HOBBIES_1_014,TX_3,11609,1.16
HOBBIES_1_026,TX_3,11609,17.97
HOBBIES_1_043,TX_3,11609,0.7
HOBBIES_1_050,TX_3,11609,9.84
HOBBIES_1_061,TX_3,11609,2.83
HOBBIES_1_076,TX_3,11609,3.43
HOBBIES_1_083,TX_3,11609,15.92
HOBBIES_1_093,TX_3,11609,18.46
HOBBIES_1_108,TX_3,11609,12.98
HOBBIES_1_110,TX_3,11609,3.67
HOBBIES_1_130,TX_3,11609,2.73
HOBBIES_1_164,TX_3,11609,8.97
HOBBIES_1_167,TX_3,11609,0.68
HOBBIES_1_171,TX_3,11609,2.5
HOBBIES_1_176,TX_3,11609,5.94
HOBBIES_1_183,TX_3,11609,7.98
HOBBIES_1_187,TX_3,11609,6.76
HOBBIES_1_186,TX_3,11609,15.92
HOBBIES_1_214,TX_3,11609,9.88
HOBBIES_1_211,TX_3,11609,4.72
HOBBIES_1_215,TX_3,11609,10.22
HOBBIES_1_221,TX_3,11609,2.97
HOBBIES_1_239,TX_3,11609,2.97
HOBBIES_1_254,TX_3,11609,0.7
HOBBIES_1_257,TX_3,11609,16.76
HOBBIES_1_276,TX_3,11609,7.98
HOBBIES_1_288,TX_3,11609,0.57
HOBBIES_1_295,TX_3,11609,0.48
HOBBIES_1_289,TX_3,11609,4.97
HOBBIES_1_309,TX_3,11609,5.12
HOBBIES_1_307,TX_3,11609,3.97
HOBBIES_1_322,TX_3,11609,3.97
HOBBIES_1_335,TX_3,11609,12.24
HOBBIES_1_341,TX_3,11609,0.48
HOBBIES_1_345,TX_3,11609,7.44
HOBBIES_1_352,TX_3,11609,2.74
HOBBIES_1_365,TX_3,11609,3.97
HOBBIES_1_394,TX_3,11609,7.88
HOBBIES_2_007,TX_3,11609,0.97
HOBBIES_2_020,TX_3,11609,3.88
HOBBIES_2_019,TX_3,11609,3.37
HOBBIES_2_032,TX_3,11609,0.97
HOBBIES_2_043,TX_3,11609,0.97
HOBBIES_2_063,TX_3,11609,0.97
HOBBIES_2_067,TX_3,11609,2.97
HOBBIES_2_069,TX_3,11609,2.97
HOBBIES_2_074,TX_3,11609,3.97
HOBBIES_2_078,TX_3,11609,5.97
HOBBIES_2_088,TX_3,11609,2.77
HOBBIES_2_101,TX_3,11609,0.5
HOBBIES_2_099,TX_3,11609,0.97
HOBBIES_2_124,TX_3,11609,0.23
HOBBIES_2_133,TX_3,11609,2.88
HOBBIES_2_139,TX_3,11609,4.97
HOBBIES_2_147,TX_3,11609,0.97
HOUSEHOLD_1_005,TX_3,11609,9.97
HOUSEHOLD_1_015,TX_3,11609,4.88
HOUSEHOLD_1_028,TX_3,11609,2.97
HOUSEHOLD_1_022,TX_3,11609,4.84
HOUSEHOLD_1_036,TX_3,11609,2.98
HOUSEHOLD_1_045,TX_3,11609,2.67
HOUSEHOLD_1_050,TX_3,11609,3.97
HOUSEHOLD_1_059,TX_3,11609,3.12
HOUSEHOLD_1_057,TX_3,11609,1.77
HOUSEHOLD_1_058,TX_3,11609,6.48
HOUSEHOLD_1_068,TX_3,11609,6.97
HOUSEHOLD_1_060,TX_3,11609,29.97
HOUSEHOLD_1_072,TX_3,11609,7.98
HOUSEHOLD_1_092,TX_3,11609,1.77
HOUSEHOLD_1_100,TX_3,11609,7.97
HOUSEHOLD_1_105,TX_3,11609,3.94
HOUSEHOLD_1_108,TX_3,11609,4.88
HOUSEHOLD_1_109,TX_3,11609,3.97
HOUSEHOLD_1_107,TX_3,11609,3.48
HOUSEHOLD_1_122,TX_3,11609,2.26
HOUSEHOLD_1_115,TX_3,11609,4.94
HOUSEHOLD_1_140,TX_3,11609,14.97
HOUSEHOLD_1_146,TX_3,11609,4.5
HOUSEHOLD_1_151,TX_3,11609,0.88
HOUSEHOLD_1_158,TX_3,11609,3.97
HOUSEHOLD_1_160,TX_3,11609,9.97
HOUSEHOLD_1_168,TX_3,11609,2.97
HOUSEHOLD_1_159,TX_3,11609,7.93
HOUSEHOLD_1_175,TX_3,11609,4.87
HOUSEHOLD_1_177,TX_3,11609,6.97
HOUSEHOLD_1_171,TX_3,11609,8.97
HOUSEHOLD_1_169,TX_3,11609,2.94
HOUSEHOLD_1_179,TX_3,11609,0.94
HOUSEHOLD_1_183,TX_3,11609,4.88
HOUSEHOLD_1_193,TX_3,11609,2.42
HOUSEHOLD_1_202,TX_3,11609,1.98
HOUSEHOLD_1_212,TX_3,11609,4.47
HOUSEHOLD_1_233,TX_3,11609,11.52
HOUSEHOLD_1_236,TX_3,11609,2.47
HOUSEHOLD_1_252,TX_3,11609,9.47
HOUSEHOLD_1_248,TX_3,11609,8.97
HOUSEHOLD_1_246,TX_3,11609,3.98
HOUSEHOLD_1_257,TX_3,11609,5.24
HOUSEHOLD_1_266,TX_3,11609,1.0
HOBBIES_1_215,WI_3,11609,10.98
HOBBIES_1_214,WI_3,11609,9.88
HOBBIES_1_211,WI_3,11609,4.72
HOBBIES_1_221,WI_3,11609,2.97
HOBBIES_1_239,WI_3,11609,2.97
HOBBIES_1_254,WI_3,11609,0.7
HOBBIES_1_257,WI_3,11609,16.76
HOBBIES_1_276,WI_3,11609,7.98
HOBBIES_1_288,WI_3,11609,0.57
HOBBIES_1_289,WI_3,11609,4.97
HOBBIES_1_295,WI_3,11609,0.48
HOBBIES_1_307,WI_3,11609,3.97
HOBBIES_1_309,WI_3,11609,5.12
HOBBIES_1_322,WI_3,11609,3.97
HOBBIES_1_341,WI_3,11609,0.48
HOBBIES_1_335,WI_3,11609,12.88
HOBBIES_1_345,WI_3,11609,7.88
HOBBIES_1_352,WI_3,11609,2.74
HOBBIES_1_365,WI_3,11609,3.97
HOBBIES_1_394,WI_3,11609,7.88
HOBBIES_2_007,WI_3,11609,0.97
HOBBIES_2_020,WI_3,11609,3.88
HOBBIES_2_019,WI_3,11609,3.37
HOBBIES_2_032,WI_3,11609,0.97
HOBBIES_2_043,WI_3,11609,0.97
HOBBIES_2_069,WI_3,11609,2.97
HOBBIES_2_063,WI_3,11609,0.97
HOBBIES_2_067,WI_3,11609,2.97
HOBBIES_2_074,WI_3,11609,3.97
HOBBIES_2_078,WI_3,11609,5.97
HOBBIES_2_088,WI_3,11609,2.77
HOBBIES_2_099,WI_3,11609,0.97
HOBBIES_2_101,WI_3,11609,0.5
HOBBIES_2_124,WI_3,11609,0.23
HOBBIES_2_133,WI_3,11609,2.88
HOBBIES_2_139,WI_3,11609,4.97
HOUSEHOLD_1_005,WI_3,11609,9.97
HOBBIES_2_147,WI_3,11609,0.97
HOUSEHOLD_1_015,WI_3,11609,5.88
HOUSEHOLD_1_022,WI_3,11609,4.84
HOUSEHOLD_1_028,WI_3,11609,2.97
HOUSEHOLD_1_036,WI_3,11609,2.98
HOUSEHOLD_1_045,WI_3,11609,2.67
HOUSEHOLD_1_050,WI_3,11609,3.97
HOUSEHOLD_1_059,WI_3,11609,3.12
HOUSEHOLD_1_057,WI_3,11609,1.77
HOUSEHOLD_1_060,WI_3,11609,29.97
HOUSEHOLD_1_058,WI_3,11609,6.48
HOUSEHOLD_1_068,WI_3,11609,6.97
HOUSEHOLD_1_072,WI_3,11609,7.98
HOUSEHOLD_1_092,WI_3,11609,1.77
HOUSEHOLD_1_100,WI_3,11609,7.97
HOUSEHOLD_1_108,WI_3,11609,4.88
HOUSEHOLD_1_105,WI_3,11609,3.94
HOUSEHOLD_1_107,WI_3,11609,3.48
HOUSEHOLD_1_109,WI_3,11609,3.97
HOUSEHOLD_1_115,WI_3,11609,4.94
HOUSEHOLD_1_122,WI_3,11609,2.26
HOUSEHOLD_1_140,WI_3,11609,14.97
HOUSEHOLD_1_146,WI_3,11609,5.98
HOUSEHOLD_1_151,WI_3,11609,0.88
HOUSEHOLD_1_160,WI_3,11609,9.97
HOUSEHOLD_1_158,WI_3,11609,3.97
HOUSEHOLD_1_159,WI_3,11609,7.93
HOUSEHOLD_1_168,WI_3,11609,2.97
HOUSEHOLD_1_171,WI_3,11609,8.97
HOUSEHOLD_1_169,WI_3,11609,2.94
HOUSEHOLD_1_177,WI_3,11609,6.97
HOUSEHOLD_1_179,WI_3,11609,0.98
HOUSEHOLD_1_175,WI_3,11609,4.88
HOUSEHOLD_1_183,WI_3,11609,4.88
HOUSEHOLD_1_193,WI_3,11609,2.42
HOUSEHOLD_1_202,WI_3,11609,1.98
HOUSEHOLD_1_212,WI_3,11609,4.47
HOUSEHOLD_1_236,WI_3,11609,2.47
HOUSEHOLD_1_233,WI_3,11609,11.52
HOUSEHOLD_1_248,WI_3,11609,8.97
HOUSEHOLD_1_246,WI_3,11609,3.98
HOUSEHOLD_1_252,WI_3,11609,9.47
HOUSEHOLD_1_257,WI_3,11609,5.24
HOUSEHOLD_1_266,WI_3,11609,1.0
HOUSEHOLD_1_291,WI_3,11609,3.72
HOUSEHOLD_1_294,WI_3,11609,2.27
HOUSEHOLD_1_300,WI_3,11609,4.88
HOUSEHOLD_1_304,WI_3,11609,2.36
HOUSEHOLD_1_306,WI_3,11609,1.97
HOUSEHOLD_1_324,WI_3,11609,5.97
HOUSEHOLD_1_327,WI_3,11609,0.98
HOUSEHOLD_1_347,WI_3,11609,7.97
HOUSEHOLD_1_341,WI_3,11609,4.88
HOUSEHOLD_1_353,WI_3,11609,3.44
HOUSEHOLD_1_374,WI_3,11609,3.97
HOUSEHOLD_1_385,WI_3,11609,1.97
HOUSEHOLD_1_380,WI_3,11609,4.57
HOUSEHOLD_1_384,WI_3,11609,4.84
HOUSEHOLD_1_386,WI_3,11609,2.96
HOUSEHOLD_1_414,WI_3,11609,0.98
HOUSEHOLD_1_420,WI_3,11609,6.42
HOUSEHOLD_1_430,WI_3,11609,0.98
HOUSEHOLD_1_438,WI_3,11609,7.33
HOUSEHOLD_1_451,WI_3,11609,6.98
HOUSEHOLD_1_465,WI_3,11609,0.97
HOUSEHOLD_1_477,WI_3,11609,13.48
HOUSEHOLD_1_483,WI_3,11609,4.54
HOUSEHOLD_1_494,WI_3,11609,7.97
HOUSEHOLD_1_505,WI_3,11609,2.47
HOUSEHOLD_1_499,WI_3,11609,3.88
HOUSEHOLD_1_514,WI_3,11609,3.97
HOUSEHOLD_1_540,WI_3,11609,1.88
HOUSEHOLD_2_014,WI_3,11609,5.97
HOUSEHOLD_2_019,WI_3,11609,9.47
HOUSEHOLD_2_020,WI_3,11609,8.47
HOUSEHOLD_2_033,WI_3,11609,6.97
HOUSEHOLD_2_054,WI_3,11609,4.87
HOUSEHOLD_2_055,WI_3,11609,8.97
HOUSEHOLD_2_065,WI_3,11609,5.47
HOUSEHOLD_2_081,WI_3,11609,2.57
HOUSEHOLD_2_087,WI_3,11609,7.94
HOUSEHOLD_2_085,WI_3,11609,7.94
HOUSEHOLD_2_094,WI_3,11609,5.94
HOUSEHOLD_2_098,WI_3,11609,3.47
HOUSEHOLD_2_104,WI_3,11609,4.97
HOUSEHOLD_2_102,WI_3,11609,2.48
HOUSEHOLD_2_115,WI_3,11609,3.87
HOUSEHOLD_2_122,WI_3,11609,6.96
HOUSEHOLD_2_148,WI_3,11609,5.94
HOUSEHOLD_2_162,WI_3,11609,3.97
HOUSEHOLD_2_182,WI_3,11609,6.98
HOUSEHOLD_2_189,WI_3,11609,14.48
HOUSEHOLD_2_188,WI_3,11609,7.24
HOUSEHOLD_2_186,WI_3,11609,9.98
HOUSEHOLD_2_194,WI_3,11609,6.27
FOODS_3_133,CA_3,11609,0.8
FOODS_3_139,CA_3,11609,4.98
FOODS_3_135,CA_3,11609,1.48
FOODS_3_146,CA_3,11609,5.44
FOODS_3_181,CA_3,11609,2.98
FOODS_3_201,CA_3,11609,2.56
FOODS_3_196,CA_3,11609,4.48
FOODS_3_204,CA_3,11609,2.48
FOODS_3_216,CA_3,11609,2.56
FOODS_3_230,CA_3,11609,3.78
FOODS_3_235,CA_3,11609,1.74
FOODS_3_242,CA_3,11609,9.86
FOODS_3_262,CA_3,11609,6.72
FOODS_3_276,CA_3,11609,3.98
FOODS_3_288,CA_3,11609,1.5
FOODS_3_303,CA_3,11609,2.98
FOODS_3_308,CA_3,11609,4.98
FOODS_3_319,CA_3,11609,1.0
FOODS_3_322,CA_3,11609,2.56
FOODS_3_334,CA_3,11609,2.98
FOODS_3_332,CA_3,11609,1.98
FOODS_3_339,CA_3,11609,0.8
FOODS_3_349,CA_3,11609,1.68
FOODS_3_367,CA_3,11609,2.68
FOODS_3_369,CA_3,11609,3.98
FOODS_3_374,CA_3,11609,2.5
FOODS_3_377,CA_3,11609,1.68
FOODS_3_454,CA_3,11609,0.25
FOODS_3_459,CA_3,11609,1.88
FOODS_3_465,CA_3,11609,1.74
FOODS_3_473,CA_3,11609,4.18
FOODS_3_474,CA_3,11609,1.88
FOODS_3_485,CA_3,11609,3.56
FOODS_3_482,CA_3,11609,2.98
FOODS_3_507,CA_3,11609,1.98
FOODS_3_533,CA_3,11609,4.98
FOODS_3_532,CA_3,11609,2.98
FOODS_3_529,CA_3,11609,3.98
FOODS_3_536,CA_3,11609,2.98
FOODS_3_548,CA_3,11609,2.58
FOODS_3_558,CA_3,11609,2.5
FOODS_3_559,CA_3,11609,3.0
FOODS_3_567,CA_3,11609,1.74
FOODS_3_572,CA_3,11609,2.5
FOODS_3_577,CA_3,11609,3.43
FOODS_3_579,CA_3,11609,1.98
FOODS_3_573,CA_3,11609,1.0
FOODS_3_594,CA_3,11609,1.0
FOODS_3_617,CA_3,11609,2.78
FOODS_3_630,CA_3,11609,2.48
FOODS_3_643,CA_3,11609,1.74
FOODS_3_650,CA_3,11609,2.98
FOODS_3_655,CA_3,11609,1.98
FOODS_3_656,CA_3,11609,3.48
FOODS_3_669,CA_3,11609,0.75
FOODS_3_681,CA_3,11609,1.0
FOODS_3_685,CA_3,11609,2.5
FOODS_3_687,CA_3,11609,3.0
FOODS_3_694,CA_3,11609,1.68
FOODS_3_696,CA_3,11609,4.54
FOODS_3_723,CA_3,11609,1.6
FOODS_3_724,CA_3,11609,6.48
FOODS_3_725,CA_3,11609,2.88
FOODS_3_731,CA_3,11609,2.98
FOODS_3_744,CA_3,11609,2.28
FOODS_3_749,CA_3,11609,1.74
FOODS_3_767,CA_3,11609,1.0
FOODS_3_778,CA_3,11609,2.28
FOODS_3_787,CA_3,11609,2.48
FOODS_3_797,CA_3,11609,3.98
FOODS_3_805,CA_3,11609,1.0
FOODS_3_816,CA_3,11609,0.25
FOODS_3_825,CA_3,11609,3.98
HOBBIES_1_009,CA_4,11609,1.77
HOBBIES_1_003,CA_4,11609,2.97
HOBBIES_1_022,CA_4,11609,7.18
HOBBIES_1_064,CA_4,11609,12.97
HOBBIES_1_068,CA_4,11609,7.0
HOBBIES_1_086,CA_4,11609,8.26
HOBBIES_1_095,CA_4,11609,7.68
HOBBIES_1_109,CA_4,11609,6.12
HOBBIES_1_121,CA_4,11609,1.12
HOBBIES_1_126,CA_4,11609,9.58
HOBBIES_1_137,CA_4,11609,8.98
HOBBIES_1_139,CA_4,11609,2.74
HOBBIES_1_150,CA_4,11609,1.77
HOBBIES_1_153,CA_4,11609,6.38
HOBBIES_1_161,CA_4,11609,0.7
HOBBIES_1_163,CA_4,11609,9.42
HOBBIES_1_162,CA_4,11609,3.98
HOBBIES_1_169,CA_4,11609,0.57
HOBBIES_1_173,CA_4,11609,10.97
HOBBIES_1_193,CA_4,11609,8.77
HOBBIES_1_192,CA_4,11609,3.54
HOBBIES_1_191,CA_4,11609,8.97
HOBBIES_1_198,CA_4,11609,8.38
HOBBIES_1_197,CA_4,11609,12.84
HOBBIES_1_226,CA_4,11609,13.98
HOBBIES_1_238,CA_4,11609,5.94
HOBBIES_1_251,CA_4,11609,15.83
HOBBIES_1_245,CA_4,11609,4.97
HOBBIES_1_253,CA_4,11609,12.78
HOBBIES_1_246,CA_4,11609,10.98
HOBBIES_1_262,CA_4,11609,8.98
HOBBIES_1_271,CA_4,11609,5.77
HOBBIES_1_279,CA_4,11609,3.78
HOBBIES_1_285,CA_4,11609,10.88
HOBBIES_1_302,CA_4,11609,2.88
HOBBIES_1_317,CA_4,11609,7.98
HOBBIES_1_313,CA_4,11609,1.23
HOBBIES_1_316,CA_4,11609,0.94
HOBBIES_1_343,CA_4,11609,5.32
HOBBIES_1_336,CA_4,11609,1.88
HOBBIES_1_340,CA_4,11609,7.98
HOBBIES_1_354,CA_4,11609,22.98
HOBBIES_1_347,CA_4,11609,9.88
HOBBIES_1_359,CA_4,11609,1.47
HOBBIES_1_379,CA_4,11609,2.24
HOBBIES_1_386,CA_4,11609,5.86
HOBBIES_1_400,CA_4,11609,1.14
HOBBIES_1_396,CA_4,11609,1.88
HOBBIES_1_402,CA_4,11609,9.94
HOBBIES_1_409,CA_4,11609,5.76
HOBBIES_1_415,CA_4,11609,6.68
HOBBIES_1_417,CA_4,11609,0.57
HOBBIES_1_424,CA_4,11609,1.77
HOBBIES_2_006,CA_4,11609,3.97
HOBBIES_2_021,CA_4,11609,0.97
HOBBIES_2_052,CA_4,11609,2.47
HOBBIES_2_076,CA_4,11609,2.88
HOBBIES_2_090,CA_4,11609,1.77
HOBBIES_2_095,CA_4,11609,0.88
HOBBIES_2_098,CA_4,11609,0.88
HOBBIES_2_129,CA_4,11609,0.23
HOUSEHOLD_2_403,TX_2,11609,5.44
HOUSEHOLD_2_411,TX_2,11609,5.84
HOUSEHOLD_2_420,TX_2,11609,5.64
HOUSEHOLD_2_428,TX_2,11609,7.94
HOUSEHOLD_2_430,TX_2,11609,3.97
HOUSEHOLD_2_442,TX_2,11609,1.48
HOUSEHOLD_2_447,TX_2,11609,1.97
HOUSEHOLD_2_450,TX_2,11609,10.43
HOUSEHOLD_2_467,TX_2,11609,3.97
HOUSEHOLD_2_503,TX_2,11609,6.94
HOUSEHOLD_2_505,TX_2,11609,4.97
HOUSEHOLD_2_504,TX_2,11609,1.97
HOUSEHOLD_2_508,TX_2,11609,15.94
FOODS_1_002,TX_2,11609,9.48
FOODS_1_005,TX_2,11609,3.54
FOODS_1_022,TX_2,11609,5.47
FOODS_1_021,TX_2,11609,0.94
FOODS_1_031,TX_2,11609,3.54
FOODS_1_030,TX_2,11609,3.48
FOODS_1_033,TX_2,11609,6.27
FOODS_1_027,TX_2,11609,1.96
FOODS_1_042,TX_2,11609,0.98
FOODS_1_039,TX_2,11609,2.48
FOODS_1_063,TX_2,11609,2.48
FOODS_1_076,TX_2,11609,6.17
FOODS_1_084,TX_2,11609,4.91
FOODS_1_082,TX_2,11609,0.94
FOODS_1_086,TX_2,11609,1.83
FOODS_1_092,TX_2,11609,1.96
FOODS_1_095,TX_2,11609,3.54
FOODS_1_107,TX_2,11609,4.91
FOODS_1_102,TX_2,11609,1.78
FOODS_1_127,TX_2,11609,2.12
FOODS_1_126,TX_2,11609,2.24
FOODS_1_133,TX_2,11609,3.48
FOODS_1_147,TX_2,11609,5.47
FOODS_1_151,TX_2,11609,11.84
FOODS_1_158,TX_2,11609,4.68
FOODS_1_156,TX_2,11609,2.24
FOODS_1_173,TX_2,11609,2.0
FOODS_1_192,TX_2,11609,2.24
FOODS_1_195,TX_2,11609,2.24
FOODS_1_196,TX_2,11609,2.0
FOODS_1_216,TX_2,11609,5.28
FOODS_1_215,TX_2,11609,1.84
FOODS_2_012,TX_2,11609,2.42
FOODS_2_018,TX_2,11609,6.98
FOODS_2_038,TX_2,11609,6.08
FOODS_2_052,TX_2,11609,13.97
FOODS_2_062,TX_2,11609,5.77
FOODS_2_063,TX_2,11609,2.42
FOODS_2_082,TX_2,11609,5.74
FOODS_2_092,TX_2,11609,3.5
FOODS_2_104,TX_2,11609,7.48
FOODS_2_113,TX_2,11609,2.5
FOODS_2_126,TX_2,11609,4.88
FOODS_2_149,TX_2,11609,6.98
FOODS_2_160,TX_2,11609,2.88
FOODS_2_159,TX_2,11609,3.97
FOODS_2_177,TX_2,11609,3.33
FOODS_2_188,TX_2,11609,2.5
FOODS_2_200,TX_2,11609,4.97
FOODS_2_215,TX_2,11609,1.84
FOODS_2_220,TX_2,11609,2.0
FOODS_2_221,TX_2,11609,1.0
FOODS_2_223,TX_2,11609,2.18
FOODS_2_240,TX_2,11609,2.18
FOODS_2_255,TX_2,11609,2.0
FOODS_2_272,TX_2,11609,1.87
FOODS_2_288,TX_2,11609,2.5
FOODS_2_287,TX_2,11609,2.5
FOODS_2_304,TX_2,11609,3.97
FOODS_2_302,TX_2,11609,9.98
FOODS_2_328,TX_2,11609,4.42
FOODS_2_339,TX_2,11609,3.5
FOODS_2_336,TX_2,11609,2.5
FOODS_2_371,TX_2,11609,1.78
FOODS_2_388,TX_2,11609,2.98
FOODS_2_399,TX_2,11609,2.0
FOODS_3_002,TX_2,11609,2.56
FOODS_3_013,TX_2,11609,2.58
FOODS_3_039,TX_2,11609,3.98
FOODS_3_059,TX_2,11609,1.88
FOODS_3_080,TX_2,11609,1.68
FOODS_3_090,TX_2,11609,1.5
FOODS_3_098,TX_2,11609,4.48
FOODS_3_109,TX_2,11609,1.0
FOODS_3_113,TX_2,11609,1.28
FOODS_3_114,TX_2,11609,2.68
FOODS_3_111,TX_2,11609,4.98
FOODS_3_124,TX_2,11609,5.44
FOODS_3_120,TX_2,11609,4.98
FOODS_3_133,TX_2,11609,0.8
FOODS_3_131,TX_2,11609,1.0
FOODS_3_139,TX_2,11609,4.98
FOODS_3_135,TX_2,11609,1.48
FOODS_3_146,TX_2,11609,5.44
FOODS_3_181,TX_2,11609,2.98
FOODS_3_196,TX_2,11609,4.48
FOODS_3_201,TX_2,11609,2.56
FOODS_3_204,TX_2,11609,2.48
FOODS_3_216,TX_2,11609,2.56
FOODS_3_230,TX_2,11609,3.78
FOODS_3_235,TX_2,11609,1.74
FOODS_3_242,TX_2,11609,9.86
FOODS_3_262,TX_2,11609,6.72
FOODS_3_276,TX_2,11609,4.48
FOODS_3_288,TX_2,11609,1.5
FOODS_3_303,TX_2,11609,2.98
FOODS_3_308,TX_2,11609,4.98
FOODS_3_319,TX_2,11609,0.94
FOODS_3_322,TX_2,11609,2.56
FOODS_3_334,TX_2,11609,2.98
FOODS_3_332,TX_2,11609,1.98
FOODS_3_339,TX_2,11609,0.8
FOODS_3_349,TX_2,11609,1.68
FOODS_3_367,TX_2,11609,2.68
FOODS_3_369,TX_2,11609,3.98
FOODS_3_374,TX_2,11609,2.5
FOODS_3_377,TX_2,11609,1.68
FOODS_3_454,TX_2,11609,0.25
FOODS_3_459,TX_2,11609,1.88
FOODS_3_465,TX_2,11609,1.74
FOODS_3_473,TX_2,11609,4.18
FOODS_3_474,TX_2,11609,1.88
HOUSEHOLD_1_230,WI_2,11609,3.28
HOUSEHOLD_1_237,WI_2,11609,5.88
HOUSEHOLD_1_249,WI_2,11609,7.97
HOUSEHOLD_1_253,WI_2,11609,3.47
HOUSEHOLD_1_264,WI_2,11609,7.47
HOUSEHOLD_1_283,WI_2,11609,1.48
HOUSEHOLD_1_285,WI_2,11609,2.76
HOUSEHOLD_1_286,WI_2,11609,4.93
HOUSEHOLD_1_298,WI_2,11609,3.72
HOUSEHOLD_1_305,WI_2,11609,2.97
HOUSEHOLD_1_308,WI_2,11609,6.94
HOUSEHOLD_1_323,WI_2,11609,5.24
HOUSEHOLD_1_322,WI_2,11609,2.97
HOUSEHOLD_1_314,WI_2,11609,7.98
HOUSEHOLD_1_332,WI_2,11609,9.74
HOUSEHOLD_1_354,WI_2,11609,1.93
HOUSEHOLD_1_367,WI_2,11609,3.97
HOUSEHOLD_1_366,WI_2,11609,5.96
HOUSEHOLD_1_361,WI_2,11609,1.88
HOUSEHOLD_1_363,WI_2,11609,2.97
HOUSEHOLD_1_375,WI_2,11609,7.97
HOUSEHOLD_1_387,WI_2,11609,2.88
HOUSEHOLD_1_388,WI_2,11609,3.47
HOUSEHOLD_1_406,WI_2,11609,4.97
HOUSEHOLD_1_417,WI_2,11609,5.48
HOUSEHOLD_1_437,WI_2,11609,2.96
HOUSEHOLD_1_429,WI_2,11609,2.88
HOUSEHOLD_1_464,WI_2,11609,9.47
HOUSEHOLD_1_457,WI_2,11609,10.47
HOUSEHOLD_1_472,WI_2,11609,4.82
HOUSEHOLD_1_482,WI_2,11609,2.96
HOUSEHOLD_1_491,WI_2,11609,6.42
HOUSEHOLD_1_532,WI_2,11609,2.48
HOUSEHOLD_1_523,WI_2,11609,20.53
HOUSEHOLD_1_526,WI_2,11609,4.94
HOUSEHOLD_1_541,WI_2,11609,6.97
HOUSEHOLD_1_535,WI_2,11609,6.97
HOUSEHOLD_2_002,WI_2,11609,2.67
HOUSEHOLD_2_006,WI_2,11609,3.44
HOUSEHOLD_2_008,WI_2,11609,2.48
HOUSEHOLD_2_011,WI_2,11609,5.62
HOUSEHOLD_2_034,WI_2,11609,11.78
HOUSEHOLD_2_031,WI_2,11609,5.94
HOUSEHOLD_2_037,WI_2,11609,11.84
HOUSEHOLD_2_045,WI_2,11609,8.64
HOUSEHOLD_2_047,WI_2,11609,3.67
HOUSEHOLD_2_048,WI_2,11609,3.94
HOUSEHOLD_2_044,WI_2,11609,3.48
HOUSEHOLD_2_064,WI_2,11609,3.87
HOUSEHOLD_2_088,WI_2,11609,6.97
HOUSEHOLD_2_086,WI_2,11609,3.97
HOUSEHOLD_2_092,WI_2,11609,5.94
HOUSEHOLD_2_093,WI_2,11609,3.24
HOUSEHOLD_2_111,WI_2,11609,6.44
HOUSEHOLD_2_113,WI_2,11609,1.88
HOUSEHOLD_2_118,WI_2,11609,3.42
HOUSEHOLD_2_128,WI_2,11609,5.94
HOUSEHOLD_2_131,WI_2,11609,11.97
HOUSEHOLD_2_129,WI_2,11609,5.73
HOUSEHOLD_2_134,WI_2,11609,5.94
HOUSEHOLD_2_142,WI_2,11609,1.97
HOUSEHOLD_2_146,WI_2,11609,6.47
HOUSEHOLD_2_168,WI_2,11609,6.94
HOUSEHOLD_2_167,WI_2,11609,2.88
HOUSEHOLD_2_169,WI_2,11609,5.84
HOUSEHOLD_2_191,WI_2,11609,5.44
HOUSEHOLD_2_193,WI_2,11609,4.94
HOUSEHOLD_2_197,WI_2,11609,3.97
HOUSEHOLD_2_201,WI_2,11609,6.54
HOUSEHOLD_2_205,WI_2,11609,5.84
HOUSEHOLD_2_221,WI_2,11609,2.77
HOUSEHOLD_2_234,WI_2,11609,5.73
HOUSEHOLD_2_247,WI_2,11609,3.97
HOUSEHOLD_2_255,WI_2,11609,9.97
HOUSEHOLD_2_268,WI_2,11609,5.47
HOUSEHOLD_2_272,WI_2,11609,5.47
HOUSEHOLD_2_282,WI_2,11609,5.84
HOUSEHOLD_2_286,WI_2,11609,2.14
HOUSEHOLD_2_290,WI_2,11609,6.24
HOUSEHOLD_2_307,WI_2,11609,5.98
HOUSEHOLD_2_319,WI_2,11609,1.98
HOUSEHOLD_2_331,WI_2,11609,3.97
HOUSEHOLD_2_340,WI_2,11609,4.98
HOUSEHOLD_2_335,WI_2,11609,6.24
HOUSEHOLD_2_344,WI_2,11609,5.74
HOUSEHOLD_2_355,WI_2,11609,11.67
HOUSEHOLD_2_366,WI_2,11609,4.17
HOUSEHOLD_2_367,WI_2,11609,7.47
HOUSEHOLD_2_371,WI_2,11609,0.78
HOUSEHOLD_2_377,WI_2,11609,4.97
HOUSEHOLD_2_382,WI_2,11609,3.48
HOUSEHOLD_2_385,WI_2,11609,7.47
HOUSEHOLD_2_398,WI_2,11609,7.97
HOUSEHOLD_2_400,WI_2,11609,3.88
HOUSEHOLD_2_412,WI_2,11609,5.94
HOUSEHOLD_2_421,WI_2,11609,4.97
HOUSEHOLD_2_424,WI_2,11609,2.88
HOUSEHOLD_2_435,WI_2,11609,5.97
HOUSEHOLD_2_431,WI_2,11609,9.47
HOUSEHOLD_2_432,WI_2,11609,5.47
HOUSEHOLD_2_439,WI_2,11609,5.84
HOUSEHOLD_2_443,WI_2,11609,4.66
HOUSEHOLD_2_453,WI_2,11609,6.47
HOUSEHOLD_2_470,WI_2,11609,0.88
HOUSEHOLD_2_463,WI_2,11609,5.47
HOUSEHOLD_2_486,WI_2,11609,5.97
HOUSEHOLD_2_482,WI_2,11609,5.73
HOUSEHOLD_2_487,WI_2,11609,9.98
HOUSEHOLD_2_488,WI_2,11609,4.97
HOUSEHOLD_2_495,WI_2,11609,5.84
HOUSEHOLD_2_502,WI_2,11609,8.86
HOUSEHOLD_2_513,WI_2,11609,2.78
HOUSEHOLD_2_515,WI_2,11609,1.97
FOODS_1_026,WI_2,11609,6.98
FOODS_1_046,WI_2,11609,0.98
FOODS_1_047,WI_2,11609,3.54
FOODS_3_115,TX_2,11609,4.48
FOODS_3_112,TX_2,11609,2.98
FOODS_3_118,TX_2,11609,1.18
FOODS_3_126,TX_2,11609,3.78
FOODS_3_129,TX_2,11609,2.68
FOODS_3_141,TX_2,11609,2.98
FOODS_3_142,TX_2,11609,3.98
FOODS_3_137,TX_2,11609,2.56
FOODS_3_144,TX_2,11609,1.98
FOODS_3_148,TX_2,11609,0.94
FOODS_3_159,TX_2,11609,2.98
FOODS_3_162,TX_2,11609,1.98
FOODS_3_163,TX_2,11609,2.24
FOODS_3_168,TX_2,11609,3.65
FOODS_3_170,TX_2,11609,1.98
FOODS_3_167,TX_2,11609,1.98
FOODS_3_166,TX_2,11609,1.0
FOODS_3_174,TX_2,11609,6.18
FOODS_3_177,TX_2,11609,2.98
FOODS_3_197,TX_2,11609,1.98
FOODS_3_189,TX_2,11609,2.56
FOODS_3_217,TX_2,11609,2.98
FOODS_3_252,TX_2,11609,1.58
FOODS_3_253,TX_2,11609,1.98
FOODS_3_258,TX_2,11609,1.78
FOODS_3_286,TX_2,11609,3.98
FOODS_3_301,TX_2,11609,1.98
FOODS_3_313,TX_2,11609,1.87
FOODS_3_316,TX_2,11609,2.56
FOODS_3_312,TX_2,11609,2.88
FOODS_3_324,TX_2,11609,3.0
FOODS_3_329,TX_2,11609,2.98
FOODS_3_350,TX_2,11609,2.98
FOODS_3_355,TX_2,11609,0.94
FOODS_3_376,TX_2,11609,1.0
FOODS_3_379,TX_2,11609,1.97
FOODS_3_394,TX_2,11609,2.98
FOODS_3_393,TX_2,11609,3.56
FOODS_3_400,TX_2,11609,2.98
FOODS_3_401,TX_2,11609,1.98
FOODS_3_399,TX_2,11609,3.56
FOODS_3_413,TX_2,11609,1.0
FOODS_3_422,TX_2,11609,1.88
FOODS_3_416,TX_2,11609,2.68
FOODS_3_447,TX_2,11609,1.74
FOODS_3_453,TX_2,11609,2.98
FOODS_3_463,TX_2,11609,6.0
FOODS_3_472,TX_2,11609,1.97
HOUSEHOLD_1_234,WI_2,11609,0.97
HOUSEHOLD_1_235,WI_2,11609,3.88
HOUSEHOLD_1_231,WI_2,11609,2.97
HOUSEHOLD_1_244,WI_2,11609,2.96
HOUSEHOLD_1_254,WI_2,11609,0.97
HOUSEHOLD_1_262,WI_2,11609,0.97
HOUSEHOLD_1_268,WI_2,11609,8.37
HOUSEHOLD_1_280,WI_2,11609,4.97
HOUSEHOLD_1_282,WI_2,11609,3.98
HOUSEHOLD_1_277,WI_2,11609,0.97
HOUSEHOLD_1_274,WI_2,11609,4.94
HOUSEHOLD_1_302,WI_2,11609,7.93
HOUSEHOLD_1_325,WI_2,11609,3.88
HOUSEHOLD_1_331,WI_2,11609,4.88
HOUSEHOLD_1_333,WI_2,11609,2.97
HOUSEHOLD_1_336,WI_2,11609,4.87
HOUSEHOLD_1_334,WI_2,11609,0.97
HOUSEHOLD_1_344,WI_2,11609,7.93
HOUSEHOLD_1_362,WI_2,11609,7.97
HOUSEHOLD_1_381,WI_2,11609,4.97
HOUSEHOLD_1_383,WI_2,11609,3.48
HOUSEHOLD_1_382,WI_2,11609,2.28
HOUSEHOLD_1_398,WI_2,11609,2.87
HOUSEHOLD_1_396,WI_2,11609,3.97
HOUSEHOLD_1_400,WI_2,11609,6.97
HOUSEHOLD_1_415,WI_2,11609,12.58
HOUSEHOLD_1_412,WI_2,11609,18.87
HOUSEHOLD_1_421,WI_2,11609,5.88
HOUSEHOLD_1_418,WI_2,11609,0.97
HOUSEHOLD_1_426,WI_2,11609,2.62
HOUSEHOLD_1_432,WI_2,11609,3.88
HOUSEHOLD_1_431,WI_2,11609,7.48
HOUSEHOLD_1_441,WI_2,11609,2.77
HOUSEHOLD_1_452,WI_2,11609,2.97
HOUSEHOLD_1_458,WI_2,11609,2.27
HOUSEHOLD_1_462,WI_2,11609,2.36
HOUSEHOLD_1_461,WI_2,11609,0.97
HOUSEHOLD_1_463,WI_2,11609,2.98
HOUSEHOLD_1_475,WI_2,11609,2.67
HOUSEHOLD_1_476,WI_2,11609,4.84
HOUSEHOLD_1_488,WI_2,11609,9.98
HOUSEHOLD_1_498,WI_2,11609,3.28
HOUSEHOLD_1_496,WI_2,11609,7.93
HOUSEHOLD_1_517,WI_2,11609,0.88
HOUSEHOLD_1_530,WI_2,11609,1.88
HOUSEHOLD_1_529,WI_2,11609,2.97
HOUSEHOLD_2_001,WI_2,11609,6.77
HOUSEHOLD_2_004,WI_2,11609,5.67
HOUSEHOLD_2_028,WI_2,11609,5.94
HOUSEHOLD_2_042,WI_2,11609,4.28
HOUSEHOLD_2_059,WI_2,11609,3.48
HOUSEHOLD_2_060,WI_2,11609,7.96
HOUSEHOLD_2_062,WI_2,11609,2.94
HOUSEHOLD_2_066,WI_2,11609,6.94
HOUSEHOLD_2_073,WI_2,11609,20.97
HOUSEHOLD_2_084,WI_2,11609,4.27
HOUSEHOLD_2_083,WI_2,11609,9.97
HOUSEHOLD_2_124,WI_2,11609,5.28
HOUSEHOLD_2_137,WI_2,11609,2.94
HOUSEHOLD_2_141,WI_2,11609,4.98
HOUSEHOLD_2_156,WI_2,11609,7.43
HOUSEHOLD_2_159,WI_2,11609,3.93
HOUSEHOLD_2_173,WI_2,11609,6.46
HOUSEHOLD_2_179,WI_2,11609,5.97
HOUSEHOLD_2_184,WI_2,11609,1.97
HOUSEHOLD_2_202,WI_2,11609,8.86
HOUSEHOLD_2_212,WI_2,11609,2.67
HOUSEHOLD_2_218,WI_2,11609,10.97
HOUSEHOLD_2_219,WI_2,11609,3.48
HOUSEHOLD_2_220,WI_2,11609,6.96
HOUSEHOLD_2_216,WI_2,11609,6.94
HOUSEHOLD_2_223,WI_2,11609,14.97
HOUSEHOLD_2_229,WI_2,11609,4.78
HOUSEHOLD_2_235,WI_2,11609,7.47
HOUSEHOLD_2_233,WI_2,11609,12.47
HOUSEHOLD_2_248,WI_2,11609,8.97
HOUSEHOLD_2_259,WI_2,11609,7.97
HOUSEHOLD_2_261,WI_2,11609,6.96
HOUSEHOLD_2_266,WI_2,11609,2.97
HOUSEHOLD_2_263,WI_2,11609,5.47
HOUSEHOLD_2_275,WI_2,11609,5.27
HOUSEHOLD_2_273,WI_2,11609,5.24
HOUSEHOLD_2_288,WI_2,11609,3.97
HOUSEHOLD_2_293,WI_2,11609,7.47
HOUSEHOLD_2_296,WI_2,11609,4.78
HOUSEHOLD_2_303,WI_2,11609,6.94
HOUSEHOLD_2_308,WI_2,11609,3.94
HOUSEHOLD_2_309,WI_2,11609,2.46
HOUSEHOLD_2_347,WI_2,11609,8.94
HOUSEHOLD_2_350,WI_2,11609,2.94
HOUSEHOLD_2_354,WI_2,11609,0.97
HOUSEHOLD_2_353,WI_2,11609,4.78
HOUSEHOLD_2_358,WI_2,11609,4.97
HOUSEHOLD_2_359,WI_2,11609,9.94
HOUSEHOLD_2_380,WI_2,11609,5.27
HOUSEHOLD_2_384,WI_2,11609,5.84
HOUSEHOLD_2_381,WI_2,11609,5.94
HOUSEHOLD_2_388,WI_2,11609,6.94
HOUSEHOLD_2_393,WI_2,11609,5.88
HOUSEHOLD_2_409,WI_2,11609,3.93
HOUSEHOLD_2_416,WI_2,11609,3.24
HOUSEHOLD_2_433,WI_2,11609,6.27
HOUSEHOLD_2_446,WI_2,11609,25.97
HOUSEHOLD_2_452,WI_2,11609,5.94
HOUSEHOLD_2_448,WI_2,11609,4.97
HOUSEHOLD_2_469,WI_2,11609,2.97
HOUSEHOLD_2_472,WI_2,11609,8.48
HOUSEHOLD_2_477,WI_2,11609,5.74
HOUSEHOLD_2_510,WI_2,11609,3.93
FOODS_1_001,WI_2,11609,2.24
FOODS_1_010,WI_2,11609,6.77
FOODS_1_037,WI_2,11609,3.48
FOODS_1_044,WI_2,11609,2.48
FOODS_1_045,WI_2,11609,1.78
FOODS_1_052,WI_2,11609,0.98
FOODS_1_064,WI_2,11609,2.68
FOODS_1_065,WI_2,11609,3.54
FOODS_1_075,WI_2,11609,3.54
FOODS_1_090,WI_2,11609,3.54
FOODS_1_087,WI_2,11609,7.27
FOODS_1_121,WI_2,11609,1.5
FOODS_1_129,WI_2,11609,7.23
FOODS_1_131,WI_2,11609,2.98
FOODS_1_144,WI_2,11609,6.98
FOODS_1_154,WI_2,11609,1.5
FOODS_1_166,WI_2,11609,2.24
FOODS_1_172,WI_2,11609,1.98
FOODS_1_174,WI_2,11609,5.28
FOODS_1_180,WI_2,11609,9.97
FOODS_1_198,WI_2,11609,2.68
FOODS_1_199,WI_2,11609,7.27
FOODS_1_217,WI_2,11609,3.54
FOODS_2_025,WI_2,11609,3.94
FOODS_2_017,WI_2,11609,3.76
FOODS_2_029,WI_2,11609,9.98
FOODS_2_055,WI_2,11609,2.5
FOODS_2_050,WI_2,11609,1.0
FOODS_2_060,WI_2,11609,7.98
FOODS_2_066,WI_2,11609,5.98
FOODS_2_073,WI_2,11609,5.98
FOODS_2_078,WI_2,11609,9.97
FOODS_2_096,WI_2,11609,7.98
HOBBIES_2_057,CA_2,11609,1.97
HOBBIES_2_060,CA_2,11609,0.97
HOBBIES_2_066,CA_2,11609,4.97
HOBBIES_2_064,CA_2,11609,0.97
HOBBIES_2_072,CA_2,11609,7.97
HOBBIES_2_073,CA_2,11609,0.5
HOBBIES_2_086,CA_2,11609,0.97
HOBBIES_2_108,CA_2,11609,2.97
HOBBIES_2_120,CA_2,11609,2.47
HOBBIES_2_123,CA_2,11609,0.5
HOBBIES_2_131,CA_2,11609,5.97
HOBBIES_2_136,CA_2,11609,2.88
HOBBIES_2_132,CA_2,11609,2.88
HOBBIES_2_148,CA_2,11609,0.88
HOUSEHOLD_1_004,CA_2,11609,2.36
HOUSEHOLD_1_007,CA_2,11609,1.48
HOUSEHOLD_1_009,CA_2,11609,17.97
HOUSEHOLD_1_032,CA_2,11609,10.48
HOUSEHOLD_1_051,CA_2,11609,2.96
HOUSEHOLD_1_049,CA_2,11609,5.97
HOUSEHOLD_1_062,CA_2,11609,4.98
HOUSEHOLD_1_094,CA_2,11609,3.48
HOUSEHOLD_1_120,CA_2,11609,4.47
HOUSEHOLD_1_129,CA_2,11609,3.88
HOUSEHOLD_1_139,CA_2,11609,4.98
HOUSEHOLD_1_149,CA_2,11609,0.97
HOUSEHOLD_1_148,CA_2,11609,5.92
HOUSEHOLD_1_155,CA_2,11609,3.47
HOUSEHOLD_1_166,CA_2,11609,4.94
HOUSEHOLD_1_173,CA_2,11609,0.97
HOUSEHOLD_1_174,CA_2,11609,5.27
HOUSEHOLD_1_182,CA_2,11609,3.97
HOUSEHOLD_1_191,CA_2,11609,2.96
HOUSEHOLD_1_199,CA_2,11609,1.77
HOUSEHOLD_1_200,CA_2,11609,2.08
HOUSEHOLD_1_210,CA_2,11609,4.68
HOUSEHOLD_1_260,CA_2,11609,2.97
HOUSEHOLD_1_270,CA_2,11609,9.92
HOUSEHOLD_1_269,CA_2,11609,3.12
HOUSEHOLD_1_310,CA_2,11609,6.97
HOUSEHOLD_1_315,CA_2,11609,9.48
HOUSEHOLD_1_317,CA_2,11609,1.96
HOUSEHOLD_1_311,CA_2,11609,3.88
HOUSEHOLD_1_319,CA_2,11609,1.94
HOUSEHOLD_1_321,CA_2,11609,2.97
HOUSEHOLD_1_320,CA_2,11609,4.47
HOUSEHOLD_1_328,CA_2,11609,4.94
HOUSEHOLD_1_343,CA_2,11609,5.27
HOUSEHOLD_1_338,CA_2,11609,3.94
HOUSEHOLD_1_348,CA_2,11609,1.86
HOUSEHOLD_1_357,CA_2,11609,11.97
HOUSEHOLD_1_364,CA_2,11609,7.48
HOUSEHOLD_1_356,CA_2,11609,4.96
HOUSEHOLD_1_390,CA_2,11609,1.88
HOUSEHOLD_1_403,CA_2,11609,3.93
HOUSEHOLD_1_402,CA_2,11609,6.97
HOUSEHOLD_1_419,CA_2,11609,8.94
HOUSEHOLD_1_427,CA_2,11609,5.96
HOUSEHOLD_1_453,CA_2,11609,2.36
HOUSEHOLD_1_487,CA_2,11609,1.84
HOUSEHOLD_1_481,CA_2,11609,4.94
HOUSEHOLD_1_484,CA_2,11609,9.97
HOUSEHOLD_1_492,CA_2,11609,3.96
HOUSEHOLD_1_495,CA_2,11609,2.74
HOUSEHOLD_1_508,CA_2,11609,4.88
HOUSEHOLD_1_515,CA_2,11609,2.47
HOUSEHOLD_1_520,CA_2,11609,5.48
HOUSEHOLD_1_536,CA_2,11609,2.88
HOUSEHOLD_2_010,CA_2,11609,6.97
HOUSEHOLD_2_007,CA_2,11609,2.58
HOUSEHOLD_2_038,CA_2,11609,5.94
HOUSEHOLD_2_041,CA_2,11609,4.97
HOUSEHOLD_2_046,CA_2,11609,6.94
HOUSEHOLD_2_068,CA_2,11609,2.88
HOUSEHOLD_2_090,CA_2,11609,5.97
HOUSEHOLD_2_097,CA_2,11609,5.48
HOUSEHOLD_2_099,CA_2,11609,5.94
HOUSEHOLD_2_105,CA_2,11609,4.94
HOUSEHOLD_2_132,CA_2,11609,1.97
HOUSEHOLD_2_130,CA_2,11609,7.97
HOUSEHOLD_2_138,CA_2,11609,5.97
HOUSEHOLD_2_139,CA_2,11609,5.84
HOUSEHOLD_2_143,CA_2,11609,6.46
HOUSEHOLD_2_144,CA_2,11609,4.44
HOUSEHOLD_2_147,CA_2,11609,3.97
HOUSEHOLD_2_152,CA_2,11609,13.94
HOUSEHOLD_2_150,CA_2,11609,6.97
HOUSEHOLD_2_154,CA_2,11609,1.88
HOUSEHOLD_2_157,CA_2,11609,5.47
HOUSEHOLD_2_166,CA_2,11609,9.47
HOUSEHOLD_2_170,CA_2,11609,1.44
HOUSEHOLD_2_171,CA_2,11609,3.87
HOUSEHOLD_2_196,CA_2,11609,2.27
HOUSEHOLD_2_207,CA_2,11609,7.46
HOUSEHOLD_2_211,CA_2,11609,19.98
HOUSEHOLD_2_215,CA_2,11609,1.88
HOUSEHOLD_2_227,CA_2,11609,3.96
HOUSEHOLD_2_237,CA_2,11609,5.94
HOUSEHOLD_2_270,CA_2,11609,5.84
HOUSEHOLD_2_276,CA_2,11609,5.47
HOUSEHOLD_2_297,CA_2,11609,6.54
HOUSEHOLD_2_299,CA_2,11609,1.23
HOUSEHOLD_2_327,CA_2,11609,2.98
HOUSEHOLD_2_330,CA_2,11609,3.72
HOUSEHOLD_2_334,CA_2,11609,2.98
HOUSEHOLD_2_336,CA_2,11609,8.97
HOUSEHOLD_2_345,CA_2,11609,5.84
HOUSEHOLD_2_342,CA_2,11609,0.97
HOUSEHOLD_2_346,CA_2,11609,3.33
HOUSEHOLD_2_351,CA_2,11609,5.94
HOUSEHOLD_2_356,CA_2,11609,9.88
HOUSEHOLD_2_362,CA_2,11609,3.94
HOUSEHOLD_2_360,CA_2,11609,7.97
HOUSEHOLD_2_372,CA_2,11609,8.44
HOUSEHOLD_2_386,CA_2,11609,3.97
HOUSEHOLD_2_396,CA_2,11609,8.44
HOUSEHOLD_2_404,CA_2,11609,2.97
HOUSEHOLD_2_422,CA_2,11609,4.97
HOUSEHOLD_2_427,CA_2,11609,3.48
HOUSEHOLD_2_429,CA_2,11609,5.94
HOUSEHOLD_2_426,CA_2,11609,4.37
HOUSEHOLD_2_436,CA_2,11609,1.97
HOUSEHOLD_2_445,CA_2,11609,5.97
HOUSEHOLD_2_444,CA_2,11609,6.47
HOUSEHOLD_2_464,CA_2,11609,2.88
HOUSEHOLD_2_480,CA_2,11609,5.24
HOUSEHOLD_2_481,CA_2,11609,7.97
HOBBIES_1_393,TX_2,11609,27.98
HOBBIES_1_410,TX_2,11609,28.96
HOBBIES_1_422,TX_2,11609,3.62
HOBBIES_2_005,TX_2,11609,4.47
HOBBIES_2_016,TX_2,11609,4.97
HOBBIES_2_017,TX_2,11609,0.5
HOBBIES_2_026,TX_2,11609,0.23
HOBBIES_2_033,TX_2,11609,2.88
HOBBIES_2_039,TX_2,11609,4.97
HOBBIES_2_042,TX_2,11609,0.74
HOBBIES_2_054,TX_2,11609,3.97
HOBBIES_2_058,TX_2,11609,0.5
HOBBIES_2_080,TX_2,11609,3.97
HOBBIES_2_083,TX_2,11609,2.88
HOBBIES_2_089,TX_2,11609,2.97
HOBBIES_2_092,TX_2,11609,4.97
HOBBIES_2_091,TX_2,11609,0.97
HOBBIES_2_115,TX_2,11609,2.47
HOBBIES_2_122,TX_2,11609,0.88
HOUSEHOLD_1_010,TX_2,11609,3.17
HOUSEHOLD_1_021,TX_2,11609,1.87
HOUSEHOLD_1_024,TX_2,11609,1.47
HOUSEHOLD_1_046,TX_2,11609,3.78
HOUSEHOLD_1_042,TX_2,11609,9.97
HOUSEHOLD_1_047,TX_2,11609,4.23
HOUSEHOLD_1_065,TX_2,11609,0.98
HOUSEHOLD_1_081,TX_2,11609,7.98
HOUSEHOLD_1_096,TX_2,11609,3.97
HOUSEHOLD_1_098,TX_2,11609,7.98
HOUSEHOLD_1_125,TX_2,11609,5.72
HOUSEHOLD_1_127,TX_2,11609,7.98
HOUSEHOLD_1_138,TX_2,11609,4.94
HOUSEHOLD_1_130,TX_2,11609,6.42
HOUSEHOLD_1_142,TX_2,11609,6.27
HOUSEHOLD_1_154,TX_2,11609,2.96
HOUSEHOLD_1_150,TX_2,11609,12.48
HOUSEHOLD_1_152,TX_2,11609,9.98
HOUSEHOLD_1_162,TX_2,11609,5.97
HOUSEHOLD_1_157,TX_2,11609,4.47
HOUSEHOLD_1_172,TX_2,11609,1.96
HOUSEHOLD_1_180,TX_2,11609,2.92
HOUSEHOLD_1_204,TX_2,11609,1.88
HOUSEHOLD_1_201,TX_2,11609,4.84
HOUSEHOLD_1_214,TX_2,11609,1.87
HOUSEHOLD_1_220,TX_2,11609,1.83
HOUSEHOLD_1_224,TX_2,11609,7.97
HOUSEHOLD_1_229,TX_2,11609,2.48
HOUSEHOLD_1_223,TX_2,11609,9.47
HOUSEHOLD_1_239,TX_2,11609,3.97
HOUSEHOLD_1_243,TX_2,11609,1.97
HOUSEHOLD_1_258,TX_2,11609,2.97
HOUSEHOLD_1_263,TX_2,11609,7.42
HOUSEHOLD_1_271,TX_2,11609,2.98
HOUSEHOLD_1_289,TX_2,11609,4.96
HOUSEHOLD_1_288,TX_2,11609,7.93
HOUSEHOLD_1_297,TX_2,11609,7.94
HOUSEHOLD_1_309,TX_2,11609,6.88
HOUSEHOLD_1_330,TX_2,11609,2.42
HOUSEHOLD_1_339,TX_2,11609,0.96
HOUSEHOLD_1_350,TX_2,11609,2.74
HOUSEHOLD_1_365,TX_2,11609,3.96
HOUSEHOLD_1_377,TX_2,11609,8.96
HOUSEHOLD_1_399,TX_2,11609,0.97
HOUSEHOLD_1_407,TX_2,11609,5.24
HOUSEHOLD_1_405,TX_2,11609,2.98
HOUSEHOLD_1_408,TX_2,11609,5.48
HOUSEHOLD_1_409,TX_2,11609,2.94
HOUSEHOLD_1_416,TX_2,11609,3.47
HOUSEHOLD_1_425,TX_2,11609,1.97
HOUSEHOLD_1_424,TX_2,11609,2.97
HOUSEHOLD_1_423,TX_2,11609,2.96
HOUSEHOLD_1_428,TX_2,11609,7.97
HOUSEHOLD_1_439,TX_2,11609,0.94
HOUSEHOLD_1_442,TX_2,11609,8.97
HOUSEHOLD_1_446,TX_2,11609,3.93
HOUSEHOLD_1_447,TX_2,11609,0.96
HOUSEHOLD_1_449,TX_2,11609,15.72
HOUSEHOLD_1_444,TX_2,11609,4.88
HOUSEHOLD_1_448,TX_2,11609,0.96
HOUSEHOLD_1_454,TX_2,11609,2.97
HOUSEHOLD_1_466,TX_2,11609,3.96
HOUSEHOLD_1_467,TX_2,11609,11.98
HOUSEHOLD_1_490,TX_2,11609,12.82
HOUSEHOLD_1_497,TX_2,11609,15.72
HOUSEHOLD_1_507,TX_2,11609,1.77
HOUSEHOLD_1_504,TX_2,11609,3.38
HOUSEHOLD_1_513,TX_2,11609,9.97
HOUSEHOLD_1_509,TX_2,11609,3.17
HOUSEHOLD_1_522,TX_2,11609,1.73
HOUSEHOLD_1_524,TX_2,11609,3.97
HOUSEHOLD_1_531,TX_2,11609,7.93
HOUSEHOLD_1_538,TX_2,11609,3.48
HOUSEHOLD_2_003,TX_2,11609,8.94
HOUSEHOLD_2_005,TX_2,11609,5.47
HOUSEHOLD_2_013,TX_2,11609,5.94
HOUSEHOLD_2_015,TX_2,11609,4.44
HOUSEHOLD_2_021,TX_2,11609,4.47
HOUSEHOLD_2_017,TX_2,11609,3.72
HOUSEHOLD_2_024,TX_2,11609,2.22
HOUSEHOLD_2_035,TX_2,11609,5.94
HOUSEHOLD_2_053,TX_2,11609,1.97
HOUSEHOLD_2_061,TX_2,11609,2.97
HOUSEHOLD_2_069,TX_2,11609,10.83
HOUSEHOLD_2_079,TX_2,11609,4.47
HOUSEHOLD_2_103,TX_2,11609,1.97
HOUSEHOLD_2_116,TX_2,11609,5.64
HOUSEHOLD_2_110,TX_2,11609,3.17
HOUSEHOLD_2_120,TX_2,11609,7.94
HOUSEHOLD_2_136,TX_2,11609,4.87
HOUSEHOLD_2_153,TX_2,11609,9.94
HOUSEHOLD_2_160,TX_2,11609,3.93
HOUSEHOLD_2_161,TX_2,11609,10.97
HOUSEHOLD_2_163,TX_2,11609,7.98
HOUSEHOLD_2_165,TX_2,11609,5.84
HOUSEHOLD_2_176,TX_2,11609,4.97
HOUSEHOLD_2_174,TX_2,11609,3.97
HOUSEHOLD_2_177,TX_2,11609,2.98
HOUSEHOLD_2_180,TX_2,11609,2.84
HOUSEHOLD_2_199,TX_2,11609,3.93
HOUSEHOLD_2_192,TX_2,11609,1.97
HOUSEHOLD_2_239,TX_2,11609,1.24
HOUSEHOLD_2_244,TX_2,11609,3.97
HOUSEHOLD_2_256,TX_2,11609,5.94
HOUSEHOLD_2_257,TX_2,11609,5.73
HOUSEHOLD_2_254,TX_2,11609,4.44
HOUSEHOLD_2_252,TX_2,11609,6.97
HOUSEHOLD_2_262,TX_2,11609,4.97
HOUSEHOLD_2_271,TX_2,11609,4.78
HOUSEHOLD_2_281,TX_2,11609,5.27
HOUSEHOLD_2_278,TX_2,11609,10.98
HOUSEHOLD_2_289,TX_2,11609,5.74
HOUSEHOLD_2_306,TX_2,11609,3.96
HOUSEHOLD_2_316,TX_2,11609,7.24
HOUSEHOLD_2_317,TX_2,11609,4.44
HOUSEHOLD_2_312,TX_2,11609,3.97
HOUSEHOLD_2_321,TX_2,11609,5.24
HOUSEHOLD_2_329,TX_2,11609,2.72
HOUSEHOLD_2_361,TX_2,11609,6.94
HOUSEHOLD_2_376,TX_2,11609,3.82
HOUSEHOLD_2_374,TX_2,11609,2.98
HOUSEHOLD_2_391,TX_2,11609,12.94
FOODS_2_108,WI_2,11609,3.44
FOODS_2_112,WI_2,11609,3.42
FOODS_2_121,WI_2,11609,1.58
FOODS_2_131,WI_2,11609,5.98
FOODS_2_132,WI_2,11609,2.5
FOODS_2_139,WI_2,11609,2.98
FOODS_2_138,WI_2,11609,1.84
FOODS_2_141,WI_2,11609,6.98
FOODS_2_140,WI_2,11609,9.98
FOODS_2_152,WI_2,11609,2.42
FOODS_2_147,WI_2,11609,3.76
FOODS_2_155,WI_2,11609,2.5
FOODS_2_173,WI_2,11609,8.98
FOODS_2_186,WI_2,11609,4.98
FOODS_2_202,WI_2,11609,2.98
FOODS_2_218,WI_2,11609,3.94
FOODS_2_225,WI_2,11609,2.5
FOODS_2_231,WI_2,11609,2.5
FOODS_2_232,WI_2,11609,2.56
FOODS_2_241,WI_2,11609,2.38
FOODS_2_248,WI_2,11609,5.98
FOODS_2_264,WI_2,11609,3.97
FOODS_2_266,WI_2,11609,8.92
FOODS_2_265,WI_2,11609,3.76
FOODS_2_269,WI_2,11609,2.5
FOODS_2_313,WI_2,11609,9.88
FOODS_2_310,WI_2,11609,3.78
FOODS_2_319,WI_2,11609,2.82
FOODS_2_331,WI_2,11609,2.5
FOODS_2_343,WI_2,11609,3.97
FOODS_2_345,WI_2,11609,7.98
FOODS_2_353,WI_2,11609,2.98
FOODS_2_365,WI_2,11609,10.97
FOODS_2_377,WI_2,11609,2.5
FOODS_2_386,WI_2,11609,2.5
FOODS_2_389,WI_2,11609,13.97
FOODS_3_003,WI_2,11609,3.64
FOODS_3_022,WI_2,11609,1.98
FOODS_3_037,WI_2,11609,2.56
FOODS_3_063,WI_2,11609,2.48
FOODS_3_067,WI_2,11609,3.98
FOODS_3_073,WI_2,11609,2.88
FOODS_3_076,WI_2,11609,1.0
FOODS_3_084,WI_2,11609,1.98
FOODS_3_099,WI_2,11609,2.56
FOODS_3_094,WI_2,11609,2.98
FOODS_3_107,WI_2,11609,2.48
FOODS_3_108,WI_2,11609,1.0
FOODS_3_110,WI_2,11609,11.98
FOODS_3_123,WI_2,11609,2.68
FOODS_3_132,WI_2,11609,2.68
FOODS_3_147,WI_2,11609,2.98
FOODS_3_178,WI_2,11609,1.98
FOODS_3_187,WI_2,11609,2.5
FOODS_3_190,WI_2,11609,1.0
FOODS_3_199,WI_2,11609,2.56
FOODS_3_209,WI_2,11609,3.98
FOODS_3_226,WI_2,11609,1.68
FOODS_3_227,WI_2,11609,2.68
FOODS_3_223,WI_2,11609,1.98
FOODS_3_229,WI_2,11609,3.78
FOODS_3_243,WI_2,11609,1.58
FOODS_3_250,WI_2,11609,3.98
FOODS_3_254,WI_2,11609,1.74
FOODS_3_256,WI_2,11609,2.58
FOODS_3_263,WI_2,11609,2.5
FOODS_3_260,WI_2,11609,1.97
FOODS_3_266,WI_2,11609,3.48
FOODS_3_294,WI_2,11609,2.48
FOODS_3_300,WI_2,11609,3.98
FOODS_3_296,WI_2,11609,2.0
FOODS_3_310,WI_2,11609,1.0
FOODS_3_314,WI_2,11609,2.48
FOODS_3_318,WI_2,11609,1.48
FOODS_3_333,WI_2,11609,1.98
FOODS_3_342,WI_2,11609,1.25
FOODS_3_337,WI_2,11609,3.98
FOODS_3_357,WI_2,11609,3.64
FOODS_3_356,WI_2,11609,3.0
FOODS_3_361,WI_2,11609,1.98
FOODS_3_373,WI_2,11609,1.74
FOODS_3_372,WI_2,11609,3.28
FOODS_3_366,WI_2,11609,1.74
FOODS_3_378,WI_2,11609,4.68
FOODS_3_385,WI_2,11609,2.98
FOODS_3_382,WI_2,11609,1.78
FOODS_3_389,WI_2,11609,1.68
FOODS_3_397,WI_2,11609,1.98
FOODS_3_395,WI_2,11609,3.98
FOODS_3_396,WI_2,11609,11.48
FOODS_3_407,WI_2,11609,2.98
FOODS_3_410,WI_2,11609,2.68
FOODS_3_420,WI_2,11609,8.48
FOODS_3_425,WI_2,11609,2.48
FOODS_3_431,WI_2,11609,1.0
FOODS_3_430,WI_2,11609,5.98
FOODS_3_441,WI_2,11609,6.98
FOODS_3_444,WI_2,11609,6.98
FOODS_3_457,WI_2,11609,2.5
FOODS_3_458,WI_2,11609,1.98
FOODS_3_467,WI_2,11609,1.98
FOODS_3_486,WI_2,11609,2.88
FOODS_3_499,WI_2,11609,2.56
FOODS_3_519,WI_2,11609,1.0
FOODS_3_517,WI_2,11609,2.94
FOODS_3_522,WI_2,11609,2.68
FOODS_3_531,WI_2,11609,2.48
FOODS_3_521,WI_2,11609,2.54
FOODS_3_541,WI_2,11609,0.94
FOODS_3_563,WI_2,11609,3.78
FOODS_3_589,WI_2,11609,1.28
FOODS_3_601,WI_2,11609,1.98
FOODS_3_595,WI_2,11609,1.98
FOODS_3_603,WI_2,11609,1.0
FOODS_3_607,WI_2,11609,2.48
FOODS_3_609,WI_2,11609,2.98
FOODS_3_620,WI_2,11609,6.98
FOODS_3_625,WI_2,11609,3.0
FOODS_3_629,WI_2,11609,4.98
FOODS_3_631,WI_2,11609,3.78
FOODS_3_648,WI_2,11609,1.0
FOODS_3_659,WI_2,11609,2.98
FOODS_3_658,WI_2,11609,2.84
FOODS_3_665,WI_2,11609,2.98
FOODS_3_671,WI_2,11609,2.28
FOODS_3_677,WI_2,11609,3.98
FOODS_3_682,WI_2,11609,3.56
FOODS_3_689,WI_2,11609,2.98
FOODS_3_691,WI_2,11609,7.48
FOODS_3_708,WI_2,11609,2.78
FOODS_3_730,WI_2,11609,4.98
FOODS_3_748,WI_2,11609,3.98
FOODS_3_756,WI_2,11609,2.5
FOODS_3_774,WI_2,11609,7.48
FOODS_3_770,WI_2,11609,3.98
FOODS_3_802,WI_2,11609,1.68
FOODS_3_803,WI_2,11609,1.0
FOODS_3_795,WI_2,11609,2.98
FOODS_3_804,WI_2,11609,1.88
FOODS_3_819,WI_2,11609,1.98
HOBBIES_1_004,WI_3,11609,4.64
HOBBIES_1_018,WI_3,11609,11.88
HOBBIES_1_027,WI_3,11609,19.98
HOBBIES_1_031,WI_3,11609,10.97
HOBBIES_1_048,WI_3,11609,0.48
HOBBIES_1_051,WI_3,11609,5.98
HOBBIES_1_062,WI_3,11609,0.97
HOBBIES_1_065,WI_3,11609,4.88
HOBBIES_1_088,WI_3,11609,2.57
HOBBIES_1_103,WI_3,11609,0.7
HOBBIES_1_106,WI_3,11609,2.57
HOBBIES_1_100,WI_3,11609,11.28
HOBBIES_1_104,WI_3,11609,23.98
HOBBIES_1_112,WI_3,11609,2.72
HOBBIES_1_123,WI_3,11609,7.98
HOBBIES_1_119,WI_3,11609,1.77
HOBBIES_1_141,WI_3,11609,13.98
HOBBIES_1_138,WI_3,11609,5.88
HOBBIES_1_149,WI_3,11609,1.56
HOBBIES_1_159,WI_3,11609,3.24
HOBBIES_1_160,WI_3,11609,19.96
HOBBIES_1_156,WI_3,11609,1.77
HOBBIES_1_168,WI_3,11609,4.83
HOBBIES_1_189,WI_3,11609,0.48
HOUSEHOLD_2_046,CA_1,11609,6.94
HOUSEHOLD_2_068,CA_1,11609,2.88
HOUSEHOLD_2_090,CA_1,11609,5.97
HOUSEHOLD_2_097,CA_1,11609,5.48
HOUSEHOLD_2_099,CA_1,11609,5.94
HOUSEHOLD_2_105,CA_1,11609,4.94
HOUSEHOLD_2_132,CA_1,11609,1.97
HOUSEHOLD_2_130,CA_1,11609,7.97
HOUSEHOLD_2_138,CA_1,11609,5.97
HOUSEHOLD_2_139,CA_1,11609,5.84
HOUSEHOLD_2_152,CA_1,11609,13.94
HOUSEHOLD_2_143,CA_1,11609,6.46
HOUSEHOLD_2_144,CA_1,11609,4.44
HOUSEHOLD_2_147,CA_1,11609,3.97
HOUSEHOLD_2_150,CA_1,11609,6.97
HOUSEHOLD_2_154,CA_1,11609,1.88
HOUSEHOLD_2_157,CA_1,11609,5.47
HOUSEHOLD_2_166,CA_1,11609,9.47
HOUSEHOLD_2_170,CA_1,11609,1.44
HOUSEHOLD_2_171,CA_1,11609,3.87
HOUSEHOLD_2_196,CA_1,11609,2.27
HOUSEHOLD_2_207,CA_1,11609,7.46
HOUSEHOLD_2_211,CA_1,11609,19.98
HOUSEHOLD_2_215,CA_1,11609,1.88
HOUSEHOLD_2_227,CA_1,11609,3.96
HOUSEHOLD_2_237,CA_1,11609,5.94
HOUSEHOLD_2_270,CA_1,11609,5.84
HOUSEHOLD_2_276,CA_1,11609,5.47
HOUSEHOLD_2_297,CA_1,11609,6.54
HOUSEHOLD_2_299,CA_1,11609,1.24
HOUSEHOLD_2_327,CA_1,11609,2.98
HOUSEHOLD_2_330,CA_1,11609,3.72
HOUSEHOLD_2_334,CA_1,11609,2.98
HOUSEHOLD_2_336,CA_1,11609,8.97
HOUSEHOLD_2_342,CA_1,11609,0.97
HOUSEHOLD_2_345,CA_1,11609,5.84
HOUSEHOLD_2_346,CA_1,11609,3.33
HOUSEHOLD_2_351,CA_1,11609,5.94
HOUSEHOLD_2_356,CA_1,11609,9.88
HOUSEHOLD_2_362,CA_1,11609,3.94
HOUSEHOLD_2_360,CA_1,11609,7.97
HOUSEHOLD_2_372,CA_1,11609,8.44
HOUSEHOLD_2_386,CA_1,11609,3.97
HOUSEHOLD_2_396,CA_1,11609,8.48
HOUSEHOLD_2_404,CA_1,11609,2.97
HOUSEHOLD_2_422,CA_1,11609,4.97
HOUSEHOLD_2_427,CA_1,11609,3.67
HOUSEHOLD_2_429,CA_1,11609,5.94
HOUSEHOLD_2_426,CA_1,11609,4.37
HOUSEHOLD_2_436,CA_1,11609,1.97
HOUSEHOLD_2_444,CA_1,11609,6.47
HOUSEHOLD_2_445,CA_1,11609,5.97
HOUSEHOLD_2_464,CA_1,11609,2.88
HOUSEHOLD_2_480,CA_1,11609,5.24
HOUSEHOLD_2_481,CA_1,11609,7.97
HOUSEHOLD_2_496,CA_1,11609,1.48
HOUSEHOLD_2_501,CA_1,11609,7.97
HOUSEHOLD_2_498,CA_1,11609,2.96
HOUSEHOLD_2_514,CA_1,11609,19.54
HOUSEHOLD_2_516,CA_1,11609,5.94
FOODS_1_015,CA_1,11609,3.48
FOODS_1_008,CA_1,11609,3.54
FOODS_1_014,CA_1,11609,0.98
FOODS_1_034,CA_1,11609,5.14
FOODS_1_050,CA_1,11609,5.98
FOODS_1_051,CA_1,11609,3.87
FOODS_1_059,CA_1,11609,4.89
FOODS_1_070,CA_1,11609,0.98
FOODS_1_078,CA_1,11609,3.48
FOODS_1_085,CA_1,11609,0.98
FOODS_1_101,CA_1,11609,2.0
FOODS_1_108,CA_1,11609,2.5
FOODS_1_116,CA_1,11609,2.68
FOODS_1_115,CA_1,11609,3.58
FOODS_1_141,CA_1,11609,3.54
FOODS_1_149,CA_1,11609,0.98
FOODS_1_153,CA_1,11609,1.98
FOODS_1_160,CA_1,11609,2.24
FOODS_1_168,CA_1,11609,2.24
FOODS_1_162,CA_1,11609,1.96
FOODS_1_179,CA_1,11609,3.58
FOODS_1_185,CA_1,11609,2.28
FOODS_1_197,CA_1,11609,5.28
FOODS_1_206,CA_1,11609,2.23
FOODS_1_209,CA_1,11609,2.24
FOODS_1_212,CA_1,11609,5.98
FOODS_1_219,CA_1,11609,2.24
FOODS_2_023,CA_1,11609,1.28
FOODS_2_030,CA_1,11609,4.48
FOODS_2_037,CA_1,11609,7.98
FOODS_2_033,CA_1,11609,2.38
FOODS_2_041,CA_1,11609,3.97
FOODS_2_043,CA_1,11609,2.5
FOODS_2_045,CA_1,11609,6.98
FOODS_2_040,CA_1,11609,2.5
FOODS_2_051,CA_1,11609,2.5
FOODS_2_048,CA_1,11609,7.98
FOODS_2_059,CA_1,11609,5.98
FOODS_2_058,CA_1,11609,4.97
FOODS_2_079,CA_1,11609,3.94
FOODS_2_103,CA_1,11609,6.98
FOODS_2_099,CA_1,11609,2.0
FOODS_2_095,CA_1,11609,4.42
FOODS_2_091,CA_1,11609,2.5
FOODS_2_097,CA_1,11609,6.98
FOODS_2_123,CA_1,11609,2.97
FOODS_2_124,CA_1,11609,2.98
FOODS_2_125,CA_1,11609,2.67
FOODS_2_134,CA_1,11609,2.98
FOODS_2_136,CA_1,11609,2.87
FOODS_2_143,CA_1,11609,4.33
FOODS_2_146,CA_1,11609,2.0
FOODS_2_148,CA_1,11609,2.5
FOODS_2_151,CA_1,11609,2.0
FOODS_2_165,CA_1,11609,3.78
FOODS_2_167,CA_1,11609,2.5
FOODS_2_168,CA_1,11609,3.98
FOODS_2_194,CA_1,11609,6.72
FOODS_2_185,CA_1,11609,2.0
FOODS_2_198,CA_1,11609,8.98
FOODS_2_204,CA_1,11609,1.0
FOODS_2_212,CA_1,11609,4.88
FOODS_2_206,CA_1,11609,9.98
FOODS_2_209,CA_1,11609,5.97
FOODS_2_213,CA_1,11609,3.78
FOODS_2_224,CA_1,11609,5.44
FOODS_2_242,CA_1,11609,2.5
FOODS_2_238,CA_1,11609,1.58
FOODS_2_239,CA_1,11609,13.98
FOODS_2_254,CA_1,11609,5.92
FOODS_2_252,CA_1,11609,3.48
FOODS_2_275,CA_1,11609,2.48
FOODS_2_276,CA_1,11609,3.42
FOODS_2_271,CA_1,11609,10.98
FOODS_2_278,CA_1,11609,2.5
FOODS_2_306,CA_1,11609,3.98
FOODS_2_314,CA_1,11609,4.97
FOODS_2_316,CA_1,11609,9.98
FOODS_2_312,CA_1,11609,4.98
FOODS_2_324,CA_1,11609,2.5
FOODS_2_334,CA_1,11609,9.98
FOODS_2_340,CA_1,11609,2.98
FOODS_2_344,CA_1,11609,2.5
FOODS_2_341,CA_1,11609,2.5
FOODS_2_357,CA_1,11609,2.0
FOODS_2_360,CA_1,11609,0.94
FOODS_2_374,CA_1,11609,2.0
FOODS_2_375,CA_1,11609,4.98
FOODS_2_373,CA_1,11609,5.44
FOODS_2_372,CA_1,11609,8.98
FOODS_2_382,CA_1,11609,3.88
FOODS_3_007,CA_1,11609,0.25
FOODS_3_008,CA_1,11609,0.74
FOODS_3_004,CA_1,11609,5.98
FOODS_3_027,CA_1,11609,2.0
FOODS_3_041,CA_1,11609,2.98
FOODS_3_040,CA_1,11609,2.56
FOODS_3_056,CA_1,11609,1.74
FOODS_3_055,CA_1,11609,2.98
FOODS_3_053,CA_1,11609,3.98
FOODS_3_049,CA_1,11609,4.74
FOODS_3_057,CA_1,11609,2.98
FOODS_3_062,CA_1,11609,2.94
FOODS_3_060,CA_1,11609,2.98
FOODS_3_068,CA_1,11609,1.98
HOBBIES_2_146,CA_4,11609,1.97
HOBBIES_2_145,CA_4,11609,2.88
HOUSEHOLD_1_003,CA_4,11609,8.97
HOUSEHOLD_1_011,CA_4,11609,4.63
HOUSEHOLD_1_017,CA_4,11609,4.94
HOUSEHOLD_1_025,CA_4,11609,2.98
HOUSEHOLD_1_048,CA_4,11609,2.84
HOUSEHOLD_1_061,CA_4,11609,1.88
HOUSEHOLD_1_054,CA_4,11609,3.92
HOUSEHOLD_1_074,CA_4,11609,4.94
HOUSEHOLD_1_075,CA_4,11609,2.73
HOUSEHOLD_1_088,CA_4,11609,5.97
HOUSEHOLD_1_089,CA_4,11609,5.22
HOUSEHOLD_1_106,CA_4,11609,9.46
HOUSEHOLD_1_114,CA_4,11609,0.97
HOUSEHOLD_1_113,CA_4,11609,5.74
HOUSEHOLD_1_121,CA_4,11609,2.48
HOUSEHOLD_1_133,CA_4,11609,3.12
HOUSEHOLD_1_170,CA_4,11609,1.98
HOUSEHOLD_1_176,CA_4,11609,3.87
HOUSEHOLD_1_178,CA_4,11609,4.47
HOUSEHOLD_1_184,CA_4,11609,11.97
HOUSEHOLD_1_186,CA_4,11609,2.97
HOUSEHOLD_1_194,CA_4,11609,4.98
HOUSEHOLD_1_234,CA_4,11609,0.97
HOUSEHOLD_1_235,CA_4,11609,3.88
HOUSEHOLD_1_231,CA_4,11609,2.98
HOUSEHOLD_1_244,CA_4,11609,2.96
HOUSEHOLD_1_262,CA_4,11609,0.97
HOUSEHOLD_1_254,CA_4,11609,0.97
HOUSEHOLD_1_268,CA_4,11609,8.37
HOUSEHOLD_1_274,CA_4,11609,4.94
HOUSEHOLD_1_280,CA_4,11609,4.97
HOUSEHOLD_1_282,CA_4,11609,3.98
HOUSEHOLD_1_277,CA_4,11609,0.97
HOUSEHOLD_1_302,CA_4,11609,7.93
HOUSEHOLD_1_325,CA_4,11609,3.88
HOUSEHOLD_1_331,CA_4,11609,4.88
HOUSEHOLD_1_333,CA_4,11609,2.97
HOUSEHOLD_1_334,CA_4,11609,0.97
HOUSEHOLD_1_336,CA_4,11609,4.87
HOUSEHOLD_1_344,CA_4,11609,7.93
HOUSEHOLD_1_362,CA_4,11609,7.97
HOUSEHOLD_1_381,CA_4,11609,4.97
HOUSEHOLD_1_383,CA_4,11609,3.48
HOUSEHOLD_1_382,CA_4,11609,2.28
HOUSEHOLD_1_398,CA_4,11609,2.87
HOUSEHOLD_1_396,CA_4,11609,3.97
HOUSEHOLD_1_400,CA_4,11609,6.97
HOUSEHOLD_1_415,CA_4,11609,12.58
HOUSEHOLD_1_418,CA_4,11609,0.97
HOUSEHOLD_1_412,CA_4,11609,18.87
HOUSEHOLD_1_421,CA_4,11609,5.88
HOUSEHOLD_1_426,CA_4,11609,2.62
HOUSEHOLD_1_432,CA_4,11609,3.88
HOUSEHOLD_1_431,CA_4,11609,7.48
HOUSEHOLD_1_441,CA_4,11609,2.77
HOUSEHOLD_1_452,CA_4,11609,2.97
HOUSEHOLD_1_458,CA_4,11609,2.27
HOUSEHOLD_1_462,CA_4,11609,2.36
HOUSEHOLD_1_461,CA_4,11609,0.97
HOUSEHOLD_1_463,CA_4,11609,2.98
HOUSEHOLD_1_475,CA_4,11609,2.67
HOUSEHOLD_1_476,CA_4,11609,4.84
HOUSEHOLD_1_488,CA_4,11609,9.98
HOUSEHOLD_1_498,CA_4,11609,3.28
HOUSEHOLD_1_496,CA_4,11609,7.93
HOUSEHOLD_1_517,CA_4,11609,0.88
HOUSEHOLD_1_530,CA_4,11609,1.88
HOUSEHOLD_1_529,CA_4,11609,2.97
HOUSEHOLD_2_001,CA_4,11609,6.77
HOUSEHOLD_2_004,CA_4,11609,5.67
HOUSEHOLD_2_028,CA_4,11609,5.94
HOUSEHOLD_2_042,CA_4,11609,4.28
HOUSEHOLD_2_059,CA_4,11609,3.48
HOUSEHOLD_2_062,CA_4,11609,2.94
HOUSEHOLD_2_060,CA_4,11609,7.96
HOUSEHOLD_2_073,CA_4,11609,20.97
HOUSEHOLD_2_066,CA_4,11609,6.94
HOUSEHOLD_2_083,CA_4,11609,9.97
HOUSEHOLD_2_084,CA_4,11609,4.27
HOUSEHOLD_2_124,CA_4,11609,5.28
HOUSEHOLD_2_137,CA_4,11609,2.94
HOUSEHOLD_2_141,CA_4,11609,4.98
HOUSEHOLD_2_159,CA_4,11609,3.93
HOUSEHOLD_2_156,CA_4,11609,7.43
HOUSEHOLD_2_173,CA_4,11609,6.46
HOUSEHOLD_2_179,CA_4,11609,5.97
HOUSEHOLD_2_184,CA_4,11609,1.97
HOUSEHOLD_2_202,CA_4,11609,8.86
HOUSEHOLD_2_212,CA_4,11609,2.67
HOUSEHOLD_2_218,CA_4,11609,10.97
HOUSEHOLD_2_216,CA_4,11609,6.94
HOUSEHOLD_2_219,CA_4,11609,3.48
HOUSEHOLD_2_220,CA_4,11609,6.96
HOUSEHOLD_2_223,CA_4,11609,14.97
HOUSEHOLD_2_233,CA_4,11609,12.47
HOUSEHOLD_2_229,CA_4,11609,4.78
HOUSEHOLD_2_235,CA_4,11609,7.47
HOUSEHOLD_2_248,CA_4,11609,8.97
HOUSEHOLD_2_261,CA_4,11609,6.96
HOUSEHOLD_2_259,CA_4,11609,7.97
HOUSEHOLD_2_266,CA_4,11609,2.97
HOUSEHOLD_2_263,CA_4,11609,5.47
HOUSEHOLD_2_273,CA_4,11609,5.24
HOUSEHOLD_2_275,CA_4,11609,5.27
HOUSEHOLD_2_288,CA_4,11609,3.97
HOUSEHOLD_2_293,CA_4,11609,7.47
HOUSEHOLD_2_296,CA_4,11609,4.78
HOUSEHOLD_2_308,CA_4,11609,3.94
HOUSEHOLD_2_303,CA_4,11609,6.94
HOUSEHOLD_2_309,CA_4,11609,2.46
HOUSEHOLD_2_347,CA_4,11609,8.94
HOUSEHOLD_2_350,CA_4,11609,2.94
HOUSEHOLD_2_354,CA_4,11609,0.97
HOUSEHOLD_2_353,CA_4,11609,4.78
HOUSEHOLD_2_358,CA_4,11609,4.97
HOUSEHOLD_2_359,CA_4,11609,9.94
HOUSEHOLD_2_380,CA_4,11609,5.27
HOUSEHOLD_2_384,CA_4,11609,5.84
HOUSEHOLD_2_381,CA_4,11609,5.94
HOUSEHOLD_2_388,CA_4,11609,6.94
HOUSEHOLD_2_393,CA_4,11609,5.88
HOUSEHOLD_2_409,CA_4,11609,3.93
HOUSEHOLD_2_416,CA_4,11609,3.24
HOUSEHOLD_2_433,CA_4,11609,6.27
HOUSEHOLD_2_446,CA_4,11609,25.97
HOUSEHOLD_2_452,CA_4,11609,5.94
HOUSEHOLD_2_448,CA_4,11609,4.97
HOUSEHOLD_2_472,CA_4,11609,8.48
HOUSEHOLD_2_469,CA_4,11609,2.97
HOUSEHOLD_2_477,CA_4,11609,5.74
HOUSEHOLD_2_510,CA_4,11609,3.93
FOODS_1_001,CA_4,11609,2.24
FOODS_1_010,CA_4,11609,5.56
FOODS_1_037,CA_4,11609,3.48
FOODS_1_044,CA_4,11609,2.98
FOODS_1_045,CA_4,11609,1.78
FOODS_1_052,CA_4,11609,0.98
FOODS_1_064,CA_4,11609,2.68
FOODS_1_065,CA_4,11609,3.54
FOODS_2_146,TX_3,11609,1.74
FOODS_2_148,TX_3,11609,2.5
FOODS_2_151,TX_3,11609,1.87
FOODS_2_167,TX_3,11609,2.5
FOODS_2_165,TX_3,11609,3.48
FOODS_2_168,TX_3,11609,3.98
FOODS_2_185,TX_3,11609,1.74
FOODS_2_198,TX_3,11609,8.98
FOODS_2_194,TX_3,11609,6.72
FOODS_2_204,TX_3,11609,0.84
FOODS_2_206,TX_3,11609,9.98
FOODS_2_209,TX_3,11609,5.97
FOODS_2_212,TX_3,11609,4.88
FOODS_2_213,TX_3,11609,3.48
FOODS_2_224,TX_3,11609,5.76
FOODS_2_238,TX_3,11609,1.58
FOODS_2_242,TX_3,11609,2.47
FOODS_2_239,TX_3,11609,13.98
FOODS_2_254,TX_3,11609,5.92
FOODS_2_252,TX_3,11609,3.48
FOODS_2_275,TX_3,11609,2.0
FOODS_2_276,TX_3,11609,2.98
FOODS_2_278,TX_3,11609,2.47
FOODS_2_271,TX_3,11609,10.98
FOODS_2_306,TX_3,11609,3.98
FOODS_2_314,TX_3,11609,4.97
FOODS_2_312,TX_3,11609,4.98
FOODS_2_316,TX_3,11609,9.98
FOODS_2_324,TX_3,11609,2.5
FOODS_2_340,TX_3,11609,2.98
FOODS_2_334,TX_3,11609,9.98
FOODS_2_341,TX_3,11609,2.5
FOODS_2_344,TX_3,11609,2.5
FOODS_2_357,TX_3,11609,1.78
FOODS_2_360,TX_3,11609,0.94
FOODS_2_374,TX_3,11609,1.78
FOODS_2_373,TX_3,11609,5.76
FOODS_2_375,TX_3,11609,4.88
FOODS_2_372,TX_3,11609,8.98
FOODS_2_382,TX_3,11609,3.88
FOODS_3_007,TX_3,11609,0.25
FOODS_3_008,TX_3,11609,0.5
FOODS_3_004,TX_3,11609,5.98
FOODS_3_027,TX_3,11609,2.0
FOODS_3_041,TX_3,11609,2.98
FOODS_3_040,TX_3,11609,2.56
FOODS_3_056,TX_3,11609,1.74
FOODS_3_057,TX_3,11609,2.98
FOODS_3_055,TX_3,11609,2.98
FOODS_3_049,TX_3,11609,4.74
FOODS_3_053,TX_3,11609,3.98
FOODS_3_062,TX_3,11609,2.94
FOODS_3_060,TX_3,11609,2.98
FOODS_3_068,TX_3,11609,1.98
FOODS_3_077,TX_3,11609,2.88
FOODS_3_093,TX_3,11609,1.88
FOODS_3_104,TX_3,11609,2.98
FOODS_3_128,TX_3,11609,2.98
FOODS_3_122,TX_3,11609,2.5
FOODS_3_143,TX_3,11609,2.56
FOODS_3_153,TX_3,11609,1.74
FOODS_3_176,TX_3,11609,1.64
FOODS_3_183,TX_3,11609,3.0
FOODS_3_179,TX_3,11609,4.98
FOODS_3_185,TX_3,11609,2.48
FOODS_3_180,TX_3,11609,2.98
FOODS_3_191,TX_3,11609,1.0
FOODS_3_195,TX_3,11609,2.68
FOODS_3_203,TX_3,11609,4.98
FOODS_3_205,TX_3,11609,1.28
FOODS_3_228,TX_3,11609,1.68
FOODS_3_221,TX_3,11609,4.98
FOODS_3_231,TX_3,11609,5.44
FOODS_3_234,TX_3,11609,0.25
FOODS_3_237,TX_3,11609,1.0
FOODS_3_241,TX_3,11609,2.98
FOODS_3_245,TX_3,11609,2.48
FOODS_3_240,TX_3,11609,1.0
FOODS_3_255,TX_3,11609,3.98
FOODS_3_283,TX_3,11609,2.98
FOODS_3_282,TX_3,11609,2.56
FOODS_3_291,TX_3,11609,2.78
FOODS_3_284,TX_3,11609,1.98
FOODS_3_295,TX_3,11609,0.8
FOODS_3_292,TX_3,11609,3.56
FOODS_3_307,TX_3,11609,3.98
FOODS_3_325,TX_3,11609,2.56
FOODS_3_330,TX_3,11609,3.98
FOODS_3_336,TX_3,11609,2.68
FOODS_3_343,TX_3,11609,3.27
FOODS_3_340,TX_3,11609,3.32
FOODS_3_338,TX_3,11609,3.68
FOODS_3_345,TX_3,11609,2.68
FOODS_3_347,TX_3,11609,1.88
FOODS_3_365,TX_3,11609,4.98
FOODS_3_364,TX_3,11609,2.78
FOODS_3_371,TX_3,11609,2.5
FOODS_3_392,TX_3,11609,3.98
FOODS_3_412,TX_3,11609,0.25
FOODS_3_414,TX_3,11609,5.18
FOODS_3_415,TX_3,11609,2.56
FOODS_3_421,TX_3,11609,2.48
FOODS_3_419,TX_3,11609,2.88
FOODS_3_433,TX_3,11609,1.0
FOODS_3_427,TX_3,11609,2.48
FOODS_3_434,TX_3,11609,2.88
FOODS_3_438,TX_3,11609,1.0
FOODS_3_439,TX_3,11609,2.98
FOODS_3_448,TX_3,11609,3.0
FOODS_3_445,TX_3,11609,2.48
FOODS_3_461,TX_3,11609,1.68
FOODS_3_469,TX_3,11609,6.24
FOODS_3_491,TX_3,11609,1.5
FOODS_3_493,TX_3,11609,6.98
FOODS_3_488,TX_3,11609,4.98
FOODS_3_504,TX_3,11609,1.48
FOODS_3_503,TX_3,11609,2.48
FOODS_3_513,TX_3,11609,4.48
FOODS_3_508,TX_3,11609,1.0
FOODS_3_511,TX_3,11609,6.98
FOODS_3_514,TX_3,11609,4.98
FOODS_3_540,TX_3,11609,2.98
FOODS_3_551,TX_3,11609,4.74
FOODS_3_544,TX_3,11609,2.98
FOODS_3_552,TX_3,11609,1.98
FOODS_3_562,TX_3,11609,4.98
FOODS_3_578,TX_3,11609,3.0
FOODS_3_584,TX_3,11609,1.0
FOODS_3_591,TX_3,11609,3.68
FOODS_3_592,TX_3,11609,6.98
FOODS_3_605,TX_3,11609,2.68
FOODS_3_615,TX_3,11609,4.48
FOODS_3_613,TX_3,11609,2.88
FOODS_3_636,TX_3,11609,3.56
FOODS_3_641,TX_3,11609,2.24
FOODS_3_654,TX_3,11609,1.68
FOODS_3_661,TX_3,11609,3.28
FOODS_3_700,TX_3,11609,2.68
FOODS_3_702,TX_3,11609,3.0
FOODS_3_701,TX_3,11609,1.98
FOODS_3_704,TX_3,11609,4.48
FOODS_3_712,TX_3,11609,4.22
FOODS_3_711,TX_3,11609,0.25
FOODS_3_703,TX_3,11609,1.98
FOODS_3_746,TX_3,11609,1.98
FOODS_3_747,TX_3,11609,1.0
FOODS_3_758,TX_3,11609,2.5
FOODS_3_765,TX_3,11609,3.0
FOODS_3_766,TX_3,11609,2.98
FOODS_3_761,TX_3,11609,2.0
FOODS_3_781,TX_3,11609,2.48
FOODS_3_785,TX_3,11609,3.0
FOODS_3_786,TX_3,11609,1.98
FOODS_3_783,TX_3,11609,5.44
FOODS_3_796,TX_3,11609,2.98
FOODS_3_814,TX_3,11609,1.88
FOODS_3_809,TX_3,11609,1.0
HOBBIES_1_002,WI_1,11609,3.97
FOODS_3_826,TX_3,11609,1.28
HOBBIES_1_012,WI_1,11609,6.52
HOBBIES_1_016,WI_1,11609,0.7
HOBBIES_1_024,WI_1,11609,8.56
HOBBIES_1_035,WI_1,11609,2.12
HOBBIES_1_044,WI_1,11609,1.48
HOBBIES_1_040,WI_1,11609,12.97
HOBBIES_1_045,WI_1,11609,10.58
HOBBIES_1_046,WI_1,11609,18.72
HOBBIES_1_069,WI_1,11609,13.23
HOBBIES_1_070,WI_1,11609,5.88
HOBBIES_1_098,WI_1,11609,13.98
HOBBIES_1_118,WI_1,11609,11.12
HOBBIES_1_120,WI_1,11609,10.98
HOBBIES_1_132,WI_1,11609,3.98
HOBBIES_1_135,WI_1,11609,20.38
HOBBIES_1_143,WI_1,11609,8.77
FOODS_3_291,WI_3,11609,2.78
FOODS_3_292,WI_3,11609,3.56
FOODS_3_295,WI_3,11609,0.8
FOODS_3_307,WI_3,11609,3.98
FOODS_3_325,WI_3,11609,2.56
FOODS_3_330,WI_3,11609,3.98
FOODS_3_336,WI_3,11609,2.48
FOODS_3_343,WI_3,11609,3.54
FOODS_3_345,WI_3,11609,2.68
FOODS_3_340,WI_3,11609,3.32
FOODS_3_338,WI_3,11609,3.68
FOODS_3_347,WI_3,11609,1.88
FOODS_3_365,WI_3,11609,5.24
FOODS_3_364,WI_3,11609,2.78
FOODS_3_371,WI_3,11609,2.5
FOODS_3_392,WI_3,11609,3.98
FOODS_3_412,WI_3,11609,0.25
FOODS_3_415,WI_3,11609,2.56
FOODS_3_414,WI_3,11609,5.18
FOODS_3_421,WI_3,11609,2.48
FOODS_3_419,WI_3,11609,2.88
FOODS_3_434,WI_3,11609,2.88
FOODS_3_433,WI_3,11609,1.0
FOODS_3_427,WI_3,11609,2.48
FOODS_3_438,WI_3,11609,1.0
FOODS_3_445,WI_3,11609,2.48
FOODS_3_439,WI_3,11609,2.98
FOODS_3_448,WI_3,11609,3.0
FOODS_3_461,WI_3,11609,1.68
FOODS_3_469,WI_3,11609,6.24
FOODS_3_488,WI_3,11609,4.98
FOODS_3_491,WI_3,11609,1.38
FOODS_3_493,WI_3,11609,6.98
FOODS_3_504,WI_3,11609,1.48
FOODS_3_503,WI_3,11609,2.48
FOODS_3_508,WI_3,11609,1.0
FOODS_3_513,WI_3,11609,4.48
FOODS_3_511,WI_3,11609,6.98
FOODS_3_514,WI_3,11609,4.98
FOODS_3_540,WI_3,11609,2.98
FOODS_3_544,WI_3,11609,2.98
FOODS_3_551,WI_3,11609,4.74
FOODS_3_552,WI_3,11609,1.98
FOODS_3_562,WI_3,11609,4.98
FOODS_3_578,WI_3,11609,3.0
FOODS_3_584,WI_3,11609,1.0
FOODS_3_591,WI_3,11609,3.68
FOODS_3_592,WI_3,11609,6.98
FOODS_3_605,WI_3,11609,2.68
FOODS_3_615,WI_3,11609,4.44
FOODS_3_613,WI_3,11609,2.88
FOODS_3_636,WI_3,11609,3.56
FOODS_3_641,WI_3,11609,2.24
FOODS_3_654,WI_3,11609,1.68
FOODS_3_661,WI_3,11609,3.28
FOODS_3_700,WI_3,11609,2.68
FOODS_3_702,WI_3,11609,3.0
FOODS_3_701,WI_3,11609,1.98
FOODS_3_704,WI_3,11609,4.44
FOODS_3_711,WI_3,11609,0.25
FOODS_3_712,WI_3,11609,4.22
FOODS_3_703,WI_3,11609,1.98
FOODS_3_746,WI_3,11609,1.98
FOODS_3_747,WI_3,11609,1.0
FOODS_3_758,WI_3,11609,2.5
FOODS_3_765,WI_3,11609,3.0
FOODS_3_766,WI_3,11609,2.98
FOODS_3_761,WI_3,11609,2.0
FOODS_3_781,WI_3,11609,2.48
FOODS_3_783,WI_3,11609,5.44
FOODS_3_786,WI_3,11609,1.98
FOODS_3_785,WI_3,11609,3.0
FOODS_3_796,WI_3,11609,2.98
FOODS_3_809,WI_3,11609,1.0
FOODS_3_814,WI_3,11609,1.88
FOODS_3_826,WI_3,11609,1.28
HOUSEHOLD_2_501,CA_2,11609,7.97
HOUSEHOLD_2_496,CA_2,11609,1.48
HOUSEHOLD_2_498,CA_2,11609,2.96
HOUSEHOLD_2_514,CA_2,11609,19.54
HOUSEHOLD_2_516,CA_2,11609,5.94
FOODS_1_008,CA_2,11609,3.54
FOODS_1_015,CA_2,11609,3.48
FOODS_1_014,CA_2,11609,0.98
FOODS_1_034,CA_2,11609,5.14
FOODS_1_050,CA_2,11609,5.98
FOODS_1_051,CA_2,11609,3.87
FOODS_1_059,CA_2,11609,4.89
FOODS_1_070,CA_2,11609,0.98
FOODS_1_078,CA_2,11609,3.48
FOODS_1_085,CA_2,11609,0.98
FOODS_1_101,CA_2,11609,2.0
FOODS_1_108,CA_2,11609,2.5
FOODS_1_116,CA_2,11609,2.68
FOODS_1_115,CA_2,11609,3.58
FOODS_1_141,CA_2,11609,3.54
FOODS_1_153,CA_2,11609,1.98
FOODS_1_149,CA_2,11609,0.98
FOODS_1_162,CA_2,11609,1.96
FOODS_1_160,CA_2,11609,2.24
FOODS_1_168,CA_2,11609,2.24
FOODS_1_179,CA_2,11609,3.58
FOODS_1_185,CA_2,11609,2.28
FOODS_1_197,CA_2,11609,5.28
FOODS_1_206,CA_2,11609,2.23
FOODS_1_209,CA_2,11609,2.24
FOODS_1_212,CA_2,11609,5.98
FOODS_1_219,CA_2,11609,2.24
FOODS_2_041,CA_2,11609,3.97
FOODS_2_040,CA_2,11609,2.0
FOODS_2_030,CA_2,11609,4.48
FOODS_2_033,CA_2,11609,2.38
FOODS_2_037,CA_2,11609,7.98
FOODS_2_023,CA_2,11609,1.28
FOODS_2_043,CA_2,11609,2.5
FOODS_2_058,CA_2,11609,4.97
FOODS_2_048,CA_2,11609,7.98
FOODS_2_051,CA_2,11609,2.5
FOODS_2_045,CA_2,11609,6.98
FOODS_2_059,CA_2,11609,5.98
FOODS_2_079,CA_2,11609,3.94
FOODS_2_095,CA_2,11609,4.42
FOODS_2_099,CA_2,11609,2.0
FOODS_2_097,CA_2,11609,6.98
FOODS_2_091,CA_2,11609,2.5
FOODS_2_123,CA_2,11609,2.97
FOODS_2_125,CA_2,11609,2.67
FOODS_2_124,CA_2,11609,2.98
FOODS_2_103,CA_2,11609,6.98
FOODS_2_134,CA_2,11609,2.98
FOODS_2_146,CA_2,11609,2.0
FOODS_2_151,CA_2,11609,2.0
FOODS_2_136,CA_2,11609,2.87
FOODS_2_143,CA_2,11609,4.33
FOODS_2_148,CA_2,11609,2.5
FOODS_2_165,CA_2,11609,3.78
FOODS_2_167,CA_2,11609,2.5
FOODS_2_168,CA_2,11609,3.98
FOODS_2_194,CA_2,11609,6.72
FOODS_2_185,CA_2,11609,2.0
FOODS_2_212,CA_2,11609,4.88
FOODS_2_204,CA_2,11609,1.0
FOODS_2_213,CA_2,11609,3.78
FOODS_2_198,CA_2,11609,8.98
FOODS_2_206,CA_2,11609,9.98
FOODS_2_209,CA_2,11609,5.97
FOODS_2_224,CA_2,11609,5.98
FOODS_2_242,CA_2,11609,2.5
FOODS_2_238,CA_2,11609,1.58
FOODS_2_239,CA_2,11609,13.98
FOODS_2_276,CA_2,11609,3.42
FOODS_2_252,CA_2,11609,3.78
FOODS_2_275,CA_2,11609,2.48
FOODS_2_271,CA_2,11609,10.98
FOODS_2_254,CA_2,11609,5.92
FOODS_2_278,CA_2,11609,2.5
FOODS_2_314,CA_2,11609,4.97
FOODS_2_312,CA_2,11609,4.98
FOODS_2_306,CA_2,11609,3.98
FOODS_2_316,CA_2,11609,9.98
FOODS_2_324,CA_2,11609,2.0
FOODS_2_334,CA_2,11609,9.98
FOODS_2_340,CA_2,11609,2.98
FOODS_2_344,CA_2,11609,2.5
FOODS_2_357,CA_2,11609,2.0
FOODS_2_341,CA_2,11609,2.5
FOODS_2_360,CA_2,11609,0.94
FOODS_2_374,CA_2,11609,2.0
FOODS_2_372,CA_2,11609,8.98
FOODS_2_373,CA_2,11609,5.98
FOODS_2_382,CA_2,11609,3.88
FOODS_2_375,CA_2,11609,4.98
FOODS_3_004,CA_2,11609,5.98
FOODS_3_007,CA_2,11609,0.25
FOODS_3_008,CA_2,11609,0.74
FOODS_3_027,CA_2,11609,2.0
FOODS_3_041,CA_2,11609,2.98
FOODS_3_040,CA_2,11609,2.56
FOODS_3_055,CA_2,11609,2.98
FOODS_3_049,CA_2,11609,4.74
FOODS_3_053,CA_2,11609,3.98
FOODS_3_056,CA_2,11609,1.74
FOODS_3_062,CA_2,11609,2.94
FOODS_3_057,CA_2,11609,2.98
FOODS_3_060,CA_2,11609,2.98
FOODS_3_068,CA_2,11609,1.98
FOODS_3_077,CA_2,11609,2.88
FOODS_3_093,CA_2,11609,1.98
FOODS_3_104,CA_2,11609,2.98
FOODS_3_128,CA_2,11609,2.5
FOODS_3_122,CA_2,11609,2.5
FOODS_3_143,CA_2,11609,2.56
FOODS_3_153,CA_2,11609,1.74
FOODS_3_176,CA_2,11609,1.64
FOODS_3_180,CA_2,11609,2.98
FOODS_3_179,CA_2,11609,4.98
FOODS_3_183,CA_2,11609,3.0
FOODS_3_185,CA_2,11609,2.48
FOODS_3_191,CA_2,11609,1.0
FOODS_3_195,CA_2,11609,2.68
FOODS_3_203,CA_2,11609,4.98
FOODS_3_205,CA_2,11609,1.28
FOODS_3_221,CA_2,11609,4.98
FOODS_3_228,CA_2,11609,1.68
FOODS_3_231,CA_2,11609,5.44
FOODS_3_234,CA_2,11609,0.25
FOODS_3_241,CA_2,11609,2.98
FOODS_3_237,CA_2,11609,1.0
FOODS_3_240,CA_2,11609,1.0
FOODS_3_245,CA_2,11609,2.48
FOODS_3_255,CA_2,11609,3.98
FOODS_3_283,CA_2,11609,2.98
FOODS_3_282,CA_2,11609,2.56
FOODS_3_284,CA_2,11609,1.98
FOODS_3_291,CA_2,11609,2.78
FOODS_3_292,CA_2,11609,3.56
FOODS_3_295,CA_2,11609,0.8
FOODS_3_307,CA_2,11609,3.98
FOODS_3_325,CA_2,11609,2.56
FOODS_3_330,CA_2,11609,3.98
FOODS_3_336,CA_2,11609,2.48
FOODS_3_338,CA_2,11609,3.68
FOODS_3_345,CA_2,11609,2.48
FOODS_3_347,CA_2,11609,1.98
FOODS_3_340,CA_2,11609,3.32
FOODS_3_343,CA_2,11609,3.82
FOODS_3_365,CA_2,11609,5.24
FOODS_3_364,CA_2,11609,2.78
FOODS_3_371,CA_2,11609,2.5
FOODS_3_392,CA_2,11609,3.98
FOODS_3_412,CA_2,11609,0.25
FOODS_3_415,CA_2,11609,2.56
FOODS_3_414,CA_2,11609,5.18
FOODS_3_421,CA_2,11609,2.48
FOODS_3_419,CA_2,11609,2.88
FOODS_3_433,CA_2,11609,1.0
FOODS_3_427,CA_2,11609,2.48
FOODS_3_434,CA_2,11609,2.88
FOODS_3_438,CA_2,11609,1.0
FOODS_3_439,CA_2,11609,2.98
FOODS_3_448,CA_2,11609,3.0
FOODS_3_445,CA_2,11609,2.48
FOODS_3_461,CA_2,11609,1.68
FOODS_3_469,CA_2,11609,6.24
FOODS_3_491,CA_2,11609,1.6
FOODS_3_493,CA_2,11609,6.98
FOODS_3_488,CA_2,11609,4.98
FOODS_3_504,CA_2,11609,1.48
FOODS_3_503,CA_2,11609,2.48
FOODS_3_508,CA_2,11609,1.0
FOODS_3_513,CA_2,11609,4.48
FOODS_3_511,CA_2,11609,6.98
FOODS_3_514,CA_2,11609,4.98
FOODS_3_540,CA_2,11609,2.98
FOODS_3_544,CA_2,11609,2.98
FOODS_3_551,CA_2,11609,4.74
FOODS_3_552,CA_2,11609,1.98
FOODS_3_562,CA_2,11609,4.98
FOODS_3_578,CA_2,11609,3.0
FOODS_3_584,CA_2,11609,1.0
FOODS_3_591,CA_2,11609,3.68
FOODS_3_592,CA_2,11609,6.98
FOODS_3_605,CA_2,11609,2.68
FOODS_3_615,CA_2,11609,4.68
FOODS_3_613,CA_2,11609,2.88
FOODS_3_636,CA_2,11609,3.56
FOODS_3_641,CA_2,11609,2.24
FOODS_3_654,CA_2,11609,1.68
FOODS_3_661,CA_2,11609,3.28
FOODS_3_700,CA_2,11609,2.68
FOODS_3_702,CA_2,11609,3.0
FOODS_3_704,CA_2,11609,4.68
FOODS_3_701,CA_2,11609,1.98
FOODS_3_703,CA_2,11609,1.98
FOODS_3_711,CA_2,11609,0.25
FOODS_3_712,CA_2,11609,4.22
FOODS_3_746,CA_2,11609,1.98
FOODS_3_747,CA_2,11609,1.0
FOODS_3_758,CA_2,11609,2.5
FOODS_3_761,CA_2,11609,2.0
FOODS_3_765,CA_2,11609,3.0
FOODS_3_766,CA_2,11609,2.98
FOODS_3_781,CA_2,11609,2.48
FOODS_3_783,CA_2,11609,5.44
FOODS_3_785,CA_2,11609,2.5
FOODS_3_786,CA_2,11609,1.98
FOODS_3_796,CA_2,11609,2.98
FOODS_3_809,CA_2,11609,1.0
FOODS_3_814,CA_2,11609,1.88
FOODS_3_826,CA_2,11609,1.28
HOBBIES_1_006,CA_3,11609,0.96
HOBBIES_1_013,CA_3,11609,1.97
FOODS_1_075,CA_4,11609,3.54
FOODS_1_087,CA_4,11609,5.64
FOODS_1_090,CA_4,11609,3.54
FOODS_1_121,CA_4,11609,1.5
FOODS_1_129,CA_4,11609,5.74
FOODS_1_131,CA_4,11609,2.98
FOODS_1_144,CA_4,11609,6.98
FOODS_1_154,CA_4,11609,1.5
FOODS_1_166,CA_4,11609,2.24
FOODS_1_172,CA_4,11609,1.98
FOODS_1_174,CA_4,11609,5.28
FOODS_1_180,CA_4,11609,9.97
FOODS_1_198,CA_4,11609,2.68
FOODS_1_199,CA_4,11609,5.64
FOODS_1_217,CA_4,11609,3.54
FOODS_2_017,CA_4,11609,3.76
FOODS_2_025,CA_4,11609,3.94
FOODS_2_029,CA_4,11609,9.98
FOODS_2_055,CA_4,11609,2.5
FOODS_2_050,CA_4,11609,1.0
FOODS_2_060,CA_4,11609,7.98
FOODS_2_066,CA_4,11609,5.98
FOODS_2_073,CA_4,11609,5.98
FOODS_2_078,CA_4,11609,9.97
FOODS_2_096,CA_4,11609,7.98
FOODS_2_112,CA_4,11609,3.42
FOODS_2_108,CA_4,11609,3.44
FOODS_2_121,CA_4,11609,1.78
FOODS_2_132,CA_4,11609,2.5
FOODS_2_131,CA_4,11609,5.98
FOODS_2_138,CA_4,11609,1.84
FOODS_2_139,CA_4,11609,2.98
FOODS_2_141,CA_4,11609,6.98
FOODS_2_140,CA_4,11609,9.98
FOODS_2_152,CA_4,11609,2.42
FOODS_2_147,CA_4,11609,3.76
FOODS_2_155,CA_4,11609,2.5
FOODS_2_173,CA_4,11609,8.98
FOODS_2_186,CA_4,11609,4.98
FOODS_2_202,CA_4,11609,2.98
FOODS_2_218,CA_4,11609,3.94
FOODS_2_225,CA_4,11609,2.5
FOODS_2_231,CA_4,11609,2.5
FOODS_2_232,CA_4,11609,2.56
FOODS_2_241,CA_4,11609,2.38
FOODS_2_248,CA_4,11609,5.98
FOODS_2_264,CA_4,11609,3.97
FOODS_2_265,CA_4,11609,3.76
FOODS_2_269,CA_4,11609,2.5
FOODS_2_266,CA_4,11609,8.92
FOODS_2_310,CA_4,11609,3.78
FOODS_2_313,CA_4,11609,9.88
FOODS_2_319,CA_4,11609,2.98
FOODS_2_331,CA_4,11609,2.5
FOODS_2_343,CA_4,11609,3.97
FOODS_2_353,CA_4,11609,2.98
FOODS_2_345,CA_4,11609,7.98
FOODS_2_365,CA_4,11609,10.97
FOODS_2_377,CA_4,11609,2.5
FOODS_2_389,CA_4,11609,13.97
FOODS_2_386,CA_4,11609,2.5
FOODS_3_003,CA_4,11609,3.64
FOODS_3_022,CA_4,11609,1.98
FOODS_3_037,CA_4,11609,2.56
FOODS_3_063,CA_4,11609,2.48
FOODS_3_067,CA_4,11609,3.98
FOODS_3_076,CA_4,11609,1.0
FOODS_3_073,CA_4,11609,2.98
FOODS_3_084,CA_4,11609,1.98
FOODS_3_094,CA_4,11609,2.98
FOODS_3_099,CA_4,11609,2.56
FOODS_3_107,CA_4,11609,2.48
FOODS_3_108,CA_4,11609,1.0
FOODS_3_110,CA_4,11609,11.98
FOODS_3_123,CA_4,11609,2.68
FOODS_3_132,CA_4,11609,2.68
FOODS_3_147,CA_4,11609,2.98
FOODS_3_178,CA_4,11609,2.18
FOODS_3_187,CA_4,11609,2.5
FOODS_3_190,CA_4,11609,1.0
FOODS_3_199,CA_4,11609,2.56
FOODS_3_209,CA_4,11609,3.98
FOODS_3_223,CA_4,11609,1.98
FOODS_3_226,CA_4,11609,1.68
FOODS_3_227,CA_4,11609,2.68
FOODS_3_229,CA_4,11609,3.78
FOODS_3_243,CA_4,11609,1.58
FOODS_3_250,CA_4,11609,3.98
FOODS_3_256,CA_4,11609,2.58
FOODS_3_254,CA_4,11609,1.74
FOODS_3_263,CA_4,11609,2.5
FOODS_3_266,CA_4,11609,3.48
FOODS_3_260,CA_4,11609,1.97
FOODS_3_294,CA_4,11609,2.48
FOODS_3_300,CA_4,11609,3.98
FOODS_3_296,CA_4,11609,2.0
FOODS_3_310,CA_4,11609,1.0
FOODS_3_314,CA_4,11609,2.68
FOODS_3_318,CA_4,11609,1.48
FOODS_3_333,CA_4,11609,1.98
FOODS_3_337,CA_4,11609,3.98
FOODS_3_342,CA_4,11609,1.25
FOODS_3_356,CA_4,11609,3.0
FOODS_3_357,CA_4,11609,3.64
FOODS_3_361,CA_4,11609,1.98
FOODS_3_366,CA_4,11609,1.74
FOODS_3_373,CA_4,11609,1.74
FOODS_3_372,CA_4,11609,3.28
FOODS_3_385,CA_4,11609,2.98
FOODS_3_378,CA_4,11609,4.68
FOODS_3_382,CA_4,11609,1.98
FOODS_3_389,CA_4,11609,1.68
FOODS_3_395,CA_4,11609,3.98
FOODS_3_397,CA_4,11609,1.98
FOODS_3_396,CA_4,11609,11.48
FOODS_3_407,CA_4,11609,2.98
FOODS_3_410,CA_4,11609,2.68
FOODS_3_420,CA_4,11609,8.48
FOODS_3_431,CA_4,11609,1.0
FOODS_3_425,CA_4,11609,2.48
FOODS_3_430,CA_4,11609,5.98
FOODS_3_441,CA_4,11609,6.98
FOODS_3_444,CA_4,11609,6.98
FOODS_3_458,CA_4,11609,1.98
FOODS_3_457,CA_4,11609,2.5
FOODS_3_467,CA_4,11609,1.98
FOODS_3_486,CA_4,11609,2.88
FOODS_3_499,CA_4,11609,2.56
FOODS_3_522,CA_4,11609,2.48
FOODS_3_519,CA_4,11609,1.0
FOODS_3_521,CA_4,11609,2.54
FOODS_3_517,CA_4,11609,2.94
FOODS_3_531,CA_4,11609,2.48
FOODS_3_541,CA_4,11609,1.0
FOODS_3_563,CA_4,11609,3.78
FOODS_3_589,CA_4,11609,1.28
FOODS_3_607,CA_4,11609,2.48
FOODS_3_595,CA_4,11609,1.98
FOODS_3_601,CA_4,11609,1.98
FOODS_3_603,CA_4,11609,1.0
FOODS_3_609,CA_4,11609,2.98
FOODS_3_620,CA_4,11609,6.98
FOODS_3_625,CA_4,11609,3.0
FOODS_3_631,CA_4,11609,3.78
FOODS_3_629,CA_4,11609,4.98
FOODS_3_648,CA_4,11609,1.0
FOODS_3_659,CA_4,11609,2.98
FOODS_3_658,CA_4,11609,2.84
FOODS_3_671,CA_4,11609,2.28
FOODS_3_665,CA_4,11609,2.98
FOODS_3_677,CA_4,11609,3.98
FOODS_3_682,CA_4,11609,3.56
FOODS_3_689,CA_4,11609,2.98
FOODS_3_691,CA_4,11609,7.48
FOODS_3_708,CA_4,11609,2.78
FOODS_3_730,CA_4,11609,4.98
HOUSEHOLD_2_233,WI_1,11609,12.47
HOUSEHOLD_2_229,WI_1,11609,4.78
HOUSEHOLD_2_235,WI_1,11609,7.47
HOUSEHOLD_2_248,WI_1,11609,8.97
HOUSEHOLD_2_259,WI_1,11609,7.97
HOUSEHOLD_2_261,WI_1,11609,6.96
HOUSEHOLD_2_266,WI_1,11609,2.97
HOUSEHOLD_2_263,WI_1,11609,5.47
HOUSEHOLD_2_275,WI_1,11609,5.27
HOUSEHOLD_2_273,WI_1,11609,5.24
HOUSEHOLD_2_288,WI_1,11609,3.97
HOUSEHOLD_2_293,WI_1,11609,7.47
HOUSEHOLD_2_296,WI_1,11609,4.78
HOUSEHOLD_2_308,WI_1,11609,3.94
HOUSEHOLD_2_309,WI_1,11609,2.46
HOUSEHOLD_2_303,WI_1,11609,6.94
HOUSEHOLD_2_347,WI_1,11609,8.94
HOUSEHOLD_2_350,WI_1,11609,2.94
HOUSEHOLD_2_354,WI_1,11609,0.97
HOUSEHOLD_2_353,WI_1,11609,4.78
HOUSEHOLD_2_358,WI_1,11609,4.97
HOUSEHOLD_2_359,WI_1,11609,9.94
HOUSEHOLD_2_380,WI_1,11609,5.27
HOUSEHOLD_2_384,WI_1,11609,5.84
HOUSEHOLD_2_388,WI_1,11609,6.94
HOUSEHOLD_2_381,WI_1,11609,5.94
HOUSEHOLD_2_393,WI_1,11609,5.88
HOUSEHOLD_2_409,WI_1,11609,3.93
HOUSEHOLD_2_416,WI_1,11609,3.24
HOUSEHOLD_2_433,WI_1,11609,6.27
HOUSEHOLD_2_446,WI_1,11609,25.97
HOUSEHOLD_2_448,WI_1,11609,4.97
HOUSEHOLD_2_452,WI_1,11609,5.94
HOUSEHOLD_2_472,WI_1,11609,8.48
HOUSEHOLD_2_469,WI_1,11609,2.97
HOUSEHOLD_2_477,WI_1,11609,5.92
FOODS_1_001,WI_1,11609,2.24
HOUSEHOLD_2_510,WI_1,11609,3.93
FOODS_1_010,WI_1,11609,6.77
FOODS_1_044,WI_1,11609,2.48
FOODS_1_037,WI_1,11609,3.48
FOODS_1_045,WI_1,11609,1.78
FOODS_1_052,WI_1,11609,0.98
FOODS_1_064,WI_1,11609,2.68
FOODS_1_065,WI_1,11609,3.54
FOODS_1_075,WI_1,11609,3.54
FOODS_1_090,WI_1,11609,3.54
FOODS_1_087,WI_1,11609,7.27
FOODS_1_121,WI_1,11609,1.5
FOODS_1_129,WI_1,11609,7.23
FOODS_1_131,WI_1,11609,2.98
FOODS_1_144,WI_1,11609,6.98
FOODS_1_154,WI_1,11609,1.5
FOODS_1_166,WI_1,11609,2.24
FOODS_1_172,WI_1,11609,1.98
FOODS_1_174,WI_1,11609,5.28
FOODS_1_180,WI_1,11609,9.97
FOODS_1_198,WI_1,11609,2.68
FOODS_1_199,WI_1,11609,7.27
FOODS_1_217,WI_1,11609,3.54
FOODS_2_017,WI_1,11609,3.76
FOODS_2_025,WI_1,11609,3.94
FOODS_2_029,WI_1,11609,9.98
FOODS_2_050,WI_1,11609,1.0
FOODS_2_055,WI_1,11609,2.5
FOODS_2_060,WI_1,11609,7.98
FOODS_2_066,WI_1,11609,5.98
FOODS_2_073,WI_1,11609,5.98
FOODS_2_078,WI_1,11609,9.97
FOODS_2_096,WI_1,11609,7.98
FOODS_2_108,WI_1,11609,3.44
FOODS_2_121,WI_1,11609,1.58
FOODS_2_112,WI_1,11609,3.42
FOODS_2_132,WI_1,11609,2.5
FOODS_2_131,WI_1,11609,5.98
FOODS_2_138,WI_1,11609,1.84
FOODS_2_141,WI_1,11609,6.98
FOODS_2_140,WI_1,11609,9.98
FOODS_2_139,WI_1,11609,2.98
FOODS_2_152,WI_1,11609,2.42
FOODS_2_155,WI_1,11609,2.5
FOODS_2_147,WI_1,11609,3.76
FOODS_2_173,WI_1,11609,8.98
FOODS_2_186,WI_1,11609,4.98
FOODS_2_202,WI_1,11609,2.98
FOODS_2_225,WI_1,11609,2.5
FOODS_2_218,WI_1,11609,3.94
FOODS_2_232,WI_1,11609,2.56
FOODS_2_231,WI_1,11609,2.5
FOODS_2_241,WI_1,11609,2.38
FOODS_2_248,WI_1,11609,5.98
FOODS_2_264,WI_1,11609,3.97
FOODS_2_266,WI_1,11609,8.92
FOODS_2_265,WI_1,11609,3.76
FOODS_2_269,WI_1,11609,2.5
FOODS_2_313,WI_1,11609,9.88
FOODS_2_310,WI_1,11609,3.78
FOODS_2_319,WI_1,11609,2.98
FOODS_2_331,WI_1,11609,2.5
FOODS_2_343,WI_1,11609,3.97
FOODS_2_345,WI_1,11609,7.98
FOODS_2_353,WI_1,11609,2.98
FOODS_2_365,WI_1,11609,10.97
FOODS_2_377,WI_1,11609,2.5
FOODS_2_386,WI_1,11609,2.5
FOODS_2_389,WI_1,11609,13.97
FOODS_3_003,WI_1,11609,3.64
FOODS_3_022,WI_1,11609,1.98
FOODS_3_037,WI_1,11609,2.56
FOODS_3_067,WI_1,11609,3.98
FOODS_3_063,WI_1,11609,2.48
FOODS_3_076,WI_1,11609,1.0
FOODS_3_073,WI_1,11609,2.98
FOODS_3_084,WI_1,11609,1.98
FOODS_3_099,WI_1,11609,2.56
FOODS_3_094,WI_1,11609,2.98
FOODS_3_107,WI_1,11609,2.48
FOODS_3_108,WI_1,11609,1.0
FOODS_3_110,WI_1,11609,11.98
FOODS_3_123,WI_1,11609,2.48
FOODS_3_132,WI_1,11609,2.68
FOODS_3_147,WI_1,11609,2.98
FOODS_3_178,WI_1,11609,1.98
FOODS_3_187,WI_1,11609,2.5
FOODS_3_190,WI_1,11609,1.0
FOODS_3_199,WI_1,11609,2.56
FOODS_3_209,WI_1,11609,3.98
FOODS_3_226,WI_1,11609,1.68
FOODS_3_223,WI_1,11609,1.98
FOODS_3_227,WI_1,11609,2.68
FOODS_3_229,WI_1,11609,3.78
FOODS_3_243,WI_1,11609,1.58
FOODS_3_250,WI_1,11609,3.98
FOODS_3_256,WI_1,11609,2.58
FOODS_3_263,WI_1,11609,2.5
FOODS_3_260,WI_1,11609,1.97
FOODS_3_254,WI_1,11609,1.74
FOODS_3_266,WI_1,11609,3.48
FOODS_3_294,WI_1,11609,2.48
FOODS_3_300,WI_1,11609,3.98
FOODS_3_296,WI_1,11609,2.0
FOODS_3_310,WI_1,11609,1.0
FOODS_3_318,WI_1,11609,1.48
FOODS_3_314,WI_1,11609,2.48
FOODS_3_333,WI_1,11609,1.98
FOODS_3_337,WI_1,11609,3.98
FOODS_3_342,WI_1,11609,1.25
FOODS_3_356,WI_1,11609,3.0
FOODS_3_357,WI_1,11609,3.64
FOODS_3_361,WI_1,11609,1.98
FOODS_3_366,WI_1,11609,1.74
FOODS_3_373,WI_1,11609,1.74
FOODS_3_378,WI_1,11609,4.68
FOODS_3_372,WI_1,11609,3.28
FOODS_3_385,WI_1,11609,2.98
FOODS_3_382,WI_1,11609,1.78
FOODS_3_395,WI_1,11609,3.98
FOODS_3_397,WI_1,11609,1.98
FOODS_3_389,WI_1,11609,1.68
FOODS_3_396,WI_1,11609,11.48
HOUSEHOLD_2_227,WI_3,11609,3.96
HOUSEHOLD_2_237,WI_3,11609,5.94
HOUSEHOLD_2_270,WI_3,11609,5.84
HOUSEHOLD_2_276,WI_3,11609,5.47
HOUSEHOLD_2_297,WI_3,11609,6.54
HOUSEHOLD_2_299,WI_3,11609,1.23
HOUSEHOLD_2_327,WI_3,11609,2.98
HOUSEHOLD_2_330,WI_3,11609,3.72
HOUSEHOLD_2_334,WI_3,11609,2.98
HOUSEHOLD_2_336,WI_3,11609,8.97
HOUSEHOLD_2_345,WI_3,11609,5.84
HOUSEHOLD_2_342,WI_3,11609,0.97
HOUSEHOLD_2_346,WI_3,11609,3.33
HOUSEHOLD_2_351,WI_3,11609,5.94
HOUSEHOLD_2_356,WI_3,11609,9.88
HOUSEHOLD_2_362,WI_3,11609,3.94
HOUSEHOLD_2_360,WI_3,11609,7.97
HOUSEHOLD_2_372,WI_3,11609,8.44
HOUSEHOLD_2_386,WI_3,11609,3.97
HOUSEHOLD_2_404,WI_3,11609,2.97
HOUSEHOLD_2_396,WI_3,11609,8.44
HOUSEHOLD_2_422,WI_3,11609,4.97
HOUSEHOLD_2_427,WI_3,11609,3.48
HOUSEHOLD_2_429,WI_3,11609,5.94
HOUSEHOLD_2_426,WI_3,11609,4.37
HOUSEHOLD_2_436,WI_3,11609,1.97
HOUSEHOLD_2_444,WI_3,11609,6.47
HOUSEHOLD_2_445,WI_3,11609,5.97
HOUSEHOLD_2_464,WI_3,11609,2.88
HOUSEHOLD_2_480,WI_3,11609,5.24
HOUSEHOLD_2_481,WI_3,11609,7.97
HOUSEHOLD_2_496,WI_3,11609,1.48
HOUSEHOLD_2_501,WI_3,11609,7.97
HOUSEHOLD_2_498,WI_3,11609,2.96
HOUSEHOLD_2_514,WI_3,11609,19.54
HOUSEHOLD_2_516,WI_3,11609,5.94
FOODS_1_008,WI_3,11609,3.54
FOODS_1_015,WI_3,11609,3.48
FOODS_1_014,WI_3,11609,0.98
FOODS_1_034,WI_3,11609,6.72
FOODS_1_050,WI_3,11609,5.98
FOODS_1_051,WI_3,11609,3.87
FOODS_1_059,WI_3,11609,6.32
FOODS_1_070,WI_3,11609,0.98
FOODS_1_078,WI_3,11609,3.48
FOODS_1_085,WI_3,11609,0.98
FOODS_1_101,WI_3,11609,2.0
FOODS_1_108,WI_3,11609,2.5
FOODS_1_116,WI_3,11609,2.68
FOODS_1_115,WI_3,11609,2.98
FOODS_1_141,WI_3,11609,3.54
FOODS_1_149,WI_3,11609,0.98
FOODS_1_153,WI_3,11609,1.98
FOODS_1_162,WI_3,11609,1.96
FOODS_1_160,WI_3,11609,2.24
FOODS_1_168,WI_3,11609,2.24
FOODS_1_179,WI_3,11609,3.58
FOODS_1_185,WI_3,11609,1.98
FOODS_1_197,WI_3,11609,5.28
FOODS_1_206,WI_3,11609,2.23
FOODS_1_209,WI_3,11609,2.24
FOODS_1_212,WI_3,11609,5.98
FOODS_1_219,WI_3,11609,2.24
FOODS_2_030,WI_3,11609,4.48
FOODS_2_023,WI_3,11609,1.28
FOODS_2_037,WI_3,11609,7.98
FOODS_2_033,WI_3,11609,2.38
FOODS_2_041,WI_3,11609,3.97
FOODS_2_043,WI_3,11609,2.5
FOODS_2_045,WI_3,11609,6.98
FOODS_2_040,WI_3,11609,2.5
FOODS_2_051,WI_3,11609,2.5
FOODS_2_048,WI_3,11609,7.98
FOODS_2_058,WI_3,11609,4.97
FOODS_2_059,WI_3,11609,5.98
FOODS_2_079,WI_3,11609,3.94
FOODS_2_099,WI_3,11609,2.0
FOODS_2_095,WI_3,11609,4.42
FOODS_2_091,WI_3,11609,2.5
FOODS_2_097,WI_3,11609,6.98
FOODS_2_103,WI_3,11609,6.98
FOODS_2_124,WI_3,11609,2.98
FOODS_2_123,WI_3,11609,2.97
FOODS_2_125,WI_3,11609,2.67
FOODS_2_134,WI_3,11609,2.98
FOODS_2_136,WI_3,11609,3.37
FOODS_2_143,WI_3,11609,4.33
FOODS_2_146,WI_3,11609,2.0
FOODS_2_148,WI_3,11609,2.5
FOODS_2_151,WI_3,11609,1.87
FOODS_2_165,WI_3,11609,3.78
FOODS_2_167,WI_3,11609,2.5
FOODS_2_168,WI_3,11609,3.98
FOODS_2_194,WI_3,11609,6.72
FOODS_2_185,WI_3,11609,2.0
FOODS_2_198,WI_3,11609,8.98
FOODS_2_204,WI_3,11609,1.0
FOODS_2_206,WI_3,11609,9.98
FOODS_2_209,WI_3,11609,5.97
FOODS_2_212,WI_3,11609,4.88
FOODS_2_213,WI_3,11609,3.78
FOODS_2_224,WI_3,11609,5.98
FOODS_2_242,WI_3,11609,2.5
FOODS_2_238,WI_3,11609,1.58
FOODS_2_239,WI_3,11609,13.98
FOODS_2_254,WI_3,11609,5.92
FOODS_2_252,WI_3,11609,3.78
FOODS_2_271,WI_3,11609,10.98
FOODS_2_275,WI_3,11609,2.48
FOODS_2_276,WI_3,11609,3.42
FOODS_2_278,WI_3,11609,2.5
FOODS_2_306,WI_3,11609,3.98
FOODS_2_314,WI_3,11609,4.97
FOODS_2_316,WI_3,11609,9.98
FOODS_2_312,WI_3,11609,4.98
FOODS_2_324,WI_3,11609,2.5
FOODS_2_334,WI_3,11609,9.98
FOODS_2_340,WI_3,11609,2.98
FOODS_2_341,WI_3,11609,2.5
FOODS_2_344,WI_3,11609,2.5
FOODS_2_357,WI_3,11609,1.78
FOODS_2_360,WI_3,11609,0.94
FOODS_2_374,WI_3,11609,2.0
FOODS_2_375,WI_3,11609,4.98
FOODS_2_373,WI_3,11609,5.98
FOODS_2_372,WI_3,11609,8.98
FOODS_2_382,WI_3,11609,3.88
FOODS_3_007,WI_3,11609,0.25
FOODS_3_004,WI_3,11609,5.98
FOODS_3_008,WI_3,11609,0.74
FOODS_3_027,WI_3,11609,2.0
FOODS_3_041,WI_3,11609,2.98
FOODS_3_040,WI_3,11609,2.56
FOODS_3_056,WI_3,11609,1.74
FOODS_3_057,WI_3,11609,2.98
FOODS_3_055,WI_3,11609,2.98
FOODS_3_049,WI_3,11609,4.74
FOODS_3_053,WI_3,11609,3.98
FOODS_3_062,WI_3,11609,2.94
FOODS_3_060,WI_3,11609,2.98
FOODS_3_068,WI_3,11609,1.98
FOODS_3_077,WI_3,11609,2.88
FOODS_3_093,WI_3,11609,1.88
FOODS_3_104,WI_3,11609,2.98
FOODS_3_128,WI_3,11609,2.98
FOODS_3_122,WI_3,11609,2.5
FOODS_3_143,WI_3,11609,2.56
FOODS_3_153,WI_3,11609,1.74
FOODS_3_176,WI_3,11609,1.64
FOODS_3_183,WI_3,11609,3.0
FOODS_3_179,WI_3,11609,4.98
FOODS_3_185,WI_3,11609,2.48
FOODS_3_180,WI_3,11609,2.98
FOODS_3_191,WI_3,11609,1.0
FOODS_3_195,WI_3,11609,2.68
FOODS_3_203,WI_3,11609,4.98
FOODS_3_205,WI_3,11609,1.28
FOODS_3_221,WI_3,11609,4.98
FOODS_3_228,WI_3,11609,1.68
FOODS_3_231,WI_3,11609,5.44
FOODS_3_234,WI_3,11609,0.25
FOODS_3_237,WI_3,11609,1.0
FOODS_3_241,WI_3,11609,2.98
FOODS_3_245,WI_3,11609,2.48
FOODS_3_240,WI_3,11609,1.0
FOODS_3_255,WI_3,11609,3.98
FOODS_3_283,WI_3,11609,2.98
FOODS_3_282,WI_3,11609,2.56
FOODS_3_284,WI_3,11609,1.98
FOODS_3_084,CA_1,11609,1.98
FOODS_3_076,CA_1,11609,1.0
FOODS_3_099,CA_1,11609,2.56
FOODS_3_094,CA_1,11609,2.98
FOODS_3_107,CA_1,11609,2.48
FOODS_3_108,CA_1,11609,1.0
FOODS_3_110,CA_1,11609,11.98
FOODS_3_123,CA_1,11609,2.48
FOODS_3_132,CA_1,11609,2.68
FOODS_3_147,CA_1,11609,2.98
FOODS_3_178,CA_1,11609,2.18
FOODS_3_187,CA_1,11609,2.5
FOODS_3_190,CA_1,11609,1.0
FOODS_3_199,CA_1,11609,2.56
FOODS_3_209,CA_1,11609,3.98
FOODS_3_226,CA_1,11609,1.68
FOODS_3_227,CA_1,11609,2.68
FOODS_3_223,CA_1,11609,1.98
FOODS_3_229,CA_1,11609,3.78
FOODS_3_243,CA_1,11609,1.58
FOODS_3_250,CA_1,11609,3.98
FOODS_3_256,CA_1,11609,2.58
FOODS_3_263,CA_1,11609,2.5
FOODS_3_260,CA_1,11609,1.97
FOODS_3_254,CA_1,11609,1.74
FOODS_3_266,CA_1,11609,3.48
FOODS_3_294,CA_1,11609,2.48
FOODS_3_296,CA_1,11609,2.0
FOODS_3_300,CA_1,11609,3.98
FOODS_3_314,CA_1,11609,2.48
FOODS_3_310,CA_1,11609,1.0
FOODS_3_318,CA_1,11609,1.48
FOODS_3_342,CA_1,11609,1.25
FOODS_3_333,CA_1,11609,1.98
FOODS_3_337,CA_1,11609,3.98
FOODS_3_356,CA_1,11609,3.0
FOODS_3_357,CA_1,11609,3.64
FOODS_3_361,CA_1,11609,1.98
FOODS_3_366,CA_1,11609,1.74
FOODS_3_373,CA_1,11609,1.74
FOODS_3_378,CA_1,11609,4.68
FOODS_3_372,CA_1,11609,3.28
FOODS_3_385,CA_1,11609,2.98
FOODS_3_382,CA_1,11609,1.98
FOODS_3_389,CA_1,11609,1.68
FOODS_3_395,CA_1,11609,3.98
FOODS_3_396,CA_1,11609,11.48
FOODS_3_397,CA_1,11609,1.98
FOODS_3_407,CA_1,11609,2.98
FOODS_3_410,CA_1,11609,2.68
FOODS_3_420,CA_1,11609,8.48
FOODS_3_431,CA_1,11609,1.0
FOODS_3_425,CA_1,11609,2.48
FOODS_3_430,CA_1,11609,5.98
FOODS_3_441,CA_1,11609,6.98
FOODS_3_444,CA_1,11609,6.98
FOODS_3_458,CA_1,11609,1.98
FOODS_3_457,CA_1,11609,2.5
FOODS_3_467,CA_1,11609,1.98
FOODS_3_486,CA_1,11609,2.88
FOODS_3_499,CA_1,11609,2.56
FOODS_3_519,CA_1,11609,1.0
FOODS_3_521,CA_1,11609,2.54
FOODS_3_517,CA_1,11609,2.94
FOODS_3_522,CA_1,11609,2.68
FOODS_3_531,CA_1,11609,2.48
FOODS_3_541,CA_1,11609,1.0
FOODS_3_563,CA_1,11609,3.78
FOODS_3_589,CA_1,11609,1.28
FOODS_3_601,CA_1,11609,1.98
FOODS_3_603,CA_1,11609,1.0
FOODS_3_595,CA_1,11609,1.98
FOODS_3_607,CA_1,11609,2.48
FOODS_3_609,CA_1,11609,2.98
FOODS_3_620,CA_1,11609,6.98
FOODS_3_629,CA_1,11609,4.98
FOODS_3_631,CA_1,11609,3.78
FOODS_3_625,CA_1,11609,3.0
FOODS_3_648,CA_1,11609,1.0
FOODS_3_659,CA_1,11609,2.98
FOODS_3_658,CA_1,11609,2.84
FOODS_3_665,CA_1,11609,2.98
FOODS_3_671,CA_1,11609,2.28
FOODS_3_677,CA_1,11609,3.98
FOODS_3_682,CA_1,11609,3.56
FOODS_3_689,CA_1,11609,2.98
FOODS_3_691,CA_1,11609,7.48
FOODS_3_708,CA_1,11609,2.78
FOODS_3_730,CA_1,11609,4.98
FOODS_3_748,CA_1,11609,3.98
FOODS_3_756,CA_1,11609,2.5
FOODS_3_770,CA_1,11609,3.98
FOODS_3_774,CA_1,11609,7.48
FOODS_3_795,CA_1,11609,2.98
FOODS_3_804,CA_1,11609,1.88
FOODS_3_802,CA_1,11609,1.68
FOODS_3_803,CA_1,11609,1.0
FOODS_3_819,CA_1,11609,1.98
HOBBIES_1_002,CA_2,11609,3.97
HOBBIES_1_012,CA_2,11609,6.52
HOBBIES_1_016,CA_2,11609,0.7
HOBBIES_1_024,CA_2,11609,8.56
HOBBIES_1_035,CA_2,11609,2.12
HOBBIES_1_040,CA_2,11609,12.97
HOBBIES_1_044,CA_2,11609,1.48
HOBBIES_1_045,CA_2,11609,10.58
HOBBIES_1_046,CA_2,11609,18.72
HOBBIES_1_069,CA_2,11609,13.23
HOBBIES_1_070,CA_2,11609,5.88
HOBBIES_1_098,CA_2,11609,13.98
HOBBIES_1_118,CA_2,11609,11.12
HOBBIES_1_120,CA_2,11609,10.98
HOBBIES_1_132,CA_2,11609,3.98
HOBBIES_1_135,CA_2,11609,20.38
HOBBIES_1_143,CA_2,11609,8.77
HOBBIES_1_195,CA_2,11609,11.28
HOBBIES_1_202,CA_2,11609,1.77
HOBBIES_1_200,CA_2,11609,7.88
HOBBIES_1_203,CA_2,11609,12.98
HOBBIES_1_228,CA_2,11609,6.87
HOBBIES_1_229,CA_2,11609,6.47
HOBBIES_1_242,CA_2,11609,2.78
HOBBIES_1_256,CA_2,11609,0.48
HOBBIES_1_263,CA_2,11609,4.97
HOBBIES_1_259,CA_2,11609,0.97
HOBBIES_1_272,CA_2,11609,8.44
HOBBIES_1_265,CA_2,11609,3.97
HOBBIES_1_270,CA_2,11609,4.88
HOBBIES_1_278,CA_2,11609,0.57
HOBBIES_1_281,CA_2,11609,4.24
HOBBIES_1_286,CA_2,11609,0.7
HOBBIES_1_287,CA_2,11609,5.76
HOBBIES_1_297,CA_2,11609,14.72
HOBBIES_1_292,CA_2,11609,6.58
HOBBIES_1_310,CA_2,11609,5.72
HOBBIES_1_320,CA_2,11609,4.48
HOBBIES_1_330,CA_2,11609,7.88
HOBBIES_1_329,CA_2,11609,3.97
HOBBIES_1_368,CA_2,11609,4.22
HOBBIES_1_361,CA_2,11609,29.96
HOBBIES_1_372,CA_2,11609,6.68
HOBBIES_1_374,CA_2,11609,17.48
HOBBIES_1_383,CA_2,11609,2.98
HOBBIES_1_395,CA_2,11609,7.48
HOBBIES_1_392,CA_2,11609,12.98
HOBBIES_1_405,CA_2,11609,12.68
HOBBIES_1_407,CA_2,11609,2.88
HOBBIES_1_408,CA_2,11609,0.6
HOBBIES_1_413,CA_2,11609,4.86
HOBBIES_1_414,CA_2,11609,7.22
HOBBIES_2_004,CA_2,11609,2.47
HOBBIES_2_003,CA_2,11609,1.97
HOBBIES_2_011,CA_2,11609,0.97
HOBBIES_2_008,CA_2,11609,3.88
HOBBIES_2_010,CA_2,11609,0.97
HOBBIES_2_022,CA_2,11609,4.97
HOBBIES_2_014,CA_2,11609,0.97
HOBBIES_2_034,CA_2,11609,2.5
HOBBIES_2_030,CA_2,11609,0.97
HOBBIES_2_036,CA_2,11609,0.88
HOBBIES_2_050,CA_2,11609,1.97
HOBBIES_2_051,CA_2,11609,1.97
FOODS_3_746,CA_4,11609,1.98
FOODS_3_747,CA_4,11609,1.0
FOODS_3_758,CA_4,11609,2.5
FOODS_3_765,CA_4,11609,3.0
FOODS_3_766,CA_4,11609,2.98
FOODS_3_761,CA_4,11609,2.0
FOODS_3_781,CA_4,11609,2.48
FOODS_3_783,CA_4,11609,5.44
FOODS_3_785,CA_4,11609,3.0
FOODS_3_786,CA_4,11609,1.98
FOODS_3_796,CA_4,11609,2.98
FOODS_3_809,CA_4,11609,1.0
FOODS_3_814,CA_4,11609,1.88
FOODS_3_826,CA_4,11609,1.28
HOBBIES_1_001,TX_1,11609,8.26
HOBBIES_1_005,TX_1,11609,2.73
HOBBIES_1_020,TX_1,11609,12.68
HOBBIES_1_029,TX_1,11609,8.98
HOBBIES_1_021,TX_1,11609,11.88
HOBBIES_1_037,TX_1,11609,12.77
HOBBIES_1_038,TX_1,11609,3.17
HOBBIES_1_041,TX_1,11609,4.22
HOBBIES_1_042,TX_1,11609,7.83
HOBBIES_1_055,TX_1,11609,8.98
HOBBIES_1_052,TX_1,11609,5.88
HOBBIES_1_056,TX_1,11609,0.94
HOBBIES_1_074,TX_1,11609,3.67
HOBBIES_1_089,TX_1,11609,7.97
HOBBIES_1_111,TX_1,11609,2.64
HOBBIES_1_140,TX_1,11609,1.12
HOBBIES_1_142,TX_1,11609,0.94
HOBBIES_1_154,TX_1,11609,2.5
HOBBIES_1_166,TX_1,11609,9.98
HOBBIES_1_170,TX_1,11609,17.97
HOBBIES_1_179,TX_1,11609,6.87
HOBBIES_1_199,TX_1,11609,3.98
HOBBIES_1_204,TX_1,11609,9.72
HOBBIES_1_217,TX_1,11609,3.47
HOBBIES_1_224,TX_1,11609,3.97
HOBBIES_1_234,TX_1,11609,0.3
HOBBIES_1_244,TX_1,11609,0.48
HOBBIES_1_250,TX_1,11609,4.88
HOBBIES_1_255,TX_1,11609,1.88
HOBBIES_1_282,TX_1,11609,3.98
HOBBIES_1_284,TX_1,11609,4.88
HOBBIES_1_293,TX_1,11609,3.68
HOBBIES_1_303,TX_1,11609,2.97
HOBBIES_1_305,TX_1,11609,2.87
HOBBIES_1_308,TX_1,11609,9.98
HOBBIES_1_319,TX_1,11609,0.96
HOBBIES_1_318,TX_1,11609,3.96
HOBBIES_1_321,TX_1,11609,6.68
HOBBIES_1_323,TX_1,11609,4.62
HOBBIES_1_333,TX_1,11609,4.97
HOBBIES_1_342,TX_1,11609,18.46
HOBBIES_1_355,TX_1,11609,3.94
HOBBIES_1_350,TX_1,11609,2.96
HOBBIES_1_384,TX_1,11609,9.98
HOBBIES_1_404,TX_1,11609,0.48
HOBBIES_1_403,TX_1,11609,13.23
HOBBIES_1_411,TX_1,11609,1.34
HOBBIES_1_420,TX_1,11609,5.74
HOBBIES_1_418,TX_1,11609,3.98
HOBBIES_1_421,TX_1,11609,8.26
HOBBIES_2_015,TX_1,11609,2.47
HOBBIES_2_038,TX_1,11609,0.97
HOBBIES_2_049,TX_1,11609,2.5
HOBBIES_2_045,TX_1,11609,2.47
HOBBIES_2_059,TX_1,11609,0.23
HOBBIES_2_065,TX_1,11609,0.5
HOBBIES_2_071,TX_1,11609,0.97
HOBBIES_2_085,TX_1,11609,0.97
HOBBIES_2_079,TX_1,11609,2.47
HOBBIES_2_082,TX_1,11609,0.88
HOBBIES_2_093,TX_1,11609,1.97
HOBBIES_2_094,TX_1,11609,1.97
HOBBIES_2_100,TX_1,11609,0.88
HOBBIES_2_111,TX_1,11609,3.97
HOBBIES_2_119,TX_1,11609,2.97
HOBBIES_2_121,TX_1,11609,0.97
HOBBIES_2_140,TX_1,11609,2.47
HOUSEHOLD_1_008,TX_1,11609,5.47
HOUSEHOLD_1_033,TX_1,11609,3.97
HOUSEHOLD_1_035,TX_1,11609,4.63
HOUSEHOLD_1_053,TX_1,11609,14.97
HOUSEHOLD_1_052,TX_1,11609,4.23
HOUSEHOLD_1_069,TX_1,11609,1.97
HOUSEHOLD_1_078,TX_1,11609,2.84
HOUSEHOLD_1_077,TX_1,11609,6.42
HOUSEHOLD_1_083,TX_1,11609,0.97
HOUSEHOLD_1_086,TX_1,11609,5.27
HOUSEHOLD_1_079,TX_1,11609,4.47
HOUSEHOLD_1_112,TX_1,11609,2.97
HOUSEHOLD_1_116,TX_1,11609,2.97
HOUSEHOLD_1_117,TX_1,11609,7.97
HOUSEHOLD_1_119,TX_1,11609,3.74
HOUSEHOLD_1_123,TX_1,11609,8.97
HOUSEHOLD_1_131,TX_1,11609,4.94
HOUSEHOLD_1_141,TX_1,11609,1.77
HOUSEHOLD_1_161,TX_1,11609,11.93
HOUSEHOLD_1_156,TX_1,11609,2.73
HOUSEHOLD_1_181,TX_1,11609,3.94
HOUSEHOLD_1_185,TX_1,11609,2.97
HOUSEHOLD_1_187,TX_1,11609,6.48
HOUSEHOLD_1_197,TX_1,11609,4.97
HOUSEHOLD_1_205,TX_1,11609,5.94
HOUSEHOLD_1_211,TX_1,11609,3.87
HOUSEHOLD_1_218,TX_1,11609,1.87
HOUSEHOLD_1_221,TX_1,11609,12.57
HOUSEHOLD_1_232,TX_1,11609,4.23
HOUSEHOLD_1_242,TX_1,11609,4.88
HOUSEHOLD_1_256,TX_1,11609,5.97
HOUSEHOLD_1_261,TX_1,11609,5.97
HOUSEHOLD_1_267,TX_1,11609,9.74
HOUSEHOLD_1_272,TX_1,11609,9.97
HOUSEHOLD_1_295,TX_1,11609,2.98
HOUSEHOLD_1_292,TX_1,11609,6.48
HOUSEHOLD_1_303,TX_1,11609,0.94
HOUSEHOLD_1_301,TX_1,11609,4.64
HOUSEHOLD_1_307,TX_1,11609,2.97
HOUSEHOLD_1_312,TX_1,11609,2.37
HOUSEHOLD_1_329,TX_1,11609,4.94
HOUSEHOLD_1_335,TX_1,11609,9.42
HOUSEHOLD_1_345,TX_1,11609,4.12
HOUSEHOLD_1_337,TX_1,11609,4.97
HOUSEHOLD_1_342,TX_1,11609,17.92
HOUSEHOLD_1_346,TX_1,11609,3.94
HOUSEHOLD_1_351,TX_1,11609,0.96
HOUSEHOLD_1_360,TX_1,11609,3.96
HOUSEHOLD_1_368,TX_1,11609,8.48
HOUSEHOLD_1_371,TX_1,11609,4.64
HOUSEHOLD_1_373,TX_1,11609,3.42
HOUSEHOLD_1_378,TX_1,11609,21.78
HOUSEHOLD_1_393,TX_1,11609,1.98
HOUSEHOLD_1_410,TX_1,11609,3.97
HOUSEHOLD_1_411,TX_1,11609,3.28
HOUSEHOLD_1_413,TX_1,11609,17.92
HOUSEHOLD_1_443,TX_1,11609,2.47
HOUSEHOLD_1_450,TX_1,11609,3.42
HOUSEHOLD_1_469,TX_1,11609,17.92
HOUSEHOLD_1_478,TX_1,11609,2.67
HOUSEHOLD_1_485,TX_1,11609,2.97
HOUSEHOLD_1_479,TX_1,11609,6.98
HOUSEHOLD_1_486,TX_1,11609,18.87
HOUSEHOLD_1_503,TX_1,11609,1.28
HOUSEHOLD_1_511,TX_1,11609,6.27
HOBBIES_1_201,WI_1,11609,5.48
HOBBIES_1_205,WI_1,11609,5.88
HOBBIES_1_225,WI_1,11609,29.96
HOBBIES_1_233,WI_1,11609,0.7
HOBBIES_1_235,WI_1,11609,12.98
HOBBIES_1_249,WI_1,11609,4.88
HOBBIES_1_240,WI_1,11609,2.88
HOBBIES_1_241,WI_1,11609,19.94
HOBBIES_1_247,WI_1,11609,16.88
HOBBIES_1_274,WI_1,11609,9.88
HOBBIES_1_269,WI_1,11609,11.73
HOBBIES_1_296,WI_1,11609,7.38
HOBBIES_1_298,WI_1,11609,3.94
HOBBIES_1_300,WI_1,11609,8.98
HOBBIES_1_301,WI_1,11609,6.24
HOBBIES_1_304,WI_1,11609,3.98
HOBBIES_1_311,WI_1,11609,17.98
HOBBIES_1_315,WI_1,11609,4.97
HOBBIES_1_328,WI_1,11609,6.72
HOBBIES_1_334,WI_1,11609,5.98
HOBBIES_1_348,WI_1,11609,0.48
HOBBIES_1_351,WI_1,11609,5.76
HOBBIES_1_353,WI_1,11609,1.08
HOBBIES_1_357,WI_1,11609,14.48
HOBBIES_1_360,WI_1,11609,14.94
HOBBIES_1_364,WI_1,11609,12.78
HOBBIES_1_362,WI_1,11609,9.46
HOBBIES_1_387,WI_1,11609,1.08
HOBBIES_1_399,WI_1,11609,1.97
HOBBIES_1_397,WI_1,11609,3.98
HOBBIES_1_419,WI_1,11609,5.98
HOBBIES_2_002,WI_1,11609,1.47
HOBBIES_2_009,WI_1,11609,5.97
HOBBIES_2_012,WI_1,11609,1.97
HOBBIES_2_028,WI_1,11609,0.88
HOBBIES_2_018,WI_1,11609,3.37
HOBBIES_2_027,WI_1,11609,1.97
HOBBIES_2_024,WI_1,11609,4.77
HOBBIES_2_025,WI_1,11609,0.5
HOBBIES_2_023,WI_1,11609,0.97
HOBBIES_2_029,WI_1,11609,2.88
HOBBIES_2_037,WI_1,11609,0.97
HOBBIES_2_031,WI_1,11609,6.97
HOBBIES_2_040,WI_1,11609,0.88
HOBBIES_2_057,WI_1,11609,1.97
HOBBIES_2_060,WI_1,11609,0.97
HOBBIES_2_064,WI_1,11609,0.97
HOBBIES_2_066,WI_1,11609,4.97
HOBBIES_2_073,WI_1,11609,0.5
HOBBIES_2_072,WI_1,11609,7.97
HOBBIES_2_086,WI_1,11609,0.97
HOBBIES_2_108,WI_1,11609,2.97
HOBBIES_2_120,WI_1,11609,2.47
HOBBIES_2_123,WI_1,11609,0.5
HOBBIES_2_131,WI_1,11609,5.97
HOBBIES_2_136,WI_1,11609,2.88
HOBBIES_2_132,WI_1,11609,2.88
HOBBIES_2_148,WI_1,11609,0.88
HOUSEHOLD_1_004,WI_1,11609,2.36
HOUSEHOLD_1_007,WI_1,11609,1.48
HOUSEHOLD_1_009,WI_1,11609,17.97
HOUSEHOLD_1_032,WI_1,11609,10.48
HOUSEHOLD_1_051,WI_1,11609,2.96
HOUSEHOLD_1_049,WI_1,11609,5.97
HOUSEHOLD_1_062,WI_1,11609,4.98
HOUSEHOLD_1_094,WI_1,11609,3.48
HOUSEHOLD_1_120,WI_1,11609,4.47
HOUSEHOLD_1_129,WI_1,11609,3.88
HOUSEHOLD_1_139,WI_1,11609,4.98
HOUSEHOLD_1_149,WI_1,11609,0.97
HOUSEHOLD_1_155,WI_1,11609,3.47
HOUSEHOLD_1_148,WI_1,11609,5.92
HOUSEHOLD_1_166,WI_1,11609,4.94
HOUSEHOLD_1_174,WI_1,11609,5.27
HOUSEHOLD_1_173,WI_1,11609,0.97
HOUSEHOLD_1_182,WI_1,11609,3.97
HOUSEHOLD_1_191,WI_1,11609,2.96
HOUSEHOLD_1_199,WI_1,11609,1.77
HOUSEHOLD_1_200,WI_1,11609,2.08
HOUSEHOLD_1_210,WI_1,11609,4.68
HOUSEHOLD_1_260,WI_1,11609,2.97
HOUSEHOLD_1_270,WI_1,11609,9.92
HOUSEHOLD_1_269,WI_1,11609,3.12
HOUSEHOLD_1_310,WI_1,11609,6.97
HOUSEHOLD_1_315,WI_1,11609,9.48
HOUSEHOLD_1_311,WI_1,11609,3.88
HOUSEHOLD_1_317,WI_1,11609,1.96
HOUSEHOLD_1_319,WI_1,11609,1.94
HOUSEHOLD_1_321,WI_1,11609,2.97
HOUSEHOLD_1_320,WI_1,11609,4.47
HOUSEHOLD_1_328,WI_1,11609,4.94
HOUSEHOLD_1_343,WI_1,11609,5.27
HOUSEHOLD_1_338,WI_1,11609,3.94
HOUSEHOLD_1_348,WI_1,11609,1.86
HOUSEHOLD_1_357,WI_1,11609,11.97
HOUSEHOLD_1_356,WI_1,11609,5.96
HOUSEHOLD_1_364,WI_1,11609,7.48
HOUSEHOLD_1_390,WI_1,11609,1.88
HOUSEHOLD_1_403,WI_1,11609,3.93
HOUSEHOLD_1_402,WI_1,11609,6.97
HOUSEHOLD_1_419,WI_1,11609,8.94
HOUSEHOLD_1_427,WI_1,11609,5.96
HOUSEHOLD_1_453,WI_1,11609,2.36
HOUSEHOLD_1_481,WI_1,11609,4.94
HOUSEHOLD_1_484,WI_1,11609,9.97
HOUSEHOLD_1_492,WI_1,11609,3.96
HOUSEHOLD_1_487,WI_1,11609,1.84
HOUSEHOLD_1_495,WI_1,11609,2.74
HOUSEHOLD_1_508,WI_1,11609,4.88
HOUSEHOLD_1_520,WI_1,11609,5.48
HOUSEHOLD_1_515,WI_1,11609,2.47
HOUSEHOLD_1_536,WI_1,11609,2.88
HOUSEHOLD_2_010,WI_1,11609,6.97
HOUSEHOLD_2_007,WI_1,11609,2.58
HOUSEHOLD_2_038,WI_1,11609,5.94
HOUSEHOLD_2_041,WI_1,11609,4.97
HOUSEHOLD_2_046,WI_1,11609,6.94
HOUSEHOLD_2_068,WI_1,11609,2.88
HOUSEHOLD_2_090,WI_1,11609,5.97
HOUSEHOLD_2_097,WI_1,11609,5.48
HOUSEHOLD_2_099,WI_1,11609,5.94
HOUSEHOLD_2_105,WI_1,11609,4.94
HOUSEHOLD_2_132,WI_1,11609,1.97
HOUSEHOLD_2_130,WI_1,11609,7.97
HOUSEHOLD_2_138,WI_1,11609,5.97
HOUSEHOLD_2_139,WI_1,11609,5.84
HOUSEHOLD_2_143,WI_1,11609,6.46
HOUSEHOLD_2_144,WI_1,11609,4.44
HOUSEHOLD_2_147,WI_1,11609,3.97
HOUSEHOLD_2_150,WI_1,11609,6.97
HOUSEHOLD_2_154,WI_1,11609,1.88
HOUSEHOLD_2_152,WI_1,11609,13.94
HOUSEHOLD_2_157,WI_1,11609,5.47
HOUSEHOLD_2_166,WI_1,11609,9.47
HOUSEHOLD_2_170,WI_1,11609,1.44
HOUSEHOLD_2_171,WI_1,11609,3.87
HOUSEHOLD_2_196,WI_1,11609,2.27
HOUSEHOLD_2_211,WI_1,11609,19.98
HOUSEHOLD_2_207,WI_1,11609,7.46
HOUSEHOLD_2_215,WI_1,11609,1.88
HOUSEHOLD_2_227,WI_1,11609,3.96
HOUSEHOLD_2_107,CA_3,11609,11.97
HOUSEHOLD_2_108,CA_3,11609,8.88
HOUSEHOLD_2_109,CA_3,11609,3.87
HOUSEHOLD_2_127,CA_3,11609,5.73
HOUSEHOLD_2_123,CA_3,11609,1.98
HOUSEHOLD_2_135,CA_3,11609,9.98
HOUSEHOLD_2_149,CA_3,11609,3.96
HOUSEHOLD_2_155,CA_3,11609,6.77
HOUSEHOLD_2_164,CA_3,11609,8.47
HOUSEHOLD_2_204,CA_3,11609,12.97
HOUSEHOLD_2_210,CA_3,11609,8.86
HOUSEHOLD_2_225,CA_3,11609,0.93
HOUSEHOLD_2_232,CA_3,11609,4.78
HOUSEHOLD_2_230,CA_3,11609,2.46
HOUSEHOLD_2_245,CA_3,11609,1.97
HOUSEHOLD_2_258,CA_3,11609,3.97
HOUSEHOLD_2_279,CA_3,11609,4.44
HOUSEHOLD_2_277,CA_3,11609,3.33
HOUSEHOLD_2_291,CA_3,11609,4.97
HOUSEHOLD_2_295,CA_3,11609,5.97
HOUSEHOLD_2_292,CA_3,11609,9.97
HOUSEHOLD_2_302,CA_3,11609,2.98
HOUSEHOLD_2_328,CA_3,11609,7.47
HOUSEHOLD_2_339,CA_3,11609,6.46
HOUSEHOLD_2_363,CA_3,11609,5.98
HOUSEHOLD_2_364,CA_3,11609,5.68
HOUSEHOLD_2_373,CA_3,11609,4.66
HOUSEHOLD_2_375,CA_3,11609,6.77
HOUSEHOLD_2_387,CA_3,11609,5.97
HOUSEHOLD_2_402,CA_3,11609,8.97
HOUSEHOLD_2_417,CA_3,11609,3.97
HOUSEHOLD_2_418,CA_3,11609,2.78
HOUSEHOLD_2_425,CA_3,11609,8.44
HOUSEHOLD_2_440,CA_3,11609,0.97
HOUSEHOLD_2_454,CA_3,11609,7.97
HOUSEHOLD_2_461,CA_3,11609,9.97
HOUSEHOLD_2_468,CA_3,11609,8.97
HOUSEHOLD_2_474,CA_3,11609,7.76
HOUSEHOLD_2_485,CA_3,11609,6.97
HOUSEHOLD_2_497,CA_3,11609,6.48
HOUSEHOLD_2_507,CA_3,11609,6.97
HOUSEHOLD_2_511,CA_3,11609,2.74
FOODS_1_003,CA_3,11609,3.23
FOODS_1_016,CA_3,11609,2.26
FOODS_1_017,CA_3,11609,2.24
FOODS_1_024,CA_3,11609,4.86
FOODS_1_029,CA_3,11609,4.27
FOODS_1_028,CA_3,11609,2.5
FOODS_1_040,CA_3,11609,1.78
FOODS_1_048,CA_3,11609,5.98
FOODS_1_105,CA_3,11609,1.98
FOODS_1_128,CA_3,11609,4.27
FOODS_1_125,CA_3,11609,5.28
FOODS_1_176,CA_3,11609,3.48
FOODS_1_183,CA_3,11609,2.98
FOODS_1_181,CA_3,11609,1.38
FOODS_1_182,CA_3,11609,2.28
FOODS_1_189,CA_3,11609,2.24
FOODS_1_194,CA_3,11609,4.86
FOODS_1_204,CA_3,11609,0.98
FOODS_2_003,CA_3,11609,2.28
FOODS_2_005,CA_3,11609,3.94
FOODS_2_001,CA_3,11609,2.0
FOODS_2_004,CA_3,11609,3.94
FOODS_2_010,CA_3,11609,2.5
FOODS_2_013,CA_3,11609,2.0
FOODS_2_020,CA_3,11609,2.5
FOODS_2_022,CA_3,11609,6.98
FOODS_2_016,CA_3,11609,1.25
FOODS_2_042,CA_3,11609,1.98
FOODS_2_039,CA_3,11609,4.98
FOODS_2_057,CA_3,11609,3.98
FOODS_2_064,CA_3,11609,2.28
FOODS_2_065,CA_3,11609,1.0
FOODS_2_068,CA_3,11609,7.98
FOODS_2_075,CA_3,11609,2.38
FOODS_2_070,CA_3,11609,4.98
FOODS_2_093,CA_3,11609,2.5
FOODS_2_101,CA_3,11609,5.98
FOODS_2_105,CA_3,11609,3.44
FOODS_2_116,CA_3,11609,2.0
FOODS_2_133,CA_3,11609,2.5
FOODS_2_135,CA_3,11609,2.48
FOODS_2_154,CA_3,11609,13.97
FOODS_2_156,CA_3,11609,1.48
FOODS_2_163,CA_3,11609,2.5
FOODS_2_161,CA_3,11609,7.47
FOODS_2_162,CA_3,11609,2.97
FOODS_2_170,CA_3,11609,3.28
FOODS_2_181,CA_3,11609,2.0
FOODS_2_182,CA_3,11609,2.0
FOODS_2_184,CA_3,11609,4.93
FOODS_2_180,CA_3,11609,2.48
FOODS_2_178,CA_3,11609,2.0
FOODS_2_187,CA_3,11609,5.0
FOODS_2_197,CA_3,11609,3.42
FOODS_2_219,CA_3,11609,2.5
FOODS_2_222,CA_3,11609,2.57
FOODS_2_226,CA_3,11609,7.98
FOODS_2_227,CA_3,11609,4.48
FOODS_2_258,CA_3,11609,3.22
FOODS_2_279,CA_3,11609,2.57
FOODS_2_277,CA_3,11609,1.28
FOODS_2_285,CA_3,11609,3.98
FOODS_2_294,CA_3,11609,1.0
FOODS_2_305,CA_3,11609,8.96
FOODS_2_326,CA_3,11609,1.0
FOODS_2_325,CA_3,11609,1.25
FOODS_2_337,CA_3,11609,5.92
FOODS_2_349,CA_3,11609,5.98
FOODS_2_350,CA_3,11609,5.08
FOODS_2_378,CA_3,11609,3.66
FOODS_2_383,CA_3,11609,2.0
FOODS_2_392,CA_3,11609,4.98
FOODS_2_397,CA_3,11609,3.28
FOODS_3_011,CA_3,11609,1.98
FOODS_3_014,CA_3,11609,1.98
FOODS_3_030,CA_3,11609,1.48
FOODS_3_043,CA_3,11609,2.56
FOODS_3_044,CA_3,11609,2.88
FOODS_3_054,CA_3,11609,1.94
FOODS_3_069,CA_3,11609,1.5
FOODS_3_065,CA_3,11609,3.98
FOODS_3_088,CA_3,11609,2.78
FOODS_3_102,CA_3,11609,1.98
FOODS_3_116,CA_3,11609,1.18
HOUSEHOLD_1_519,TX_1,11609,4.87
HOUSEHOLD_1_528,TX_1,11609,2.97
HOUSEHOLD_1_533,TX_1,11609,4.97
HOUSEHOLD_1_534,TX_1,11609,9.97
HOUSEHOLD_1_539,TX_1,11609,3.97
HOUSEHOLD_2_012,TX_1,11609,4.78
HOUSEHOLD_2_027,TX_1,11609,4.97
HOUSEHOLD_2_029,TX_1,11609,10.43
HOUSEHOLD_2_030,TX_1,11609,3.97
HOUSEHOLD_2_052,TX_1,11609,4.97
HOUSEHOLD_2_078,TX_1,11609,5.84
HOUSEHOLD_2_072,TX_1,11609,2.58
HOUSEHOLD_2_077,TX_1,11609,3.48
HOUSEHOLD_2_082,TX_1,11609,5.92
HOUSEHOLD_2_091,TX_1,11609,8.97
HOUSEHOLD_2_095,TX_1,11609,6.47
HOUSEHOLD_2_106,TX_1,11609,8.44
HOUSEHOLD_2_101,TX_1,11609,4.49
HOUSEHOLD_2_114,TX_1,11609,5.94
HOUSEHOLD_2_117,TX_1,11609,2.46
HOUSEHOLD_2_119,TX_1,11609,5.84
HOUSEHOLD_2_125,TX_1,11609,8.88
HOUSEHOLD_2_126,TX_1,11609,6.97
HOUSEHOLD_2_172,TX_1,11609,5.94
HOUSEHOLD_2_175,TX_1,11609,5.97
HOUSEHOLD_2_178,TX_1,11609,6.96
HOUSEHOLD_2_187,TX_1,11609,3.33
HOUSEHOLD_2_190,TX_1,11609,0.98
HOUSEHOLD_2_209,TX_1,11609,7.97
HOUSEHOLD_2_208,TX_1,11609,12.97
HOUSEHOLD_2_213,TX_1,11609,0.93
HOUSEHOLD_2_214,TX_1,11609,6.94
HOUSEHOLD_2_217,TX_1,11609,2.87
HOUSEHOLD_2_226,TX_1,11609,6.97
HOUSEHOLD_2_228,TX_1,11609,5.47
HOUSEHOLD_2_236,TX_1,11609,8.48
HOUSEHOLD_2_238,TX_1,11609,9.93
HOUSEHOLD_2_241,TX_1,11609,4.94
HOUSEHOLD_2_243,TX_1,11609,2.97
HOUSEHOLD_2_251,TX_1,11609,3.97
HOUSEHOLD_2_260,TX_1,11609,6.97
HOUSEHOLD_2_264,TX_1,11609,3.48
HOUSEHOLD_2_284,TX_1,11609,5.94
HOUSEHOLD_2_285,TX_1,11609,4.67
HOUSEHOLD_2_287,TX_1,11609,1.94
HOUSEHOLD_2_280,TX_1,11609,5.97
HOUSEHOLD_2_294,TX_1,11609,4.77
HOUSEHOLD_2_301,TX_1,11609,1.97
HOUSEHOLD_2_305,TX_1,11609,5.47
HOUSEHOLD_2_314,TX_1,11609,1.97
HOUSEHOLD_2_313,TX_1,11609,1.97
HOUSEHOLD_2_320,TX_1,11609,8.47
HOUSEHOLD_2_318,TX_1,11609,3.97
HOUSEHOLD_2_323,TX_1,11609,3.97
HOUSEHOLD_2_326,TX_1,11609,5.94
HOUSEHOLD_2_333,TX_1,11609,4.98
HOUSEHOLD_2_349,TX_1,11609,4.97
HOUSEHOLD_2_365,TX_1,11609,4.87
HOUSEHOLD_2_370,TX_1,11609,6.27
HOUSEHOLD_2_389,TX_1,11609,1.97
HOUSEHOLD_2_403,TX_1,11609,5.44
HOUSEHOLD_2_411,TX_1,11609,5.84
HOUSEHOLD_2_420,TX_1,11609,5.64
HOUSEHOLD_2_428,TX_1,11609,7.94
HOUSEHOLD_2_430,TX_1,11609,3.97
HOUSEHOLD_2_442,TX_1,11609,1.48
HOUSEHOLD_2_447,TX_1,11609,1.97
HOUSEHOLD_2_450,TX_1,11609,10.43
HOUSEHOLD_2_467,TX_1,11609,3.97
HOUSEHOLD_2_503,TX_1,11609,6.94
HOUSEHOLD_2_505,TX_1,11609,4.97
HOUSEHOLD_2_504,TX_1,11609,1.97
HOUSEHOLD_2_508,TX_1,11609,15.94
FOODS_1_005,TX_1,11609,3.54
FOODS_1_002,TX_1,11609,9.48
FOODS_1_022,TX_1,11609,5.47
FOODS_1_021,TX_1,11609,0.94
FOODS_1_031,TX_1,11609,3.54
FOODS_1_030,TX_1,11609,3.48
FOODS_1_027,TX_1,11609,1.96
FOODS_1_033,TX_1,11609,6.27
FOODS_1_039,TX_1,11609,2.48
FOODS_1_042,TX_1,11609,0.98
FOODS_1_063,TX_1,11609,2.48
FOODS_1_076,TX_1,11609,6.17
FOODS_1_084,TX_1,11609,4.91
FOODS_1_086,TX_1,11609,1.83
FOODS_1_082,TX_1,11609,0.94
FOODS_1_095,TX_1,11609,3.54
FOODS_1_092,TX_1,11609,1.96
FOODS_1_102,TX_1,11609,1.78
FOODS_1_107,TX_1,11609,4.91
FOODS_1_127,TX_1,11609,2.12
FOODS_1_126,TX_1,11609,2.24
FOODS_1_133,TX_1,11609,3.48
FOODS_1_147,TX_1,11609,5.47
FOODS_1_156,TX_1,11609,2.24
FOODS_1_151,TX_1,11609,11.84
FOODS_1_158,TX_1,11609,4.68
FOODS_1_173,TX_1,11609,2.0
FOODS_1_192,TX_1,11609,2.24
FOODS_1_195,TX_1,11609,2.24
FOODS_1_196,TX_1,11609,2.0
FOODS_1_216,TX_1,11609,5.28
FOODS_1_215,TX_1,11609,1.84
FOODS_2_012,TX_1,11609,2.42
FOODS_2_018,TX_1,11609,6.98
FOODS_2_038,TX_1,11609,6.08
FOODS_2_052,TX_1,11609,13.97
FOODS_2_062,TX_1,11609,5.77
FOODS_2_063,TX_1,11609,2.42
FOODS_2_082,TX_1,11609,5.74
FOODS_2_092,TX_1,11609,3.5
FOODS_2_104,TX_1,11609,7.48
FOODS_2_113,TX_1,11609,2.5
FOODS_2_126,TX_1,11609,4.88
FOODS_2_149,TX_1,11609,6.98
FOODS_2_159,TX_1,11609,3.97
FOODS_2_160,TX_1,11609,2.88
FOODS_2_177,TX_1,11609,3.33
FOODS_2_188,TX_1,11609,2.5
FOODS_2_200,TX_1,11609,4.97
FOODS_2_215,TX_1,11609,1.84
FOODS_2_220,TX_1,11609,2.0
FOODS_2_221,TX_1,11609,1.0
FOODS_2_223,TX_1,11609,2.18
FOODS_2_240,TX_1,11609,2.18
FOODS_2_255,TX_1,11609,2.0
FOODS_2_272,TX_1,11609,1.87
FOODS_2_288,TX_1,11609,2.5
FOODS_2_287,TX_1,11609,2.5
FOODS_2_304,TX_1,11609,3.97
FOODS_2_302,TX_1,11609,9.98
FOODS_2_328,TX_1,11609,4.42
FOODS_2_336,TX_1,11609,2.5
FOODS_2_339,TX_1,11609,3.5
FOODS_2_371,TX_1,11609,1.78
HOUSEHOLD_1_282,TX_3,11609,3.98
HOUSEHOLD_1_302,TX_3,11609,7.93
HOUSEHOLD_1_325,TX_3,11609,3.28
HOUSEHOLD_1_331,TX_3,11609,4.88
HOUSEHOLD_1_333,TX_3,11609,2.97
HOUSEHOLD_1_336,TX_3,11609,4.87
HOUSEHOLD_1_334,TX_3,11609,0.96
HOUSEHOLD_1_344,TX_3,11609,7.93
HOUSEHOLD_1_362,TX_3,11609,7.97
HOUSEHOLD_1_381,TX_3,11609,4.97
HOUSEHOLD_1_383,TX_3,11609,3.24
HOUSEHOLD_1_382,TX_3,11609,2.28
HOUSEHOLD_1_396,TX_3,11609,3.97
HOUSEHOLD_1_398,TX_3,11609,2.84
HOUSEHOLD_1_400,TX_3,11609,6.97
HOUSEHOLD_1_415,TX_3,11609,12.58
HOUSEHOLD_1_412,TX_3,11609,18.87
HOUSEHOLD_1_421,TX_3,11609,5.88
HOUSEHOLD_1_418,TX_3,11609,0.96
HOUSEHOLD_1_432,TX_3,11609,3.88
HOUSEHOLD_1_426,TX_3,11609,2.62
HOUSEHOLD_1_431,TX_3,11609,7.48
HOUSEHOLD_1_441,TX_3,11609,2.77
HOUSEHOLD_1_452,TX_3,11609,2.97
HOUSEHOLD_1_461,TX_3,11609,0.97
HOUSEHOLD_1_462,TX_3,11609,1.87
HOUSEHOLD_1_458,TX_3,11609,2.27
HOUSEHOLD_1_463,TX_3,11609,2.98
HOUSEHOLD_1_475,TX_3,11609,2.67
HOUSEHOLD_1_476,TX_3,11609,4.84
HOUSEHOLD_1_488,TX_3,11609,9.98
HOUSEHOLD_1_498,TX_3,11609,3.28
HOUSEHOLD_1_496,TX_3,11609,7.93
HOUSEHOLD_1_517,TX_3,11609,0.88
HOUSEHOLD_1_529,TX_3,11609,2.97
HOUSEHOLD_1_530,TX_3,11609,1.88
HOUSEHOLD_2_001,TX_3,11609,6.77
HOUSEHOLD_2_004,TX_3,11609,5.67
HOUSEHOLD_2_028,TX_3,11609,5.94
HOUSEHOLD_2_042,TX_3,11609,4.28
HOUSEHOLD_2_059,TX_3,11609,3.48
HOUSEHOLD_2_062,TX_3,11609,2.94
HOUSEHOLD_2_060,TX_3,11609,7.96
HOUSEHOLD_2_066,TX_3,11609,6.94
HOUSEHOLD_2_073,TX_3,11609,20.97
HOUSEHOLD_2_084,TX_3,11609,4.27
HOUSEHOLD_2_083,TX_3,11609,9.97
HOUSEHOLD_2_124,TX_3,11609,5.28
HOUSEHOLD_2_137,TX_3,11609,2.94
HOUSEHOLD_2_141,TX_3,11609,4.98
HOUSEHOLD_2_156,TX_3,11609,7.43
HOUSEHOLD_2_159,TX_3,11609,3.93
HOUSEHOLD_2_173,TX_3,11609,6.46
HOUSEHOLD_2_179,TX_3,11609,5.97
HOUSEHOLD_2_184,TX_3,11609,1.97
HOUSEHOLD_2_202,TX_3,11609,7.97
HOUSEHOLD_2_212,TX_3,11609,2.67
HOUSEHOLD_2_219,TX_3,11609,3.48
HOUSEHOLD_2_220,TX_3,11609,6.96
HOUSEHOLD_2_218,TX_3,11609,10.97
HOUSEHOLD_2_216,TX_3,11609,6.94
HOUSEHOLD_2_223,TX_3,11609,14.97
HOUSEHOLD_2_233,TX_3,11609,12.47
HOUSEHOLD_2_235,TX_3,11609,7.47
HOUSEHOLD_2_229,TX_3,11609,4.78
HOUSEHOLD_2_248,TX_3,11609,8.97
HOUSEHOLD_2_259,TX_3,11609,7.97
HOUSEHOLD_2_261,TX_3,11609,6.96
HOUSEHOLD_2_266,TX_3,11609,2.97
HOUSEHOLD_2_263,TX_3,11609,5.47
HOUSEHOLD_2_273,TX_3,11609,5.24
HOUSEHOLD_2_275,TX_3,11609,5.27
HOUSEHOLD_2_293,TX_3,11609,7.47
HOUSEHOLD_2_288,TX_3,11609,3.97
HOUSEHOLD_2_296,TX_3,11609,4.78
HOUSEHOLD_2_303,TX_3,11609,6.94
HOUSEHOLD_2_308,TX_3,11609,3.94
HOUSEHOLD_2_309,TX_3,11609,2.46
HOUSEHOLD_2_347,TX_3,11609,8.94
HOUSEHOLD_2_350,TX_3,11609,2.94
HOUSEHOLD_2_354,TX_3,11609,0.97
HOUSEHOLD_2_353,TX_3,11609,4.78
HOUSEHOLD_2_358,TX_3,11609,4.97
HOUSEHOLD_2_359,TX_3,11609,9.94
HOUSEHOLD_2_380,TX_3,11609,5.27
HOUSEHOLD_2_381,TX_3,11609,5.94
HOUSEHOLD_2_384,TX_3,11609,5.84
HOUSEHOLD_2_388,TX_3,11609,6.94
HOUSEHOLD_2_393,TX_3,11609,5.88
HOUSEHOLD_2_409,TX_3,11609,3.93
HOUSEHOLD_2_416,TX_3,11609,3.24
HOUSEHOLD_2_433,TX_3,11609,6.27
HOUSEHOLD_2_452,TX_3,11609,5.94
HOUSEHOLD_2_446,TX_3,11609,25.97
HOUSEHOLD_2_448,TX_3,11609,4.97
HOUSEHOLD_2_469,TX_3,11609,2.97
HOUSEHOLD_2_472,TX_3,11609,8.48
HOUSEHOLD_2_477,TX_3,11609,5.74
HOUSEHOLD_2_510,TX_3,11609,3.93
FOODS_1_001,TX_3,11609,2.24
FOODS_1_010,TX_3,11609,6.27
FOODS_1_037,TX_3,11609,3.48
FOODS_1_044,TX_3,11609,2.98
FOODS_1_045,TX_3,11609,1.78
FOODS_1_052,TX_3,11609,0.98
FOODS_1_064,TX_3,11609,2.54
FOODS_1_065,TX_3,11609,3.54
FOODS_1_075,TX_3,11609,3.54
FOODS_1_090,TX_3,11609,3.54
FOODS_1_087,TX_3,11609,6.27
FOODS_1_121,TX_3,11609,1.5
FOODS_1_129,TX_3,11609,6.38
FOODS_1_131,TX_3,11609,2.78
FOODS_1_144,TX_3,11609,6.98
FOODS_1_154,TX_3,11609,1.5
FOODS_1_166,TX_3,11609,2.24
FOODS_1_172,TX_3,11609,1.98
FOODS_1_174,TX_3,11609,5.28
FOODS_1_180,TX_3,11609,9.97
FOODS_1_198,TX_3,11609,2.68
FOODS_1_199,TX_3,11609,6.27
FOODS_1_217,TX_3,11609,3.54
FOODS_2_017,TX_3,11609,3.76
FOODS_2_025,TX_3,11609,3.86
FOODS_2_029,TX_3,11609,9.98
FOODS_2_050,TX_3,11609,1.0
FOODS_2_060,TX_3,11609,7.98
FOODS_2_055,TX_3,11609,2.5
FOODS_2_066,TX_3,11609,5.98
FOODS_2_078,TX_3,11609,9.97
FOODS_2_073,TX_3,11609,5.74
FOODS_2_096,TX_3,11609,7.98
FOODS_2_108,TX_3,11609,3.44
FOODS_2_121,TX_3,11609,1.58
FOODS_2_112,TX_3,11609,2.98
FOODS_2_131,TX_3,11609,5.98
FOODS_2_132,TX_3,11609,2.5
FOODS_2_138,TX_3,11609,1.84
FOODS_2_139,TX_3,11609,2.98
FOODS_2_141,TX_3,11609,6.98
FOODS_2_140,TX_3,11609,9.98
HOBBIES_1_002,CA_1,11609,3.97
HOBBIES_1_012,CA_1,11609,6.52
HOBBIES_1_016,CA_1,11609,0.7
HOBBIES_1_024,CA_1,11609,8.56
HOBBIES_1_035,CA_1,11609,2.12
HOBBIES_1_040,CA_1,11609,12.97
HOBBIES_1_044,CA_1,11609,1.48
HOBBIES_1_045,CA_1,11609,10.58
HOBBIES_1_046,CA_1,11609,18.72
HOBBIES_1_069,CA_1,11609,13.23
HOBBIES_1_070,CA_1,11609,5.88
HOBBIES_1_098,CA_1,11609,13.98
HOBBIES_1_118,CA_1,11609,11.12
HOBBIES_1_120,CA_1,11609,10.98
HOBBIES_1_132,CA_1,11609,3.98
HOBBIES_1_135,CA_1,11609,20.38
HOBBIES_1_143,CA_1,11609,8.77
HOBBIES_1_202,CA_1,11609,1.77
HOBBIES_1_195,CA_1,11609,11.28
HOBBIES_1_200,CA_1,11609,7.88
HOBBIES_1_203,CA_1,11609,12.98
HOBBIES_1_228,CA_1,11609,6.87
HOBBIES_1_229,CA_1,11609,6.47
HOBBIES_1_242,CA_1,11609,2.78
HOBBIES_1_256,CA_1,11609,0.48
HOBBIES_1_259,CA_1,11609,0.97
HOBBIES_1_263,CA_1,11609,4.97
HOBBIES_1_265,CA_1,11609,3.97
HOBBIES_1_272,CA_1,11609,8.44
HOBBIES_1_270,CA_1,11609,4.88
HOBBIES_1_278,CA_1,11609,0.57
HOBBIES_1_281,CA_1,11609,4.24
HOBBIES_1_286,CA_1,11609,0.7
HOBBIES_1_287,CA_1,11609,5.76
HOBBIES_1_292,CA_1,11609,6.58
HOBBIES_1_297,CA_1,11609,14.72
HOBBIES_1_310,CA_1,11609,5.72
HOBBIES_1_320,CA_1,11609,4.48
HOBBIES_1_329,CA_1,11609,3.97
HOBBIES_1_330,CA_1,11609,7.88
HOBBIES_1_361,CA_1,11609,29.96
HOBBIES_1_368,CA_1,11609,4.22
HOBBIES_1_372,CA_1,11609,6.68
HOBBIES_1_374,CA_1,11609,17.48
HOBBIES_1_383,CA_1,11609,2.98
HOBBIES_1_395,CA_1,11609,7.48
HOBBIES_1_392,CA_1,11609,12.98
HOBBIES_1_407,CA_1,11609,2.88
HOBBIES_1_405,CA_1,11609,12.68
HOBBIES_1_408,CA_1,11609,0.6
HOBBIES_1_414,CA_1,11609,7.22
HOBBIES_1_413,CA_1,11609,4.86
HOBBIES_2_004,CA_1,11609,2.47
HOBBIES_2_003,CA_1,11609,1.97
HOBBIES_2_011,CA_1,11609,0.97
HOBBIES_2_008,CA_1,11609,3.88
HOBBIES_2_014,CA_1,11609,0.97
HOBBIES_2_010,CA_1,11609,0.97
HOBBIES_2_022,CA_1,11609,4.97
HOBBIES_2_034,CA_1,11609,2.5
HOBBIES_2_036,CA_1,11609,0.88
HOBBIES_2_030,CA_1,11609,0.97
HOBBIES_2_051,CA_1,11609,1.97
HOBBIES_2_050,CA_1,11609,1.97
HOBBIES_2_062,CA_1,11609,5.88
HOBBIES_2_070,CA_1,11609,9.97
HOBBIES_2_077,CA_1,11609,9.97
HOBBIES_2_087,CA_1,11609,0.97
HOBBIES_2_110,CA_1,11609,5.97
HOBBIES_2_113,CA_1,11609,5.97
HOBBIES_2_117,CA_1,11609,2.88
HOBBIES_2_114,CA_1,11609,1.97
HOBBIES_2_130,CA_1,11609,6.97
HOBBIES_2_137,CA_1,11609,2.97
HOBBIES_2_146,CA_1,11609,1.97
HOBBIES_2_145,CA_1,11609,2.88
HOBBIES_2_143,CA_1,11609,0.97
HOBBIES_2_141,CA_1,11609,0.5
HOUSEHOLD_1_003,CA_1,11609,8.97
HOUSEHOLD_1_011,CA_1,11609,4.63
HOUSEHOLD_1_025,CA_1,11609,2.98
HOUSEHOLD_1_017,CA_1,11609,4.94
HOUSEHOLD_1_048,CA_1,11609,2.84
HOUSEHOLD_1_054,CA_1,11609,3.92
HOUSEHOLD_1_061,CA_1,11609,1.88
HOUSEHOLD_1_074,CA_1,11609,4.94
HOUSEHOLD_1_075,CA_1,11609,2.73
HOUSEHOLD_1_088,CA_1,11609,5.97
HOUSEHOLD_1_089,CA_1,11609,5.22
HOUSEHOLD_1_106,CA_1,11609,9.46
HOUSEHOLD_1_114,CA_1,11609,0.97
HOUSEHOLD_1_113,CA_1,11609,5.74
HOUSEHOLD_1_121,CA_1,11609,2.48
HOUSEHOLD_1_133,CA_1,11609,3.12
HOUSEHOLD_1_170,CA_1,11609,1.98
HOUSEHOLD_1_176,CA_1,11609,3.87
HOUSEHOLD_1_178,CA_1,11609,4.47
HOUSEHOLD_1_184,CA_1,11609,11.97
HOUSEHOLD_1_186,CA_1,11609,2.97
HOUSEHOLD_1_194,CA_1,11609,4.98
HOUSEHOLD_1_234,CA_1,11609,0.97
HOUSEHOLD_1_235,CA_1,11609,3.88
HOUSEHOLD_1_231,CA_1,11609,2.97
HOUSEHOLD_1_244,CA_1,11609,2.96
HOUSEHOLD_1_254,CA_1,11609,0.97
HOUSEHOLD_1_268,CA_1,11609,8.37
HOUSEHOLD_1_262,CA_1,11609,0.97
HOUSEHOLD_1_280,CA_1,11609,4.97
HOUSEHOLD_1_277,CA_1,11609,0.97
HOUSEHOLD_1_274,CA_1,11609,4.94
HOUSEHOLD_1_282,CA_1,11609,3.98
HOUSEHOLD_1_302,CA_1,11609,7.93
HOUSEHOLD_1_325,CA_1,11609,3.88
HOUSEHOLD_1_331,CA_1,11609,4.88
HOUSEHOLD_1_333,CA_1,11609,2.97
HOUSEHOLD_1_336,CA_1,11609,4.87
HOUSEHOLD_1_334,CA_1,11609,0.97
HOUSEHOLD_1_344,CA_1,11609,7.93
HOUSEHOLD_1_362,CA_1,11609,7.97
HOUSEHOLD_1_381,CA_1,11609,4.97
HOUSEHOLD_1_383,CA_1,11609,3.48
HOUSEHOLD_1_382,CA_1,11609,2.28
HOUSEHOLD_1_398,CA_1,11609,2.87
HOUSEHOLD_1_400,CA_1,11609,6.97
HOUSEHOLD_1_396,CA_1,11609,3.97
HOUSEHOLD_1_412,CA_1,11609,18.87
HOUSEHOLD_1_415,CA_1,11609,12.58
HOUSEHOLD_1_421,CA_1,11609,5.88
HOUSEHOLD_1_418,CA_1,11609,0.97
HOUSEHOLD_1_432,CA_1,11609,3.88
HOUSEHOLD_1_426,CA_1,11609,2.62
HOUSEHOLD_1_431,CA_1,11609,7.48
HOUSEHOLD_1_441,CA_1,11609,2.77
HOUSEHOLD_1_452,CA_1,11609,2.97
HOUSEHOLD_1_461,CA_1,11609,0.97
HOUSEHOLD_1_458,CA_1,11609,2.27
HOUSEHOLD_1_463,CA_1,11609,2.98
HOUSEHOLD_1_462,CA_1,11609,2.36
HOUSEHOLD_1_475,CA_1,11609,2.67
HOUSEHOLD_1_476,CA_1,11609,4.84
HOUSEHOLD_1_488,CA_1,11609,9.98
HOUSEHOLD_1_498,CA_1,11609,3.28
HOUSEHOLD_1_496,CA_1,11609,7.93
HOUSEHOLD_1_517,CA_1,11609,0.88
HOUSEHOLD_1_530,CA_1,11609,1.88
HOUSEHOLD_1_529,CA_1,11609,2.97
HOUSEHOLD_2_001,CA_1,11609,6.77
HOUSEHOLD_2_004,CA_1,11609,5.67
HOUSEHOLD_2_028,CA_1,11609,5.94
HOUSEHOLD_2_042,CA_1,11609,4.28
FOODS_2_388,TX_1,11609,2.98
FOODS_2_399,TX_1,11609,2.0
FOODS_3_002,TX_1,11609,2.56
FOODS_3_013,TX_1,11609,2.58
FOODS_3_039,TX_1,11609,3.98
FOODS_3_059,TX_1,11609,1.88
FOODS_3_080,TX_1,11609,1.68
FOODS_3_090,TX_1,11609,1.5
FOODS_3_098,TX_1,11609,4.48
FOODS_3_109,TX_1,11609,1.0
FOODS_3_111,TX_1,11609,4.98
FOODS_3_113,TX_1,11609,1.28
FOODS_3_120,TX_1,11609,4.98
FOODS_3_114,TX_1,11609,2.68
FOODS_3_124,TX_1,11609,5.44
FOODS_3_133,TX_1,11609,0.8
FOODS_3_135,TX_1,11609,1.48
FOODS_3_131,TX_1,11609,1.0
FOODS_3_139,TX_1,11609,4.98
FOODS_3_146,TX_1,11609,5.44
FOODS_3_181,TX_1,11609,2.98
FOODS_3_201,TX_1,11609,2.56
FOODS_3_196,TX_1,11609,4.48
FOODS_3_204,TX_1,11609,2.48
FOODS_3_216,TX_1,11609,2.56
FOODS_3_230,TX_1,11609,3.78
FOODS_3_235,TX_1,11609,1.74
FOODS_3_242,TX_1,11609,9.86
FOODS_3_262,TX_1,11609,6.72
FOODS_3_276,TX_1,11609,4.48
FOODS_3_288,TX_1,11609,1.5
FOODS_3_303,TX_1,11609,2.98
FOODS_3_308,TX_1,11609,4.98
FOODS_3_319,TX_1,11609,0.94
FOODS_3_322,TX_1,11609,2.56
FOODS_3_339,TX_1,11609,0.8
FOODS_3_334,TX_1,11609,2.98
FOODS_3_332,TX_1,11609,1.98
FOODS_3_349,TX_1,11609,1.68
FOODS_3_367,TX_1,11609,2.68
FOODS_3_369,TX_1,11609,3.98
FOODS_3_374,TX_1,11609,2.5
FOODS_3_377,TX_1,11609,1.68
FOODS_3_454,TX_1,11609,0.25
FOODS_3_459,TX_1,11609,1.88
FOODS_3_465,TX_1,11609,1.74
FOODS_3_473,TX_1,11609,4.18
FOODS_3_474,TX_1,11609,1.88
FOODS_3_485,TX_1,11609,3.56
FOODS_3_482,TX_1,11609,2.98
FOODS_3_507,TX_1,11609,1.98
FOODS_3_529,TX_1,11609,3.98
FOODS_3_533,TX_1,11609,4.98
FOODS_3_536,TX_1,11609,2.98
FOODS_3_532,TX_1,11609,2.98
FOODS_3_548,TX_1,11609,2.56
FOODS_3_558,TX_1,11609,2.98
FOODS_3_559,TX_1,11609,3.0
FOODS_3_567,TX_1,11609,1.74
FOODS_3_572,TX_1,11609,2.5
FOODS_3_573,TX_1,11609,1.0
FOODS_3_577,TX_1,11609,3.43
FOODS_3_579,TX_1,11609,1.98
FOODS_3_594,TX_1,11609,0.94
FOODS_3_617,TX_1,11609,2.78
FOODS_3_630,TX_1,11609,2.48
FOODS_3_643,TX_1,11609,1.74
FOODS_3_656,TX_1,11609,3.48
FOODS_3_655,TX_1,11609,1.98
FOODS_3_650,TX_1,11609,2.98
FOODS_3_669,TX_1,11609,0.75
FOODS_3_681,TX_1,11609,1.0
FOODS_3_685,TX_1,11609,2.5
FOODS_3_687,TX_1,11609,1.88
FOODS_3_694,TX_1,11609,1.68
FOODS_3_696,TX_1,11609,4.54
FOODS_3_723,TX_1,11609,1.5
FOODS_3_724,TX_1,11609,6.48
FOODS_3_725,TX_1,11609,2.88
FOODS_3_731,TX_1,11609,2.98
FOODS_3_744,TX_1,11609,2.28
FOODS_3_749,TX_1,11609,1.74
FOODS_3_767,TX_1,11609,0.94
FOODS_3_778,TX_1,11609,2.28
FOODS_3_787,TX_1,11609,2.48
FOODS_3_797,TX_1,11609,3.98
FOODS_3_805,TX_1,11609,1.0
FOODS_3_816,TX_1,11609,0.25
FOODS_3_825,TX_1,11609,3.98
HOBBIES_1_008,TX_2,11609,0.48
HOBBIES_1_015,TX_2,11609,0.7
HOBBIES_1_017,TX_2,11609,1.98
HOBBIES_1_025,TX_2,11609,3.98
HOBBIES_1_036,TX_2,11609,1.12
HOBBIES_1_030,TX_2,11609,0.7
HOBBIES_1_047,TX_2,11609,1.63
HOBBIES_1_053,TX_2,11609,3.97
HOBBIES_1_063,TX_2,11609,5.47
HOBBIES_1_057,TX_2,11609,4.88
HOBBIES_1_060,TX_2,11609,26.98
HOBBIES_1_078,TX_2,11609,12.78
HOBBIES_1_079,TX_2,11609,7.88
HOBBIES_1_082,TX_2,11609,3.78
HOBBIES_1_080,TX_2,11609,0.57
HOBBIES_1_081,TX_2,11609,14.72
HOBBIES_1_084,TX_2,11609,3.94
HOBBIES_1_092,TX_2,11609,2.38
HOBBIES_1_087,TX_2,11609,11.93
HOBBIES_1_097,TX_2,11609,4.24
HOBBIES_1_105,TX_2,11609,6.68
HOBBIES_1_107,TX_2,11609,3.98
HOBBIES_1_116,TX_2,11609,6.47
HOBBIES_1_128,TX_2,11609,7.97
HOBBIES_1_127,TX_2,11609,1.22
HOBBIES_1_151,TX_2,11609,5.47
HOBBIES_1_172,TX_2,11609,2.98
HOBBIES_1_175,TX_2,11609,1.97
HOBBIES_1_184,TX_2,11609,12.68
HOBBIES_1_207,TX_2,11609,2.78
HOBBIES_1_216,TX_2,11609,1.63
HOBBIES_1_231,TX_2,11609,6.87
HOBBIES_1_236,TX_2,11609,11.88
HOBBIES_1_248,TX_2,11609,0.94
HOBBIES_1_258,TX_2,11609,11.78
HOBBIES_1_252,TX_2,11609,0.68
HOBBIES_1_264,TX_2,11609,4.47
HOBBIES_1_273,TX_2,11609,12.68
HOBBIES_1_277,TX_2,11609,1.63
HOBBIES_1_294,TX_2,11609,3.88
HOBBIES_1_306,TX_2,11609,13.98
HOBBIES_1_325,TX_2,11609,6.44
HOBBIES_1_338,TX_2,11609,8.98
HOBBIES_1_339,TX_2,11609,7.98
HOBBIES_1_358,TX_2,11609,2.74
HOBBIES_1_370,TX_2,11609,0.48
HOBBIES_1_371,TX_2,11609,0.48
HOBBIES_1_366,TX_2,11609,3.97
HOBBIES_1_378,TX_2,11609,3.24
HOBBIES_1_380,TX_2,11609,1.63
HOBBIES_1_381,TX_2,11609,0.7
HOBBIES_1_382,TX_2,11609,1.97
HOBBIES_1_390,TX_2,11609,11.73
FOODS_3_412,WI_1,11609,0.25
FOODS_3_415,WI_1,11609,2.56
FOODS_3_414,WI_1,11609,5.18
FOODS_3_421,WI_1,11609,2.48
FOODS_3_419,WI_1,11609,2.88
FOODS_3_434,WI_1,11609,2.88
FOODS_3_433,WI_1,11609,1.0
FOODS_3_427,WI_1,11609,2.48
FOODS_3_438,WI_1,11609,1.0
FOODS_3_445,WI_1,11609,2.48
FOODS_3_439,WI_1,11609,2.98
FOODS_3_448,WI_1,11609,3.0
FOODS_3_461,WI_1,11609,1.68
FOODS_3_469,WI_1,11609,6.24
FOODS_3_491,WI_1,11609,1.38
FOODS_3_488,WI_1,11609,4.98
FOODS_3_493,WI_1,11609,6.98
FOODS_3_504,WI_1,11609,1.48
FOODS_3_508,WI_1,11609,1.0
FOODS_3_503,WI_1,11609,2.48
FOODS_3_513,WI_1,11609,4.48
FOODS_3_511,WI_1,11609,6.98
FOODS_3_514,WI_1,11609,4.98
FOODS_3_540,WI_1,11609,2.98
FOODS_3_551,WI_1,11609,4.74
FOODS_3_544,WI_1,11609,2.98
FOODS_3_562,WI_1,11609,4.98
FOODS_3_552,WI_1,11609,1.98
FOODS_3_578,WI_1,11609,3.0
FOODS_3_584,WI_1,11609,1.0
FOODS_3_592,WI_1,11609,6.98
FOODS_3_591,WI_1,11609,3.68
FOODS_3_605,WI_1,11609,2.68
FOODS_3_615,WI_1,11609,4.44
FOODS_3_613,WI_1,11609,2.88
FOODS_3_636,WI_1,11609,3.56
FOODS_3_641,WI_1,11609,2.24
FOODS_3_654,WI_1,11609,1.68
FOODS_3_661,WI_1,11609,3.28
FOODS_3_700,WI_1,11609,2.68
FOODS_3_702,WI_1,11609,3.0
FOODS_3_704,WI_1,11609,4.44
FOODS_3_701,WI_1,11609,1.98
FOODS_3_703,WI_1,11609,1.98
FOODS_3_711,WI_1,11609,0.25
FOODS_3_712,WI_1,11609,4.22
FOODS_3_746,WI_1,11609,1.98
FOODS_3_747,WI_1,11609,1.0
FOODS_3_758,WI_1,11609,2.5
FOODS_3_761,WI_1,11609,2.0
FOODS_3_765,WI_1,11609,3.0
FOODS_3_766,WI_1,11609,2.98
FOODS_3_783,WI_1,11609,5.44
FOODS_3_785,WI_1,11609,3.0
FOODS_3_781,WI_1,11609,2.48
FOODS_3_786,WI_1,11609,1.98
FOODS_3_796,WI_1,11609,2.98
FOODS_3_809,WI_1,11609,1.0
FOODS_3_814,WI_1,11609,1.88
HOBBIES_1_004,WI_2,11609,4.64
FOODS_3_826,WI_1,11609,1.28
HOBBIES_1_018,WI_2,11609,11.88
HOBBIES_1_027,WI_2,11609,19.98
HOBBIES_1_031,WI_2,11609,10.98
HOBBIES_1_048,WI_2,11609,0.48
HOBBIES_1_051,WI_2,11609,5.98
HOBBIES_1_065,WI_2,11609,4.88
HOBBIES_1_062,WI_2,11609,0.97
HOBBIES_1_088,WI_2,11609,2.57
HOBBIES_1_100,WI_2,11609,11.28
HOBBIES_1_103,WI_2,11609,0.7
HOBBIES_1_106,WI_2,11609,2.57
HOBBIES_1_104,WI_2,11609,23.98
HOBBIES_1_112,WI_2,11609,2.72
HOBBIES_1_119,WI_2,11609,1.77
HOBBIES_1_123,WI_2,11609,7.98
HOBBIES_1_141,WI_2,11609,13.98
HOBBIES_1_138,WI_2,11609,5.88
HOBBIES_1_149,WI_2,11609,1.56
HOBBIES_1_156,WI_2,11609,1.77
HOBBIES_1_159,WI_2,11609,3.24
HOBBIES_1_160,WI_2,11609,19.96
HOBBIES_1_168,WI_2,11609,4.83
HOBBIES_1_189,WI_2,11609,0.48
HOBBIES_1_201,WI_2,11609,5.48
HOBBIES_1_205,WI_2,11609,5.88
HOBBIES_1_225,WI_2,11609,29.96
HOBBIES_1_233,WI_2,11609,0.7
HOBBIES_1_235,WI_2,11609,12.98
HOBBIES_1_240,WI_2,11609,2.88
HOBBIES_1_241,WI_2,11609,19.94
HOBBIES_1_249,WI_2,11609,4.88
HOBBIES_1_247,WI_2,11609,16.88
HOBBIES_1_269,WI_2,11609,11.73
HOBBIES_1_274,WI_2,11609,9.88
HOBBIES_1_298,WI_2,11609,3.94
HOBBIES_1_296,WI_2,11609,7.38
HOBBIES_1_300,WI_2,11609,8.98
HOBBIES_1_301,WI_2,11609,6.24
HOBBIES_1_304,WI_2,11609,3.98
HOBBIES_1_315,WI_2,11609,4.97
HOBBIES_1_311,WI_2,11609,17.98
HOBBIES_1_328,WI_2,11609,6.72
HOBBIES_1_334,WI_2,11609,5.98
HOBBIES_1_348,WI_2,11609,0.48
HOBBIES_1_351,WI_2,11609,5.76
HOBBIES_1_357,WI_2,11609,14.48
HOBBIES_1_360,WI_2,11609,14.94
HOBBIES_1_353,WI_2,11609,1.08
HOBBIES_1_364,WI_2,11609,12.78
HOBBIES_1_362,WI_2,11609,9.46
HOBBIES_1_397,WI_2,11609,3.98
HOBBIES_1_387,WI_2,11609,1.08
HOBBIES_1_399,WI_2,11609,1.97
HOBBIES_1_419,WI_2,11609,5.98
HOBBIES_2_002,WI_2,11609,1.47
HOBBIES_2_009,WI_2,11609,5.97
HOBBIES_2_012,WI_2,11609,1.97
HOBBIES_2_018,WI_2,11609,3.37
HOBBIES_2_028,WI_2,11609,0.88
HOBBIES_2_029,WI_2,11609,2.88
HOBBIES_2_027,WI_2,11609,1.97
HOBBIES_2_025,WI_2,11609,0.5
HOBBIES_2_024,WI_2,11609,4.77
HOBBIES_2_031,WI_2,11609,6.97
HOBBIES_2_023,WI_2,11609,0.97
HOBBIES_2_037,WI_2,11609,0.97
HOBBIES_2_040,WI_2,11609,0.88
HOBBIES_2_060,WI_2,11609,0.97
HOBBIES_2_057,WI_2,11609,1.97
HOBBIES_2_066,WI_2,11609,4.97
HOBBIES_2_064,WI_2,11609,0.97
HOBBIES_2_073,WI_2,11609,0.5
HOBBIES_2_072,WI_2,11609,7.97
HOBBIES_2_086,WI_2,11609,0.97
HOBBIES_2_108,WI_2,11609,2.97
HOBBIES_2_120,WI_2,11609,2.47
HOBBIES_2_123,WI_2,11609,0.5
HOBBIES_2_131,WI_2,11609,5.97
HOBBIES_2_136,WI_2,11609,2.88
HOBBIES_2_132,WI_2,11609,2.88
HOUSEHOLD_1_004,WI_2,11609,2.36
HOBBIES_2_148,WI_2,11609,0.88
HOUSEHOLD_1_007,WI_2,11609,1.48
HOUSEHOLD_1_009,WI_2,11609,17.97
HOUSEHOLD_1_032,WI_2,11609,10.48
HOUSEHOLD_1_051,WI_2,11609,2.96
HOUSEHOLD_1_049,WI_2,11609,5.97
HOUSEHOLD_1_062,WI_2,11609,4.98
HOUSEHOLD_1_094,WI_2,11609,3.48
HOUSEHOLD_1_120,WI_2,11609,4.47
HOUSEHOLD_1_129,WI_2,11609,3.88
HOUSEHOLD_1_139,WI_2,11609,4.98
HOUSEHOLD_1_149,WI_2,11609,0.97
HOUSEHOLD_1_155,WI_2,11609,3.47
HOUSEHOLD_1_148,WI_2,11609,5.92
HOUSEHOLD_1_166,WI_2,11609,4.94
HOUSEHOLD_1_174,WI_2,11609,5.27
HOUSEHOLD_1_173,WI_2,11609,0.97
HOUSEHOLD_1_182,WI_2,11609,3.97
HOUSEHOLD_1_191,WI_2,11609,2.96
HOUSEHOLD_1_199,WI_2,11609,1.77
HOUSEHOLD_1_200,WI_2,11609,2.08
HOUSEHOLD_1_210,WI_2,11609,4.68
HOBBIES_1_036,CA_3,11609,1.12
HOBBIES_1_047,CA_3,11609,1.77
HOBBIES_1_057,CA_3,11609,4.88
HOBBIES_1_053,CA_3,11609,3.97
HOBBIES_1_063,CA_3,11609,5.47
HOBBIES_1_060,CA_3,11609,29.96
HOBBIES_1_079,CA_3,11609,7.88
HOBBIES_1_082,CA_3,11609,3.78
HOBBIES_1_078,CA_3,11609,12.78
HOBBIES_1_080,CA_3,11609,0.57
HOBBIES_1_084,CA_3,11609,3.94
HOBBIES_1_081,CA_3,11609,14.72
HOBBIES_1_092,CA_3,11609,2.38
HOBBIES_1_087,CA_3,11609,12.88
HOBBIES_1_097,CA_3,11609,4.24
HOBBIES_1_105,CA_3,11609,6.68
HOBBIES_1_107,CA_3,11609,3.98
HOBBIES_1_116,CA_3,11609,6.47
HOBBIES_1_128,CA_3,11609,8.77
HOBBIES_1_127,CA_3,11609,1.22
HOBBIES_1_151,CA_3,11609,5.47
HOBBIES_1_172,CA_3,11609,2.98
HOBBIES_1_175,CA_3,11609,1.97
HOBBIES_1_184,CA_3,11609,12.68
HOBBIES_1_207,CA_3,11609,2.78
HOBBIES_1_216,CA_3,11609,1.77
HOBBIES_1_231,CA_3,11609,6.87
HOBBIES_1_236,CA_3,11609,11.88
HOBBIES_1_248,CA_3,11609,0.94
HOBBIES_1_252,CA_3,11609,0.68
HOBBIES_1_258,CA_3,11609,11.78
HOBBIES_1_264,CA_3,11609,4.47
HOBBIES_1_273,CA_3,11609,12.68
HOBBIES_1_277,CA_3,11609,1.77
HOBBIES_1_294,CA_3,11609,3.88
HOBBIES_1_306,CA_3,11609,13.98
HOBBIES_1_325,CA_3,11609,6.44
HOBBIES_1_338,CA_3,11609,8.98
HOBBIES_1_339,CA_3,11609,7.98
HOBBIES_1_358,CA_3,11609,2.74
HOBBIES_1_366,CA_3,11609,3.97
HOBBIES_1_370,CA_3,11609,0.48
HOBBIES_1_371,CA_3,11609,0.48
HOBBIES_1_378,CA_3,11609,3.24
HOBBIES_1_381,CA_3,11609,0.7
HOBBIES_1_382,CA_3,11609,1.97
HOBBIES_1_380,CA_3,11609,1.77
HOBBIES_1_390,CA_3,11609,11.73
HOBBIES_1_398,CA_3,11609,0.57
HOBBIES_1_401,CA_3,11609,1.97
HOBBIES_1_406,CA_3,11609,3.88
HOBBIES_1_416,CA_3,11609,4.97
HOBBIES_1_412,CA_3,11609,1.98
HOBBIES_2_001,CA_3,11609,5.47
HOBBIES_2_013,CA_3,11609,6.97
HOBBIES_2_048,CA_3,11609,2.88
HOBBIES_2_044,CA_3,11609,4.47
HOBBIES_2_047,CA_3,11609,0.5
HOBBIES_2_055,CA_3,11609,2.5
HOBBIES_2_056,CA_3,11609,1.94
HOBBIES_2_053,CA_3,11609,4.97
HOBBIES_2_068,CA_3,11609,1.97
HOBBIES_2_084,CA_3,11609,5.97
HOBBIES_2_096,CA_3,11609,2.77
HOBBIES_2_105,CA_3,11609,2.47
HOBBIES_2_102,CA_3,11609,5.97
HOBBIES_2_107,CA_3,11609,0.5
HOBBIES_2_112,CA_3,11609,2.47
HOBBIES_2_118,CA_3,11609,3.97
HOBBIES_2_127,CA_3,11609,3.97
HOBBIES_2_128,CA_3,11609,4.97
HOBBIES_2_134,CA_3,11609,4.97
HOBBIES_2_135,CA_3,11609,0.5
HOBBIES_2_138,CA_3,11609,0.97
HOUSEHOLD_1_002,CA_3,11609,5.97
HOUSEHOLD_1_013,CA_3,11609,4.94
HOUSEHOLD_1_019,CA_3,11609,0.97
HOUSEHOLD_1_020,CA_3,11609,6.97
HOUSEHOLD_1_027,CA_3,11609,5.97
HOUSEHOLD_1_037,CA_3,11609,4.23
HOUSEHOLD_1_066,CA_3,11609,2.96
HOUSEHOLD_1_082,CA_3,11609,3.48
HOUSEHOLD_1_073,CA_3,11609,8.48
HOUSEHOLD_1_080,CA_3,11609,10.47
HOUSEHOLD_1_087,CA_3,11609,4.47
HOUSEHOLD_1_091,CA_3,11609,6.88
HOUSEHOLD_1_085,CA_3,11609,16.67
HOUSEHOLD_1_090,CA_3,11609,2.96
HOUSEHOLD_1_099,CA_3,11609,2.37
HOUSEHOLD_1_102,CA_3,11609,17.97
HOUSEHOLD_1_128,CA_3,11609,2.67
HOUSEHOLD_1_124,CA_3,11609,3.98
HOUSEHOLD_1_136,CA_3,11609,3.97
HOUSEHOLD_1_137,CA_3,11609,12.98
HOUSEHOLD_1_145,CA_3,11609,2.24
HOUSEHOLD_1_144,CA_3,11609,2.97
HOUSEHOLD_1_143,CA_3,11609,1.97
HOUSEHOLD_1_153,CA_3,11609,1.97
HOUSEHOLD_1_164,CA_3,11609,2.97
HOUSEHOLD_1_163,CA_3,11609,9.98
HOUSEHOLD_1_192,CA_3,11609,3.62
HOUSEHOLD_1_188,CA_3,11609,3.98
HOUSEHOLD_1_215,CA_3,11609,2.24
HOUSEHOLD_1_208,CA_3,11609,0.93
HOUSEHOLD_1_228,CA_3,11609,9.47
HOUSEHOLD_1_238,CA_3,11609,2.48
HOUSEHOLD_1_255,CA_3,11609,9.47
HOUSEHOLD_1_250,CA_3,11609,2.68
HOUSEHOLD_1_265,CA_3,11609,4.74
HOUSEHOLD_1_279,CA_3,11609,0.97
HOUSEHOLD_1_281,CA_3,11609,4.94
HOUSEHOLD_1_284,CA_3,11609,4.94
HOUSEHOLD_1_299,CA_3,11609,5.27
HOUSEHOLD_1_296,CA_3,11609,4.97
HOUSEHOLD_1_293,CA_3,11609,10.98
HOUSEHOLD_1_316,CA_3,11609,3.96
HOUSEHOLD_1_318,CA_3,11609,2.88
HOUSEHOLD_1_326,CA_3,11609,4.88
HOUSEHOLD_1_340,CA_3,11609,4.98
HOUSEHOLD_1_358,CA_3,11609,8.94
HOUSEHOLD_1_355,CA_3,11609,7.98
HOUSEHOLD_1_349,CA_3,11609,2.94
HOUSEHOLD_1_370,CA_3,11609,7.27
HOUSEHOLD_1_372,CA_3,11609,1.97
HOUSEHOLD_1_376,CA_3,11609,5.44
HOUSEHOLD_1_379,CA_3,11609,0.97
HOUSEHOLD_1_395,CA_3,11609,4.88
HOUSEHOLD_1_401,CA_3,11609,9.47
HOUSEHOLD_1_404,CA_3,11609,2.67
HOUSEHOLD_1_433,CA_3,11609,8.97
HOUSEHOLD_1_440,CA_3,11609,14.97
HOUSEHOLD_1_445,CA_3,11609,1.97
HOUSEHOLD_1_460,CA_3,11609,3.88
HOUSEHOLD_1_459,CA_3,11609,0.97
HOUSEHOLD_1_474,CA_3,11609,0.97
HOUSEHOLD_1_473,CA_3,11609,2.36
HOUSEHOLD_1_493,CA_3,11609,2.87
HOUSEHOLD_1_501,CA_3,11609,3.96
HOUSEHOLD_1_500,CA_3,11609,4.44
HOUSEHOLD_1_502,CA_3,11609,4.23
HOUSEHOLD_1_506,CA_3,11609,3.88
HOUSEHOLD_1_510,CA_3,11609,4.94
HOUSEHOLD_1_512,CA_3,11609,1.87
HOUSEHOLD_1_516,CA_3,11609,1.94
HOUSEHOLD_1_518,CA_3,11609,6.97
HOUSEHOLD_1_525,CA_3,11609,4.23
HOUSEHOLD_2_009,CA_3,11609,5.73
HOUSEHOLD_2_025,CA_3,11609,5.47
HOUSEHOLD_2_026,CA_3,11609,3.97
HOUSEHOLD_2_023,CA_3,11609,3.97
HOUSEHOLD_2_032,CA_3,11609,9.43
HOUSEHOLD_2_036,CA_3,11609,3.97
HOUSEHOLD_2_043,CA_3,11609,4.97
HOUSEHOLD_2_039,CA_3,11609,10.72
HOUSEHOLD_2_040,CA_3,11609,3.97
HOUSEHOLD_2_070,CA_3,11609,2.97
HOUSEHOLD_2_067,CA_3,11609,0.97
HOUSEHOLD_2_074,CA_3,11609,0.96
HOUSEHOLD_2_076,CA_3,11609,8.97
HOUSEHOLD_2_089,CA_3,11609,3.48
FOODS_3_481,TX_2,11609,3.88
FOODS_3_492,TX_2,11609,2.98
FOODS_3_487,TX_2,11609,1.68
FOODS_3_520,TX_2,11609,3.98
FOODS_3_515,TX_2,11609,2.88
FOODS_3_530,TX_2,11609,1.68
FOODS_3_542,TX_2,11609,2.56
FOODS_3_537,TX_2,11609,3.98
FOODS_3_550,TX_2,11609,2.98
FOODS_3_555,TX_2,11609,1.68
FOODS_3_560,TX_2,11609,2.67
FOODS_3_553,TX_2,11609,2.56
FOODS_3_570,TX_2,11609,1.78
FOODS_3_581,TX_2,11609,3.48
FOODS_3_585,TX_2,11609,3.98
FOODS_3_582,TX_2,11609,1.98
FOODS_3_596,TX_2,11609,3.0
FOODS_3_598,TX_2,11609,1.98
FOODS_3_597,TX_2,11609,2.84
FOODS_3_602,TX_2,11609,2.68
FOODS_3_621,TX_2,11609,1.5
FOODS_3_633,TX_2,11609,2.88
FOODS_3_639,TX_2,11609,1.98
FOODS_3_651,TX_2,11609,5.22
FOODS_3_652,TX_2,11609,3.98
FOODS_3_653,TX_2,11609,3.64
FOODS_3_660,TX_2,11609,1.68
FOODS_3_662,TX_2,11609,2.5
FOODS_3_675,TX_2,11609,1.98
FOODS_3_688,TX_2,11609,1.88
FOODS_3_726,TX_2,11609,2.56
FOODS_3_733,TX_2,11609,1.98
FOODS_3_735,TX_2,11609,2.0
FOODS_3_745,TX_2,11609,2.18
FOODS_3_755,TX_2,11609,0.94
FOODS_3_750,TX_2,11609,2.68
FOODS_3_751,TX_2,11609,4.98
FOODS_3_773,TX_2,11609,4.98
FOODS_3_776,TX_2,11609,2.98
FOODS_3_777,TX_2,11609,2.98
FOODS_3_788,TX_2,11609,3.48
FOODS_3_793,TX_2,11609,2.98
FOODS_3_808,TX_2,11609,1.0
FOODS_3_813,TX_2,11609,4.54
FOODS_3_821,TX_2,11609,4.98
HOBBIES_1_002,TX_3,11609,3.97
HOBBIES_1_012,TX_3,11609,6.52
HOBBIES_1_016,TX_3,11609,0.7
HOBBIES_1_024,TX_3,11609,8.56
HOBBIES_1_035,TX_3,11609,2.12
HOBBIES_1_044,TX_3,11609,1.48
HOBBIES_1_040,TX_3,11609,12.97
HOBBIES_1_045,TX_3,11609,10.58
HOBBIES_1_046,TX_3,11609,18.72
HOBBIES_1_070,TX_3,11609,5.88
HOBBIES_1_069,TX_3,11609,13.23
HOBBIES_1_098,TX_3,11609,13.98
HOBBIES_1_118,TX_3,11609,11.12
HOBBIES_1_120,TX_3,11609,9.84
HOBBIES_1_132,TX_3,11609,3.98
HOBBIES_1_135,TX_3,11609,18.46
HOBBIES_1_143,TX_3,11609,7.97
HOBBIES_1_195,TX_3,11609,11.28
HOBBIES_1_202,TX_3,11609,1.63
HOBBIES_1_200,TX_3,11609,7.88
HOBBIES_1_203,TX_3,11609,12.98
HOBBIES_1_228,TX_3,11609,6.87
HOBBIES_1_229,TX_3,11609,6.47
HOBBIES_1_242,TX_3,11609,2.5
HOBBIES_1_256,TX_3,11609,0.48
HOBBIES_1_259,TX_3,11609,0.97
HOBBIES_1_263,TX_3,11609,4.97
HOBBIES_1_265,TX_3,11609,3.97
HOBBIES_1_278,TX_3,11609,0.57
HOBBIES_1_272,TX_3,11609,8.44
HOBBIES_1_270,TX_3,11609,4.88
HOBBIES_1_286,TX_3,11609,0.7
HOBBIES_1_281,TX_3,11609,4.24
HOBBIES_1_287,TX_3,11609,5.76
HOBBIES_1_297,TX_3,11609,14.72
HOBBIES_1_292,TX_3,11609,6.58
HOBBIES_1_310,TX_3,11609,5.72
HOBBIES_1_320,TX_3,11609,4.27
HOBBIES_1_329,TX_3,11609,3.97
HOBBIES_1_330,TX_3,11609,7.44
HOBBIES_1_361,TX_3,11609,26.98
HOBBIES_1_372,TX_3,11609,6.68
HOBBIES_1_368,TX_3,11609,4.22
HOBBIES_1_374,TX_3,11609,17.48
HOBBIES_1_383,TX_3,11609,2.98
HOBBIES_1_392,TX_3,11609,12.98
HOBBIES_1_395,TX_3,11609,7.48
HOBBIES_1_407,TX_3,11609,2.5
HOBBIES_1_408,TX_3,11609,0.6
HOBBIES_1_405,TX_3,11609,12.68
HOBBIES_1_413,TX_3,11609,4.86
HOBBIES_1_414,TX_3,11609,7.22
HOBBIES_2_003,TX_3,11609,1.97
HOBBIES_2_004,TX_3,11609,2.47
HOBBIES_2_008,TX_3,11609,3.88
HOBBIES_2_010,TX_3,11609,0.97
HOBBIES_2_011,TX_3,11609,0.97
HOBBIES_2_014,TX_3,11609,0.97
HOBBIES_2_022,TX_3,11609,4.97
HOBBIES_2_030,TX_3,11609,0.97
HOBBIES_2_036,TX_3,11609,0.88
HOBBIES_2_034,TX_3,11609,2.5
HOBBIES_2_050,TX_3,11609,1.97
HOBBIES_2_051,TX_3,11609,1.97
HOBBIES_2_062,TX_3,11609,5.88
HOBBIES_2_077,TX_3,11609,9.97
HOBBIES_2_070,TX_3,11609,9.97
HOBBIES_2_087,TX_3,11609,0.97
HOBBIES_2_113,TX_3,11609,5.97
HOBBIES_2_110,TX_3,11609,5.97
HOBBIES_2_114,TX_3,11609,1.97
HOBBIES_2_117,TX_3,11609,2.88
HOBBIES_2_130,TX_3,11609,6.97
HOBBIES_2_143,TX_3,11609,0.97
HOBBIES_2_137,TX_3,11609,2.97
HOBBIES_2_141,TX_3,11609,0.5
HOBBIES_2_146,TX_3,11609,1.97
HOBBIES_2_145,TX_3,11609,2.88
HOUSEHOLD_1_011,TX_3,11609,4.63
HOUSEHOLD_1_003,TX_3,11609,8.97
HOUSEHOLD_1_017,TX_3,11609,4.94
HOUSEHOLD_1_025,TX_3,11609,2.98
HOUSEHOLD_1_048,TX_3,11609,2.84
HOUSEHOLD_1_054,TX_3,11609,3.92
HOUSEHOLD_1_061,TX_3,11609,1.83
HOUSEHOLD_1_074,TX_3,11609,4.94
HOUSEHOLD_1_075,TX_3,11609,2.73
HOUSEHOLD_1_088,TX_3,11609,5.97
HOUSEHOLD_1_089,TX_3,11609,4.96
HOUSEHOLD_1_113,TX_3,11609,5.74
HOUSEHOLD_1_106,TX_3,11609,9.46
HOUSEHOLD_1_114,TX_3,11609,0.97
HOUSEHOLD_1_121,TX_3,11609,2.48
HOUSEHOLD_1_133,TX_3,11609,3.12
HOUSEHOLD_1_176,TX_3,11609,3.87
HOUSEHOLD_1_170,TX_3,11609,1.98
HOUSEHOLD_1_178,TX_3,11609,4.47
HOUSEHOLD_1_184,TX_3,11609,11.97
HOUSEHOLD_1_186,TX_3,11609,2.97
HOUSEHOLD_1_194,TX_3,11609,4.98
HOUSEHOLD_1_231,TX_3,11609,2.97
HOUSEHOLD_1_234,TX_3,11609,0.97
HOUSEHOLD_1_235,TX_3,11609,3.47
HOUSEHOLD_1_244,TX_3,11609,2.96
HOUSEHOLD_1_254,TX_3,11609,0.97
HOUSEHOLD_1_262,TX_3,11609,0.97
HOUSEHOLD_1_268,TX_3,11609,8.37
HOUSEHOLD_1_274,TX_3,11609,4.94
HOUSEHOLD_1_280,TX_3,11609,4.97
HOUSEHOLD_1_277,TX_3,11609,0.96
HOBBIES_1_195,WI_3,11609,11.28
HOBBIES_1_200,WI_3,11609,7.88
HOBBIES_1_202,WI_3,11609,1.77
HOBBIES_1_203,WI_3,11609,12.98
HOBBIES_1_228,WI_3,11609,6.87
HOBBIES_1_229,WI_3,11609,6.47
HOBBIES_1_242,WI_3,11609,2.78
HOBBIES_1_256,WI_3,11609,0.48
HOBBIES_1_259,WI_3,11609,0.97
HOBBIES_1_263,WI_3,11609,4.97
HOBBIES_1_272,WI_3,11609,8.44
HOBBIES_1_265,WI_3,11609,3.97
HOBBIES_1_270,WI_3,11609,4.88
HOBBIES_1_278,WI_3,11609,0.57
HOBBIES_1_281,WI_3,11609,4.24
HOBBIES_1_286,WI_3,11609,0.7
HOBBIES_1_287,WI_3,11609,5.76
HOBBIES_1_297,WI_3,11609,14.72
HOBBIES_1_292,WI_3,11609,6.58
HOBBIES_1_310,WI_3,11609,5.72
HOBBIES_1_320,WI_3,11609,4.48
HOBBIES_1_329,WI_3,11609,3.97
HOBBIES_1_330,WI_3,11609,7.88
HOBBIES_1_368,WI_3,11609,4.22
HOBBIES_1_361,WI_3,11609,29.96
HOBBIES_1_372,WI_3,11609,6.68
HOBBIES_1_374,WI_3,11609,17.48
HOBBIES_1_383,WI_3,11609,2.98
HOBBIES_1_395,WI_3,11609,7.48
HOBBIES_1_392,WI_3,11609,12.98
HOBBIES_1_405,WI_3,11609,12.68
HOBBIES_1_407,WI_3,11609,2.88
HOBBIES_1_408,WI_3,11609,0.6
HOBBIES_1_413,WI_3,11609,4.86
HOBBIES_1_414,WI_3,11609,7.22
HOBBIES_2_004,WI_3,11609,2.47
HOBBIES_2_003,WI_3,11609,1.97
HOBBIES_2_011,WI_3,11609,0.97
HOBBIES_2_008,WI_3,11609,3.88
HOBBIES_2_010,WI_3,11609,0.97
HOBBIES_2_022,WI_3,11609,4.97
HOBBIES_2_014,WI_3,11609,0.97
HOBBIES_2_034,WI_3,11609,2.5
HOBBIES_2_030,WI_3,11609,0.97
HOBBIES_2_036,WI_3,11609,0.88
HOBBIES_2_050,WI_3,11609,1.97
HOBBIES_2_051,WI_3,11609,1.97
HOBBIES_2_062,WI_3,11609,5.88
HOBBIES_2_070,WI_3,11609,9.97
HOBBIES_2_077,WI_3,11609,9.97
HOBBIES_2_087,WI_3,11609,0.97
HOBBIES_2_110,WI_3,11609,5.97
HOBBIES_2_113,WI_3,11609,5.97
HOBBIES_2_117,WI_3,11609,2.88
HOBBIES_2_114,WI_3,11609,1.97
HOBBIES_2_130,WI_3,11609,6.97
HOBBIES_2_137,WI_3,11609,2.97
HOBBIES_2_146,WI_3,11609,1.97
HOBBIES_2_143,WI_3,11609,0.97
HOBBIES_2_145,WI_3,11609,2.88
HOBBIES_2_141,WI_3,11609,0.5
HOUSEHOLD_1_003,WI_3,11609,8.97
HOUSEHOLD_1_011,WI_3,11609,4.63
HOUSEHOLD_1_017,WI_3,11609,4.94
HOUSEHOLD_1_025,WI_3,11609,2.98
HOUSEHOLD_1_048,WI_3,11609,2.84
HOUSEHOLD_1_061,WI_3,11609,1.88
HOUSEHOLD_1_054,WI_3,11609,3.92
HOUSEHOLD_1_074,WI_3,11609,4.94
HOUSEHOLD_1_075,WI_3,11609,2.73
HOUSEHOLD_1_088,WI_3,11609,5.97
HOUSEHOLD_1_089,WI_3,11609,5.22
HOUSEHOLD_1_106,WI_3,11609,9.46
HOUSEHOLD_1_114,WI_3,11609,0.97
HOUSEHOLD_1_113,WI_3,11609,5.74
HOUSEHOLD_1_121,WI_3,11609,2.48
HOUSEHOLD_1_133,WI_3,11609,3.12
HOUSEHOLD_1_170,WI_3,11609,1.98
HOUSEHOLD_1_176,WI_3,11609,3.87
HOUSEHOLD_1_178,WI_3,11609,4.47
HOUSEHOLD_1_184,WI_3,11609,11.97
HOUSEHOLD_1_186,WI_3,11609,2.97
HOUSEHOLD_1_194,WI_3,11609,4.98
HOUSEHOLD_1_234,WI_3,11609,0.97
HOUSEHOLD_1_235,WI_3,11609,3.88
HOUSEHOLD_1_231,WI_3,11609,2.97
HOUSEHOLD_1_244,WI_3,11609,2.96
HOUSEHOLD_1_254,WI_3,11609,0.97
HOUSEHOLD_1_268,WI_3,11609,8.37
HOUSEHOLD_1_262,WI_3,11609,0.97
HOUSEHOLD_1_280,WI_3,11609,4.97
HOUSEHOLD_1_277,WI_3,11609,0.97
HOUSEHOLD_1_274,WI_3,11609,4.94
HOUSEHOLD_1_282,WI_3,11609,3.98
HOUSEHOLD_1_302,WI_3,11609,7.93
HOUSEHOLD_1_325,WI_3,11609,3.88
HOUSEHOLD_1_331,WI_3,11609,4.88
HOUSEHOLD_1_333,WI_3,11609,2.97
HOUSEHOLD_1_336,WI_3,11609,4.87
HOUSEHOLD_1_334,WI_3,11609,0.97
HOUSEHOLD_1_344,WI_3,11609,7.93
HOUSEHOLD_1_362,WI_3,11609,7.97
HOUSEHOLD_1_381,WI_3,11609,4.97
HOUSEHOLD_1_383,WI_3,11609,3.48
HOUSEHOLD_1_382,WI_3,11609,2.28
HOUSEHOLD_1_396,WI_3,11609,3.97
HOUSEHOLD_1_398,WI_3,11609,2.87
HOUSEHOLD_1_400,WI_3,11609,6.97
HOUSEHOLD_1_415,WI_3,11609,12.58
HOUSEHOLD_1_412,WI_3,11609,18.87
HOUSEHOLD_1_421,WI_3,11609,5.88
HOUSEHOLD_1_418,WI_3,11609,0.97
HOUSEHOLD_1_432,WI_3,11609,3.88
HOUSEHOLD_1_426,WI_3,11609,2.62
HOUSEHOLD_1_431,WI_3,11609,7.48
HOUSEHOLD_1_441,WI_3,11609,2.77
HOUSEHOLD_1_452,WI_3,11609,2.97
HOUSEHOLD_1_461,WI_3,11609,0.97
HOUSEHOLD_1_458,WI_3,11609,2.27
HOUSEHOLD_1_462,WI_3,11609,2.36
HOUSEHOLD_1_463,WI_3,11609,2.98
HOUSEHOLD_1_475,WI_3,11609,2.67
HOUSEHOLD_1_476,WI_3,11609,4.84
HOUSEHOLD_1_488,WI_3,11609,9.98
HOUSEHOLD_1_498,WI_3,11609,3.28
HOUSEHOLD_1_496,WI_3,11609,7.93
HOUSEHOLD_1_517,WI_3,11609,0.88
HOUSEHOLD_1_530,WI_3,11609,1.88
HOUSEHOLD_1_529,WI_3,11609,2.97
HOUSEHOLD_2_001,WI_3,11609,6.77
HOUSEHOLD_2_004,WI_3,11609,5.67
HOUSEHOLD_2_028,WI_3,11609,5.94
HOUSEHOLD_2_042,WI_3,11609,4.28
HOUSEHOLD_2_059,WI_3,11609,3.48
HOUSEHOLD_2_062,WI_3,11609,2.94
HOUSEHOLD_2_060,WI_3,11609,7.96
HOUSEHOLD_2_073,WI_3,11609,20.97
HOUSEHOLD_2_066,WI_3,11609,6.94
HOUSEHOLD_2_084,WI_3,11609,4.27
HOUSEHOLD_2_083,WI_3,11609,9.97
HOUSEHOLD_2_124,WI_3,11609,5.28
HOUSEHOLD_2_137,WI_3,11609,2.94
HOUSEHOLD_2_141,WI_3,11609,4.98
HOUSEHOLD_2_156,WI_3,11609,7.43
HOUSEHOLD_2_159,WI_3,11609,3.93
HOUSEHOLD_2_179,WI_3,11609,5.97
HOUSEHOLD_2_173,WI_3,11609,6.46
HOUSEHOLD_2_184,WI_3,11609,1.97
HOUSEHOLD_2_202,WI_3,11609,8.86
HOUSEHOLD_2_212,WI_3,11609,2.67
HOUSEHOLD_2_216,WI_3,11609,6.94
HOUSEHOLD_2_219,WI_3,11609,3.48
HOUSEHOLD_2_220,WI_3,11609,6.96
HOUSEHOLD_2_218,WI_3,11609,10.97
FOODS_3_149,CA_3,11609,2.5
FOODS_3_150,CA_3,11609,1.98
FOODS_3_157,CA_3,11609,3.32
FOODS_3_165,CA_3,11609,3.82
FOODS_3_175,CA_3,11609,6.98
FOODS_3_171,CA_3,11609,2.48
FOODS_3_182,CA_3,11609,1.98
FOODS_3_193,CA_3,11609,2.5
FOODS_3_207,CA_3,11609,1.98
FOODS_3_212,CA_3,11609,2.98
FOODS_3_208,CA_3,11609,4.88
FOODS_3_206,CA_3,11609,2.18
FOODS_3_219,CA_3,11609,1.48
FOODS_3_239,CA_3,11609,1.98
FOODS_3_244,CA_3,11609,9.86
FOODS_3_246,CA_3,11609,1.98
FOODS_3_251,CA_3,11609,2.98
FOODS_3_271,CA_3,11609,4.48
FOODS_3_273,CA_3,11609,2.24
FOODS_3_278,CA_3,11609,1.0
FOODS_3_305,CA_3,11609,4.68
FOODS_3_317,CA_3,11609,0.94
FOODS_3_321,CA_3,11609,1.48
FOODS_3_331,CA_3,11609,1.58
FOODS_3_341,CA_3,11609,3.98
FOODS_3_368,CA_3,11609,5.98
FOODS_3_370,CA_3,11609,6.98
FOODS_3_381,CA_3,11609,2.48
FOODS_3_386,CA_3,11609,2.56
FOODS_3_405,CA_3,11609,3.56
FOODS_3_406,CA_3,11609,0.8
FOODS_3_403,CA_3,11609,1.5
FOODS_3_432,CA_3,11609,3.98
FOODS_3_428,CA_3,11609,1.98
FOODS_3_443,CA_3,11609,2.5
FOODS_3_468,CA_3,11609,1.18
FOODS_3_466,CA_3,11609,2.98
FOODS_3_470,CA_3,11609,1.74
FOODS_3_475,CA_3,11609,1.0
FOODS_3_476,CA_3,11609,5.98
FOODS_3_481,CA_3,11609,3.88
FOODS_3_492,CA_3,11609,2.98
FOODS_3_487,CA_3,11609,1.68
FOODS_3_520,CA_3,11609,3.98
FOODS_3_515,CA_3,11609,2.88
FOODS_3_530,CA_3,11609,1.68
FOODS_3_542,CA_3,11609,2.56
FOODS_3_537,CA_3,11609,3.98
FOODS_3_550,CA_3,11609,2.98
FOODS_3_555,CA_3,11609,1.68
FOODS_3_560,CA_3,11609,2.88
FOODS_3_553,CA_3,11609,2.56
FOODS_3_570,CA_3,11609,1.78
FOODS_3_581,CA_3,11609,3.48
FOODS_3_582,CA_3,11609,1.98
FOODS_3_585,CA_3,11609,3.98
FOODS_3_596,CA_3,11609,3.0
FOODS_3_598,CA_3,11609,1.98
FOODS_3_597,CA_3,11609,2.84
FOODS_3_602,CA_3,11609,2.68
FOODS_3_621,CA_3,11609,1.5
FOODS_3_633,CA_3,11609,2.88
FOODS_3_639,CA_3,11609,1.98
FOODS_3_651,CA_3,11609,5.22
FOODS_3_652,CA_3,11609,3.98
FOODS_3_653,CA_3,11609,3.64
FOODS_3_660,CA_3,11609,1.68
FOODS_3_662,CA_3,11609,2.5
FOODS_3_675,CA_3,11609,1.98
FOODS_3_688,CA_3,11609,1.88
FOODS_3_726,CA_3,11609,2.56
FOODS_3_733,CA_3,11609,1.98
FOODS_3_735,CA_3,11609,2.0
FOODS_3_745,CA_3,11609,1.94
FOODS_3_755,CA_3,11609,0.94
FOODS_3_750,CA_3,11609,2.68
FOODS_3_751,CA_3,11609,4.98
FOODS_3_773,CA_3,11609,4.98
FOODS_3_776,CA_3,11609,2.98
FOODS_3_777,CA_3,11609,2.98
FOODS_3_788,CA_3,11609,3.48
FOODS_3_793,CA_3,11609,2.98
FOODS_3_808,CA_3,11609,1.0
FOODS_3_813,CA_3,11609,4.54
FOODS_3_821,CA_3,11609,4.98
HOBBIES_1_004,CA_4,11609,4.64
HOBBIES_1_018,CA_4,11609,11.88
HOBBIES_1_027,CA_4,11609,19.98
HOBBIES_1_031,CA_4,11609,10.98
HOBBIES_1_048,CA_4,11609,0.48
HOBBIES_1_051,CA_4,11609,5.98
HOBBIES_1_065,CA_4,11609,4.88
HOBBIES_1_062,CA_4,11609,0.97
HOBBIES_1_088,CA_4,11609,2.57
HOBBIES_1_100,CA_4,11609,11.28
HOBBIES_1_103,CA_4,11609,0.7
HOBBIES_1_104,CA_4,11609,23.98
HOBBIES_1_106,CA_4,11609,2.57
HOBBIES_1_112,CA_4,11609,2.72
HOBBIES_1_119,CA_4,11609,1.77
HOBBIES_1_123,CA_4,11609,7.98
HOBBIES_1_141,CA_4,11609,13.98
HOBBIES_1_138,CA_4,11609,5.88
HOBBIES_1_149,CA_4,11609,1.56
HOBBIES_1_159,CA_4,11609,3.24
HOBBIES_1_160,CA_4,11609,19.96
HOBBIES_1_156,CA_4,11609,1.77
HOBBIES_1_168,CA_4,11609,4.83
HOBBIES_1_189,CA_4,11609,0.48
HOBBIES_1_201,CA_4,11609,5.98
HOBBIES_1_205,CA_4,11609,5.88
HOBBIES_1_233,CA_4,11609,0.7
HOBBIES_1_225,CA_4,11609,29.96
HOBBIES_1_240,CA_4,11609,2.88
HOBBIES_1_235,CA_4,11609,12.98
HOBBIES_1_241,CA_4,11609,19.94
HOBBIES_1_249,CA_4,11609,4.88
HOBBIES_1_247,CA_4,11609,16.88
HOBBIES_1_269,CA_4,11609,11.73
HOBBIES_1_274,CA_4,11609,9.88
HOBBIES_1_296,CA_4,11609,7.38
HOBBIES_1_298,CA_4,11609,3.94
HOBBIES_1_300,CA_4,11609,8.98
HOBBIES_1_301,CA_4,11609,6.24
HOBBIES_1_304,CA_4,11609,3.98
HOBBIES_1_311,CA_4,11609,17.98
HOBBIES_1_315,CA_4,11609,4.97
HOBBIES_1_328,CA_4,11609,6.72
HOBBIES_1_334,CA_4,11609,5.98
HOBBIES_1_348,CA_4,11609,0.48
HOBBIES_1_351,CA_4,11609,5.76
HOBBIES_1_353,CA_4,11609,1.08
HOBBIES_1_364,CA_4,11609,12.78
HOBBIES_1_360,CA_4,11609,14.94
HOBBIES_1_357,CA_4,11609,14.48
HOBBIES_1_362,CA_4,11609,9.46
HOBBIES_1_387,CA_4,11609,1.08
HOBBIES_1_399,CA_4,11609,1.97
HOBBIES_1_397,CA_4,11609,3.98
HOBBIES_2_002,CA_4,11609,1.47
HOBBIES_1_419,CA_4,11609,5.98
HOBBIES_2_009,CA_4,11609,5.97
HOBBIES_2_018,CA_4,11609,3.37
HOBBIES_2_012,CA_4,11609,1.97
HOBBIES_2_028,CA_4,11609,0.88
HOBBIES_2_029,CA_4,11609,2.88
HOBBIES_2_027,CA_4,11609,1.97
HOBBIES_2_025,CA_4,11609,0.5
HOBBIES_2_031,CA_4,11609,6.97
HOBBIES_2_024,CA_4,11609,4.77
HOBBIES_2_023,CA_4,11609,0.97
HOBBIES_2_037,CA_4,11609,0.97
HOBBIES_2_040,CA_4,11609,0.88
HOBBIES_2_060,CA_4,11609,0.97
HOBBIES_2_057,CA_4,11609,1.97
HOBBIES_2_066,CA_4,11609,4.97
HOBBIES_2_073,CA_4,11609,0.5
HOBBIES_2_072,CA_4,11609,7.97
HOBBIES_2_064,CA_4,11609,0.97
HOBBIES_2_086,CA_4,11609,0.97
HOBBIES_2_108,CA_4,11609,2.97
HOBBIES_2_120,CA_4,11609,2.47
HOBBIES_2_123,CA_4,11609,0.5
HOBBIES_2_136,CA_4,11609,2.88
HOBBIES_2_131,CA_4,11609,5.97
HOBBIES_2_132,CA_4,11609,2.88
HOUSEHOLD_2_402,TX_2,11609,8.97
HOUSEHOLD_2_417,TX_2,11609,3.97
HOUSEHOLD_2_425,TX_2,11609,8.44
HOUSEHOLD_2_418,TX_2,11609,2.78
HOUSEHOLD_2_440,TX_2,11609,0.97
HOUSEHOLD_2_454,TX_2,11609,7.97
HOUSEHOLD_2_461,TX_2,11609,9.97
HOUSEHOLD_2_468,TX_2,11609,8.97
HOUSEHOLD_2_474,TX_2,11609,7.76
HOUSEHOLD_2_485,TX_2,11609,6.97
HOUSEHOLD_2_497,TX_2,11609,6.48
HOUSEHOLD_2_507,TX_2,11609,6.97
HOUSEHOLD_2_511,TX_2,11609,2.74
FOODS_1_003,TX_2,11609,3.23
FOODS_1_016,TX_2,11609,2.26
FOODS_1_017,TX_2,11609,2.24
FOODS_1_024,TX_2,11609,4.86
FOODS_1_029,TX_2,11609,4.27
FOODS_1_028,TX_2,11609,2.98
FOODS_1_040,TX_2,11609,1.78
FOODS_1_048,TX_2,11609,5.98
FOODS_1_105,TX_2,11609,1.98
FOODS_1_125,TX_2,11609,5.28
FOODS_1_128,TX_2,11609,4.27
FOODS_1_176,TX_2,11609,3.48
FOODS_1_183,TX_2,11609,2.98
FOODS_1_181,TX_2,11609,1.38
FOODS_1_182,TX_2,11609,2.28
FOODS_1_194,TX_2,11609,4.86
FOODS_1_189,TX_2,11609,2.24
FOODS_1_204,TX_2,11609,0.94
FOODS_2_001,TX_2,11609,1.78
FOODS_2_003,TX_2,11609,1.98
FOODS_2_005,TX_2,11609,3.94
FOODS_2_010,TX_2,11609,2.47
FOODS_2_004,TX_2,11609,3.77
FOODS_2_013,TX_2,11609,1.78
FOODS_2_016,TX_2,11609,1.25
FOODS_2_020,TX_2,11609,2.5
FOODS_2_022,TX_2,11609,6.98
FOODS_2_042,TX_2,11609,2.18
FOODS_2_039,TX_2,11609,4.98
FOODS_2_057,TX_2,11609,3.98
FOODS_2_064,TX_2,11609,2.18
FOODS_2_065,TX_2,11609,0.84
FOODS_2_068,TX_2,11609,7.98
FOODS_2_075,TX_2,11609,2.32
FOODS_2_070,TX_2,11609,5.98
FOODS_2_093,TX_2,11609,2.47
FOODS_2_101,TX_2,11609,5.98
FOODS_2_105,TX_2,11609,3.44
FOODS_2_116,TX_2,11609,1.74
FOODS_2_133,TX_2,11609,2.5
FOODS_2_135,TX_2,11609,2.0
FOODS_2_154,TX_2,11609,13.97
FOODS_2_156,TX_2,11609,1.32
FOODS_2_163,TX_2,11609,2.5
FOODS_2_161,TX_2,11609,7.47
FOODS_2_162,TX_2,11609,2.97
FOODS_2_170,TX_2,11609,2.83
FOODS_2_181,TX_2,11609,1.78
FOODS_2_180,TX_2,11609,2.0
FOODS_2_178,TX_2,11609,2.5
FOODS_2_182,TX_2,11609,2.0
FOODS_2_184,TX_2,11609,3.98
FOODS_2_187,TX_2,11609,5.0
FOODS_2_197,TX_2,11609,2.98
FOODS_2_219,TX_2,11609,2.5
FOODS_2_222,TX_2,11609,2.47
FOODS_2_226,TX_2,11609,7.98
FOODS_2_227,TX_2,11609,4.48
FOODS_2_258,TX_2,11609,3.22
FOODS_2_279,TX_2,11609,2.47
FOODS_2_277,TX_2,11609,1.28
FOODS_2_285,TX_2,11609,3.98
FOODS_2_294,TX_2,11609,1.0
FOODS_2_305,TX_2,11609,8.96
FOODS_2_326,TX_2,11609,0.84
FOODS_2_325,TX_2,11609,1.25
FOODS_2_337,TX_2,11609,5.92
FOODS_2_349,TX_2,11609,5.98
FOODS_2_350,TX_2,11609,4.74
FOODS_2_378,TX_2,11609,2.96
FOODS_2_383,TX_2,11609,1.87
FOODS_2_392,TX_2,11609,4.98
FOODS_2_397,TX_2,11609,2.83
FOODS_3_014,TX_2,11609,1.98
FOODS_3_011,TX_2,11609,1.88
FOODS_3_030,TX_2,11609,1.25
FOODS_3_043,TX_2,11609,2.56
FOODS_3_044,TX_2,11609,2.88
FOODS_3_054,TX_2,11609,2.18
FOODS_3_069,TX_2,11609,2.98
FOODS_3_065,TX_2,11609,3.98
FOODS_3_088,TX_2,11609,2.78
FOODS_3_102,TX_2,11609,1.98
FOODS_3_116,TX_2,11609,1.18
FOODS_3_150,TX_2,11609,1.88
FOODS_3_149,TX_2,11609,2.5
FOODS_3_157,TX_2,11609,3.32
FOODS_3_165,TX_2,11609,3.54
FOODS_3_175,TX_2,11609,6.98
FOODS_3_171,TX_2,11609,2.48
FOODS_3_182,TX_2,11609,1.98
FOODS_3_079,CA_1,11609,5.98
FOODS_3_081,CA_1,11609,4.74
FOODS_3_089,CA_1,11609,1.0
FOODS_3_087,CA_1,11609,2.56
FOODS_3_100,CA_1,11609,3.98
FOODS_3_103,CA_1,11609,3.28
FOODS_3_106,CA_1,11609,1.0
FOODS_3_105,CA_1,11609,2.88
FOODS_3_127,CA_1,11609,3.78
FOODS_3_130,CA_1,11609,2.68
FOODS_3_151,CA_1,11609,2.5
FOODS_3_154,CA_1,11609,2.98
FOODS_3_160,CA_1,11609,2.68
FOODS_3_158,CA_1,11609,6.24
FOODS_3_172,CA_1,11609,1.78
FOODS_3_184,CA_1,11609,3.43
FOODS_3_192,CA_1,11609,5.48
FOODS_3_202,CA_1,11609,4.68
FOODS_3_210,CA_1,11609,2.18
FOODS_3_224,CA_1,11609,3.98
FOODS_3_225,CA_1,11609,1.98
FOODS_3_220,CA_1,11609,2.98
FOODS_3_265,CA_1,11609,3.98
FOODS_3_268,CA_1,11609,2.18
FOODS_3_270,CA_1,11609,2.98
FOODS_3_264,CA_1,11609,3.98
FOODS_3_280,CA_1,11609,4.28
FOODS_3_285,CA_1,11609,1.25
FOODS_3_287,CA_1,11609,7.48
FOODS_3_299,CA_1,11609,1.5
FOODS_3_311,CA_1,11609,2.98
FOODS_3_327,CA_1,11609,3.28
FOODS_3_352,CA_1,11609,3.64
FOODS_3_359,CA_1,11609,2.78
FOODS_3_353,CA_1,11609,8.98
FOODS_3_363,CA_1,11609,2.77
FOODS_3_390,CA_1,11609,1.78
FOODS_3_402,CA_1,11609,6.48
FOODS_3_411,CA_1,11609,2.98
FOODS_3_424,CA_1,11609,3.88
FOODS_3_423,CA_1,11609,2.98
FOODS_3_435,CA_1,11609,1.48
FOODS_3_437,CA_1,11609,1.0
FOODS_3_440,CA_1,11609,5.22
FOODS_3_446,CA_1,11609,1.18
FOODS_3_449,CA_1,11609,1.98
FOODS_3_450,CA_1,11609,3.0
FOODS_3_452,CA_1,11609,4.98
FOODS_3_451,CA_1,11609,1.48
FOODS_3_456,CA_1,11609,3.98
FOODS_3_462,CA_1,11609,1.0
FOODS_3_464,CA_1,11609,3.48
FOODS_3_483,CA_1,11609,2.98
FOODS_3_494,CA_1,11609,2.98
FOODS_3_510,CA_1,11609,2.0
FOODS_3_538,CA_1,11609,1.38
FOODS_3_547,CA_1,11609,0.25
FOODS_3_545,CA_1,11609,1.0
FOODS_3_556,CA_1,11609,2.56
FOODS_3_554,CA_1,11609,3.48
FOODS_3_549,CA_1,11609,2.48
FOODS_3_574,CA_1,11609,5.98
FOODS_3_580,CA_1,11609,0.25
FOODS_3_593,CA_1,11609,6.98
FOODS_3_610,CA_1,11609,1.98
FOODS_3_614,CA_1,11609,1.0
FOODS_3_606,CA_1,11609,2.88
FOODS_3_624,CA_1,11609,2.48
FOODS_3_634,CA_1,11609,3.98
FOODS_3_637,CA_1,11609,2.98
FOODS_3_638,CA_1,11609,1.5
FOODS_3_649,CA_1,11609,6.44
FOODS_3_647,CA_1,11609,1.28
FOODS_3_668,CA_1,11609,1.68
FOODS_3_670,CA_1,11609,1.98
FOODS_3_673,CA_1,11609,5.98
FOODS_3_684,CA_1,11609,1.88
FOODS_3_695,CA_1,11609,3.98
FOODS_3_714,CA_1,11609,1.58
FOODS_3_715,CA_1,11609,3.98
FOODS_3_709,CA_1,11609,2.42
FOODS_3_717,CA_1,11609,1.98
FOODS_3_719,CA_1,11609,2.5
FOODS_3_720,CA_1,11609,4.54
FOODS_3_738,CA_1,11609,1.6
FOODS_3_743,CA_1,11609,2.98
FOODS_3_762,CA_1,11609,3.27
FOODS_3_754,CA_1,11609,6.24
FOODS_3_759,CA_1,11609,2.98
FOODS_3_763,CA_1,11609,3.48
FOODS_3_780,CA_1,11609,2.98
FOODS_3_782,CA_1,11609,2.68
FOODS_3_792,CA_1,11609,1.0
FOODS_3_801,CA_1,11609,1.0
HOBBIES_1_003,CA_2,11609,2.97
HOBBIES_1_009,CA_2,11609,1.77
HOBBIES_1_022,CA_2,11609,7.18
HOBBIES_1_064,CA_2,11609,12.97
HOBBIES_1_068,CA_2,11609,7.0
HOBBIES_1_086,CA_2,11609,8.26
HOBBIES_1_095,CA_2,11609,7.68
HOBBIES_1_109,CA_2,11609,6.12
HOBBIES_1_121,CA_2,11609,1.12
HOBBIES_1_126,CA_2,11609,9.58
HOBBIES_1_137,CA_2,11609,8.98
HOBBIES_1_139,CA_2,11609,2.74
HOBBIES_1_150,CA_2,11609,1.77
HOBBIES_1_153,CA_2,11609,6.38
HOBBIES_1_163,CA_2,11609,9.42
HOBBIES_1_169,CA_2,11609,0.57
HOBBIES_1_162,CA_2,11609,3.98
HOBBIES_1_161,CA_2,11609,0.7
HOBBIES_1_173,CA_2,11609,10.97
HOBBIES_1_193,CA_2,11609,8.77
HOBBIES_1_197,CA_2,11609,12.84
HOBBIES_1_192,CA_2,11609,3.54
HOBBIES_1_198,CA_2,11609,8.38
HOBBIES_1_191,CA_2,11609,8.97
HOBBIES_1_226,CA_2,11609,13.98
HOBBIES_1_238,CA_2,11609,5.94
HOBBIES_1_245,CA_2,11609,4.97
HOBBIES_1_251,CA_2,11609,15.83
HOBBIES_1_253,CA_2,11609,11.98
HOBBIES_1_246,CA_2,11609,10.98
HOBBIES_1_262,CA_2,11609,8.98
HOBBIES_1_271,CA_2,11609,5.77
HOBBIES_1_279,CA_2,11609,3.78
HOBBIES_1_285,CA_2,11609,10.88
HOBBIES_1_302,CA_2,11609,2.88
HOBBIES_1_313,CA_2,11609,1.23
HOBBIES_1_317,CA_2,11609,7.98
HOBBIES_1_316,CA_2,11609,0.94
HOBBIES_1_336,CA_2,11609,1.88
HOBBIES_1_340,CA_2,11609,7.98
HOBBIES_1_343,CA_2,11609,5.32
HOBBIES_1_347,CA_2,11609,9.88
HOBBIES_1_359,CA_2,11609,1.47
HOBBIES_1_354,CA_2,11609,22.98
HOBBIES_1_379,CA_2,11609,2.24
HOBBIES_1_386,CA_2,11609,5.86
HOBBIES_1_396,CA_2,11609,1.88
HOBBIES_1_400,CA_2,11609,1.14
HOBBIES_1_402,CA_2,11609,9.94
HOBBIES_1_409,CA_2,11609,5.76
HOBBIES_1_415,CA_2,11609,6.68
HOBBIES_1_417,CA_2,11609,0.57
HOBBIES_1_424,CA_2,11609,1.77
HOBBIES_2_006,CA_2,11609,3.97
HOBBIES_2_021,CA_2,11609,0.97
HOBBIES_2_052,CA_2,11609,2.47
FOODS_3_742,CA_4,11609,1.25
FOODS_3_741,CA_4,11609,1.35
FOODS_3_752,CA_4,11609,0.25
FOODS_3_760,CA_4,11609,2.88
FOODS_3_769,CA_4,11609,1.25
FOODS_3_772,CA_4,11609,5.44
FOODS_3_768,CA_4,11609,1.98
FOODS_3_784,CA_4,11609,1.48
FOODS_3_779,CA_4,11609,2.48
FOODS_3_791,CA_4,11609,2.5
FOODS_3_799,CA_4,11609,2.18
FOODS_3_812,CA_4,11609,2.94
FOODS_3_806,CA_4,11609,2.56
HOBBIES_1_006,TX_1,11609,0.96
HOBBIES_1_013,TX_1,11609,1.97
HOBBIES_1_032,TX_1,11609,0.57
HOBBIES_1_034,TX_1,11609,4.86
HOBBIES_1_033,TX_1,11609,16.86
HOBBIES_1_039,TX_1,11609,5.88
HOBBIES_1_049,TX_1,11609,7.88
HOBBIES_1_058,TX_1,11609,8.82
HOBBIES_1_075,TX_1,11609,6.76
HOBBIES_1_077,TX_1,11609,9.46
HOBBIES_1_090,TX_1,11609,1.08
HOBBIES_1_102,TX_1,11609,4.98
HOBBIES_1_117,TX_1,11609,12.68
HOBBIES_1_124,TX_1,11609,5.98
HOBBIES_1_122,TX_1,11609,1.63
HOBBIES_1_134,TX_1,11609,3.87
HOBBIES_1_131,TX_1,11609,0.68
HOBBIES_1_144,TX_1,11609,11.28
HOBBIES_1_145,TX_1,11609,1.28
HOBBIES_1_148,TX_1,11609,4.88
HOBBIES_1_152,TX_1,11609,4.86
HOBBIES_1_165,TX_1,11609,4.97
HOBBIES_1_178,TX_1,11609,0.48
HOBBIES_1_185,TX_1,11609,3.24
HOBBIES_1_181,TX_1,11609,1.97
HOBBIES_1_209,TX_1,11609,0.7
HOBBIES_1_210,TX_1,11609,5.47
HOBBIES_1_218,TX_1,11609,10.58
HOBBIES_1_219,TX_1,11609,1.74
HOBBIES_1_232,TX_1,11609,0.48
HOBBIES_1_237,TX_1,11609,7.98
HOBBIES_1_268,TX_1,11609,0.48
HOBBIES_1_275,TX_1,11609,11.93
HOBBIES_1_283,TX_1,11609,9.84
HOBBIES_1_290,TX_1,11609,5.77
HOBBIES_1_326,TX_1,11609,1.97
HOBBIES_1_337,TX_1,11609,3.67
HOBBIES_1_346,TX_1,11609,3.97
HOBBIES_1_344,TX_1,11609,11.78
HOBBIES_1_356,TX_1,11609,5.76
HOBBIES_1_349,TX_1,11609,9.98
HOBBIES_1_363,TX_1,11609,2.88
HOBBIES_1_369,TX_1,11609,1.08
HOBBIES_1_377,TX_1,11609,9.98
HOBBIES_1_375,TX_1,11609,9.88
HOBBIES_1_388,TX_1,11609,2.73
HOBBIES_1_385,TX_1,11609,8.98
HOBBIES_1_393,TX_1,11609,27.98
HOBBIES_1_410,TX_1,11609,28.96
HOBBIES_1_422,TX_1,11609,3.62
HOBBIES_2_005,TX_1,11609,4.47
HOBBIES_2_016,TX_1,11609,4.97
HOBBIES_2_017,TX_1,11609,0.5
HOBBIES_2_026,TX_1,11609,0.23
HOBBIES_2_039,TX_1,11609,4.97
HOBBIES_2_033,TX_1,11609,2.88
HOBBIES_2_042,TX_1,11609,0.74
HOBBIES_2_054,TX_1,11609,3.97
HOBBIES_2_058,TX_1,11609,0.5
HOBBIES_2_080,TX_1,11609,3.97
HOBBIES_2_083,TX_1,11609,2.88
HOBBIES_2_089,TX_1,11609,2.97
HOBBIES_2_092,TX_1,11609,4.97
HOBBIES_2_091,TX_1,11609,0.97
HOBBIES_2_115,TX_1,11609,2.47
HOBBIES_2_122,TX_1,11609,0.88
HOUSEHOLD_1_010,TX_1,11609,3.17
HOUSEHOLD_1_021,TX_1,11609,1.87
HOUSEHOLD_1_024,TX_1,11609,1.47
HOUSEHOLD_1_042,TX_1,11609,9.97
HOUSEHOLD_1_046,TX_1,11609,3.78
HOUSEHOLD_1_047,TX_1,11609,4.23
HOUSEHOLD_1_065,TX_1,11609,0.98
HOUSEHOLD_1_081,TX_1,11609,7.98
HOUSEHOLD_1_096,TX_1,11609,3.97
HOUSEHOLD_1_098,TX_1,11609,7.98
HOUSEHOLD_1_125,TX_1,11609,5.72
HOUSEHOLD_1_127,TX_1,11609,7.98
HOUSEHOLD_1_130,TX_1,11609,6.42
HOUSEHOLD_1_138,TX_1,11609,4.94
HOUSEHOLD_1_142,TX_1,11609,6.27
HOUSEHOLD_1_150,TX_1,11609,12.48
HOUSEHOLD_1_154,TX_1,11609,2.96
HOUSEHOLD_1_162,TX_1,11609,5.97
HOUSEHOLD_1_157,TX_1,11609,4.47
HOUSEHOLD_1_152,TX_1,11609,9.98
HOUSEHOLD_1_172,TX_1,11609,1.96
HOUSEHOLD_1_180,TX_1,11609,2.92
HOUSEHOLD_1_204,TX_1,11609,1.88
HOUSEHOLD_1_201,TX_1,11609,4.84
HOUSEHOLD_1_214,TX_1,11609,1.87
HOUSEHOLD_1_224,TX_1,11609,7.97
HOUSEHOLD_1_223,TX_1,11609,9.47
HOUSEHOLD_1_220,TX_1,11609,1.83
HOUSEHOLD_1_229,TX_1,11609,2.48
HOUSEHOLD_1_243,TX_1,11609,1.97
HOUSEHOLD_1_239,TX_1,11609,3.97
HOUSEHOLD_1_258,TX_1,11609,2.97
HOUSEHOLD_1_263,TX_1,11609,7.42
HOUSEHOLD_1_271,TX_1,11609,2.98
HOUSEHOLD_1_288,TX_1,11609,7.93
HOUSEHOLD_1_289,TX_1,11609,4.96
HOUSEHOLD_1_297,TX_1,11609,7.94
HOUSEHOLD_1_309,TX_1,11609,6.88
HOUSEHOLD_1_330,TX_1,11609,2.42
HOUSEHOLD_1_339,TX_1,11609,0.96
HOUSEHOLD_1_350,TX_1,11609,2.74
HOUSEHOLD_1_365,TX_1,11609,3.96
HOUSEHOLD_1_377,TX_1,11609,8.96
HOUSEHOLD_1_399,TX_1,11609,0.97
HOUSEHOLD_1_408,TX_1,11609,5.48
HOUSEHOLD_1_409,TX_1,11609,2.94
HOUSEHOLD_1_407,TX_1,11609,5.24
HOUSEHOLD_1_405,TX_1,11609,2.98
HOUSEHOLD_1_416,TX_1,11609,3.47
HOUSEHOLD_1_425,TX_1,11609,1.97
HOUSEHOLD_1_428,TX_1,11609,7.97
HOUSEHOLD_1_424,TX_1,11609,2.97
HOUSEHOLD_1_423,TX_1,11609,2.96
HOUSEHOLD_1_439,TX_1,11609,0.94
HOUSEHOLD_1_446,TX_1,11609,3.93
HOUSEHOLD_1_447,TX_1,11609,0.96
HOUSEHOLD_1_449,TX_1,11609,15.72
HOUSEHOLD_1_444,TX_1,11609,4.88
HOUSEHOLD_1_448,TX_1,11609,0.96
HOUSEHOLD_1_442,TX_1,11609,8.97
HOUSEHOLD_1_454,TX_1,11609,2.97
HOUSEHOLD_1_466,TX_1,11609,3.96
HOUSEHOLD_1_467,TX_1,11609,11.98
HOUSEHOLD_1_490,TX_1,11609,12.82
HOUSEHOLD_1_504,TX_1,11609,3.38
HOUSEHOLD_1_497,TX_1,11609,15.72
HOUSEHOLD_1_513,TX_1,11609,9.97
HOUSEHOLD_1_507,TX_1,11609,1.77
HOUSEHOLD_1_509,TX_1,11609,3.17
HOBBIES_1_211,WI_1,11609,4.72
HOBBIES_1_221,WI_1,11609,2.97
HOBBIES_1_215,WI_1,11609,10.98
HOBBIES_1_214,WI_1,11609,9.88
HOBBIES_1_239,WI_1,11609,2.97
HOBBIES_1_254,WI_1,11609,0.7
HOBBIES_1_257,WI_1,11609,16.76
HOBBIES_1_276,WI_1,11609,7.98
HOBBIES_1_288,WI_1,11609,0.57
HOBBIES_1_289,WI_1,11609,4.97
HOBBIES_1_295,WI_1,11609,0.48
HOBBIES_1_309,WI_1,11609,5.12
HOBBIES_1_307,WI_1,11609,3.97
HOBBIES_1_322,WI_1,11609,3.97
HOBBIES_1_335,WI_1,11609,12.88
HOBBIES_1_341,WI_1,11609,0.48
HOBBIES_1_345,WI_1,11609,7.88
HOBBIES_1_352,WI_1,11609,2.74
HOBBIES_1_365,WI_1,11609,3.97
HOBBIES_1_394,WI_1,11609,7.88
HOBBIES_2_007,WI_1,11609,0.97
HOBBIES_2_020,WI_1,11609,3.88
HOBBIES_2_019,WI_1,11609,3.37
HOBBIES_2_032,WI_1,11609,0.97
HOBBIES_2_043,WI_1,11609,0.97
HOBBIES_2_063,WI_1,11609,0.97
HOBBIES_2_069,WI_1,11609,2.97
HOBBIES_2_074,WI_1,11609,3.97
HOBBIES_2_067,WI_1,11609,2.97
HOBBIES_2_078,WI_1,11609,5.97
HOBBIES_2_088,WI_1,11609,2.77
HOBBIES_2_101,WI_1,11609,0.5
HOBBIES_2_099,WI_1,11609,0.97
HOBBIES_2_124,WI_1,11609,0.23
HOBBIES_2_133,WI_1,11609,2.88
HOBBIES_2_139,WI_1,11609,4.97
HOBBIES_2_147,WI_1,11609,0.97
HOUSEHOLD_1_005,WI_1,11609,9.97
HOUSEHOLD_1_015,WI_1,11609,5.88
HOUSEHOLD_1_022,WI_1,11609,4.84
HOUSEHOLD_1_028,WI_1,11609,2.97
HOUSEHOLD_1_036,WI_1,11609,2.98
HOUSEHOLD_1_045,WI_1,11609,2.67
HOUSEHOLD_1_050,WI_1,11609,3.97
HOUSEHOLD_1_059,WI_1,11609,3.12
HOUSEHOLD_1_057,WI_1,11609,1.77
HOUSEHOLD_1_058,WI_1,11609,6.48
HOUSEHOLD_1_060,WI_1,11609,29.97
HOUSEHOLD_1_072,WI_1,11609,7.98
HOUSEHOLD_1_068,WI_1,11609,6.97
HOUSEHOLD_1_092,WI_1,11609,1.77
HOUSEHOLD_1_100,WI_1,11609,7.97
HOUSEHOLD_1_105,WI_1,11609,3.94
HOUSEHOLD_1_109,WI_1,11609,3.97
HOUSEHOLD_1_108,WI_1,11609,4.88
HOUSEHOLD_1_107,WI_1,11609,3.48
HOUSEHOLD_1_115,WI_1,11609,4.94
HOUSEHOLD_1_122,WI_1,11609,2.26
HOUSEHOLD_1_146,WI_1,11609,5.98
HOUSEHOLD_1_140,WI_1,11609,14.97
HOUSEHOLD_1_151,WI_1,11609,0.88
HOUSEHOLD_1_160,WI_1,11609,9.97
HOUSEHOLD_1_158,WI_1,11609,3.97
HOUSEHOLD_1_159,WI_1,11609,7.93
HOUSEHOLD_1_177,WI_1,11609,6.97
HOUSEHOLD_1_175,WI_1,11609,4.88
HOUSEHOLD_1_168,WI_1,11609,2.97
HOUSEHOLD_1_171,WI_1,11609,8.97
HOUSEHOLD_1_169,WI_1,11609,2.94
HOUSEHOLD_1_179,WI_1,11609,0.98
HOUSEHOLD_1_183,WI_1,11609,4.88
HOUSEHOLD_1_193,WI_1,11609,2.42
HOUSEHOLD_1_202,WI_1,11609,1.98
HOUSEHOLD_1_212,WI_1,11609,4.47
HOUSEHOLD_1_233,WI_1,11609,11.52
HOUSEHOLD_1_236,WI_1,11609,2.47
HOUSEHOLD_1_246,WI_1,11609,3.98
HOUSEHOLD_1_252,WI_1,11609,9.47
HOUSEHOLD_1_248,WI_1,11609,8.97
HOUSEHOLD_1_257,WI_1,11609,5.24
HOUSEHOLD_1_266,WI_1,11609,1.0
HOUSEHOLD_1_294,WI_1,11609,2.27
HOUSEHOLD_1_291,WI_1,11609,3.72
HOUSEHOLD_1_304,WI_1,11609,2.36
HOUSEHOLD_1_306,WI_1,11609,1.97
HOUSEHOLD_1_300,WI_1,11609,4.88
HOUSEHOLD_1_324,WI_1,11609,5.97
HOUSEHOLD_1_327,WI_1,11609,0.98
HOUSEHOLD_1_341,WI_1,11609,4.88
HOUSEHOLD_1_347,WI_1,11609,7.97
HOUSEHOLD_1_353,WI_1,11609,3.44
HOUSEHOLD_1_374,WI_1,11609,3.97
HOUSEHOLD_1_380,WI_1,11609,4.57
HOUSEHOLD_1_385,WI_1,11609,1.97
HOUSEHOLD_1_384,WI_1,11609,4.84
HOUSEHOLD_1_386,WI_1,11609,2.96
HOUSEHOLD_1_414,WI_1,11609,0.98
HOUSEHOLD_1_420,WI_1,11609,6.42
HOUSEHOLD_1_430,WI_1,11609,0.98
HOUSEHOLD_1_438,WI_1,11609,7.33
HOUSEHOLD_1_451,WI_1,11609,6.98
HOUSEHOLD_1_465,WI_1,11609,0.97
HOUSEHOLD_1_477,WI_1,11609,13.48
HOUSEHOLD_1_483,WI_1,11609,4.54
HOUSEHOLD_1_494,WI_1,11609,7.97
HOUSEHOLD_1_505,WI_1,11609,2.47
HOUSEHOLD_1_499,WI_1,11609,3.88
HOUSEHOLD_1_514,WI_1,11609,3.97
HOUSEHOLD_1_540,WI_1,11609,1.88
HOUSEHOLD_2_014,WI_1,11609,5.97
HOUSEHOLD_2_019,WI_1,11609,9.47
HOUSEHOLD_2_020,WI_1,11609,8.47
HOUSEHOLD_2_033,WI_1,11609,6.97
HOUSEHOLD_2_054,WI_1,11609,4.87
HOUSEHOLD_2_055,WI_1,11609,8.97
HOUSEHOLD_2_065,WI_1,11609,5.47
HOUSEHOLD_2_081,WI_1,11609,2.57
HOUSEHOLD_2_087,WI_1,11609,7.94
HOUSEHOLD_2_085,WI_1,11609,7.94
HOUSEHOLD_2_098,WI_1,11609,3.47
HOUSEHOLD_2_094,WI_1,11609,5.94
HOUSEHOLD_2_104,WI_1,11609,4.97
HOUSEHOLD_2_102,WI_1,11609,2.48
HOUSEHOLD_2_115,WI_1,11609,3.87
HOUSEHOLD_2_122,WI_1,11609,6.96
HOUSEHOLD_2_148,WI_1,11609,5.94
HOUSEHOLD_2_162,WI_1,11609,3.97
HOUSEHOLD_2_182,WI_1,11609,6.98
HOUSEHOLD_2_189,WI_1,11609,14.48
HOUSEHOLD_2_188,WI_1,11609,7.24
HOUSEHOLD_2_186,WI_1,11609,9.98
HOUSEHOLD_2_194,WI_1,11609,6.27
HOUSEHOLD_2_224,WI_1,11609,3.97
HOUSEHOLD_2_100,CA_3,11609,8.64
HOUSEHOLD_2_096,CA_3,11609,3.47
HOUSEHOLD_2_112,CA_3,11609,3.97
HOUSEHOLD_2_121,CA_3,11609,1.97
HOUSEHOLD_2_133,CA_3,11609,4.97
HOUSEHOLD_2_140,CA_3,11609,6.97
HOUSEHOLD_2_145,CA_3,11609,3.97
HOUSEHOLD_2_151,CA_3,11609,4.44
HOUSEHOLD_2_158,CA_3,11609,9.96
HOUSEHOLD_2_183,CA_3,11609,4.97
HOUSEHOLD_2_185,CA_3,11609,3.33
HOUSEHOLD_2_195,CA_3,11609,14.97
HOUSEHOLD_2_198,CA_3,11609,7.97
HOUSEHOLD_2_200,CA_3,11609,6.94
HOUSEHOLD_2_206,CA_3,11609,2.87
HOUSEHOLD_2_203,CA_3,11609,2.97
HOUSEHOLD_2_222,CA_3,11609,4.97
HOUSEHOLD_2_231,CA_3,11609,3.96
HOUSEHOLD_2_246,CA_3,11609,7.87
HOUSEHOLD_2_249,CA_3,11609,8.64
HOUSEHOLD_2_253,CA_3,11609,5.97
HOUSEHOLD_2_265,CA_3,11609,4.97
HOUSEHOLD_2_269,CA_3,11609,10.97
HOUSEHOLD_2_298,CA_3,11609,3.42
HOUSEHOLD_2_304,CA_3,11609,5.94
HOUSEHOLD_2_300,CA_3,11609,7.97
HOUSEHOLD_2_310,CA_3,11609,1.42
HOUSEHOLD_2_311,CA_3,11609,5.94
HOUSEHOLD_2_315,CA_3,11609,7.67
HOUSEHOLD_2_324,CA_3,11609,14.26
HOUSEHOLD_2_337,CA_3,11609,6.77
HOUSEHOLD_2_343,CA_3,11609,2.78
HOUSEHOLD_2_338,CA_3,11609,4.92
HOUSEHOLD_2_352,CA_3,11609,2.97
HOUSEHOLD_2_357,CA_3,11609,7.97
HOUSEHOLD_2_383,CA_3,11609,3.88
HOUSEHOLD_2_390,CA_3,11609,5.98
HOUSEHOLD_2_394,CA_3,11609,6.27
HOUSEHOLD_2_392,CA_3,11609,4.97
HOUSEHOLD_2_407,CA_3,11609,4.94
HOUSEHOLD_2_397,CA_3,11609,6.98
HOUSEHOLD_2_399,CA_3,11609,2.67
HOUSEHOLD_2_408,CA_3,11609,8.48
HOUSEHOLD_2_413,CA_3,11609,3.68
HOUSEHOLD_2_437,CA_3,11609,7.97
HOUSEHOLD_2_438,CA_3,11609,8.87
HOUSEHOLD_2_434,CA_3,11609,1.88
HOUSEHOLD_2_458,CA_3,11609,3.96
HOUSEHOLD_2_471,CA_3,11609,3.48
HOUSEHOLD_2_483,CA_3,11609,4.97
HOUSEHOLD_2_489,CA_3,11609,14.47
HOUSEHOLD_2_490,CA_3,11609,3.48
HOUSEHOLD_2_492,CA_3,11609,5.92
HOUSEHOLD_2_500,CA_3,11609,5.84
FOODS_1_018,CA_3,11609,0.98
FOODS_1_012,CA_3,11609,5.64
FOODS_1_020,CA_3,11609,2.68
FOODS_1_023,CA_3,11609,5.64
FOODS_1_032,CA_3,11609,0.98
FOODS_1_038,CA_3,11609,9.94
FOODS_1_041,CA_3,11609,2.24
FOODS_1_043,CA_3,11609,1.5
FOODS_1_054,CA_3,11609,1.98
FOODS_1_060,CA_3,11609,1.68
FOODS_1_072,CA_3,11609,5.28
FOODS_1_083,CA_3,11609,2.0
FOODS_1_094,CA_3,11609,3.54
FOODS_1_093,CA_3,11609,5.64
FOODS_1_089,CA_3,11609,3.48
FOODS_1_103,CA_3,11609,4.27
FOODS_1_104,CA_3,11609,3.54
FOODS_1_112,CA_3,11609,1.98
FOODS_1_111,CA_3,11609,5.98
FOODS_1_120,CA_3,11609,1.96
FOODS_1_113,CA_3,11609,0.98
FOODS_1_124,CA_3,11609,2.24
FOODS_1_130,CA_3,11609,1.78
FOODS_1_132,CA_3,11609,1.96
FOODS_1_150,CA_3,11609,5.28
FOODS_1_148,CA_3,11609,4.84
FOODS_1_159,CA_3,11609,4.89
FOODS_1_170,CA_3,11609,5.64
FOODS_1_175,CA_3,11609,2.98
FOODS_1_184,CA_3,11609,1.0
FOODS_1_193,CA_3,11609,4.89
FOODS_1_201,CA_3,11609,2.24
FOODS_1_203,CA_3,11609,2.24
FOODS_1_205,CA_3,11609,5.28
FOODS_1_208,CA_3,11609,1.96
FOODS_1_210,CA_3,11609,1.5
FOODS_2_006,CA_3,11609,10.97
FOODS_2_009,CA_3,11609,1.48
FOODS_2_027,CA_3,11609,2.64
FOODS_2_028,CA_3,11609,3.94
FOODS_2_034,CA_3,11609,2.5
FOODS_2_047,CA_3,11609,2.96
FOODS_2_046,CA_3,11609,3.94
FOODS_2_056,CA_3,11609,6.98
FOODS_2_071,CA_3,11609,4.48
FOODS_2_077,CA_3,11609,5.92
FOODS_2_086,CA_3,11609,2.67
FOODS_2_088,CA_3,11609,7.47
FOODS_2_089,CA_3,11609,3.98
FOODS_2_114,CA_3,11609,2.5
FOODS_2_118,CA_3,11609,3.28
FOODS_2_128,CA_3,11609,0.94
FOODS_2_137,CA_3,11609,2.5
FOODS_2_142,CA_3,11609,3.98
FOODS_2_144,CA_3,11609,2.5
FOODS_2_153,CA_3,11609,2.96
FOODS_2_157,CA_3,11609,3.94
FOODS_2_171,CA_3,11609,2.97
FOODS_2_201,CA_3,11609,4.98
FOODS_2_207,CA_3,11609,7.98
FOODS_2_216,CA_3,11609,5.98
FOODS_2_229,CA_3,11609,2.18
FOODS_2_237,CA_3,11609,2.5
FOODS_2_235,CA_3,11609,2.5
FOODS_2_244,CA_3,11609,5.94
FOODS_2_246,CA_3,11609,1.98
FOODS_2_250,CA_3,11609,10.97
FOODS_2_251,CA_3,11609,7.87
FOODS_2_259,CA_3,11609,3.67
FOODS_2_262,CA_3,11609,2.0
FOODS_2_282,CA_3,11609,6.72
FOODS_2_286,CA_3,11609,1.58
FOODS_2_295,CA_3,11609,13.97
FOODS_2_298,CA_3,11609,13.97
FOODS_2_300,CA_3,11609,5.92
FOODS_2_301,CA_3,11609,3.18
FOODS_2_309,CA_3,11609,2.74
FOODS_2_322,CA_3,11609,2.97
FOODS_2_321,CA_3,11609,2.98
FOODS_2_320,CA_3,11609,1.86
FOODS_2_327,CA_3,11609,2.0
FOODS_2_361,CA_3,11609,3.94
FOODS_2_368,CA_3,11609,7.87
FOODS_2_370,CA_3,11609,4.97
FOODS_2_367,CA_3,11609,4.97
FOODS_2_366,CA_3,11609,2.5
FOODS_2_376,CA_3,11609,2.0
FOODS_2_381,CA_3,11609,2.5
FOODS_2_379,CA_3,11609,6.98
FOODS_2_384,CA_3,11609,2.28
FOODS_3_005,CA_3,11609,2.28
FOODS_3_012,CA_3,11609,2.68
FOODS_3_010,CA_3,11609,2.84
FOODS_3_006,CA_3,11609,7.88
FOODS_3_019,CA_3,11609,1.98
FOODS_3_023,CA_3,11609,3.98
FOODS_3_018,CA_3,11609,4.54
FOODS_3_032,CA_3,11609,2.98
FOODS_3_034,CA_3,11609,2.56
FOODS_3_033,CA_3,11609,2.5
FOODS_3_038,CA_3,11609,4.98
FOODS_3_042,CA_3,11609,1.68
FOODS_3_046,CA_3,11609,1.98
FOODS_3_047,CA_3,11609,1.0
FOODS_3_061,CA_3,11609,2.98
FOODS_3_058,CA_3,11609,1.98
FOODS_3_078,CA_3,11609,2.97
FOODS_3_070,CA_3,11609,0.25
FOODS_3_071,CA_3,11609,1.34
FOODS_3_091,CA_3,11609,5.98
FOODS_3_092,CA_3,11609,3.98
FOODS_3_096,CA_3,11609,4.68
FOODS_3_101,CA_3,11609,1.0
FOODS_3_117,CA_3,11609,1.98
FOODS_3_119,CA_3,11609,4.28
HOUSEHOLD_1_522,TX_1,11609,1.73
HOUSEHOLD_1_524,TX_1,11609,3.97
HOUSEHOLD_1_531,TX_1,11609,7.93
HOUSEHOLD_1_538,TX_1,11609,3.48
HOUSEHOLD_2_003,TX_1,11609,8.94
HOUSEHOLD_2_005,TX_1,11609,5.47
HOUSEHOLD_2_015,TX_1,11609,4.44
HOUSEHOLD_2_013,TX_1,11609,5.94
HOUSEHOLD_2_017,TX_1,11609,3.72
HOUSEHOLD_2_021,TX_1,11609,4.47
HOUSEHOLD_2_024,TX_1,11609,2.22
HOUSEHOLD_2_035,TX_1,11609,5.94
HOUSEHOLD_2_053,TX_1,11609,1.97
HOUSEHOLD_2_061,TX_1,11609,2.97
HOUSEHOLD_2_069,TX_1,11609,10.83
HOUSEHOLD_2_079,TX_1,11609,4.47
HOUSEHOLD_2_103,TX_1,11609,1.97
HOUSEHOLD_2_110,TX_1,11609,3.17
HOUSEHOLD_2_116,TX_1,11609,5.64
HOUSEHOLD_2_120,TX_1,11609,7.94
HOUSEHOLD_2_136,TX_1,11609,4.87
HOUSEHOLD_2_153,TX_1,11609,9.94
HOUSEHOLD_2_163,TX_1,11609,7.98
HOUSEHOLD_2_160,TX_1,11609,3.93
HOUSEHOLD_2_161,TX_1,11609,10.97
HOUSEHOLD_2_165,TX_1,11609,5.84
HOUSEHOLD_2_176,TX_1,11609,4.97
HOUSEHOLD_2_174,TX_1,11609,3.97
HOUSEHOLD_2_177,TX_1,11609,2.98
HOUSEHOLD_2_180,TX_1,11609,2.84
HOUSEHOLD_2_192,TX_1,11609,1.97
HOUSEHOLD_2_199,TX_1,11609,3.93
HOUSEHOLD_2_239,TX_1,11609,1.24
HOUSEHOLD_2_244,TX_1,11609,3.97
HOUSEHOLD_2_254,TX_1,11609,4.44
HOUSEHOLD_2_252,TX_1,11609,6.97
HOUSEHOLD_2_257,TX_1,11609,5.73
HOUSEHOLD_2_256,TX_1,11609,5.94
HOUSEHOLD_2_262,TX_1,11609,4.97
HOUSEHOLD_2_271,TX_1,11609,4.78
HOUSEHOLD_2_278,TX_1,11609,10.98
HOUSEHOLD_2_281,TX_1,11609,5.27
HOUSEHOLD_2_289,TX_1,11609,5.74
HOUSEHOLD_2_306,TX_1,11609,3.96
HOUSEHOLD_2_312,TX_1,11609,3.97
HOUSEHOLD_2_316,TX_1,11609,7.24
HOUSEHOLD_2_317,TX_1,11609,4.44
HOUSEHOLD_2_321,TX_1,11609,5.24
HOUSEHOLD_2_329,TX_1,11609,2.72
HOUSEHOLD_2_361,TX_1,11609,6.94
HOUSEHOLD_2_374,TX_1,11609,2.98
HOUSEHOLD_2_376,TX_1,11609,3.82
HOUSEHOLD_2_391,TX_1,11609,12.94
HOUSEHOLD_2_406,TX_1,11609,12.46
HOUSEHOLD_2_405,TX_1,11609,5.64
HOUSEHOLD_2_415,TX_1,11609,2.46
HOUSEHOLD_2_419,TX_1,11609,5.47
HOUSEHOLD_2_441,TX_1,11609,4.94
HOUSEHOLD_2_451,TX_1,11609,3.42
HOUSEHOLD_2_455,TX_1,11609,7.74
HOUSEHOLD_2_459,TX_1,11609,19.54
HOUSEHOLD_2_462,TX_1,11609,7.97
HOUSEHOLD_2_466,TX_1,11609,6.46
HOUSEHOLD_2_479,TX_1,11609,5.94
HOUSEHOLD_2_491,TX_1,11609,6.96
HOUSEHOLD_2_493,TX_1,11609,1.94
HOUSEHOLD_2_499,TX_1,11609,1.97
HOUSEHOLD_2_512,TX_1,11609,3.97
HOUSEHOLD_2_506,TX_1,11609,6.97
FOODS_1_004,TX_1,11609,1.96
FOODS_1_013,TX_1,11609,1.5
FOODS_1_035,TX_1,11609,2.68
FOODS_1_057,TX_1,11609,2.24
FOODS_1_056,TX_1,11609,2.24
FOODS_1_069,TX_1,11609,2.68
FOODS_1_088,TX_1,11609,5.28
FOODS_1_091,TX_1,11609,2.24
FOODS_1_119,TX_1,11609,3.54
FOODS_1_123,TX_1,11609,3.54
FOODS_1_117,TX_1,11609,2.24
FOODS_1_118,TX_1,11609,0.98
FOODS_1_134,TX_1,11609,1.98
FOODS_1_145,TX_1,11609,0.98
FOODS_1_152,TX_1,11609,8.58
FOODS_1_161,TX_1,11609,0.94
FOODS_1_167,TX_1,11609,4.86
FOODS_1_164,TX_1,11609,6.27
FOODS_1_171,TX_1,11609,5.37
FOODS_1_169,TX_1,11609,3.48
FOODS_1_178,TX_1,11609,9.98
FOODS_1_186,TX_1,11609,5.98
FOODS_1_200,TX_1,11609,0.94
FOODS_1_218,TX_1,11609,0.94
FOODS_2_015,TX_1,11609,2.36
FOODS_2_032,TX_1,11609,2.18
FOODS_2_036,TX_1,11609,3.5
FOODS_2_035,TX_1,11609,5.0
FOODS_2_053,TX_1,11609,6.92
FOODS_2_061,TX_1,11609,2.0
FOODS_2_072,TX_1,11609,2.5
FOODS_2_076,TX_1,11609,10.97
FOODS_2_080,TX_1,11609,2.18
FOODS_2_085,TX_1,11609,3.25
FOODS_2_084,TX_1,11609,2.97
FOODS_2_102,TX_1,11609,10.97
FOODS_2_120,TX_1,11609,2.64
FOODS_2_117,TX_1,11609,5.97
FOODS_2_127,TX_1,11609,7.47
FOODS_2_129,TX_1,11609,9.42
FOODS_2_164,TX_1,11609,2.22
FOODS_2_166,TX_1,11609,2.18
FOODS_2_189,TX_1,11609,2.47
FOODS_2_190,TX_1,11609,2.5
FOODS_2_195,TX_1,11609,2.97
FOODS_2_199,TX_1,11609,0.84
FOODS_2_208,TX_1,11609,6.98
FOODS_2_210,TX_1,11609,3.74
FOODS_2_217,TX_1,11609,3.98
FOODS_2_236,TX_1,11609,2.98
FOODS_2_243,TX_1,11609,7.98
FOODS_2_256,TX_1,11609,6.36
FOODS_2_267,TX_1,11609,1.68
FOODS_2_268,TX_1,11609,3.76
FOODS_2_274,TX_1,11609,6.98
FOODS_2_273,TX_1,11609,2.5
FOODS_2_281,TX_1,11609,7.98
FOODS_2_284,TX_1,11609,2.47
FOODS_2_283,TX_1,11609,1.32
FOODS_2_297,TX_1,11609,3.5
FOODS_2_292,TX_1,11609,3.28
FOODS_2_308,TX_1,11609,2.98
FOODS_2_335,TX_1,11609,3.14
FOODS_2_342,TX_1,11609,5.74
FOODS_2_348,TX_1,11609,5.98
HOUSEHOLD_1_285,TX_3,11609,2.76
HOUSEHOLD_1_283,TX_3,11609,1.48
HOUSEHOLD_1_286,TX_3,11609,4.93
HOUSEHOLD_1_298,TX_3,11609,3.72
HOUSEHOLD_1_305,TX_3,11609,2.97
HOUSEHOLD_1_308,TX_3,11609,6.94
HOUSEHOLD_1_314,TX_3,11609,7.98
HOUSEHOLD_1_323,TX_3,11609,4.68
HOUSEHOLD_1_322,TX_3,11609,2.97
HOUSEHOLD_1_332,TX_3,11609,9.74
HOUSEHOLD_1_354,TX_3,11609,1.93
HOUSEHOLD_1_367,TX_3,11609,3.97
HOUSEHOLD_1_366,TX_3,11609,5.96
HOUSEHOLD_1_361,TX_3,11609,1.88
HOUSEHOLD_1_363,TX_3,11609,2.97
HOUSEHOLD_1_375,TX_3,11609,7.97
HOUSEHOLD_1_387,TX_3,11609,2.88
HOUSEHOLD_1_388,TX_3,11609,3.47
HOUSEHOLD_1_406,TX_3,11609,4.97
HOUSEHOLD_1_417,TX_3,11609,5.48
HOUSEHOLD_1_429,TX_3,11609,2.92
HOUSEHOLD_1_437,TX_3,11609,2.96
HOUSEHOLD_1_457,TX_3,11609,10.47
HOUSEHOLD_1_464,TX_3,11609,9.47
HOUSEHOLD_1_472,TX_3,11609,4.82
HOUSEHOLD_1_482,TX_3,11609,2.96
HOUSEHOLD_1_491,TX_3,11609,6.42
HOUSEHOLD_1_523,TX_3,11609,20.53
HOUSEHOLD_1_526,TX_3,11609,4.94
HOUSEHOLD_1_535,TX_3,11609,6.97
HOUSEHOLD_1_532,TX_3,11609,2.48
HOUSEHOLD_1_541,TX_3,11609,6.97
HOUSEHOLD_2_002,TX_3,11609,2.67
HOUSEHOLD_2_006,TX_3,11609,3.44
HOUSEHOLD_2_008,TX_3,11609,2.46
HOUSEHOLD_2_011,TX_3,11609,5.62
HOUSEHOLD_2_031,TX_3,11609,5.94
HOUSEHOLD_2_034,TX_3,11609,11.78
HOUSEHOLD_2_037,TX_3,11609,11.84
HOUSEHOLD_2_047,TX_3,11609,3.67
HOUSEHOLD_2_048,TX_3,11609,3.94
HOUSEHOLD_2_045,TX_3,11609,8.64
HOUSEHOLD_2_044,TX_3,11609,3.48
HOUSEHOLD_2_064,TX_3,11609,3.87
HOUSEHOLD_2_086,TX_3,11609,3.97
HOUSEHOLD_2_093,TX_3,11609,3.24
HOUSEHOLD_2_088,TX_3,11609,6.97
HOUSEHOLD_2_092,TX_3,11609,5.94
HOUSEHOLD_2_111,TX_3,11609,6.44
HOUSEHOLD_2_113,TX_3,11609,1.88
HOUSEHOLD_2_118,TX_3,11609,3.42
HOUSEHOLD_2_128,TX_3,11609,5.94
HOUSEHOLD_2_131,TX_3,11609,11.97
HOUSEHOLD_2_129,TX_3,11609,5.73
HOUSEHOLD_2_134,TX_3,11609,5.94
HOUSEHOLD_2_142,TX_3,11609,1.97
HOUSEHOLD_2_146,TX_3,11609,6.47
HOUSEHOLD_2_168,TX_3,11609,6.94
HOUSEHOLD_2_169,TX_3,11609,5.84
HOUSEHOLD_2_167,TX_3,11609,2.88
HOUSEHOLD_2_191,TX_3,11609,5.44
HOUSEHOLD_2_193,TX_3,11609,4.94
HOUSEHOLD_2_197,TX_3,11609,3.97
HOUSEHOLD_2_201,TX_3,11609,6.54
HOUSEHOLD_2_205,TX_3,11609,5.84
HOUSEHOLD_2_221,TX_3,11609,2.77
HOUSEHOLD_2_234,TX_3,11609,5.73
HOUSEHOLD_2_247,TX_3,11609,3.97
HOUSEHOLD_2_255,TX_3,11609,9.97
HOUSEHOLD_2_268,TX_3,11609,5.47
HOUSEHOLD_2_272,TX_3,11609,5.47
HOUSEHOLD_2_282,TX_3,11609,5.84
HOUSEHOLD_2_286,TX_3,11609,2.14
HOUSEHOLD_2_290,TX_3,11609,6.24
HOUSEHOLD_2_307,TX_3,11609,5.98
HOUSEHOLD_2_319,TX_3,11609,1.98
HOUSEHOLD_2_331,TX_3,11609,3.97
HOUSEHOLD_2_335,TX_3,11609,6.24
HOUSEHOLD_2_340,TX_3,11609,4.98
HOUSEHOLD_2_344,TX_3,11609,5.74
HOUSEHOLD_2_355,TX_3,11609,11.67
HOUSEHOLD_2_366,TX_3,11609,4.17
HOUSEHOLD_2_367,TX_3,11609,7.47
HOUSEHOLD_2_371,TX_3,11609,0.78
HOUSEHOLD_2_377,TX_3,11609,4.97
HOUSEHOLD_2_382,TX_3,11609,3.48
HOUSEHOLD_2_385,TX_3,11609,7.47
HOUSEHOLD_2_398,TX_3,11609,7.97
HOUSEHOLD_2_400,TX_3,11609,3.88
HOUSEHOLD_2_412,TX_3,11609,5.94
HOUSEHOLD_2_421,TX_3,11609,4.97
HOUSEHOLD_2_424,TX_3,11609,2.88
HOUSEHOLD_2_431,TX_3,11609,9.47
HOUSEHOLD_2_435,TX_3,11609,5.97
HOUSEHOLD_2_432,TX_3,11609,5.47
HOUSEHOLD_2_439,TX_3,11609,5.84
HOUSEHOLD_2_443,TX_3,11609,4.66
HOUSEHOLD_2_453,TX_3,11609,6.47
HOUSEHOLD_2_463,TX_3,11609,5.47
HOUSEHOLD_2_470,TX_3,11609,0.88
HOUSEHOLD_2_486,TX_3,11609,5.97
HOUSEHOLD_2_482,TX_3,11609,5.73
HOUSEHOLD_2_495,TX_3,11609,5.84
HOUSEHOLD_2_488,TX_3,11609,4.97
HOUSEHOLD_2_487,TX_3,11609,9.98
HOUSEHOLD_2_502,TX_3,11609,8.86
HOUSEHOLD_2_513,TX_3,11609,2.78
HOUSEHOLD_2_515,TX_3,11609,1.97
FOODS_1_026,TX_3,11609,6.98
FOODS_1_046,TX_3,11609,0.94
FOODS_1_047,TX_3,11609,3.54
FOODS_1_055,TX_3,11609,4.38
FOODS_1_061,TX_3,11609,2.24
FOODS_1_067,TX_3,11609,2.0
FOODS_1_068,TX_3,11609,3.58
FOODS_1_077,TX_3,11609,3.28
FOODS_1_079,TX_3,11609,4.91
FOODS_1_097,TX_3,11609,0.98
FOODS_1_099,TX_3,11609,0.94
FOODS_1_122,TX_3,11609,1.98
FOODS_1_136,TX_3,11609,4.86
FOODS_1_138,TX_3,11609,2.68
FOODS_1_140,TX_3,11609,6.98
FOODS_1_135,TX_3,11609,2.68
FOODS_1_139,TX_3,11609,0.98
FOODS_1_143,TX_3,11609,2.0
FOODS_1_146,TX_3,11609,2.24
FOODS_1_142,TX_3,11609,1.5
FOODS_1_177,TX_3,11609,8.98
FOODS_1_187,TX_3,11609,9.94
FOODS_1_211,TX_3,11609,6.27
FOODS_2_008,TX_3,11609,2.5
FOODS_2_011,TX_3,11609,2.5
FOODS_2_024,TX_3,11609,2.47
FOODS_2_049,TX_3,11609,2.22
FOODS_2_054,TX_3,11609,2.97
FOODS_2_044,TX_3,11609,2.5
FOODS_2_067,TX_3,11609,2.18
FOODS_2_069,TX_3,11609,9.98
FOODS_2_074,TX_3,11609,2.47
FOODS_2_081,TX_3,11609,2.28
FOODS_2_083,TX_3,11609,6.72
FOODS_2_090,TX_3,11609,8.96
FOODS_2_109,TX_3,11609,2.68
FOODS_2_106,TX_3,11609,5.44
FOODS_2_111,TX_3,11609,5.92
FOODS_2_119,TX_3,11609,2.22
FOODS_2_115,TX_3,11609,8.74
FOODS_2_130,TX_3,11609,1.58
HOBBIES_1_009,CA_1,11609,1.77
HOBBIES_1_003,CA_1,11609,2.97
HOBBIES_1_022,CA_1,11609,7.18
HOBBIES_1_068,CA_1,11609,7.0
HOBBIES_1_064,CA_1,11609,12.97
HOBBIES_1_086,CA_1,11609,8.26
HOBBIES_1_095,CA_1,11609,7.68
HOBBIES_1_109,CA_1,11609,6.12
HOBBIES_1_121,CA_1,11609,1.12
HOBBIES_1_126,CA_1,11609,9.58
HOBBIES_1_137,CA_1,11609,8.98
HOBBIES_1_139,CA_1,11609,2.74
HOBBIES_1_150,CA_1,11609,1.77
HOBBIES_1_153,CA_1,11609,6.38
HOBBIES_1_163,CA_1,11609,9.42
HOBBIES_1_162,CA_1,11609,3.98
HOBBIES_1_161,CA_1,11609,0.7
HOBBIES_1_169,CA_1,11609,0.57
HOBBIES_1_173,CA_1,11609,10.97
HOBBIES_1_193,CA_1,11609,8.77
HOBBIES_1_192,CA_1,11609,3.54
HOBBIES_1_191,CA_1,11609,8.97
HOBBIES_1_197,CA_1,11609,12.84
HOBBIES_1_198,CA_1,11609,8.38
HOBBIES_1_226,CA_1,11609,13.98
HOBBIES_1_238,CA_1,11609,5.94
HOBBIES_1_245,CA_1,11609,4.97
HOBBIES_1_246,CA_1,11609,10.98
HOBBIES_1_251,CA_1,11609,15.83
HOBBIES_1_253,CA_1,11609,12.78
HOBBIES_1_262,CA_1,11609,8.98
HOBBIES_1_271,CA_1,11609,5.77
HOBBIES_1_279,CA_1,11609,3.78
HOBBIES_1_285,CA_1,11609,10.88
HOBBIES_1_302,CA_1,11609,2.88
HOBBIES_1_317,CA_1,11609,7.98
HOBBIES_1_313,CA_1,11609,1.23
HOBBIES_1_316,CA_1,11609,0.94
HOBBIES_1_343,CA_1,11609,5.32
HOBBIES_1_336,CA_1,11609,1.88
HOBBIES_1_340,CA_1,11609,7.98
HOBBIES_1_347,CA_1,11609,9.88
HOBBIES_1_359,CA_1,11609,1.47
HOBBIES_1_354,CA_1,11609,22.98
HOBBIES_1_379,CA_1,11609,2.24
HOBBIES_1_386,CA_1,11609,5.86
HOBBIES_1_396,CA_1,11609,1.88
HOBBIES_1_400,CA_1,11609,1.14
HOBBIES_1_402,CA_1,11609,9.94
HOBBIES_1_409,CA_1,11609,5.76
HOBBIES_1_415,CA_1,11609,6.68
HOBBIES_1_417,CA_1,11609,0.57
HOBBIES_1_424,CA_1,11609,1.77
HOBBIES_2_006,CA_1,11609,3.97
HOBBIES_2_021,CA_1,11609,0.97
HOBBIES_2_052,CA_1,11609,2.47
HOBBIES_2_076,CA_1,11609,2.88
HOBBIES_2_090,CA_1,11609,1.57
HOBBIES_2_098,CA_1,11609,0.88
HOBBIES_2_095,CA_1,11609,0.88
HOBBIES_2_129,CA_1,11609,0.23
HOBBIES_2_144,CA_1,11609,0.5
HOUSEHOLD_1_006,CA_1,11609,6.97
HOBBIES_2_149,CA_1,11609,0.97
HOUSEHOLD_1_018,CA_1,11609,9.97
HOUSEHOLD_1_023,CA_1,11609,8.97
HOUSEHOLD_1_030,CA_1,11609,4.94
HOUSEHOLD_1_038,CA_1,11609,5.22
HOUSEHOLD_1_040,CA_1,11609,4.94
HOUSEHOLD_1_044,CA_1,11609,17.97
HOUSEHOLD_1_043,CA_1,11609,2.97
HOUSEHOLD_1_055,CA_1,11609,3.88
HOUSEHOLD_1_070,CA_1,11609,3.93
HOUSEHOLD_1_071,CA_1,11609,2.36
HOUSEHOLD_1_076,CA_1,11609,4.88
HOUSEHOLD_1_095,CA_1,11609,5.97
HOUSEHOLD_1_103,CA_1,11609,4.94
HOUSEHOLD_1_110,CA_1,11609,3.97
HOUSEHOLD_1_126,CA_1,11609,8.96
HOUSEHOLD_1_132,CA_1,11609,1.97
HOUSEHOLD_1_134,CA_1,11609,4.23
HOUSEHOLD_1_189,CA_1,11609,5.88
HOUSEHOLD_1_196,CA_1,11609,1.97
HOUSEHOLD_1_190,CA_1,11609,4.94
HOUSEHOLD_1_203,CA_1,11609,4.94
HOUSEHOLD_1_207,CA_1,11609,7.97
HOUSEHOLD_1_217,CA_1,11609,1.83
HOUSEHOLD_1_213,CA_1,11609,4.48
HOUSEHOLD_1_216,CA_1,11609,11.97
HOUSEHOLD_1_209,CA_1,11609,3.47
HOUSEHOLD_1_219,CA_1,11609,6.48
HOUSEHOLD_1_225,CA_1,11609,1.88
HOUSEHOLD_1_226,CA_1,11609,2.88
HOUSEHOLD_1_230,CA_1,11609,3.28
HOUSEHOLD_1_237,CA_1,11609,5.88
HOUSEHOLD_1_249,CA_1,11609,7.97
HOUSEHOLD_1_253,CA_1,11609,3.47
HOUSEHOLD_1_264,CA_1,11609,7.47
HOUSEHOLD_1_285,CA_1,11609,2.76
HOUSEHOLD_1_283,CA_1,11609,1.48
HOUSEHOLD_1_286,CA_1,11609,4.93
HOUSEHOLD_1_298,CA_1,11609,3.72
HOUSEHOLD_1_305,CA_1,11609,2.97
HOUSEHOLD_1_308,CA_1,11609,6.94
HOUSEHOLD_1_314,CA_1,11609,7.98
HOUSEHOLD_1_323,CA_1,11609,5.24
HOUSEHOLD_1_322,CA_1,11609,2.97
HOUSEHOLD_1_332,CA_1,11609,9.74
HOUSEHOLD_1_354,CA_1,11609,1.93
HOUSEHOLD_1_361,CA_1,11609,1.88
HOUSEHOLD_1_363,CA_1,11609,2.97
HOUSEHOLD_1_367,CA_1,11609,3.97
HOUSEHOLD_1_366,CA_1,11609,5.96
HOUSEHOLD_1_375,CA_1,11609,7.97
HOUSEHOLD_1_387,CA_1,11609,2.88
HOUSEHOLD_1_388,CA_1,11609,3.47
HOUSEHOLD_1_406,CA_1,11609,4.97
HOUSEHOLD_1_417,CA_1,11609,5.48
HOUSEHOLD_1_429,CA_1,11609,2.88
HOUSEHOLD_1_437,CA_1,11609,2.96
HOUSEHOLD_1_457,CA_1,11609,10.47
HOUSEHOLD_1_464,CA_1,11609,9.47
HOUSEHOLD_1_472,CA_1,11609,4.82
HOUSEHOLD_1_482,CA_1,11609,2.96
HOUSEHOLD_1_491,CA_1,11609,6.42
HOUSEHOLD_1_523,CA_1,11609,20.53
HOUSEHOLD_1_526,CA_1,11609,4.94
HOUSEHOLD_1_535,CA_1,11609,6.97
HOUSEHOLD_1_532,CA_1,11609,2.48
HOUSEHOLD_1_541,CA_1,11609,6.97
HOUSEHOLD_2_002,CA_1,11609,2.67
HOUSEHOLD_2_006,CA_1,11609,3.44
HOUSEHOLD_2_008,CA_1,11609,2.46
HOUSEHOLD_2_011,CA_1,11609,5.62
HOUSEHOLD_2_034,CA_1,11609,11.78
HOUSEHOLD_2_037,CA_1,11609,11.84
HOUSEHOLD_2_031,CA_1,11609,5.94
HOUSEHOLD_2_045,CA_1,11609,8.64
HOUSEHOLD_2_044,CA_1,11609,3.48
FOODS_2_390,TX_1,11609,7.16
FOODS_2_398,TX_1,11609,2.43
FOODS_2_395,TX_1,11609,3.78
FOODS_2_393,TX_1,11609,3.98
FOODS_3_017,TX_1,11609,1.98
FOODS_3_025,TX_1,11609,2.67
FOODS_3_031,TX_1,11609,4.68
FOODS_3_045,TX_1,11609,3.98
FOODS_3_050,TX_1,11609,2.18
FOODS_3_074,TX_1,11609,4.48
FOODS_3_082,TX_1,11609,1.98
FOODS_3_083,TX_1,11609,18.73
FOODS_3_085,TX_1,11609,2.98
FOODS_3_086,TX_1,11609,1.0
FOODS_3_095,TX_1,11609,4.98
FOODS_3_097,TX_1,11609,2.24
FOODS_3_115,TX_1,11609,4.48
FOODS_3_118,TX_1,11609,1.18
FOODS_3_112,TX_1,11609,2.98
FOODS_3_126,TX_1,11609,3.78
FOODS_3_129,TX_1,11609,2.68
FOODS_3_137,TX_1,11609,2.56
FOODS_3_141,TX_1,11609,2.88
FOODS_3_144,TX_1,11609,1.98
FOODS_3_148,TX_1,11609,0.94
FOODS_3_142,TX_1,11609,3.98
FOODS_3_162,TX_1,11609,1.98
FOODS_3_163,TX_1,11609,2.24
FOODS_3_159,TX_1,11609,2.98
FOODS_3_168,TX_1,11609,3.65
FOODS_3_174,TX_1,11609,6.18
FOODS_3_167,TX_1,11609,1.98
FOODS_3_170,TX_1,11609,1.98
FOODS_3_166,TX_1,11609,1.0
FOODS_3_177,TX_1,11609,2.98
FOODS_3_189,TX_1,11609,2.56
FOODS_3_197,TX_1,11609,1.98
FOODS_3_217,TX_1,11609,2.98
FOODS_3_252,TX_1,11609,1.58
FOODS_3_258,TX_1,11609,1.78
FOODS_3_253,TX_1,11609,1.98
FOODS_3_286,TX_1,11609,3.98
FOODS_3_301,TX_1,11609,1.98
FOODS_3_313,TX_1,11609,1.87
FOODS_3_312,TX_1,11609,2.88
FOODS_3_316,TX_1,11609,2.56
FOODS_3_324,TX_1,11609,3.0
FOODS_3_329,TX_1,11609,2.98
FOODS_3_355,TX_1,11609,0.94
FOODS_3_350,TX_1,11609,2.98
FOODS_3_376,TX_1,11609,1.0
FOODS_3_379,TX_1,11609,1.97
FOODS_3_394,TX_1,11609,2.98
FOODS_3_393,TX_1,11609,3.56
FOODS_3_400,TX_1,11609,2.98
FOODS_3_401,TX_1,11609,1.98
FOODS_3_399,TX_1,11609,3.56
FOODS_3_413,TX_1,11609,1.0
FOODS_3_416,TX_1,11609,2.68
FOODS_3_422,TX_1,11609,1.88
FOODS_3_447,TX_1,11609,1.74
FOODS_3_453,TX_1,11609,2.98
FOODS_3_463,TX_1,11609,6.0
FOODS_3_472,TX_1,11609,1.97
FOODS_3_479,TX_1,11609,1.0
FOODS_3_502,TX_1,11609,2.56
FOODS_3_516,TX_1,11609,3.78
FOODS_3_512,TX_1,11609,1.98
FOODS_3_525,TX_1,11609,2.0
FOODS_3_527,TX_1,11609,4.98
FOODS_3_539,TX_1,11609,2.98
FOODS_3_546,TX_1,11609,5.98
FOODS_3_543,TX_1,11609,3.48
FOODS_3_564,TX_1,11609,1.74
FOODS_3_565,TX_1,11609,2.5
FOODS_3_571,TX_1,11609,9.44
FOODS_3_576,TX_1,11609,2.5
FOODS_3_600,TX_1,11609,2.56
FOODS_3_604,TX_1,11609,2.56
FOODS_3_616,TX_1,11609,1.87
FOODS_3_618,TX_1,11609,1.98
FOODS_3_626,TX_1,11609,3.98
FOODS_3_645,TX_1,11609,1.98
FOODS_3_663,TX_1,11609,1.74
FOODS_3_672,TX_1,11609,2.64
FOODS_3_686,TX_1,11609,3.57
FOODS_3_690,TX_1,11609,9.98
FOODS_3_697,TX_1,11609,3.0
FOODS_3_693,TX_1,11609,3.48
FOODS_3_718,TX_1,11609,1.48
FOODS_3_721,TX_1,11609,1.98
FOODS_3_753,TX_1,11609,5.44
FOODS_3_757,TX_1,11609,2.68
FOODS_3_775,TX_1,11609,3.37
FOODS_3_811,TX_1,11609,1.88
FOODS_3_810,TX_1,11609,2.56
FOODS_3_817,TX_1,11609,2.94
FOODS_3_820,TX_1,11609,1.98
FOODS_3_818,TX_1,11609,2.98
FOODS_3_815,TX_1,11609,2.48
FOODS_3_824,TX_1,11609,2.48
HOBBIES_1_011,TX_2,11609,3.48
HOBBIES_1_019,TX_2,11609,0.48
HOBBIES_1_023,TX_2,11609,2.97
HOBBIES_1_028,TX_2,11609,7.98
HOBBIES_1_054,TX_2,11609,2.97
HOBBIES_1_067,TX_2,11609,0.57
HOBBIES_1_073,TX_2,11609,5.47
HOBBIES_1_072,TX_2,11609,1.97
HOBBIES_1_066,TX_2,11609,1.25
HOBBIES_1_085,TX_2,11609,14.72
HOBBIES_1_091,TX_2,11609,0.7
HOBBIES_1_099,TX_2,11609,13.98
HOBBIES_1_094,TX_2,11609,12.97
HOBBIES_1_114,TX_2,11609,5.97
HOBBIES_1_115,TX_2,11609,0.68
HOBBIES_1_113,TX_2,11609,1.47
HOBBIES_1_129,TX_2,11609,4.88
HOBBIES_1_125,TX_2,11609,11.73
HOBBIES_1_136,TX_2,11609,4.88
HOBBIES_1_133,TX_2,11609,12.24
HOBBIES_1_146,TX_2,11609,4.86
HOBBIES_1_147,TX_2,11609,9.97
HOBBIES_1_157,TX_2,11609,11.28
HOBBIES_1_155,TX_2,11609,18.98
HOBBIES_1_158,TX_2,11609,22.98
HOBBIES_1_174,TX_2,11609,4.88
HOBBIES_1_177,TX_2,11609,4.24
HOBBIES_1_180,TX_2,11609,19.98
HOBBIES_1_194,TX_2,11609,2.5
HOBBIES_1_188,TX_2,11609,12.88
HOBBIES_1_190,TX_2,11609,9.97
HOBBIES_1_213,TX_2,11609,8.26
HOBBIES_1_212,TX_2,11609,7.47
HOBBIES_1_208,TX_2,11609,3.24
HOBBIES_1_206,TX_2,11609,2.72
HOBBIES_1_220,TX_2,11609,2.64
HOBBIES_1_223,TX_2,11609,1.12
HOBBIES_1_227,TX_2,11609,1.97
HOBBIES_1_230,TX_2,11609,4.48
HOBBIES_1_243,TX_2,11609,13.88
HOBBIES_1_260,TX_2,11609,12.24
HOBBIES_1_266,TX_2,11609,4.86
HOBBIES_1_261,TX_2,11609,0.48
HOBBIES_1_267,TX_2,11609,2.88
HOBBIES_1_280,TX_2,11609,10.22
HOBBIES_1_299,TX_2,11609,1.27
HOBBIES_1_312,TX_2,11609,0.57
HOBBIES_1_314,TX_2,11609,3.97
HOBBIES_1_324,TX_2,11609,14.72
HOBBIES_1_327,TX_2,11609,7.88
HOBBIES_1_331,TX_2,11609,0.94
HOBBIES_1_332,TX_2,11609,7.88
HOBBIES_1_367,TX_2,11609,8.26
HOBBIES_1_373,TX_2,11609,14.72
HOBBIES_1_376,TX_2,11609,16.86
HOBBIES_1_389,TX_2,11609,11.97
FOODS_3_398,WI_1,11609,5.62
FOODS_3_409,WI_1,11609,2.78
FOODS_3_417,WI_1,11609,4.54
FOODS_3_436,WI_1,11609,2.5
FOODS_3_460,WI_1,11609,1.98
FOODS_3_489,WI_1,11609,1.78
FOODS_3_498,WI_1,11609,0.25
FOODS_3_496,WI_1,11609,3.98
FOODS_3_501,WI_1,11609,0.8
FOODS_3_505,WI_1,11609,3.62
FOODS_3_509,WI_1,11609,1.98
FOODS_3_518,WI_1,11609,2.88
FOODS_3_523,WI_1,11609,1.98
FOODS_3_535,WI_1,11609,6.24
FOODS_3_561,WI_1,11609,2.98
FOODS_3_557,WI_1,11609,2.5
FOODS_3_569,WI_1,11609,3.98
FOODS_3_566,WI_1,11609,1.0
FOODS_3_575,WI_1,11609,6.72
FOODS_3_590,WI_1,11609,2.68
FOODS_3_611,WI_1,11609,2.48
FOODS_3_612,WI_1,11609,4.54
FOODS_3_619,WI_1,11609,2.98
FOODS_3_622,WI_1,11609,2.58
FOODS_3_623,WI_1,11609,2.98
FOODS_3_632,WI_1,11609,3.98
FOODS_3_644,WI_1,11609,1.68
FOODS_3_664,WI_1,11609,1.88
FOODS_3_674,WI_1,11609,2.98
FOODS_3_679,WI_1,11609,3.88
FOODS_3_676,WI_1,11609,6.98
FOODS_3_678,WI_1,11609,4.98
FOODS_3_716,WI_1,11609,1.48
FOODS_3_713,WI_1,11609,3.48
FOODS_3_707,WI_1,11609,1.28
FOODS_3_727,WI_1,11609,3.98
FOODS_3_729,WI_1,11609,3.98
FOODS_3_732,WI_1,11609,2.18
FOODS_3_741,WI_1,11609,1.35
FOODS_3_736,WI_1,11609,1.74
FOODS_3_742,WI_1,11609,1.25
FOODS_3_737,WI_1,11609,3.48
FOODS_3_752,WI_1,11609,0.25
FOODS_3_760,WI_1,11609,2.88
FOODS_3_769,WI_1,11609,1.25
FOODS_3_772,WI_1,11609,5.44
FOODS_3_768,WI_1,11609,1.78
FOODS_3_784,WI_1,11609,1.48
FOODS_3_779,WI_1,11609,2.48
FOODS_3_791,WI_1,11609,2.5
FOODS_3_799,WI_1,11609,2.18
FOODS_3_812,WI_1,11609,2.94
FOODS_3_806,WI_1,11609,2.56
HOBBIES_1_010,WI_2,11609,2.97
HOBBIES_1_007,WI_2,11609,7.88
HOBBIES_1_014,WI_2,11609,1.16
HOBBIES_1_026,WI_2,11609,17.97
HOBBIES_1_043,WI_2,11609,0.7
HOBBIES_1_050,WI_2,11609,10.98
HOBBIES_1_061,WI_2,11609,2.83
HOBBIES_1_076,WI_2,11609,3.43
HOBBIES_1_083,WI_2,11609,15.92
HOBBIES_1_093,WI_2,11609,19.96
HOBBIES_1_108,WI_2,11609,12.98
HOBBIES_1_110,WI_2,11609,3.67
HOBBIES_1_130,WI_2,11609,2.73
HOBBIES_1_164,WI_2,11609,8.97
HOBBIES_1_167,WI_2,11609,0.68
HOBBIES_1_176,WI_2,11609,5.94
HOBBIES_1_171,WI_2,11609,2.88
HOBBIES_1_187,WI_2,11609,7.0
HOBBIES_1_183,WI_2,11609,7.98
HOBBIES_1_186,WI_2,11609,15.92
HOBBIES_1_215,WI_2,11609,10.98
HOBBIES_1_214,WI_2,11609,9.88
HOBBIES_1_211,WI_2,11609,4.72
HOBBIES_1_221,WI_2,11609,2.97
HOBBIES_1_239,WI_2,11609,2.97
HOBBIES_1_254,WI_2,11609,0.7
HOBBIES_1_257,WI_2,11609,16.76
HOBBIES_1_276,WI_2,11609,7.98
HOBBIES_1_288,WI_2,11609,0.57
HOBBIES_1_289,WI_2,11609,4.97
HOBBIES_1_295,WI_2,11609,0.48
HOBBIES_1_307,WI_2,11609,3.97
HOBBIES_1_309,WI_2,11609,5.12
HOBBIES_1_322,WI_2,11609,3.97
HOBBIES_1_341,WI_2,11609,0.48
HOBBIES_1_335,WI_2,11609,12.88
HOBBIES_1_345,WI_2,11609,7.88
HOBBIES_1_352,WI_2,11609,2.74
HOBBIES_1_365,WI_2,11609,3.97
HOBBIES_1_394,WI_2,11609,7.88
HOBBIES_2_007,WI_2,11609,0.97
HOBBIES_2_020,WI_2,11609,3.88
HOBBIES_2_019,WI_2,11609,3.37
HOBBIES_2_032,WI_2,11609,0.97
HOBBIES_2_043,WI_2,11609,0.97
HOBBIES_2_069,WI_2,11609,2.97
HOBBIES_2_063,WI_2,11609,0.97
HOBBIES_2_067,WI_2,11609,2.97
HOBBIES_2_078,WI_2,11609,5.97
HOBBIES_2_074,WI_2,11609,3.97
HOBBIES_2_088,WI_2,11609,2.77
HOBBIES_2_099,WI_2,11609,0.97
HOBBIES_2_101,WI_2,11609,0.5
HOBBIES_2_124,WI_2,11609,0.23
HOBBIES_2_133,WI_2,11609,2.88
HOBBIES_2_139,WI_2,11609,4.97
HOUSEHOLD_1_005,WI_2,11609,9.97
HOBBIES_2_147,WI_2,11609,0.97
HOUSEHOLD_1_015,WI_2,11609,5.88
HOUSEHOLD_1_022,WI_2,11609,4.84
HOUSEHOLD_1_028,WI_2,11609,2.97
HOUSEHOLD_1_045,WI_2,11609,2.67
HOUSEHOLD_1_036,WI_2,11609,2.98
HOUSEHOLD_1_050,WI_2,11609,3.97
HOUSEHOLD_1_059,WI_2,11609,3.12
HOUSEHOLD_1_057,WI_2,11609,1.77
HOUSEHOLD_1_058,WI_2,11609,6.48
HOUSEHOLD_1_060,WI_2,11609,29.97
HOUSEHOLD_1_072,WI_2,11609,7.98
HOUSEHOLD_1_068,WI_2,11609,6.97
HOUSEHOLD_1_092,WI_2,11609,1.77
HOUSEHOLD_1_100,WI_2,11609,7.97
HOUSEHOLD_1_105,WI_2,11609,3.94
HOUSEHOLD_1_109,WI_2,11609,3.97
HOUSEHOLD_1_108,WI_2,11609,4.88
HOUSEHOLD_1_107,WI_2,11609,3.48
HOUSEHOLD_1_115,WI_2,11609,4.94
HOUSEHOLD_1_122,WI_2,11609,2.26
HOUSEHOLD_1_146,WI_2,11609,4.5
HOUSEHOLD_1_140,WI_2,11609,14.97
HOUSEHOLD_1_151,WI_2,11609,0.88
HOUSEHOLD_1_160,WI_2,11609,9.97
HOUSEHOLD_1_158,WI_2,11609,3.97
HOUSEHOLD_1_159,WI_2,11609,7.93
HOUSEHOLD_1_175,WI_2,11609,4.88
HOUSEHOLD_1_168,WI_2,11609,2.97
HOUSEHOLD_1_171,WI_2,11609,8.97
HOUSEHOLD_1_169,WI_2,11609,2.94
HOUSEHOLD_1_177,WI_2,11609,6.97
HOUSEHOLD_1_179,WI_2,11609,0.98
HOUSEHOLD_1_183,WI_2,11609,4.88
HOUSEHOLD_1_193,WI_2,11609,2.42
HOUSEHOLD_1_202,WI_2,11609,1.98
HOUSEHOLD_1_212,WI_2,11609,4.47
HOBBIES_1_054,CA_3,11609,2.97
HOBBIES_1_067,CA_3,11609,0.57
HOBBIES_1_066,CA_3,11609,1.25
HOBBIES_1_073,CA_3,11609,5.47
HOBBIES_1_072,CA_3,11609,1.97
HOBBIES_1_085,CA_3,11609,14.72
HOBBIES_1_091,CA_3,11609,0.7
HOBBIES_1_099,CA_3,11609,13.98
HOBBIES_1_094,CA_3,11609,12.97
HOBBIES_1_114,CA_3,11609,5.97
HOBBIES_1_115,CA_3,11609,0.68
HOBBIES_1_113,CA_3,11609,1.47
HOBBIES_1_129,CA_3,11609,4.88
HOBBIES_1_125,CA_3,11609,11.73
HOBBIES_1_136,CA_3,11609,4.88
HOBBIES_1_133,CA_3,11609,12.88
HOBBIES_1_146,CA_3,11609,4.86
HOBBIES_1_147,CA_3,11609,9.97
HOBBIES_1_157,CA_3,11609,11.28
HOBBIES_1_155,CA_3,11609,18.98
HOBBIES_1_158,CA_3,11609,22.98
HOBBIES_1_177,CA_3,11609,4.24
HOBBIES_1_174,CA_3,11609,4.88
HOBBIES_1_188,CA_3,11609,12.88
HOBBIES_1_180,CA_3,11609,19.98
HOBBIES_1_194,CA_3,11609,2.88
HOBBIES_1_190,CA_3,11609,9.97
HOBBIES_1_208,CA_3,11609,3.24
HOBBIES_1_206,CA_3,11609,2.72
HOBBIES_1_213,CA_3,11609,8.26
HOBBIES_1_212,CA_3,11609,7.47
HOBBIES_1_220,CA_3,11609,2.92
HOBBIES_1_223,CA_3,11609,1.12
HOBBIES_1_227,CA_3,11609,1.97
HOBBIES_1_230,CA_3,11609,4.48
HOBBIES_1_243,CA_3,11609,13.88
HOBBIES_1_261,CA_3,11609,0.48
HOBBIES_1_260,CA_3,11609,12.88
HOBBIES_1_266,CA_3,11609,4.86
HOBBIES_1_267,CA_3,11609,2.88
HOBBIES_1_280,CA_3,11609,10.98
HOBBIES_1_299,CA_3,11609,1.27
HOBBIES_1_312,CA_3,11609,0.57
HOBBIES_1_314,CA_3,11609,3.97
HOBBIES_1_324,CA_3,11609,14.72
HOBBIES_1_327,CA_3,11609,7.88
HOBBIES_1_331,CA_3,11609,0.94
HOBBIES_1_332,CA_3,11609,7.88
HOBBIES_1_367,CA_3,11609,8.26
HOBBIES_1_373,CA_3,11609,14.72
HOBBIES_1_376,CA_3,11609,16.86
HOBBIES_1_391,CA_3,11609,3.88
HOBBIES_1_389,CA_3,11609,11.97
HOBBIES_1_423,CA_3,11609,7.78
HOBBIES_2_035,CA_3,11609,4.47
HOBBIES_2_041,CA_3,11609,1.97
HOBBIES_2_046,CA_3,11609,2.97
HOBBIES_2_061,CA_3,11609,1.97
HOBBIES_2_075,CA_3,11609,2.88
HOBBIES_2_081,CA_3,11609,1.97
HOBBIES_2_097,CA_3,11609,1.97
HOBBIES_2_103,CA_3,11609,2.5
HOBBIES_2_104,CA_3,11609,2.97
HOBBIES_2_106,CA_3,11609,0.97
HOBBIES_2_116,CA_3,11609,2.97
HOBBIES_2_109,CA_3,11609,0.97
HOBBIES_2_125,CA_3,11609,0.97
HOBBIES_2_126,CA_3,11609,0.5
HOBBIES_2_142,CA_3,11609,0.23
HOUSEHOLD_1_001,CA_3,11609,5.97
HOUSEHOLD_1_012,CA_3,11609,3.92
HOUSEHOLD_1_016,CA_3,11609,4.88
HOUSEHOLD_1_014,CA_3,11609,17.97
HOUSEHOLD_1_034,CA_3,11609,3.93
HOUSEHOLD_1_029,CA_3,11609,7.48
HOUSEHOLD_1_026,CA_3,11609,2.97
HOUSEHOLD_1_039,CA_3,11609,2.97
HOUSEHOLD_1_056,CA_3,11609,10.77
HOUSEHOLD_1_063,CA_3,11609,9.97
HOUSEHOLD_1_064,CA_3,11609,5.78
HOUSEHOLD_1_067,CA_3,11609,3.97
HOUSEHOLD_1_097,CA_3,11609,3.97
HOUSEHOLD_1_101,CA_3,11609,2.37
HOUSEHOLD_1_093,CA_3,11609,3.94
HOUSEHOLD_1_104,CA_3,11609,2.97
HOUSEHOLD_1_118,CA_3,11609,0.97
HOUSEHOLD_1_135,CA_3,11609,1.48
HOUSEHOLD_1_147,CA_3,11609,0.96
HOUSEHOLD_1_165,CA_3,11609,17.97
HOUSEHOLD_1_167,CA_3,11609,2.74
HOUSEHOLD_1_195,CA_3,11609,3.88
HOUSEHOLD_1_198,CA_3,11609,0.97
HOUSEHOLD_1_206,CA_3,11609,4.92
HOUSEHOLD_1_222,CA_3,11609,9.97
HOUSEHOLD_1_227,CA_3,11609,2.73
HOUSEHOLD_1_247,CA_3,11609,0.97
HOUSEHOLD_1_241,CA_3,11609,7.94
HOUSEHOLD_1_245,CA_3,11609,2.67
HOUSEHOLD_1_251,CA_3,11609,1.98
HOUSEHOLD_1_259,CA_3,11609,7.48
HOUSEHOLD_1_275,CA_3,11609,2.97
HOUSEHOLD_1_276,CA_3,11609,17.97
HOUSEHOLD_1_278,CA_3,11609,5.97
HOUSEHOLD_1_287,CA_3,11609,4.63
HOUSEHOLD_1_290,CA_3,11609,9.84
HOUSEHOLD_1_313,CA_3,11609,3.97
HOUSEHOLD_1_359,CA_3,11609,6.88
HOUSEHOLD_1_369,CA_3,11609,3.72
HOUSEHOLD_1_389,CA_3,11609,0.98
HOUSEHOLD_1_397,CA_3,11609,2.78
HOUSEHOLD_1_394,CA_3,11609,4.88
HOUSEHOLD_1_422,CA_3,11609,3.62
HOUSEHOLD_1_434,CA_3,11609,3.97
HOUSEHOLD_1_435,CA_3,11609,7.93
HOUSEHOLD_1_436,CA_3,11609,8.97
HOUSEHOLD_1_455,CA_3,11609,2.97
HOUSEHOLD_1_456,CA_3,11609,6.97
HOUSEHOLD_1_468,CA_3,11609,4.98
HOUSEHOLD_1_470,CA_3,11609,2.98
HOUSEHOLD_1_471,CA_3,11609,2.74
HOUSEHOLD_1_480,CA_3,11609,2.73
HOUSEHOLD_1_489,CA_3,11609,9.97
HOUSEHOLD_1_521,CA_3,11609,0.98
HOUSEHOLD_1_527,CA_3,11609,5.24
HOUSEHOLD_1_537,CA_3,11609,15.97
HOUSEHOLD_2_016,CA_3,11609,1.62
HOUSEHOLD_2_018,CA_3,11609,7.94
HOUSEHOLD_2_022,CA_3,11609,5.64
HOUSEHOLD_2_051,CA_3,11609,9.97
HOUSEHOLD_2_050,CA_3,11609,8.48
HOUSEHOLD_2_049,CA_3,11609,3.42
HOUSEHOLD_2_056,CA_3,11609,5.97
HOUSEHOLD_2_058,CA_3,11609,9.97
HOUSEHOLD_2_057,CA_3,11609,4.97
HOUSEHOLD_2_063,CA_3,11609,4.97
HOUSEHOLD_2_071,CA_3,11609,6.47
HOUSEHOLD_2_075,CA_3,11609,1.84
HOUSEHOLD_2_080,CA_3,11609,8.98
FOODS_3_480,TX_2,11609,2.98
FOODS_3_484,TX_2,11609,1.98
FOODS_3_478,TX_2,11609,1.74
FOODS_3_490,TX_2,11609,3.48
FOODS_3_495,TX_2,11609,1.64
FOODS_3_497,TX_2,11609,2.5
FOODS_3_500,TX_2,11609,2.5
FOODS_3_506,TX_2,11609,3.98
FOODS_3_524,TX_2,11609,0.94
FOODS_3_526,TX_2,11609,1.98
FOODS_3_528,TX_2,11609,4.98
FOODS_3_534,TX_2,11609,4.88
FOODS_3_568,TX_2,11609,1.0
FOODS_3_586,TX_2,11609,1.68
FOODS_3_587,TX_2,11609,2.48
FOODS_3_583,TX_2,11609,1.5
FOODS_3_588,TX_2,11609,3.94
FOODS_3_608,TX_2,11609,1.74
FOODS_3_599,TX_2,11609,1.98
FOODS_3_628,TX_2,11609,3.98
FOODS_3_627,TX_2,11609,2.88
FOODS_3_635,TX_2,11609,0.94
FOODS_3_642,TX_2,11609,2.98
FOODS_3_640,TX_2,11609,1.5
FOODS_3_646,TX_2,11609,2.68
FOODS_3_657,TX_2,11609,3.98
FOODS_3_666,TX_2,11609,2.18
FOODS_3_667,TX_2,11609,1.98
FOODS_3_680,TX_2,11609,2.56
FOODS_3_683,TX_2,11609,2.56
FOODS_3_692,TX_2,11609,0.8
FOODS_3_705,TX_2,11609,3.88
FOODS_3_706,TX_2,11609,1.98
FOODS_3_698,TX_2,11609,1.0
FOODS_3_710,TX_2,11609,2.98
FOODS_3_722,TX_2,11609,2.56
FOODS_3_734,TX_2,11609,1.78
FOODS_3_739,TX_2,11609,1.5
FOODS_3_764,TX_2,11609,2.98
FOODS_3_771,TX_2,11609,2.56
FOODS_3_789,TX_2,11609,1.5
FOODS_3_790,TX_2,11609,2.18
FOODS_3_794,TX_2,11609,2.98
FOODS_3_800,TX_2,11609,1.88
FOODS_3_798,TX_2,11609,1.98
FOODS_3_807,TX_2,11609,1.98
FOODS_3_822,TX_2,11609,3.98
FOODS_3_823,TX_2,11609,2.98
FOODS_3_827,TX_2,11609,1.0
HOBBIES_1_009,TX_3,11609,1.63
HOBBIES_1_003,TX_3,11609,2.97
HOBBIES_1_022,TX_3,11609,7.18
HOBBIES_1_064,TX_3,11609,12.77
HOBBIES_1_068,TX_3,11609,6.76
HOBBIES_1_086,TX_3,11609,8.26
HOBBIES_1_095,TX_3,11609,7.68
HOBBIES_1_109,TX_3,11609,4.98
HOBBIES_1_121,TX_3,11609,1.12
HOBBIES_1_126,TX_3,11609,9.58
HOBBIES_1_137,TX_3,11609,8.98
HOBBIES_1_139,TX_3,11609,2.74
HOBBIES_1_150,TX_3,11609,1.63
HOBBIES_1_153,TX_3,11609,6.38
HOBBIES_1_163,TX_3,11609,8.64
HOBBIES_1_162,TX_3,11609,3.98
HOBBIES_1_161,TX_3,11609,0.7
HOBBIES_1_169,TX_3,11609,0.57
HOBBIES_1_173,TX_3,11609,10.97
HOBBIES_1_193,TX_3,11609,7.97
HOBBIES_1_192,TX_3,11609,3.54
HOBBIES_1_191,TX_3,11609,8.97
HOBBIES_1_197,TX_3,11609,12.84
HOBBIES_1_198,TX_3,11609,8.38
HOBBIES_1_226,TX_3,11609,13.98
HOBBIES_1_238,TX_3,11609,5.94
HOBBIES_1_251,TX_3,11609,14.64
HOBBIES_1_245,TX_3,11609,4.97
HOBBIES_1_246,TX_3,11609,10.98
HOBBIES_1_253,TX_3,11609,12.78
HOBBIES_1_262,TX_3,11609,8.98
HOBBIES_1_271,TX_3,11609,5.77
HOBBIES_1_285,TX_3,11609,10.88
HOBBIES_1_279,TX_3,11609,3.78
HOBBIES_1_302,TX_3,11609,2.88
HOBBIES_1_313,TX_3,11609,1.23
HOBBIES_1_317,TX_3,11609,7.98
HOBBIES_1_316,TX_3,11609,0.94
HOBBIES_1_336,TX_3,11609,1.88
HOBBIES_1_343,TX_3,11609,5.32
HOBBIES_1_347,TX_3,11609,9.88
HOBBIES_1_340,TX_3,11609,7.98
HOBBIES_1_354,TX_3,11609,22.98
HOBBIES_1_359,TX_3,11609,1.47
HOBBIES_1_379,TX_3,11609,2.24
HOBBIES_1_386,TX_3,11609,5.86
HOBBIES_1_400,TX_3,11609,1.14
HOBBIES_1_402,TX_3,11609,9.94
HOBBIES_1_396,TX_3,11609,1.88
HOBBIES_1_409,TX_3,11609,5.76
HOBBIES_1_415,TX_3,11609,6.68
HOBBIES_1_417,TX_3,11609,0.57
HOBBIES_1_424,TX_3,11609,1.63
HOBBIES_2_006,TX_3,11609,3.97
HOBBIES_2_021,TX_3,11609,0.05
HOBBIES_2_052,TX_3,11609,2.47
HOBBIES_2_076,TX_3,11609,2.88
HOBBIES_2_090,TX_3,11609,1.77
HOBBIES_2_095,TX_3,11609,0.88
HOBBIES_2_098,TX_3,11609,0.88
HOBBIES_2_129,TX_3,11609,0.23
HOBBIES_2_144,TX_3,11609,0.5
HOBBIES_2_149,TX_3,11609,0.97
HOUSEHOLD_1_006,TX_3,11609,6.97
HOUSEHOLD_1_018,TX_3,11609,9.97
HOUSEHOLD_1_030,TX_3,11609,4.64
HOUSEHOLD_1_023,TX_3,11609,8.97
HOUSEHOLD_1_038,TX_3,11609,5.22
HOUSEHOLD_1_040,TX_3,11609,4.94
HOUSEHOLD_1_044,TX_3,11609,17.97
HOUSEHOLD_1_043,TX_3,11609,2.97
HOUSEHOLD_1_055,TX_3,11609,3.88
HOUSEHOLD_1_070,TX_3,11609,3.93
HOUSEHOLD_1_071,TX_3,11609,2.36
HOUSEHOLD_1_076,TX_3,11609,4.88
HOUSEHOLD_1_095,TX_3,11609,5.97
HOUSEHOLD_1_103,TX_3,11609,4.64
HOUSEHOLD_1_110,TX_3,11609,3.97
HOUSEHOLD_1_126,TX_3,11609,8.96
HOUSEHOLD_1_132,TX_3,11609,1.97
HOUSEHOLD_1_134,TX_3,11609,4.23
HOUSEHOLD_1_189,TX_3,11609,5.88
HOUSEHOLD_1_190,TX_3,11609,4.94
HOUSEHOLD_1_196,TX_3,11609,1.97
HOUSEHOLD_1_203,TX_3,11609,4.94
HOUSEHOLD_1_207,TX_3,11609,7.97
HOUSEHOLD_1_209,TX_3,11609,3.47
HOUSEHOLD_1_219,TX_3,11609,6.48
HOUSEHOLD_1_217,TX_3,11609,1.83
HOUSEHOLD_1_213,TX_3,11609,4.48
HOUSEHOLD_1_216,TX_3,11609,11.97
HOUSEHOLD_1_230,TX_3,11609,3.28
HOUSEHOLD_1_225,TX_3,11609,1.88
HOUSEHOLD_1_226,TX_3,11609,2.92
HOUSEHOLD_1_237,TX_3,11609,5.88
HOUSEHOLD_1_249,TX_3,11609,7.97
HOUSEHOLD_1_253,TX_3,11609,3.47
HOUSEHOLD_1_264,TX_3,11609,7.47
HOBBIES_1_192,WI_3,11609,3.54
HOBBIES_1_193,WI_3,11609,8.77
HOBBIES_1_197,WI_3,11609,12.84
HOBBIES_1_198,WI_3,11609,8.38
HOBBIES_1_191,WI_3,11609,8.97
HOBBIES_1_226,WI_3,11609,13.98
HOBBIES_1_238,WI_3,11609,5.94
HOBBIES_1_245,WI_3,11609,4.97
HOBBIES_1_246,WI_3,11609,10.98
HOBBIES_1_251,WI_3,11609,15.83
HOBBIES_1_253,WI_3,11609,12.78
HOBBIES_1_262,WI_3,11609,8.98
HOBBIES_1_271,WI_3,11609,5.77
HOBBIES_1_279,WI_3,11609,3.78
HOBBIES_1_285,WI_3,11609,10.88
HOBBIES_1_302,WI_3,11609,2.88
HOBBIES_1_313,WI_3,11609,1.23
HOBBIES_1_317,WI_3,11609,7.98
HOBBIES_1_316,WI_3,11609,0.94
HOBBIES_1_336,WI_3,11609,1.88
HOBBIES_1_340,WI_3,11609,7.98
HOBBIES_1_343,WI_3,11609,5.32
HOBBIES_1_347,WI_3,11609,9.88
HOBBIES_1_359,WI_3,11609,1.47
HOBBIES_1_354,WI_3,11609,22.98
HOBBIES_1_379,WI_3,11609,2.24
HOBBIES_1_386,WI_3,11609,5.86
HOBBIES_1_396,WI_3,11609,1.88
HOBBIES_1_400,WI_3,11609,1.14
HOBBIES_1_402,WI_3,11609,9.94
HOBBIES_1_409,WI_3,11609,5.76
HOBBIES_1_415,WI_3,11609,6.68
HOBBIES_1_417,WI_3,11609,0.57
HOBBIES_1_424,WI_3,11609,1.77
HOBBIES_2_006,WI_3,11609,3.97
HOBBIES_2_021,WI_3,11609,0.97
HOBBIES_2_052,WI_3,11609,2.47
HOBBIES_2_076,WI_3,11609,2.88
HOBBIES_2_090,WI_3,11609,1.77
HOBBIES_2_098,WI_3,11609,0.88
HOBBIES_2_095,WI_3,11609,0.88
HOBBIES_2_129,WI_3,11609,0.23
HOBBIES_2_144,WI_3,11609,0.5
HOBBIES_2_149,WI_3,11609,0.97
HOUSEHOLD_1_006,WI_3,11609,6.97
HOUSEHOLD_1_018,WI_3,11609,9.97
HOUSEHOLD_1_023,WI_3,11609,8.97
HOUSEHOLD_1_030,WI_3,11609,4.94
HOUSEHOLD_1_038,WI_3,11609,5.22
HOUSEHOLD_1_040,WI_3,11609,4.94
HOUSEHOLD_1_044,WI_3,11609,17.97
HOUSEHOLD_1_043,WI_3,11609,2.97
HOUSEHOLD_1_055,WI_3,11609,3.88
HOUSEHOLD_1_070,WI_3,11609,3.93
HOUSEHOLD_1_071,WI_3,11609,2.36
HOUSEHOLD_1_076,WI_3,11609,4.88
HOUSEHOLD_1_095,WI_3,11609,5.97
HOUSEHOLD_1_103,WI_3,11609,4.94
HOUSEHOLD_1_110,WI_3,11609,3.97
HOUSEHOLD_1_126,WI_3,11609,8.96
HOUSEHOLD_1_132,WI_3,11609,1.97
HOUSEHOLD_1_134,WI_3,11609,4.23
HOUSEHOLD_1_189,WI_3,11609,5.88
HOUSEHOLD_1_196,WI_3,11609,1.97
HOUSEHOLD_1_190,WI_3,11609,4.94
HOUSEHOLD_1_203,WI_3,11609,4.94
HOUSEHOLD_1_207,WI_3,11609,7.97
HOUSEHOLD_1_217,WI_3,11609,1.83
HOUSEHOLD_1_213,WI_3,11609,4.48
HOUSEHOLD_1_216,WI_3,11609,11.97
HOUSEHOLD_1_209,WI_3,11609,3.47
HOUSEHOLD_1_219,WI_3,11609,6.48
HOUSEHOLD_1_225,WI_3,11609,1.88
HOUSEHOLD_1_226,WI_3,11609,2.88
HOUSEHOLD_1_230,WI_3,11609,3.28
HOUSEHOLD_1_237,WI_3,11609,5.88
HOUSEHOLD_1_249,WI_3,11609,7.97
HOUSEHOLD_1_253,WI_3,11609,3.47
HOUSEHOLD_1_264,WI_3,11609,7.47
HOUSEHOLD_1_285,WI_3,11609,2.76
HOUSEHOLD_1_283,WI_3,11609,1.48
HOUSEHOLD_1_286,WI_3,11609,4.93
HOUSEHOLD_1_298,WI_3,11609,3.72
HOUSEHOLD_1_305,WI_3,11609,2.97
HOUSEHOLD_1_308,WI_3,11609,6.94
HOUSEHOLD_1_314,WI_3,11609,7.98
HOUSEHOLD_1_323,WI_3,11609,5.24
HOUSEHOLD_1_322,WI_3,11609,2.97
HOUSEHOLD_1_332,WI_3,11609,9.74
HOUSEHOLD_1_354,WI_3,11609,1.93
HOUSEHOLD_1_367,WI_3,11609,3.97
HOUSEHOLD_1_366,WI_3,11609,5.96
HOUSEHOLD_1_361,WI_3,11609,1.88
HOUSEHOLD_1_363,WI_3,11609,2.97
HOUSEHOLD_1_375,WI_3,11609,7.97
HOUSEHOLD_1_387,WI_3,11609,2.88
HOUSEHOLD_1_388,WI_3,11609,3.47
HOUSEHOLD_1_406,WI_3,11609,4.97
HOUSEHOLD_1_417,WI_3,11609,5.48
HOUSEHOLD_1_429,WI_3,11609,2.88
HOUSEHOLD_1_437,WI_3,11609,2.96
HOUSEHOLD_1_457,WI_3,11609,10.47
HOUSEHOLD_1_464,WI_3,11609,9.47
HOUSEHOLD_1_472,WI_3,11609,4.82
HOUSEHOLD_1_482,WI_3,11609,2.96
HOUSEHOLD_1_491,WI_3,11609,6.42
HOUSEHOLD_1_523,WI_3,11609,20.53
HOUSEHOLD_1_526,WI_3,11609,4.94
HOUSEHOLD_1_535,WI_3,11609,6.97
HOUSEHOLD_1_532,WI_3,11609,2.48
HOUSEHOLD_1_541,WI_3,11609,6.97
HOUSEHOLD_2_002,WI_3,11609,2.67
HOUSEHOLD_2_008,WI_3,11609,2.48
HOUSEHOLD_2_006,WI_3,11609,3.44
HOUSEHOLD_2_011,WI_3,11609,5.62
HOUSEHOLD_2_031,WI_3,11609,5.94
HOUSEHOLD_2_037,WI_3,11609,11.84
HOUSEHOLD_2_034,WI_3,11609,11.78
HOUSEHOLD_2_045,WI_3,11609,8.64
HOUSEHOLD_2_047,WI_3,11609,3.67
HOUSEHOLD_2_048,WI_3,11609,3.94
HOUSEHOLD_2_044,WI_3,11609,3.48
HOUSEHOLD_2_064,WI_3,11609,3.87
HOUSEHOLD_2_092,WI_3,11609,5.94
HOUSEHOLD_2_088,WI_3,11609,6.97
HOUSEHOLD_2_086,WI_3,11609,3.97
HOUSEHOLD_2_093,WI_3,11609,3.24
HOUSEHOLD_2_113,WI_3,11609,1.88
HOUSEHOLD_2_111,WI_3,11609,6.44
HOUSEHOLD_2_118,WI_3,11609,3.42
HOUSEHOLD_2_128,WI_3,11609,5.94
HOUSEHOLD_2_131,WI_3,11609,11.97
HOUSEHOLD_2_134,WI_3,11609,5.94
HOUSEHOLD_2_129,WI_3,11609,5.73
HOUSEHOLD_2_142,WI_3,11609,1.97
HOUSEHOLD_2_146,WI_3,11609,6.47
HOUSEHOLD_2_168,WI_3,11609,6.94
HOUSEHOLD_2_169,WI_3,11609,5.84
HOUSEHOLD_2_167,WI_3,11609,2.88
HOUSEHOLD_2_191,WI_3,11609,5.44
HOUSEHOLD_2_193,WI_3,11609,4.94
HOUSEHOLD_2_197,WI_3,11609,3.97
HOUSEHOLD_2_201,WI_3,11609,6.54
HOUSEHOLD_2_205,WI_3,11609,5.84
HOUSEHOLD_2_221,WI_3,11609,2.77
FOODS_3_138,CA_3,11609,1.98
FOODS_3_145,CA_3,11609,2.98
FOODS_3_152,CA_3,11609,2.88
FOODS_3_164,CA_3,11609,2.94
FOODS_3_186,CA_3,11609,2.28
FOODS_3_188,CA_3,11609,1.98
FOODS_3_194,CA_3,11609,2.98
FOODS_3_200,CA_3,11609,2.0
FOODS_3_198,CA_3,11609,5.48
FOODS_3_211,CA_3,11609,4.58
FOODS_3_213,CA_3,11609,2.24
FOODS_3_214,CA_3,11609,0.94
FOODS_3_222,CA_3,11609,4.54
FOODS_3_215,CA_3,11609,1.24
FOODS_3_232,CA_3,11609,3.0
FOODS_3_238,CA_3,11609,3.27
FOODS_3_236,CA_3,11609,2.56
FOODS_3_257,CA_3,11609,3.98
FOODS_3_261,CA_3,11609,3.98
FOODS_3_259,CA_3,11609,1.78
FOODS_3_269,CA_3,11609,2.98
FOODS_3_281,CA_3,11609,1.25
FOODS_3_289,CA_3,11609,2.98
FOODS_3_293,CA_3,11609,1.98
FOODS_3_309,CA_3,11609,1.98
FOODS_3_306,CA_3,11609,1.58
FOODS_3_315,CA_3,11609,1.74
FOODS_3_320,CA_3,11609,1.98
FOODS_3_335,CA_3,11609,2.48
FOODS_3_346,CA_3,11609,1.98
FOODS_3_351,CA_3,11609,0.94
FOODS_3_362,CA_3,11609,2.56
FOODS_3_358,CA_3,11609,2.88
FOODS_3_354,CA_3,11609,2.98
FOODS_3_387,CA_3,11609,2.68
FOODS_3_388,CA_3,11609,3.98
FOODS_3_384,CA_3,11609,2.98
FOODS_3_404,CA_3,11609,1.0
FOODS_3_408,CA_3,11609,2.98
FOODS_3_418,CA_3,11609,3.98
FOODS_3_426,CA_3,11609,2.98
FOODS_3_429,CA_3,11609,5.98
FOODS_3_442,CA_3,11609,2.48
FOODS_3_455,CA_3,11609,2.48
FOODS_3_477,CA_3,11609,1.68
FOODS_3_471,CA_3,11609,2.5
FOODS_3_478,CA_3,11609,1.74
FOODS_3_480,CA_3,11609,2.98
FOODS_3_484,CA_3,11609,1.98
FOODS_3_495,CA_3,11609,2.18
FOODS_3_490,CA_3,11609,3.48
FOODS_3_497,CA_3,11609,2.5
FOODS_3_500,CA_3,11609,2.5
FOODS_3_506,CA_3,11609,3.98
FOODS_3_524,CA_3,11609,1.0
FOODS_3_526,CA_3,11609,1.98
FOODS_3_528,CA_3,11609,4.98
FOODS_3_534,CA_3,11609,4.88
FOODS_3_568,CA_3,11609,1.0
FOODS_3_586,CA_3,11609,1.68
FOODS_3_587,CA_3,11609,2.48
FOODS_3_583,CA_3,11609,1.5
FOODS_3_588,CA_3,11609,3.94
FOODS_3_608,CA_3,11609,1.74
FOODS_3_599,CA_3,11609,1.98
FOODS_3_627,CA_3,11609,2.88
FOODS_3_628,CA_3,11609,3.98
FOODS_3_635,CA_3,11609,1.0
FOODS_3_642,CA_3,11609,2.98
FOODS_3_640,CA_3,11609,1.5
FOODS_3_646,CA_3,11609,2.68
FOODS_3_657,CA_3,11609,3.98
FOODS_3_666,CA_3,11609,2.48
FOODS_3_667,CA_3,11609,1.98
FOODS_3_680,CA_3,11609,2.56
FOODS_3_683,CA_3,11609,2.56
FOODS_3_692,CA_3,11609,0.8
FOODS_3_698,CA_3,11609,1.0
FOODS_3_705,CA_3,11609,3.88
FOODS_3_710,CA_3,11609,2.98
FOODS_3_706,CA_3,11609,1.98
FOODS_3_722,CA_3,11609,2.56
FOODS_3_734,CA_3,11609,1.78
FOODS_3_739,CA_3,11609,1.5
FOODS_3_764,CA_3,11609,2.98
FOODS_3_771,CA_3,11609,2.56
FOODS_3_789,CA_3,11609,1.5
FOODS_3_790,CA_3,11609,2.48
FOODS_3_794,CA_3,11609,2.98
FOODS_3_800,CA_3,11609,1.98
FOODS_3_798,CA_3,11609,1.98
FOODS_3_807,CA_3,11609,1.98
FOODS_3_822,CA_3,11609,3.98
FOODS_3_823,CA_3,11609,2.98
FOODS_3_827,CA_3,11609,1.0
HOBBIES_1_010,CA_4,11609,2.97
HOBBIES_1_007,CA_4,11609,7.88
HOBBIES_1_014,CA_4,11609,1.16
HOBBIES_1_026,CA_4,11609,17.97
HOBBIES_1_043,CA_4,11609,0.7
HOBBIES_1_050,CA_4,11609,10.98
HOBBIES_1_061,CA_4,11609,2.83
HOBBIES_1_076,CA_4,11609,3.43
HOBBIES_1_083,CA_4,11609,15.92
HOBBIES_1_093,CA_4,11609,19.96
HOBBIES_1_110,CA_4,11609,3.67
HOBBIES_1_108,CA_4,11609,12.98
HOBBIES_1_130,CA_4,11609,2.73
HOBBIES_1_164,CA_4,11609,8.97
HOBBIES_1_167,CA_4,11609,0.68
HOBBIES_1_171,CA_4,11609,2.88
HOBBIES_1_176,CA_4,11609,5.94
HOBBIES_1_187,CA_4,11609,7.0
HOBBIES_1_183,CA_4,11609,7.98
HOBBIES_1_186,CA_4,11609,15.92
HOBBIES_1_211,CA_4,11609,4.72
HOBBIES_1_215,CA_4,11609,10.98
HOBBIES_1_221,CA_4,11609,2.97
HOBBIES_1_214,CA_4,11609,9.88
HOBBIES_1_239,CA_4,11609,2.97
HOBBIES_1_254,CA_4,11609,0.7
HOBBIES_1_257,CA_4,11609,16.76
HOBBIES_1_276,CA_4,11609,7.98
HOBBIES_1_288,CA_4,11609,0.57
HOBBIES_1_289,CA_4,11609,4.97
HOBBIES_1_295,CA_4,11609,0.48
HOBBIES_1_309,CA_4,11609,5.12
HOBBIES_1_307,CA_4,11609,3.97
HOBBIES_1_322,CA_4,11609,3.97
HOBBIES_1_335,CA_4,11609,12.88
HOBBIES_1_341,CA_4,11609,0.48
HOBBIES_1_345,CA_4,11609,7.88
HOBBIES_1_352,CA_4,11609,2.74
HOBBIES_1_365,CA_4,11609,3.97
HOBBIES_1_394,CA_4,11609,7.88
HOBBIES_2_007,CA_4,11609,0.97
HOBBIES_2_020,CA_4,11609,3.88
HOBBIES_2_019,CA_4,11609,3.37
HOBBIES_2_032,CA_4,11609,0.97
HOBBIES_2_043,CA_4,11609,0.97
HOBBIES_2_063,CA_4,11609,0.97
HOBBIES_2_069,CA_4,11609,2.97
HOBBIES_2_074,CA_4,11609,3.97
HOBBIES_2_067,CA_4,11609,2.97
HOBBIES_2_078,CA_4,11609,5.97
HOBBIES_2_088,CA_4,11609,2.77
HOBBIES_2_099,CA_4,11609,0.97
HOBBIES_2_101,CA_4,11609,0.5
HOBBIES_2_124,CA_4,11609,0.23
HOBBIES_2_133,CA_4,11609,2.88
HOBBIES_2_139,CA_4,11609,4.97
HOUSEHOLD_2_407,TX_2,11609,4.94
HOUSEHOLD_2_399,TX_2,11609,2.67
HOUSEHOLD_2_397,TX_2,11609,6.98
HOUSEHOLD_2_408,TX_2,11609,8.48
HOUSEHOLD_2_413,TX_2,11609,3.68
HOUSEHOLD_2_434,TX_2,11609,1.88
HOUSEHOLD_2_437,TX_2,11609,7.97
HOUSEHOLD_2_438,TX_2,11609,8.87
HOUSEHOLD_2_458,TX_2,11609,3.96
HOUSEHOLD_2_471,TX_2,11609,3.48
HOUSEHOLD_2_483,TX_2,11609,4.97
HOUSEHOLD_2_489,TX_2,11609,14.47
HOUSEHOLD_2_490,TX_2,11609,3.48
HOUSEHOLD_2_492,TX_2,11609,5.92
HOUSEHOLD_2_500,TX_2,11609,5.84
FOODS_1_018,TX_2,11609,0.94
FOODS_1_012,TX_2,11609,6.27
FOODS_1_020,TX_2,11609,2.68
FOODS_1_023,TX_2,11609,6.27
FOODS_1_032,TX_2,11609,0.94
FOODS_1_038,TX_2,11609,9.94
FOODS_1_041,TX_2,11609,2.24
FOODS_1_043,TX_2,11609,1.96
FOODS_1_054,TX_2,11609,1.98
FOODS_1_060,TX_2,11609,1.68
FOODS_1_072,TX_2,11609,5.28
FOODS_1_083,TX_2,11609,2.0
FOODS_1_089,TX_2,11609,3.48
FOODS_1_094,TX_2,11609,3.54
FOODS_1_093,TX_2,11609,6.27
FOODS_1_103,TX_2,11609,4.27
FOODS_1_104,TX_2,11609,3.54
FOODS_1_112,TX_2,11609,1.98
FOODS_1_113,TX_2,11609,0.94
FOODS_1_111,TX_2,11609,5.98
FOODS_1_124,TX_2,11609,2.24
FOODS_1_120,TX_2,11609,1.96
FOODS_1_130,TX_2,11609,1.78
FOODS_1_132,TX_2,11609,1.96
FOODS_1_150,TX_2,11609,5.28
FOODS_1_148,TX_2,11609,5.47
FOODS_1_159,TX_2,11609,5.47
FOODS_1_170,TX_2,11609,6.27
FOODS_1_175,TX_2,11609,2.98
FOODS_1_184,TX_2,11609,1.0
FOODS_1_193,TX_2,11609,5.37
FOODS_1_201,TX_2,11609,2.24
FOODS_1_203,TX_2,11609,2.24
FOODS_1_205,TX_2,11609,5.28
FOODS_1_208,TX_2,11609,1.96
FOODS_1_210,TX_2,11609,1.96
FOODS_2_009,TX_2,11609,1.32
FOODS_2_006,TX_2,11609,10.97
FOODS_2_027,TX_2,11609,1.94
FOODS_2_034,TX_2,11609,2.5
FOODS_2_028,TX_2,11609,3.77
FOODS_2_047,TX_2,11609,2.42
FOODS_2_046,TX_2,11609,3.94
FOODS_2_056,TX_2,11609,6.98
FOODS_2_077,TX_2,11609,5.92
FOODS_2_071,TX_2,11609,4.48
FOODS_2_086,TX_2,11609,2.22
FOODS_2_088,TX_2,11609,7.47
FOODS_2_089,TX_2,11609,3.98
FOODS_2_118,TX_2,11609,2.83
FOODS_2_114,TX_2,11609,2.73
FOODS_2_128,TX_2,11609,0.94
FOODS_2_137,TX_2,11609,2.5
FOODS_2_144,TX_2,11609,2.47
FOODS_2_142,TX_2,11609,3.98
FOODS_2_153,TX_2,11609,2.42
FOODS_2_157,TX_2,11609,3.86
FOODS_2_171,TX_2,11609,2.74
FOODS_2_207,TX_2,11609,7.98
FOODS_2_201,TX_2,11609,4.98
FOODS_2_216,TX_2,11609,5.96
FOODS_2_229,TX_2,11609,2.18
FOODS_2_237,TX_2,11609,2.47
FOODS_2_235,TX_2,11609,2.5
FOODS_2_251,TX_2,11609,7.87
FOODS_2_244,TX_2,11609,5.58
FOODS_2_246,TX_2,11609,2.18
FOODS_2_250,TX_2,11609,10.97
FOODS_2_262,TX_2,11609,2.0
FOODS_2_259,TX_2,11609,3.14
FOODS_2_282,TX_2,11609,6.72
FOODS_2_286,TX_2,11609,1.58
FOODS_2_295,TX_2,11609,13.97
FOODS_2_298,TX_2,11609,13.97
FOODS_2_300,TX_2,11609,5.92
FOODS_2_301,TX_2,11609,2.22
FOODS_2_309,TX_2,11609,2.74
FOODS_2_322,TX_2,11609,2.74
FOODS_2_321,TX_2,11609,2.68
FOODS_2_320,TX_2,11609,1.86
FOODS_2_327,TX_2,11609,1.97
FOODS_2_367,TX_2,11609,4.97
FOODS_2_361,TX_2,11609,3.94
FOODS_2_366,TX_2,11609,2.5
FOODS_2_368,TX_2,11609,7.87
FOODS_2_370,TX_2,11609,4.97
FOODS_2_376,TX_2,11609,1.74
FOODS_2_381,TX_2,11609,2.5
FOODS_2_384,TX_2,11609,2.28
FOODS_2_379,TX_2,11609,6.98
FOODS_3_005,TX_2,11609,2.28
FOODS_3_012,TX_2,11609,2.68
FOODS_3_010,TX_2,11609,2.84
FOODS_3_006,TX_2,11609,7.88
FOODS_3_019,TX_2,11609,1.98
FOODS_3_023,TX_2,11609,3.98
FOODS_3_018,TX_2,11609,4.54
FOODS_3_042,TX_2,11609,1.68
FOODS_3_032,TX_2,11609,2.98
FOODS_3_034,TX_2,11609,2.56
FOODS_3_033,TX_2,11609,2.5
FOODS_3_038,TX_2,11609,4.98
FOODS_3_046,TX_2,11609,1.98
FOODS_3_047,TX_2,11609,1.0
FOODS_3_061,TX_2,11609,2.98
FOODS_3_058,TX_2,11609,1.98
FOODS_3_070,TX_2,11609,0.25
FOODS_3_078,TX_2,11609,2.97
FOODS_3_071,TX_2,11609,1.34
FOODS_3_092,TX_2,11609,3.98
FOODS_3_096,TX_2,11609,4.48
FOODS_3_091,TX_2,11609,5.98
FOODS_3_101,TX_2,11609,1.0
FOODS_3_117,TX_2,11609,1.88
FOODS_3_119,TX_2,11609,4.28
FOODS_3_138,TX_2,11609,1.98
FOODS_3_145,TX_2,11609,2.98
FOODS_3_152,TX_2,11609,2.88
FOODS_3_164,TX_2,11609,2.94
FOODS_3_188,TX_2,11609,1.98
FOODS_3_186,TX_2,11609,2.28
FOODS_3_194,TX_2,11609,2.98
FOODS_3_200,TX_2,11609,2.0
FOODS_3_198,TX_2,11609,6.44
FOODS_3_211,TX_2,11609,4.58
FOODS_3_213,TX_2,11609,2.24
FOODS_3_078,CA_1,11609,2.97
FOODS_3_091,CA_1,11609,5.98
FOODS_3_092,CA_1,11609,3.98
FOODS_3_096,CA_1,11609,4.68
FOODS_3_101,CA_1,11609,1.0
FOODS_3_117,CA_1,11609,1.98
FOODS_3_119,CA_1,11609,4.28
FOODS_3_138,CA_1,11609,1.98
FOODS_3_145,CA_1,11609,2.98
FOODS_3_152,CA_1,11609,2.88
FOODS_3_164,CA_1,11609,2.94
FOODS_3_188,CA_1,11609,1.98
FOODS_3_186,CA_1,11609,2.28
FOODS_3_200,CA_1,11609,2.0
FOODS_3_194,CA_1,11609,2.98
FOODS_3_198,CA_1,11609,6.44
FOODS_3_211,CA_1,11609,4.58
FOODS_3_214,CA_1,11609,0.94
FOODS_3_213,CA_1,11609,2.24
FOODS_3_215,CA_1,11609,1.24
FOODS_3_222,CA_1,11609,4.54
FOODS_3_232,CA_1,11609,3.0
FOODS_3_236,CA_1,11609,2.56
FOODS_3_238,CA_1,11609,3.27
FOODS_3_257,CA_1,11609,3.98
FOODS_3_261,CA_1,11609,3.98
FOODS_3_259,CA_1,11609,1.78
FOODS_3_269,CA_1,11609,2.98
FOODS_3_281,CA_1,11609,1.25
FOODS_3_289,CA_1,11609,2.98
FOODS_3_293,CA_1,11609,1.98
FOODS_3_306,CA_1,11609,1.58
FOODS_3_309,CA_1,11609,1.98
FOODS_3_315,CA_1,11609,1.74
FOODS_3_320,CA_1,11609,1.98
FOODS_3_335,CA_1,11609,2.48
FOODS_3_346,CA_1,11609,1.98
FOODS_3_351,CA_1,11609,0.94
FOODS_3_358,CA_1,11609,2.88
FOODS_3_354,CA_1,11609,2.98
FOODS_3_362,CA_1,11609,2.56
FOODS_3_387,CA_1,11609,2.68
FOODS_3_384,CA_1,11609,2.98
FOODS_3_388,CA_1,11609,3.98
FOODS_3_404,CA_1,11609,1.0
FOODS_3_408,CA_1,11609,2.98
FOODS_3_418,CA_1,11609,3.98
FOODS_3_426,CA_1,11609,2.98
FOODS_3_429,CA_1,11609,5.98
FOODS_3_442,CA_1,11609,2.48
FOODS_3_455,CA_1,11609,2.48
FOODS_3_471,CA_1,11609,2.5
FOODS_3_477,CA_1,11609,1.68
FOODS_3_480,CA_1,11609,2.98
FOODS_3_478,CA_1,11609,1.74
FOODS_3_484,CA_1,11609,1.98
FOODS_3_490,CA_1,11609,3.48
FOODS_3_497,CA_1,11609,2.5
FOODS_3_495,CA_1,11609,2.18
FOODS_3_500,CA_1,11609,2.5
FOODS_3_506,CA_1,11609,3.98
FOODS_3_524,CA_1,11609,1.0
FOODS_3_526,CA_1,11609,1.98
FOODS_3_528,CA_1,11609,4.98
FOODS_3_534,CA_1,11609,4.88
FOODS_3_568,CA_1,11609,1.0
FOODS_3_583,CA_1,11609,1.5
FOODS_3_586,CA_1,11609,1.68
FOODS_3_587,CA_1,11609,2.48
FOODS_3_588,CA_1,11609,3.94
FOODS_3_599,CA_1,11609,1.98
FOODS_3_608,CA_1,11609,1.74
FOODS_3_628,CA_1,11609,3.98
FOODS_3_627,CA_1,11609,2.88
FOODS_3_635,CA_1,11609,1.0
FOODS_3_642,CA_1,11609,2.98
FOODS_3_640,CA_1,11609,1.5
FOODS_3_646,CA_1,11609,2.68
FOODS_3_657,CA_1,11609,3.98
FOODS_3_666,CA_1,11609,2.48
FOODS_3_667,CA_1,11609,1.98
FOODS_3_680,CA_1,11609,2.56
FOODS_3_683,CA_1,11609,2.56
FOODS_3_692,CA_1,11609,0.8
FOODS_3_705,CA_1,11609,3.88
FOODS_3_698,CA_1,11609,1.0
FOODS_3_710,CA_1,11609,2.98
FOODS_3_706,CA_1,11609,1.98
FOODS_3_722,CA_1,11609,2.56
FOODS_3_734,CA_1,11609,1.78
FOODS_3_739,CA_1,11609,1.5
FOODS_3_764,CA_1,11609,2.98
FOODS_3_771,CA_1,11609,2.56
FOODS_3_794,CA_1,11609,2.98
FOODS_3_789,CA_1,11609,1.5
FOODS_3_798,CA_1,11609,1.98
FOODS_3_790,CA_1,11609,2.68
FOODS_3_807,CA_1,11609,1.98
FOODS_3_800,CA_1,11609,1.98
FOODS_3_822,CA_1,11609,3.98
FOODS_3_823,CA_1,11609,2.88
FOODS_3_827,CA_1,11609,1.0
HOBBIES_1_011,CA_2,11609,3.48
HOBBIES_1_023,CA_2,11609,2.97
HOBBIES_1_019,CA_2,11609,0.48
HOBBIES_1_028,CA_2,11609,7.98
HOBBIES_1_054,CA_2,11609,2.97
HOBBIES_1_067,CA_2,11609,0.57
HOBBIES_1_066,CA_2,11609,1.25
HOBBIES_1_073,CA_2,11609,5.47
HOBBIES_1_072,CA_2,11609,1.97
HOBBIES_1_085,CA_2,11609,14.72
HOBBIES_1_094,CA_2,11609,12.97
HOBBIES_1_091,CA_2,11609,0.7
HOBBIES_1_099,CA_2,11609,13.98
HOBBIES_1_114,CA_2,11609,5.97
HOBBIES_1_115,CA_2,11609,0.68
HOBBIES_1_113,CA_2,11609,1.47
HOBBIES_1_129,CA_2,11609,4.88
HOBBIES_1_125,CA_2,11609,11.73
HOBBIES_1_136,CA_2,11609,4.88
HOBBIES_1_133,CA_2,11609,12.88
HOBBIES_1_146,CA_2,11609,4.86
HOBBIES_1_147,CA_2,11609,9.97
HOBBIES_1_157,CA_2,11609,11.28
HOBBIES_1_155,CA_2,11609,18.98
HOBBIES_1_158,CA_2,11609,22.98
HOBBIES_1_177,CA_2,11609,4.24
HOBBIES_1_174,CA_2,11609,4.88
HOBBIES_1_188,CA_2,11609,12.88
HOBBIES_1_180,CA_2,11609,19.98
HOBBIES_1_194,CA_2,11609,2.88
HOBBIES_1_190,CA_2,11609,9.97
HOBBIES_1_208,CA_2,11609,3.24
HOBBIES_1_206,CA_2,11609,2.72
HOBBIES_1_213,CA_2,11609,8.26
HOBBIES_1_212,CA_2,11609,7.47
HOBBIES_1_220,CA_2,11609,2.92
HOBBIES_1_227,CA_2,11609,1.97
HOBBIES_1_223,CA_2,11609,1.12
HOBBIES_1_230,CA_2,11609,4.48
HOBBIES_1_243,CA_2,11609,13.88
HOBBIES_1_260,CA_2,11609,12.88
HOBBIES_1_261,CA_2,11609,0.48
HOBBIES_1_266,CA_2,11609,4.86
HOBBIES_1_267,CA_2,11609,2.88
HOBBIES_1_280,CA_2,11609,10.98
HOBBIES_1_299,CA_2,11609,1.27
HOBBIES_1_312,CA_2,11609,0.57
HOBBIES_1_314,CA_2,11609,3.97
HOBBIES_1_324,CA_2,11609,14.72
HOBBIES_1_331,CA_2,11609,0.94
HOBBIES_1_327,CA_2,11609,7.88
HOBBIES_1_332,CA_2,11609,7.88
HOBBIES_1_367,CA_2,11609,8.26
HOBBIES_1_373,CA_2,11609,14.72
HOBBIES_1_376,CA_2,11609,16.86
HOBBIES_1_391,CA_2,11609,3.88
HOBBIES_1_389,CA_2,11609,11.97
HOBBIES_1_423,CA_2,11609,7.78
HOBBIES_2_041,CA_2,11609,1.97
HOBBIES_2_035,CA_2,11609,4.47
HOBBIES_2_046,CA_2,11609,2.97
FOODS_3_744,CA_4,11609,2.28
FOODS_3_749,CA_4,11609,1.74
FOODS_3_767,CA_4,11609,1.0
FOODS_3_778,CA_4,11609,2.28
FOODS_3_787,CA_4,11609,2.48
FOODS_3_797,CA_4,11609,3.98
FOODS_3_805,CA_4,11609,1.0
FOODS_3_816,CA_4,11609,0.25
FOODS_3_825,CA_4,11609,3.98
HOBBIES_1_004,TX_1,11609,4.64
HOBBIES_1_018,TX_1,11609,11.88
HOBBIES_1_027,TX_1,11609,19.98
HOBBIES_1_031,TX_1,11609,10.98
HOBBIES_1_048,TX_1,11609,0.48
HOBBIES_1_051,TX_1,11609,5.98
HOBBIES_1_065,TX_1,11609,4.88
HOBBIES_1_062,TX_1,11609,0.97
HOBBIES_1_088,TX_1,11609,2.57
HOBBIES_1_100,TX_1,11609,11.28
HOBBIES_1_103,TX_1,11609,0.7
HOBBIES_1_106,TX_1,11609,2.57
HOBBIES_1_104,TX_1,11609,23.98
HOBBIES_1_112,TX_1,11609,2.72
HOBBIES_1_119,TX_1,11609,1.63
HOBBIES_1_123,TX_1,11609,7.98
HOBBIES_1_138,TX_1,11609,5.88
HOBBIES_1_141,TX_1,11609,13.98
HOBBIES_1_149,TX_1,11609,1.56
HOBBIES_1_156,TX_1,11609,1.63
HOBBIES_1_159,TX_1,11609,3.24
HOBBIES_1_160,TX_1,11609,18.46
HOBBIES_1_168,TX_1,11609,4.83
HOBBIES_1_189,TX_1,11609,0.48
HOBBIES_1_201,TX_1,11609,4.98
HOBBIES_1_205,TX_1,11609,5.88
HOBBIES_1_225,TX_1,11609,26.98
HOBBIES_1_233,TX_1,11609,0.7
HOBBIES_1_235,TX_1,11609,12.98
HOBBIES_1_240,TX_1,11609,2.73
HOBBIES_1_241,TX_1,11609,19.94
HOBBIES_1_249,TX_1,11609,4.88
HOBBIES_1_247,TX_1,11609,16.88
HOBBIES_1_269,TX_1,11609,11.73
HOBBIES_1_274,TX_1,11609,9.88
HOBBIES_1_296,TX_1,11609,7.38
HOBBIES_1_300,TX_1,11609,8.98
HOBBIES_1_301,TX_1,11609,6.24
HOBBIES_1_298,TX_1,11609,3.94
HOBBIES_1_304,TX_1,11609,3.98
HOBBIES_1_311,TX_1,11609,17.98
HOBBIES_1_315,TX_1,11609,4.97
HOBBIES_1_328,TX_1,11609,6.72
HOBBIES_1_334,TX_1,11609,5.98
HOBBIES_1_351,TX_1,11609,5.76
HOBBIES_1_348,TX_1,11609,0.48
HOBBIES_1_353,TX_1,11609,1.08
HOBBIES_1_357,TX_1,11609,12.98
HOBBIES_1_360,TX_1,11609,14.94
HOBBIES_1_364,TX_1,11609,12.78
HOBBIES_1_362,TX_1,11609,9.46
HOBBIES_1_387,TX_1,11609,1.08
HOBBIES_1_399,TX_1,11609,1.97
HOBBIES_1_397,TX_1,11609,3.98
HOBBIES_1_419,TX_1,11609,5.98
HOBBIES_2_002,TX_1,11609,1.47
HOBBIES_2_009,TX_1,11609,5.97
HOBBIES_2_018,TX_1,11609,3.37
HOBBIES_2_012,TX_1,11609,1.97
HOBBIES_2_029,TX_1,11609,2.88
HOBBIES_2_028,TX_1,11609,0.88
HOBBIES_2_027,TX_1,11609,1.97
HOBBIES_2_024,TX_1,11609,4.77
HOBBIES_2_025,TX_1,11609,0.5
HOBBIES_2_023,TX_1,11609,0.97
HOBBIES_2_037,TX_1,11609,0.97
HOBBIES_2_031,TX_1,11609,6.97
HOBBIES_2_040,TX_1,11609,0.88
HOBBIES_2_057,TX_1,11609,1.97
HOBBIES_2_066,TX_1,11609,4.97
HOBBIES_2_060,TX_1,11609,0.97
HOBBIES_2_064,TX_1,11609,0.97
HOBBIES_2_073,TX_1,11609,0.5
HOBBIES_2_072,TX_1,11609,7.97
HOBBIES_2_086,TX_1,11609,0.97
HOBBIES_2_108,TX_1,11609,2.97
HOBBIES_2_120,TX_1,11609,2.47
HOBBIES_2_123,TX_1,11609,0.5
HOBBIES_2_131,TX_1,11609,5.97
HOBBIES_2_132,TX_1,11609,2.88
HOBBIES_2_136,TX_1,11609,2.88
HOUSEHOLD_1_004,TX_1,11609,1.87
HOBBIES_2_148,TX_1,11609,0.88
HOUSEHOLD_1_007,TX_1,11609,1.48
HOUSEHOLD_1_009,TX_1,11609,17.97
HOUSEHOLD_1_032,TX_1,11609,10.48
HOUSEHOLD_1_051,TX_1,11609,2.86
HOUSEHOLD_1_049,TX_1,11609,5.97
HOUSEHOLD_1_062,TX_1,11609,4.98
HOUSEHOLD_1_094,TX_1,11609,3.48
HOUSEHOLD_1_120,TX_1,11609,4.44
HOUSEHOLD_1_129,TX_1,11609,3.88
HOUSEHOLD_1_139,TX_1,11609,4.98
HOUSEHOLD_1_149,TX_1,11609,0.97
HOUSEHOLD_1_148,TX_1,11609,5.88
HOUSEHOLD_1_155,TX_1,11609,3.47
HOUSEHOLD_1_166,TX_1,11609,4.94
HOUSEHOLD_1_173,TX_1,11609,0.97
HOUSEHOLD_1_174,TX_1,11609,5.27
HOUSEHOLD_1_182,TX_1,11609,3.97
HOUSEHOLD_1_191,TX_1,11609,2.96
HOUSEHOLD_1_199,TX_1,11609,1.77
HOUSEHOLD_1_200,TX_1,11609,2.08
HOUSEHOLD_1_210,TX_1,11609,4.57
HOUSEHOLD_1_260,TX_1,11609,2.97
HOUSEHOLD_1_270,TX_1,11609,9.92
HOUSEHOLD_1_269,TX_1,11609,3.12
HOUSEHOLD_1_310,TX_1,11609,6.97
HOUSEHOLD_1_315,TX_1,11609,9.48
HOUSEHOLD_1_311,TX_1,11609,3.88
HOUSEHOLD_1_317,TX_1,11609,1.96
HOUSEHOLD_1_319,TX_1,11609,1.87
HOUSEHOLD_1_321,TX_1,11609,2.97
HOUSEHOLD_1_320,TX_1,11609,4.44
HOUSEHOLD_1_328,TX_1,11609,4.94
HOUSEHOLD_1_343,TX_1,11609,5.27
HOUSEHOLD_1_338,TX_1,11609,3.94
HOUSEHOLD_1_348,TX_1,11609,1.86
HOUSEHOLD_1_364,TX_1,11609,7.14
HOUSEHOLD_1_357,TX_1,11609,11.97
HOUSEHOLD_1_356,TX_1,11609,5.96
HOUSEHOLD_1_390,TX_1,11609,1.83
HOUSEHOLD_1_403,TX_1,11609,3.93
HOUSEHOLD_1_402,TX_1,11609,6.97
HOUSEHOLD_1_419,TX_1,11609,8.94
HOUSEHOLD_1_427,TX_1,11609,5.96
HOUSEHOLD_1_453,TX_1,11609,2.36
HOUSEHOLD_1_487,TX_1,11609,1.84
HOUSEHOLD_1_481,TX_1,11609,4.64
HOUSEHOLD_1_484,TX_1,11609,9.97
HOUSEHOLD_1_492,TX_1,11609,3.96
HOUSEHOLD_1_495,TX_1,11609,2.74
HOUSEHOLD_1_508,TX_1,11609,4.87
HOUSEHOLD_1_515,TX_1,11609,2.47
HOBBIES_1_199,WI_1,11609,3.98
HOBBIES_1_204,WI_1,11609,9.72
HOBBIES_1_217,WI_1,11609,3.47
HOBBIES_1_224,WI_1,11609,3.97
HOBBIES_1_234,WI_1,11609,0.3
HOBBIES_1_244,WI_1,11609,0.48
HOBBIES_1_250,WI_1,11609,4.88
HOBBIES_1_255,WI_1,11609,1.88
HOBBIES_1_282,WI_1,11609,3.98
HOBBIES_1_284,WI_1,11609,4.88
HOBBIES_1_293,WI_1,11609,3.68
HOBBIES_1_303,WI_1,11609,8.56
HOBBIES_1_305,WI_1,11609,2.87
HOBBIES_1_308,WI_1,11609,9.98
HOBBIES_1_318,WI_1,11609,3.96
HOBBIES_1_319,WI_1,11609,0.96
HOBBIES_1_321,WI_1,11609,6.68
HOBBIES_1_323,WI_1,11609,5.24
HOBBIES_1_333,WI_1,11609,4.97
HOBBIES_1_342,WI_1,11609,19.96
HOBBIES_1_350,WI_1,11609,2.98
HOBBIES_1_355,WI_1,11609,3.94
HOBBIES_1_384,WI_1,11609,9.98
HOBBIES_1_403,WI_1,11609,13.23
HOBBIES_1_404,WI_1,11609,0.48
HOBBIES_1_411,WI_1,11609,1.34
HOBBIES_1_418,WI_1,11609,3.98
HOBBIES_1_420,WI_1,11609,5.74
HOBBIES_1_421,WI_1,11609,8.26
HOBBIES_2_015,WI_1,11609,2.47
HOBBIES_2_045,WI_1,11609,2.47
HOBBIES_2_038,WI_1,11609,0.97
HOBBIES_2_049,WI_1,11609,2.5
HOBBIES_2_059,WI_1,11609,0.23
HOBBIES_2_071,WI_1,11609,0.97
HOBBIES_2_065,WI_1,11609,0.5
HOBBIES_2_079,WI_1,11609,2.47
HOBBIES_2_082,WI_1,11609,0.88
HOBBIES_2_085,WI_1,11609,0.97
HOBBIES_2_093,WI_1,11609,1.97
HOBBIES_2_100,WI_1,11609,0.88
HOBBIES_2_094,WI_1,11609,1.97
HOBBIES_2_111,WI_1,11609,3.97
HOBBIES_2_119,WI_1,11609,2.97
HOBBIES_2_121,WI_1,11609,0.97
HOBBIES_2_140,WI_1,11609,2.47
HOUSEHOLD_1_008,WI_1,11609,5.47
HOUSEHOLD_1_033,WI_1,11609,3.97
HOUSEHOLD_1_035,WI_1,11609,4.63
HOUSEHOLD_1_053,WI_1,11609,14.97
HOUSEHOLD_1_052,WI_1,11609,4.23
HOUSEHOLD_1_069,WI_1,11609,1.97
HOUSEHOLD_1_083,WI_1,11609,0.97
HOUSEHOLD_1_078,WI_1,11609,2.84
HOUSEHOLD_1_079,WI_1,11609,4.47
HOUSEHOLD_1_077,WI_1,11609,6.42
HOUSEHOLD_1_086,WI_1,11609,5.27
HOUSEHOLD_1_117,WI_1,11609,7.97
HOUSEHOLD_1_112,WI_1,11609,2.97
HOUSEHOLD_1_119,WI_1,11609,3.74
HOUSEHOLD_1_116,WI_1,11609,2.97
HOUSEHOLD_1_123,WI_1,11609,8.97
HOUSEHOLD_1_131,WI_1,11609,4.94
HOUSEHOLD_1_141,WI_1,11609,1.77
HOUSEHOLD_1_156,WI_1,11609,2.73
HOUSEHOLD_1_161,WI_1,11609,11.93
HOUSEHOLD_1_181,WI_1,11609,3.94
HOUSEHOLD_1_185,WI_1,11609,2.97
HOUSEHOLD_1_187,WI_1,11609,6.48
HOUSEHOLD_1_197,WI_1,11609,4.97
HOUSEHOLD_1_211,WI_1,11609,3.87
HOUSEHOLD_1_205,WI_1,11609,5.94
HOUSEHOLD_1_218,WI_1,11609,1.94
HOUSEHOLD_1_221,WI_1,11609,12.57
HOUSEHOLD_1_232,WI_1,11609,4.23
HOUSEHOLD_1_242,WI_1,11609,0.99
HOUSEHOLD_1_256,WI_1,11609,5.97
HOUSEHOLD_1_261,WI_1,11609,5.97
HOUSEHOLD_1_267,WI_1,11609,9.74
HOUSEHOLD_1_272,WI_1,11609,9.97
HOUSEHOLD_1_295,WI_1,11609,2.98
HOUSEHOLD_1_292,WI_1,11609,6.48
HOUSEHOLD_1_303,WI_1,11609,0.98
HOUSEHOLD_1_301,WI_1,11609,4.94
HOUSEHOLD_1_312,WI_1,11609,2.37
HOUSEHOLD_1_307,WI_1,11609,2.97
HOUSEHOLD_1_329,WI_1,11609,4.94
HOUSEHOLD_1_335,WI_1,11609,9.42
HOUSEHOLD_1_345,WI_1,11609,4.22
HOUSEHOLD_1_337,WI_1,11609,4.97
HOUSEHOLD_1_342,WI_1,11609,17.97
HOUSEHOLD_1_346,WI_1,11609,3.94
HOUSEHOLD_1_351,WI_1,11609,0.97
HOUSEHOLD_1_360,WI_1,11609,3.96
HOUSEHOLD_1_368,WI_1,11609,8.48
HOUSEHOLD_1_371,WI_1,11609,4.94
HOUSEHOLD_1_373,WI_1,11609,3.42
HOUSEHOLD_1_378,WI_1,11609,21.78
HOUSEHOLD_1_393,WI_1,11609,1.98
HOUSEHOLD_1_410,WI_1,11609,3.97
HOUSEHOLD_1_411,WI_1,11609,3.28
HOUSEHOLD_1_413,WI_1,11609,17.97
HOUSEHOLD_1_443,WI_1,11609,2.47
HOUSEHOLD_1_450,WI_1,11609,3.42
HOUSEHOLD_1_469,WI_1,11609,17.97
HOUSEHOLD_1_478,WI_1,11609,2.67
HOUSEHOLD_1_485,WI_1,11609,2.97
HOUSEHOLD_1_479,WI_1,11609,7.56
HOUSEHOLD_1_486,WI_1,11609,18.87
HOUSEHOLD_1_503,WI_1,11609,1.28
HOUSEHOLD_1_511,WI_1,11609,6.27
HOUSEHOLD_1_519,WI_1,11609,4.88
HOUSEHOLD_1_533,WI_1,11609,4.97
HOUSEHOLD_1_528,WI_1,11609,2.97
HOUSEHOLD_1_534,WI_1,11609,9.97
HOUSEHOLD_1_539,WI_1,11609,3.97
HOUSEHOLD_2_012,WI_1,11609,4.78
HOUSEHOLD_2_029,WI_1,11609,10.43
HOUSEHOLD_2_027,WI_1,11609,4.97
HOUSEHOLD_2_030,WI_1,11609,3.97
HOUSEHOLD_2_052,WI_1,11609,4.97
HOUSEHOLD_2_072,WI_1,11609,2.58
HOUSEHOLD_2_078,WI_1,11609,5.84
HOUSEHOLD_2_082,WI_1,11609,5.92
HOUSEHOLD_2_077,WI_1,11609,3.48
HOUSEHOLD_2_091,WI_1,11609,8.97
HOUSEHOLD_2_095,WI_1,11609,6.47
HOUSEHOLD_2_106,WI_1,11609,8.44
HOUSEHOLD_2_101,WI_1,11609,4.49
HOUSEHOLD_2_114,WI_1,11609,5.94
HOUSEHOLD_2_117,WI_1,11609,2.46
HOUSEHOLD_2_119,WI_1,11609,5.84
HOUSEHOLD_2_125,WI_1,11609,8.88
HOUSEHOLD_2_126,WI_1,11609,6.97
HOUSEHOLD_2_172,WI_1,11609,5.94
HOUSEHOLD_2_178,WI_1,11609,6.96
HOUSEHOLD_2_175,WI_1,11609,5.97
HOUSEHOLD_2_190,WI_1,11609,0.98
HOUSEHOLD_2_187,WI_1,11609,3.33
HOUSEHOLD_2_209,WI_1,11609,7.97
HOUSEHOLD_2_214,WI_1,11609,6.94
HOUSEHOLD_2_208,WI_1,11609,12.97
HOUSEHOLD_2_213,WI_1,11609,0.93
HOUSEHOLD_2_217,WI_1,11609,2.87
HOUSEHOLD_2_226,WI_1,11609,6.97
HOUSEHOLD_2_093,CA_3,11609,3.24
HOUSEHOLD_2_092,CA_3,11609,5.94
HOUSEHOLD_2_113,CA_3,11609,1.88
HOUSEHOLD_2_111,CA_3,11609,6.44
HOUSEHOLD_2_118,CA_3,11609,3.42
HOUSEHOLD_2_128,CA_3,11609,5.94
HOUSEHOLD_2_131,CA_3,11609,11.97
HOUSEHOLD_2_134,CA_3,11609,5.94
HOUSEHOLD_2_129,CA_3,11609,5.73
HOUSEHOLD_2_142,CA_3,11609,1.97
HOUSEHOLD_2_146,CA_3,11609,6.47
HOUSEHOLD_2_168,CA_3,11609,6.94
HOUSEHOLD_2_169,CA_3,11609,5.84
HOUSEHOLD_2_167,CA_3,11609,2.88
HOUSEHOLD_2_191,CA_3,11609,5.44
HOUSEHOLD_2_193,CA_3,11609,4.94
HOUSEHOLD_2_197,CA_3,11609,3.97
HOUSEHOLD_2_201,CA_3,11609,6.54
HOUSEHOLD_2_205,CA_3,11609,5.84
HOUSEHOLD_2_221,CA_3,11609,2.77
HOUSEHOLD_2_234,CA_3,11609,5.73
HOUSEHOLD_2_247,CA_3,11609,3.97
HOUSEHOLD_2_255,CA_3,11609,9.97
HOUSEHOLD_2_268,CA_3,11609,5.47
HOUSEHOLD_2_272,CA_3,11609,5.47
HOUSEHOLD_2_282,CA_3,11609,5.84
HOUSEHOLD_2_290,CA_3,11609,6.24
HOUSEHOLD_2_286,CA_3,11609,2.14
HOUSEHOLD_2_307,CA_3,11609,5.98
HOUSEHOLD_2_319,CA_3,11609,1.98
HOUSEHOLD_2_331,CA_3,11609,3.97
HOUSEHOLD_2_335,CA_3,11609,6.24
HOUSEHOLD_2_340,CA_3,11609,4.98
HOUSEHOLD_2_344,CA_3,11609,5.74
HOUSEHOLD_2_355,CA_3,11609,11.67
HOUSEHOLD_2_366,CA_3,11609,4.17
HOUSEHOLD_2_367,CA_3,11609,7.47
HOUSEHOLD_2_371,CA_3,11609,0.78
HOUSEHOLD_2_377,CA_3,11609,4.97
HOUSEHOLD_2_385,CA_3,11609,7.47
HOUSEHOLD_2_382,CA_3,11609,3.48
HOUSEHOLD_2_398,CA_3,11609,7.97
HOUSEHOLD_2_400,CA_3,11609,3.88
HOUSEHOLD_2_412,CA_3,11609,5.94
HOUSEHOLD_2_421,CA_3,11609,4.97
HOUSEHOLD_2_424,CA_3,11609,2.88
HOUSEHOLD_2_431,CA_3,11609,9.47
HOUSEHOLD_2_435,CA_3,11609,5.97
HOUSEHOLD_2_439,CA_3,11609,5.84
HOUSEHOLD_2_432,CA_3,11609,5.47
HOUSEHOLD_2_443,CA_3,11609,4.66
HOUSEHOLD_2_453,CA_3,11609,6.47
HOUSEHOLD_2_463,CA_3,11609,5.47
HOUSEHOLD_2_470,CA_3,11609,0.88
HOUSEHOLD_2_486,CA_3,11609,5.97
HOUSEHOLD_2_488,CA_3,11609,4.97
HOUSEHOLD_2_482,CA_3,11609,5.73
HOUSEHOLD_2_487,CA_3,11609,9.98
HOUSEHOLD_2_495,CA_3,11609,5.84
HOUSEHOLD_2_502,CA_3,11609,8.86
HOUSEHOLD_2_513,CA_3,11609,2.78
HOUSEHOLD_2_515,CA_3,11609,1.97
FOODS_1_026,CA_3,11609,5.98
FOODS_1_046,CA_3,11609,0.98
FOODS_1_047,CA_3,11609,3.54
FOODS_1_055,CA_3,11609,4.38
FOODS_1_061,CA_3,11609,2.24
FOODS_1_067,CA_3,11609,2.0
FOODS_1_068,CA_3,11609,3.58
FOODS_1_079,CA_3,11609,5.83
FOODS_1_077,CA_3,11609,3.28
FOODS_1_099,CA_3,11609,0.98
FOODS_1_097,CA_3,11609,0.98
FOODS_1_122,CA_3,11609,1.98
FOODS_1_135,CA_3,11609,2.68
FOODS_1_136,CA_3,11609,4.86
FOODS_1_138,CA_3,11609,2.68
FOODS_1_140,CA_3,11609,6.98
FOODS_1_142,CA_3,11609,1.5
FOODS_1_143,CA_3,11609,2.0
FOODS_1_146,CA_3,11609,2.24
FOODS_1_139,CA_3,11609,0.98
FOODS_1_177,CA_3,11609,8.98
FOODS_1_187,CA_3,11609,9.94
FOODS_1_211,CA_3,11609,5.64
FOODS_2_011,CA_3,11609,2.5
FOODS_2_008,CA_3,11609,2.0
FOODS_2_024,CA_3,11609,2.5
FOODS_2_044,CA_3,11609,2.5
FOODS_2_049,CA_3,11609,2.67
FOODS_2_054,CA_3,11609,2.97
FOODS_2_067,CA_3,11609,1.98
FOODS_2_069,CA_3,11609,8.98
FOODS_2_074,CA_3,11609,2.57
FOODS_2_081,CA_3,11609,2.38
FOODS_2_083,CA_3,11609,6.72
FOODS_2_090,CA_3,11609,7.98
FOODS_2_109,CA_3,11609,2.98
FOODS_2_111,CA_3,11609,5.97
FOODS_2_106,CA_3,11609,5.44
FOODS_2_115,CA_3,11609,8.74
FOODS_2_119,CA_3,11609,2.67
FOODS_2_130,CA_3,11609,1.58
FOODS_2_145,CA_3,11609,2.38
FOODS_2_169,CA_3,11609,6.24
FOODS_2_174,CA_3,11609,2.98
FOODS_2_175,CA_3,11609,2.48
FOODS_2_183,CA_3,11609,8.98
FOODS_2_196,CA_3,11609,3.94
FOODS_2_214,CA_3,11609,2.0
FOODS_2_230,CA_3,11609,1.98
FOODS_2_233,CA_3,11609,4.48
FOODS_2_234,CA_3,11609,2.5
FOODS_2_249,CA_3,11609,3.28
FOODS_2_270,CA_3,11609,3.28
FOODS_2_289,CA_3,11609,2.5
FOODS_2_291,CA_3,11609,6.98
FOODS_2_296,CA_3,11609,3.44
FOODS_2_299,CA_3,11609,2.24
FOODS_2_307,CA_3,11609,2.57
FOODS_2_318,CA_3,11609,4.97
FOODS_2_330,CA_3,11609,4.33
FOODS_2_338,CA_3,11609,2.97
FOODS_2_347,CA_3,11609,2.24
FOODS_2_346,CA_3,11609,2.38
FOODS_2_351,CA_3,11609,2.98
FOODS_2_359,CA_3,11609,2.24
FOODS_2_363,CA_3,11609,2.0
FOODS_2_362,CA_3,11609,6.98
FOODS_2_369,CA_3,11609,4.87
FOODS_2_391,CA_3,11609,2.0
FOODS_2_385,CA_3,11609,2.38
FOODS_2_387,CA_3,11609,12.97
FOODS_3_001,CA_3,11609,2.5
FOODS_3_009,CA_3,11609,2.28
FOODS_3_020,CA_3,11609,0.94
FOODS_3_021,CA_3,11609,2.48
FOODS_3_016,CA_3,11609,2.98
FOODS_3_026,CA_3,11609,1.98
FOODS_3_029,CA_3,11609,1.6
FOODS_3_024,CA_3,11609,1.0
FOODS_3_048,CA_3,11609,1.5
FOODS_3_079,CA_3,11609,5.98
FOODS_3_075,CA_3,11609,2.88
FOODS_3_081,CA_3,11609,4.74
FOODS_3_089,CA_3,11609,1.0
FOODS_3_087,CA_3,11609,2.56
FOODS_3_103,CA_3,11609,3.28
FOODS_3_100,CA_3,11609,3.98
FOODS_3_106,CA_3,11609,1.0
FOODS_3_105,CA_3,11609,2.88
FOODS_3_127,CA_3,11609,3.78
FOODS_3_130,CA_3,11609,2.68
HOUSEHOLD_1_520,TX_1,11609,5.48
HOUSEHOLD_1_536,TX_1,11609,2.92
HOUSEHOLD_2_010,TX_1,11609,6.97
HOUSEHOLD_2_007,TX_1,11609,2.58
HOUSEHOLD_2_038,TX_1,11609,5.94
HOUSEHOLD_2_041,TX_1,11609,4.97
HOUSEHOLD_2_046,TX_1,11609,6.94
HOUSEHOLD_2_068,TX_1,11609,2.88
HOUSEHOLD_2_090,TX_1,11609,5.97
HOUSEHOLD_2_097,TX_1,11609,5.48
HOUSEHOLD_2_099,TX_1,11609,5.94
HOUSEHOLD_2_105,TX_1,11609,4.94
HOUSEHOLD_2_132,TX_1,11609,1.97
HOUSEHOLD_2_130,TX_1,11609,7.97
HOUSEHOLD_2_138,TX_1,11609,5.97
HOUSEHOLD_2_139,TX_1,11609,5.84
HOUSEHOLD_2_143,TX_1,11609,6.46
HOUSEHOLD_2_144,TX_1,11609,4.44
HOUSEHOLD_2_147,TX_1,11609,3.97
HOUSEHOLD_2_152,TX_1,11609,13.94
HOUSEHOLD_2_154,TX_1,11609,1.88
HOUSEHOLD_2_150,TX_1,11609,6.97
HOUSEHOLD_2_157,TX_1,11609,5.47
HOUSEHOLD_2_166,TX_1,11609,9.47
HOUSEHOLD_2_170,TX_1,11609,1.44
HOUSEHOLD_2_171,TX_1,11609,3.87
HOUSEHOLD_2_196,TX_1,11609,2.27
HOUSEHOLD_2_207,TX_1,11609,7.46
HOUSEHOLD_2_211,TX_1,11609,19.98
HOUSEHOLD_2_215,TX_1,11609,1.88
HOUSEHOLD_2_227,TX_1,11609,3.96
HOUSEHOLD_2_237,TX_1,11609,5.94
HOUSEHOLD_2_270,TX_1,11609,5.84
HOUSEHOLD_2_276,TX_1,11609,5.47
HOUSEHOLD_2_299,TX_1,11609,1.23
HOUSEHOLD_2_297,TX_1,11609,6.54
HOUSEHOLD_2_327,TX_1,11609,2.98
HOUSEHOLD_2_330,TX_1,11609,3.72
HOUSEHOLD_2_334,TX_1,11609,2.98
HOUSEHOLD_2_336,TX_1,11609,8.97
HOUSEHOLD_2_346,TX_1,11609,3.33
HOUSEHOLD_2_345,TX_1,11609,5.84
HOUSEHOLD_2_342,TX_1,11609,0.97
HOUSEHOLD_2_356,TX_1,11609,9.88
HOUSEHOLD_2_351,TX_1,11609,5.94
HOUSEHOLD_2_362,TX_1,11609,3.94
HOUSEHOLD_2_360,TX_1,11609,7.97
HOUSEHOLD_2_372,TX_1,11609,8.48
HOUSEHOLD_2_386,TX_1,11609,3.97
HOUSEHOLD_2_396,TX_1,11609,8.44
HOUSEHOLD_2_404,TX_1,11609,2.97
HOUSEHOLD_2_427,TX_1,11609,3.48
HOUSEHOLD_2_429,TX_1,11609,5.94
HOUSEHOLD_2_422,TX_1,11609,4.97
HOUSEHOLD_2_426,TX_1,11609,4.37
HOUSEHOLD_2_436,TX_1,11609,1.97
HOUSEHOLD_2_444,TX_1,11609,6.47
HOUSEHOLD_2_445,TX_1,11609,5.97
HOUSEHOLD_2_464,TX_1,11609,2.88
HOUSEHOLD_2_480,TX_1,11609,5.24
HOUSEHOLD_2_481,TX_1,11609,7.97
HOUSEHOLD_2_501,TX_1,11609,7.97
HOUSEHOLD_2_496,TX_1,11609,1.48
HOUSEHOLD_2_498,TX_1,11609,2.96
HOUSEHOLD_2_514,TX_1,11609,19.54
HOUSEHOLD_2_516,TX_1,11609,5.94
FOODS_1_008,TX_1,11609,3.54
FOODS_1_014,TX_1,11609,0.98
FOODS_1_015,TX_1,11609,3.48
FOODS_1_034,TX_1,11609,6.17
FOODS_1_050,TX_1,11609,5.98
FOODS_1_051,TX_1,11609,3.87
FOODS_1_059,TX_1,11609,5.37
FOODS_1_070,TX_1,11609,0.94
FOODS_1_078,TX_1,11609,3.48
FOODS_1_085,TX_1,11609,0.94
FOODS_1_101,TX_1,11609,1.0
FOODS_1_108,TX_1,11609,2.5
FOODS_1_116,TX_1,11609,2.68
FOODS_1_115,TX_1,11609,3.58
FOODS_1_141,TX_1,11609,3.54
FOODS_1_153,TX_1,11609,1.98
FOODS_1_149,TX_1,11609,0.98
FOODS_1_168,TX_1,11609,2.24
FOODS_1_162,TX_1,11609,1.96
FOODS_1_160,TX_1,11609,2.24
FOODS_1_179,TX_1,11609,3.58
FOODS_1_185,TX_1,11609,2.28
FOODS_1_197,TX_1,11609,5.28
FOODS_1_206,TX_1,11609,2.23
FOODS_1_209,TX_1,11609,2.24
FOODS_1_212,TX_1,11609,5.98
FOODS_1_219,TX_1,11609,2.24
FOODS_2_023,TX_1,11609,1.28
FOODS_2_030,TX_1,11609,4.0
FOODS_2_037,TX_1,11609,7.98
FOODS_2_041,TX_1,11609,3.97
FOODS_2_040,TX_1,11609,2.5
FOODS_2_033,TX_1,11609,2.38
FOODS_2_043,TX_1,11609,2.5
FOODS_2_051,TX_1,11609,2.47
FOODS_2_045,TX_1,11609,6.98
FOODS_2_048,TX_1,11609,7.98
FOODS_2_059,TX_1,11609,5.74
FOODS_2_058,TX_1,11609,4.97
FOODS_2_079,TX_1,11609,3.94
FOODS_2_091,TX_1,11609,2.36
FOODS_2_103,TX_1,11609,6.98
FOODS_2_099,TX_1,11609,2.0
FOODS_2_095,TX_1,11609,4.42
FOODS_2_097,TX_1,11609,6.98
FOODS_2_124,TX_1,11609,2.98
FOODS_2_123,TX_1,11609,2.97
FOODS_2_125,TX_1,11609,2.22
FOODS_2_134,TX_1,11609,2.98
FOODS_2_136,TX_1,11609,2.5
FOODS_2_143,TX_1,11609,3.76
FOODS_2_146,TX_1,11609,1.74
FOODS_2_148,TX_1,11609,2.5
FOODS_2_151,TX_1,11609,1.87
FOODS_2_167,TX_1,11609,2.5
FOODS_2_165,TX_1,11609,3.48
FOODS_2_168,TX_1,11609,3.98
FOODS_2_185,TX_1,11609,1.74
FOODS_2_194,TX_1,11609,6.72
FOODS_2_198,TX_1,11609,8.98
FOODS_2_204,TX_1,11609,0.84
FOODS_2_206,TX_1,11609,9.98
FOODS_2_212,TX_1,11609,4.88
FOODS_2_213,TX_1,11609,3.78
FOODS_2_209,TX_1,11609,5.97
FOODS_2_224,TX_1,11609,5.76
FOODS_2_238,TX_1,11609,1.58
FOODS_2_239,TX_1,11609,13.98
FOODS_2_242,TX_1,11609,2.47
FOODS_2_254,TX_1,11609,5.92
FOODS_2_252,TX_1,11609,3.78
FOODS_2_275,TX_1,11609,2.0
FOODS_2_276,TX_1,11609,2.98
FOODS_2_278,TX_1,11609,2.47
FOODS_2_271,TX_1,11609,10.98
FOODS_2_306,TX_1,11609,3.98
FOODS_2_312,TX_1,11609,4.98
FOODS_2_314,TX_1,11609,4.97
FOODS_2_316,TX_1,11609,9.98
FOODS_2_324,TX_1,11609,2.5
FOODS_2_334,TX_1,11609,9.98
FOODS_2_344,TX_1,11609,2.5
FOODS_2_340,TX_1,11609,2.98
FOODS_2_341,TX_1,11609,2.5
FOODS_2_357,TX_1,11609,1.78
FOODS_2_360,TX_1,11609,0.94
FOODS_2_374,TX_1,11609,1.78
FOODS_2_373,TX_1,11609,5.76
FOODS_2_372,TX_1,11609,8.98
FOODS_2_375,TX_1,11609,4.88
HOUSEHOLD_1_287,TX_3,11609,4.63
HOUSEHOLD_1_290,TX_3,11609,9.84
HOUSEHOLD_1_313,TX_3,11609,3.97
HOUSEHOLD_1_359,TX_3,11609,6.88
HOUSEHOLD_1_369,TX_3,11609,3.72
HOUSEHOLD_1_389,TX_3,11609,0.94
HOUSEHOLD_1_397,TX_3,11609,2.78
HOUSEHOLD_1_394,TX_3,11609,4.88
HOUSEHOLD_1_422,TX_3,11609,3.62
HOUSEHOLD_1_434,TX_3,11609,3.97
HOUSEHOLD_1_436,TX_3,11609,9.97
HOUSEHOLD_1_435,TX_3,11609,7.93
HOUSEHOLD_1_456,TX_3,11609,6.97
HOUSEHOLD_1_455,TX_3,11609,2.97
HOUSEHOLD_1_468,TX_3,11609,4.98
HOUSEHOLD_1_470,TX_3,11609,2.98
HOUSEHOLD_1_471,TX_3,11609,2.74
HOUSEHOLD_1_480,TX_3,11609,2.73
HOUSEHOLD_1_489,TX_3,11609,9.97
HOUSEHOLD_1_521,TX_3,11609,0.94
HOUSEHOLD_1_527,TX_3,11609,5.24
HOUSEHOLD_1_537,TX_3,11609,15.97
HOUSEHOLD_2_018,TX_3,11609,7.94
HOUSEHOLD_2_022,TX_3,11609,5.64
HOUSEHOLD_2_016,TX_3,11609,1.62
HOUSEHOLD_2_049,TX_3,11609,3.42
HOUSEHOLD_2_056,TX_3,11609,5.97
HOUSEHOLD_2_050,TX_3,11609,8.48
HOUSEHOLD_2_051,TX_3,11609,9.97
HOUSEHOLD_2_057,TX_3,11609,4.97
HOUSEHOLD_2_063,TX_3,11609,4.97
HOUSEHOLD_2_058,TX_3,11609,9.97
HOUSEHOLD_2_075,TX_3,11609,1.84
HOUSEHOLD_2_071,TX_3,11609,6.47
HOUSEHOLD_2_080,TX_3,11609,8.98
HOUSEHOLD_2_100,TX_3,11609,8.64
HOUSEHOLD_2_096,TX_3,11609,3.47
HOUSEHOLD_2_112,TX_3,11609,3.97
HOUSEHOLD_2_121,TX_3,11609,1.97
HOUSEHOLD_2_133,TX_3,11609,4.97
HOUSEHOLD_2_140,TX_3,11609,6.97
HOUSEHOLD_2_145,TX_3,11609,3.97
HOUSEHOLD_2_151,TX_3,11609,4.44
HOUSEHOLD_2_158,TX_3,11609,11.47
HOUSEHOLD_2_183,TX_3,11609,4.97
HOUSEHOLD_2_185,TX_3,11609,3.48
HOUSEHOLD_2_195,TX_3,11609,14.97
HOUSEHOLD_2_198,TX_3,11609,7.97
HOUSEHOLD_2_200,TX_3,11609,6.94
HOUSEHOLD_2_203,TX_3,11609,2.97
HOUSEHOLD_2_206,TX_3,11609,2.87
HOUSEHOLD_2_222,TX_3,11609,4.97
HOUSEHOLD_2_231,TX_3,11609,3.96
HOUSEHOLD_2_246,TX_3,11609,7.87
HOUSEHOLD_2_249,TX_3,11609,8.64
HOUSEHOLD_2_253,TX_3,11609,5.97
HOUSEHOLD_2_269,TX_3,11609,10.97
HOUSEHOLD_2_265,TX_3,11609,4.97
HOUSEHOLD_2_298,TX_3,11609,3.42
HOUSEHOLD_2_300,TX_3,11609,7.97
HOUSEHOLD_2_304,TX_3,11609,5.94
HOUSEHOLD_2_310,TX_3,11609,1.42
HOUSEHOLD_2_311,TX_3,11609,5.94
HOUSEHOLD_2_315,TX_3,11609,7.67
HOUSEHOLD_2_324,TX_3,11609,14.26
HOUSEHOLD_2_337,TX_3,11609,6.77
HOUSEHOLD_2_338,TX_3,11609,4.92
HOUSEHOLD_2_343,TX_3,11609,2.78
HOUSEHOLD_2_352,TX_3,11609,2.97
HOUSEHOLD_2_357,TX_3,11609,7.97
HOUSEHOLD_2_383,TX_3,11609,3.88
HOUSEHOLD_2_390,TX_3,11609,5.98
HOUSEHOLD_2_392,TX_3,11609,4.97
HOUSEHOLD_2_394,TX_3,11609,6.27
HOUSEHOLD_2_397,TX_3,11609,6.98
HOUSEHOLD_2_399,TX_3,11609,2.67
HOUSEHOLD_2_407,TX_3,11609,4.94
HOUSEHOLD_2_408,TX_3,11609,8.48
HOUSEHOLD_2_413,TX_3,11609,3.68
HOUSEHOLD_2_434,TX_3,11609,1.88
HOUSEHOLD_2_437,TX_3,11609,7.97
HOUSEHOLD_2_438,TX_3,11609,8.87
HOUSEHOLD_2_458,TX_3,11609,3.98
HOUSEHOLD_2_471,TX_3,11609,3.48
HOUSEHOLD_2_483,TX_3,11609,4.97
HOUSEHOLD_2_492,TX_3,11609,5.92
HOUSEHOLD_2_489,TX_3,11609,14.47
HOUSEHOLD_2_490,TX_3,11609,3.48
HOUSEHOLD_2_500,TX_3,11609,5.84
FOODS_1_012,TX_3,11609,6.27
FOODS_1_018,TX_3,11609,0.94
FOODS_1_020,TX_3,11609,2.68
FOODS_1_023,TX_3,11609,6.27
FOODS_1_032,TX_3,11609,0.94
FOODS_1_038,TX_3,11609,9.94
FOODS_1_041,TX_3,11609,2.24
FOODS_1_043,TX_3,11609,1.96
FOODS_1_054,TX_3,11609,1.98
FOODS_1_060,TX_3,11609,1.68
FOODS_1_072,TX_3,11609,5.28
FOODS_1_083,TX_3,11609,2.0
FOODS_1_089,TX_3,11609,3.48
FOODS_1_094,TX_3,11609,3.54
FOODS_1_093,TX_3,11609,6.27
FOODS_1_103,TX_3,11609,4.27
FOODS_1_104,TX_3,11609,3.54
FOODS_1_112,TX_3,11609,1.98
FOODS_1_113,TX_3,11609,0.94
FOODS_1_111,TX_3,11609,5.98
FOODS_1_124,TX_3,11609,2.24
FOODS_1_120,TX_3,11609,1.96
FOODS_1_130,TX_3,11609,1.78
FOODS_1_132,TX_3,11609,1.96
FOODS_1_150,TX_3,11609,5.28
FOODS_1_148,TX_3,11609,5.47
FOODS_1_159,TX_3,11609,5.47
FOODS_1_170,TX_3,11609,6.27
FOODS_1_175,TX_3,11609,2.98
FOODS_1_184,TX_3,11609,1.0
FOODS_1_193,TX_3,11609,5.37
FOODS_1_201,TX_3,11609,2.24
FOODS_1_203,TX_3,11609,2.24
FOODS_1_208,TX_3,11609,1.96
FOODS_1_205,TX_3,11609,5.28
FOODS_1_210,TX_3,11609,1.96
FOODS_2_009,TX_3,11609,1.32
FOODS_2_006,TX_3,11609,10.97
FOODS_2_034,TX_3,11609,2.5
FOODS_2_027,TX_3,11609,1.94
FOODS_2_028,TX_3,11609,3.77
FOODS_2_047,TX_3,11609,2.42
FOODS_2_046,TX_3,11609,3.94
FOODS_2_056,TX_3,11609,6.98
FOODS_2_077,TX_3,11609,5.92
FOODS_2_071,TX_3,11609,4.48
FOODS_2_086,TX_3,11609,2.22
FOODS_2_088,TX_3,11609,7.47
FOODS_2_089,TX_3,11609,3.98
FOODS_2_114,TX_3,11609,2.73
FOODS_2_118,TX_3,11609,2.83
FOODS_2_128,TX_3,11609,0.94
FOODS_2_142,TX_3,11609,3.98
FOODS_2_137,TX_3,11609,2.5
HOBBIES_1_011,CA_1,11609,3.48
HOBBIES_1_023,CA_1,11609,2.97
HOBBIES_1_019,CA_1,11609,0.48
HOBBIES_1_028,CA_1,11609,7.98
HOBBIES_1_054,CA_1,11609,2.97
HOBBIES_1_067,CA_1,11609,0.57
HOBBIES_1_072,CA_1,11609,1.97
HOBBIES_1_066,CA_1,11609,1.25
HOBBIES_1_073,CA_1,11609,5.47
HOBBIES_1_085,CA_1,11609,14.72
HOBBIES_1_094,CA_1,11609,12.97
HOBBIES_1_091,CA_1,11609,0.7
HOBBIES_1_099,CA_1,11609,13.98
HOBBIES_1_114,CA_1,11609,5.97
HOBBIES_1_115,CA_1,11609,0.68
HOBBIES_1_113,CA_1,11609,1.47
HOBBIES_1_125,CA_1,11609,11.73
HOBBIES_1_136,CA_1,11609,4.88
HOBBIES_1_133,CA_1,11609,12.88
HOBBIES_1_129,CA_1,11609,4.88
HOBBIES_1_146,CA_1,11609,4.86
HOBBIES_1_147,CA_1,11609,9.97
HOBBIES_1_157,CA_1,11609,11.28
HOBBIES_1_155,CA_1,11609,18.98
HOBBIES_1_158,CA_1,11609,22.98
HOBBIES_1_177,CA_1,11609,4.24
HOBBIES_1_174,CA_1,11609,4.88
HOBBIES_1_180,CA_1,11609,19.98
HOBBIES_1_188,CA_1,11609,12.88
HOBBIES_1_190,CA_1,11609,9.97
HOBBIES_1_194,CA_1,11609,2.88
HOBBIES_1_212,CA_1,11609,7.47
HOBBIES_1_208,CA_1,11609,3.24
HOBBIES_1_206,CA_1,11609,2.72
HOBBIES_1_213,CA_1,11609,8.26
HOBBIES_1_220,CA_1,11609,2.92
HOBBIES_1_227,CA_1,11609,1.97
HOBBIES_1_230,CA_1,11609,4.48
HOBBIES_1_223,CA_1,11609,1.12
HOBBIES_1_243,CA_1,11609,13.88
HOBBIES_1_261,CA_1,11609,0.48
HOBBIES_1_266,CA_1,11609,4.86
HOBBIES_1_260,CA_1,11609,12.88
HOBBIES_1_267,CA_1,11609,2.88
HOBBIES_1_280,CA_1,11609,10.98
HOBBIES_1_299,CA_1,11609,1.27
HOBBIES_1_312,CA_1,11609,0.57
HOBBIES_1_314,CA_1,11609,3.97
HOBBIES_1_324,CA_1,11609,14.72
HOBBIES_1_331,CA_1,11609,0.94
HOBBIES_1_327,CA_1,11609,7.88
HOBBIES_1_332,CA_1,11609,7.88
HOBBIES_1_367,CA_1,11609,8.26
HOBBIES_1_373,CA_1,11609,14.72
HOBBIES_1_376,CA_1,11609,16.86
HOBBIES_1_391,CA_1,11609,3.88
HOBBIES_1_389,CA_1,11609,11.97
HOBBIES_1_423,CA_1,11609,7.78
HOBBIES_2_035,CA_1,11609,4.47
HOBBIES_2_046,CA_1,11609,2.97
HOBBIES_2_041,CA_1,11609,1.97
HOBBIES_2_061,CA_1,11609,1.97
HOBBIES_2_075,CA_1,11609,2.88
HOBBIES_2_081,CA_1,11609,1.97
HOBBIES_2_097,CA_1,11609,1.97
HOBBIES_2_103,CA_1,11609,2.5
HOBBIES_2_104,CA_1,11609,2.97
HOBBIES_2_106,CA_1,11609,0.97
HOBBIES_2_109,CA_1,11609,0.97
HOBBIES_2_116,CA_1,11609,2.97
HOBBIES_2_125,CA_1,11609,0.97
HOBBIES_2_126,CA_1,11609,0.5
HOBBIES_2_142,CA_1,11609,0.23
HOUSEHOLD_1_001,CA_1,11609,5.97
HOUSEHOLD_1_012,CA_1,11609,3.92
HOUSEHOLD_1_014,CA_1,11609,17.97
HOUSEHOLD_1_016,CA_1,11609,4.88
HOUSEHOLD_1_034,CA_1,11609,3.93
HOUSEHOLD_1_029,CA_1,11609,7.48
HOUSEHOLD_1_026,CA_1,11609,2.97
HOUSEHOLD_1_039,CA_1,11609,2.97
HOUSEHOLD_1_056,CA_1,11609,11.97
HOUSEHOLD_1_063,CA_1,11609,9.97
HOUSEHOLD_1_067,CA_1,11609,3.97
HOUSEHOLD_1_064,CA_1,11609,5.78
HOUSEHOLD_1_097,CA_1,11609,3.97
HOUSEHOLD_1_093,CA_1,11609,3.94
HOUSEHOLD_1_101,CA_1,11609,2.37
HOUSEHOLD_1_104,CA_1,11609,2.97
HOUSEHOLD_1_118,CA_1,11609,0.97
HOUSEHOLD_1_135,CA_1,11609,1.48
HOUSEHOLD_1_147,CA_1,11609,0.96
HOUSEHOLD_1_167,CA_1,11609,2.74
HOUSEHOLD_1_165,CA_1,11609,17.97
HOUSEHOLD_1_198,CA_1,11609,0.97
HOUSEHOLD_1_195,CA_1,11609,3.88
HOUSEHOLD_1_206,CA_1,11609,4.92
HOUSEHOLD_1_222,CA_1,11609,9.97
HOUSEHOLD_1_227,CA_1,11609,2.73
HOUSEHOLD_1_247,CA_1,11609,0.97
HOUSEHOLD_1_241,CA_1,11609,7.94
HOUSEHOLD_1_245,CA_1,11609,2.67
HOUSEHOLD_1_251,CA_1,11609,1.98
HOUSEHOLD_1_259,CA_1,11609,7.48
HOUSEHOLD_1_278,CA_1,11609,5.97
HOUSEHOLD_1_275,CA_1,11609,2.97
HOUSEHOLD_1_276,CA_1,11609,17.97
HOUSEHOLD_1_287,CA_1,11609,4.63
HOUSEHOLD_1_290,CA_1,11609,9.84
HOUSEHOLD_1_313,CA_1,11609,3.97
HOUSEHOLD_1_359,CA_1,11609,6.88
HOUSEHOLD_1_369,CA_1,11609,3.72
HOUSEHOLD_1_389,CA_1,11609,0.98
HOUSEHOLD_1_394,CA_1,11609,4.88
HOUSEHOLD_1_397,CA_1,11609,2.78
HOUSEHOLD_1_422,CA_1,11609,3.62
HOUSEHOLD_1_434,CA_1,11609,3.97
HOUSEHOLD_1_436,CA_1,11609,9.97
HOUSEHOLD_1_435,CA_1,11609,7.93
HOUSEHOLD_1_456,CA_1,11609,6.97
HOUSEHOLD_1_455,CA_1,11609,2.97
HOUSEHOLD_1_468,CA_1,11609,4.98
HOUSEHOLD_1_470,CA_1,11609,2.98
HOUSEHOLD_1_471,CA_1,11609,2.74
HOUSEHOLD_1_480,CA_1,11609,2.73
HOUSEHOLD_1_489,CA_1,11609,9.97
HOUSEHOLD_1_521,CA_1,11609,0.98
HOUSEHOLD_1_527,CA_1,11609,5.24
HOUSEHOLD_1_537,CA_1,11609,15.97
HOUSEHOLD_2_016,CA_1,11609,1.62
HOUSEHOLD_2_018,CA_1,11609,7.94
HOUSEHOLD_2_022,CA_1,11609,5.64
FOODS_2_382,TX_1,11609,3.88
FOODS_3_007,TX_1,11609,0.25
FOODS_3_008,TX_1,11609,0.74
FOODS_3_004,TX_1,11609,5.98
FOODS_3_027,TX_1,11609,2.0
FOODS_3_041,TX_1,11609,2.98
FOODS_3_040,TX_1,11609,2.56
FOODS_3_056,TX_1,11609,1.74
FOODS_3_057,TX_1,11609,2.98
FOODS_3_055,TX_1,11609,2.98
FOODS_3_049,TX_1,11609,4.74
FOODS_3_053,TX_1,11609,3.98
FOODS_3_062,TX_1,11609,2.94
FOODS_3_060,TX_1,11609,2.98
FOODS_3_068,TX_1,11609,1.98
FOODS_3_077,TX_1,11609,2.88
FOODS_3_093,TX_1,11609,1.88
FOODS_3_104,TX_1,11609,2.98
FOODS_3_128,TX_1,11609,2.98
FOODS_3_122,TX_1,11609,2.5
FOODS_3_143,TX_1,11609,2.56
FOODS_3_153,TX_1,11609,1.74
FOODS_3_183,TX_1,11609,3.0
FOODS_3_179,TX_1,11609,4.98
FOODS_3_176,TX_1,11609,1.64
FOODS_3_180,TX_1,11609,2.98
FOODS_3_191,TX_1,11609,1.0
FOODS_3_185,TX_1,11609,2.48
FOODS_3_195,TX_1,11609,2.68
FOODS_3_203,TX_1,11609,4.98
FOODS_3_205,TX_1,11609,1.28
FOODS_3_221,TX_1,11609,4.98
FOODS_3_228,TX_1,11609,1.68
FOODS_3_231,TX_1,11609,5.44
FOODS_3_234,TX_1,11609,0.2
FOODS_3_241,TX_1,11609,2.98
FOODS_3_237,TX_1,11609,1.0
FOODS_3_240,TX_1,11609,1.0
FOODS_3_245,TX_1,11609,2.48
FOODS_3_255,TX_1,11609,3.98
FOODS_3_283,TX_1,11609,2.98
FOODS_3_282,TX_1,11609,2.56
FOODS_3_284,TX_1,11609,1.98
FOODS_3_295,TX_1,11609,0.8
FOODS_3_291,TX_1,11609,2.78
FOODS_3_292,TX_1,11609,3.56
FOODS_3_307,TX_1,11609,3.98
FOODS_3_330,TX_1,11609,3.98
FOODS_3_325,TX_1,11609,2.56
FOODS_3_336,TX_1,11609,2.48
FOODS_3_340,TX_1,11609,3.32
FOODS_3_338,TX_1,11609,3.68
FOODS_3_347,TX_1,11609,1.88
FOODS_3_345,TX_1,11609,2.18
FOODS_3_343,TX_1,11609,3.27
FOODS_3_365,TX_1,11609,5.24
FOODS_3_364,TX_1,11609,2.78
FOODS_3_371,TX_1,11609,2.5
FOODS_3_392,TX_1,11609,3.98
FOODS_3_412,TX_1,11609,0.25
FOODS_3_415,TX_1,11609,2.56
FOODS_3_414,TX_1,11609,5.18
FOODS_3_419,TX_1,11609,2.88
FOODS_3_427,TX_1,11609,2.48
FOODS_3_421,TX_1,11609,2.48
FOODS_3_434,TX_1,11609,2.88
FOODS_3_433,TX_1,11609,1.0
FOODS_3_438,TX_1,11609,1.0
FOODS_3_448,TX_1,11609,3.0
FOODS_3_445,TX_1,11609,2.48
FOODS_3_439,TX_1,11609,2.98
FOODS_3_461,TX_1,11609,1.68
FOODS_3_469,TX_1,11609,6.24
FOODS_3_488,TX_1,11609,4.98
FOODS_3_491,TX_1,11609,1.5
FOODS_3_493,TX_1,11609,6.98
FOODS_3_504,TX_1,11609,1.48
FOODS_3_508,TX_1,11609,1.0
FOODS_3_503,TX_1,11609,2.48
FOODS_3_513,TX_1,11609,4.48
FOODS_3_511,TX_1,11609,6.98
FOODS_3_514,TX_1,11609,4.98
FOODS_3_540,TX_1,11609,2.98
FOODS_3_544,TX_1,11609,2.98
FOODS_3_551,TX_1,11609,4.74
FOODS_3_552,TX_1,11609,1.98
FOODS_3_562,TX_1,11609,4.98
FOODS_3_578,TX_1,11609,3.0
FOODS_3_584,TX_1,11609,1.0
FOODS_3_591,TX_1,11609,3.68
FOODS_3_592,TX_1,11609,6.98
FOODS_3_605,TX_1,11609,2.68
FOODS_3_615,TX_1,11609,4.48
FOODS_3_613,TX_1,11609,2.88
FOODS_3_636,TX_1,11609,3.56
FOODS_3_641,TX_1,11609,2.24
FOODS_3_654,TX_1,11609,1.68
FOODS_3_661,TX_1,11609,3.28
FOODS_3_700,TX_1,11609,2.68
FOODS_3_702,TX_1,11609,3.0
FOODS_3_701,TX_1,11609,1.98
FOODS_3_704,TX_1,11609,4.48
FOODS_3_711,TX_1,11609,0.25
FOODS_3_712,TX_1,11609,4.22
FOODS_3_703,TX_1,11609,1.98
FOODS_3_746,TX_1,11609,1.98
FOODS_3_747,TX_1,11609,1.0
FOODS_3_758,TX_1,11609,2.5
FOODS_3_765,TX_1,11609,3.0
FOODS_3_766,TX_1,11609,2.98
FOODS_3_761,TX_1,11609,2.0
FOODS_3_781,TX_1,11609,2.48
FOODS_3_783,TX_1,11609,5.44
FOODS_3_785,TX_1,11609,3.0
FOODS_3_786,TX_1,11609,1.98
FOODS_3_796,TX_1,11609,2.98
FOODS_3_809,TX_1,11609,1.0
FOODS_3_814,TX_1,11609,1.88
FOODS_3_826,TX_1,11609,1.28
HOBBIES_1_003,TX_2,11609,2.97
HOBBIES_1_009,TX_2,11609,1.63
HOBBIES_1_022,TX_2,11609,7.18
HOBBIES_1_064,TX_2,11609,12.77
HOBBIES_1_068,TX_2,11609,6.76
HOBBIES_1_086,TX_2,11609,8.26
HOBBIES_1_095,TX_2,11609,7.68
HOBBIES_1_109,TX_2,11609,4.98
HOBBIES_1_121,TX_2,11609,1.12
HOBBIES_1_126,TX_2,11609,9.58
HOBBIES_1_137,TX_2,11609,8.98
HOBBIES_1_139,TX_2,11609,2.46
HOBBIES_1_150,TX_2,11609,1.63
HOBBIES_1_153,TX_2,11609,6.38
HOBBIES_1_163,TX_2,11609,8.64
HOBBIES_1_162,TX_2,11609,3.98
HOBBIES_1_161,TX_2,11609,0.7
HOBBIES_1_169,TX_2,11609,0.57
HOBBIES_1_173,TX_2,11609,10.97
HOBBIES_1_193,TX_2,11609,7.97
HOBBIES_1_192,TX_2,11609,3.54
HOBBIES_1_191,TX_2,11609,8.97
HOBBIES_1_197,TX_2,11609,12.84
HOBBIES_1_198,TX_2,11609,8.38
HOBBIES_1_226,TX_2,11609,13.98
HOBBIES_1_238,TX_2,11609,5.94
HOBBIES_1_251,TX_2,11609,14.64
HOBBIES_1_245,TX_2,11609,4.97
HOBBIES_1_246,TX_2,11609,10.98
HOBBIES_1_253,TX_2,11609,11.98
HOBBIES_1_262,TX_2,11609,8.98
HOBBIES_1_271,TX_2,11609,5.77
HOBBIES_1_285,TX_2,11609,10.88
HOBBIES_1_279,TX_2,11609,3.78
HOBBIES_1_302,TX_2,11609,2.88
HOBBIES_1_313,TX_2,11609,1.23
HOBBIES_1_317,TX_2,11609,7.98
HOBBIES_1_316,TX_2,11609,0.94
HOBBIES_1_336,TX_2,11609,1.88
HOBBIES_1_343,TX_2,11609,5.32
HOBBIES_1_347,TX_2,11609,9.88
HOBBIES_1_340,TX_2,11609,7.98
HOBBIES_1_354,TX_2,11609,22.98
HOBBIES_1_359,TX_2,11609,1.47
HOBBIES_1_379,TX_2,11609,2.24
HOBBIES_1_386,TX_2,11609,5.86
FOODS_3_454,WI_1,11609,0.25
FOODS_3_465,WI_1,11609,1.74
FOODS_3_459,WI_1,11609,1.88
FOODS_3_474,WI_1,11609,1.88
FOODS_3_473,WI_1,11609,4.18
FOODS_3_482,WI_1,11609,2.98
FOODS_3_485,WI_1,11609,3.56
FOODS_3_507,WI_1,11609,1.98
FOODS_3_533,WI_1,11609,4.98
FOODS_3_532,WI_1,11609,2.98
FOODS_3_529,WI_1,11609,3.98
FOODS_3_536,WI_1,11609,2.98
FOODS_3_548,WI_1,11609,2.58
FOODS_3_559,WI_1,11609,3.0
FOODS_3_558,WI_1,11609,2.98
FOODS_3_567,WI_1,11609,1.74
FOODS_3_572,WI_1,11609,2.5
FOODS_3_577,WI_1,11609,3.43
FOODS_3_573,WI_1,11609,1.0
FOODS_3_579,WI_1,11609,1.98
FOODS_3_594,WI_1,11609,0.94
FOODS_3_617,WI_1,11609,2.78
FOODS_3_630,WI_1,11609,2.48
FOODS_3_643,WI_1,11609,1.74
FOODS_3_655,WI_1,11609,1.98
FOODS_3_656,WI_1,11609,3.48
FOODS_3_650,WI_1,11609,2.98
FOODS_3_669,WI_1,11609,0.75
FOODS_3_681,WI_1,11609,1.0
FOODS_3_685,WI_1,11609,2.5
FOODS_3_694,WI_1,11609,1.68
FOODS_3_687,WI_1,11609,3.0
FOODS_3_696,WI_1,11609,4.54
FOODS_3_723,WI_1,11609,1.5
FOODS_3_724,WI_1,11609,6.48
FOODS_3_725,WI_1,11609,2.88
FOODS_3_731,WI_1,11609,2.98
FOODS_3_744,WI_1,11609,2.28
FOODS_3_749,WI_1,11609,1.74
FOODS_3_767,WI_1,11609,0.94
FOODS_3_778,WI_1,11609,2.28
FOODS_3_787,WI_1,11609,2.48
FOODS_3_797,WI_1,11609,3.98
FOODS_3_805,WI_1,11609,1.0
FOODS_3_816,WI_1,11609,0.25
FOODS_3_825,WI_1,11609,3.98
HOBBIES_1_001,WI_2,11609,8.38
HOBBIES_1_005,WI_2,11609,2.88
HOBBIES_1_020,WI_2,11609,12.68
HOBBIES_1_021,WI_2,11609,11.88
HOBBIES_1_029,WI_2,11609,8.98
HOBBIES_1_038,WI_2,11609,3.22
HOBBIES_1_037,WI_2,11609,12.97
HOBBIES_1_041,WI_2,11609,4.22
HOBBIES_1_042,WI_2,11609,7.83
HOBBIES_1_055,WI_2,11609,8.98
HOBBIES_1_052,WI_2,11609,5.88
HOBBIES_1_056,WI_2,11609,0.94
HOBBIES_1_074,WI_2,11609,3.67
HOBBIES_1_089,WI_2,11609,7.97
HOBBIES_1_111,WI_2,11609,2.92
HOBBIES_1_140,WI_2,11609,1.12
HOBBIES_1_142,WI_2,11609,0.94
HOBBIES_1_154,WI_2,11609,2.88
HOBBIES_1_166,WI_2,11609,9.98
HOBBIES_1_170,WI_2,11609,17.97
HOBBIES_1_179,WI_2,11609,6.87
HOBBIES_1_199,WI_2,11609,3.98
HOBBIES_1_204,WI_2,11609,9.72
HOBBIES_1_217,WI_2,11609,3.47
HOBBIES_1_224,WI_2,11609,3.97
HOBBIES_1_234,WI_2,11609,0.3
HOBBIES_1_244,WI_2,11609,0.48
HOBBIES_1_250,WI_2,11609,4.88
HOBBIES_1_255,WI_2,11609,1.88
HOBBIES_1_282,WI_2,11609,3.98
HOBBIES_1_284,WI_2,11609,4.88
HOBBIES_1_293,WI_2,11609,3.68
HOBBIES_1_303,WI_2,11609,8.56
HOBBIES_1_305,WI_2,11609,2.87
HOBBIES_1_308,WI_2,11609,9.98
HOBBIES_1_319,WI_2,11609,0.96
HOBBIES_1_321,WI_2,11609,6.68
HOBBIES_1_323,WI_2,11609,5.24
HOBBIES_1_318,WI_2,11609,3.96
HOBBIES_1_333,WI_2,11609,4.97
HOBBIES_1_350,WI_2,11609,2.98
HOBBIES_1_342,WI_2,11609,19.96
HOBBIES_1_355,WI_2,11609,3.94
HOBBIES_1_384,WI_2,11609,9.98
HOBBIES_1_403,WI_2,11609,13.23
HOBBIES_1_404,WI_2,11609,0.48
HOBBIES_1_411,WI_2,11609,1.34
HOBBIES_1_418,WI_2,11609,3.98
HOBBIES_1_420,WI_2,11609,5.74
HOBBIES_1_421,WI_2,11609,8.38
HOBBIES_2_015,WI_2,11609,2.47
HOBBIES_2_038,WI_2,11609,0.97
HOBBIES_2_049,WI_2,11609,2.5
HOBBIES_2_045,WI_2,11609,2.47
HOBBIES_2_059,WI_2,11609,0.23
HOBBIES_2_071,WI_2,11609,0.97
HOBBIES_2_065,WI_2,11609,0.5
HOBBIES_2_079,WI_2,11609,2.47
HOBBIES_2_085,WI_2,11609,0.97
HOBBIES_2_082,WI_2,11609,0.88
HOBBIES_2_100,WI_2,11609,0.88
HOBBIES_2_093,WI_2,11609,1.97
HOBBIES_2_094,WI_2,11609,1.97
HOBBIES_2_111,WI_2,11609,3.97
HOBBIES_2_119,WI_2,11609,2.97
HOBBIES_2_121,WI_2,11609,0.97
HOBBIES_2_140,WI_2,11609,2.47
HOUSEHOLD_1_008,WI_2,11609,5.47
HOUSEHOLD_1_033,WI_2,11609,3.97
HOUSEHOLD_1_035,WI_2,11609,4.63
HOUSEHOLD_1_053,WI_2,11609,14.97
HOUSEHOLD_1_052,WI_2,11609,4.23
HOUSEHOLD_1_069,WI_2,11609,1.97
HOUSEHOLD_1_078,WI_2,11609,2.84
HOUSEHOLD_1_079,WI_2,11609,4.47
HOUSEHOLD_1_077,WI_2,11609,6.42
HOUSEHOLD_1_083,WI_2,11609,0.97
HOUSEHOLD_1_086,WI_2,11609,5.27
HOUSEHOLD_1_117,WI_2,11609,7.97
HOUSEHOLD_1_112,WI_2,11609,2.97
HOUSEHOLD_1_119,WI_2,11609,3.74
HOUSEHOLD_1_116,WI_2,11609,2.97
HOUSEHOLD_1_123,WI_2,11609,8.97
HOUSEHOLD_1_131,WI_2,11609,4.94
HOUSEHOLD_1_141,WI_2,11609,1.77
HOUSEHOLD_1_161,WI_2,11609,11.93
HOUSEHOLD_1_156,WI_2,11609,2.73
HOUSEHOLD_1_181,WI_2,11609,3.94
HOUSEHOLD_1_185,WI_2,11609,2.97
HOUSEHOLD_1_187,WI_2,11609,6.48
HOUSEHOLD_1_197,WI_2,11609,4.97
HOUSEHOLD_1_211,WI_2,11609,3.87
HOUSEHOLD_1_205,WI_2,11609,5.94
HOUSEHOLD_1_218,WI_2,11609,1.94
HOUSEHOLD_1_221,WI_2,11609,12.57
HOBBIES_1_064,CA_3,11609,12.97
HOBBIES_1_068,CA_3,11609,7.0
HOBBIES_1_086,CA_3,11609,8.26
HOBBIES_1_095,CA_3,11609,7.68
HOBBIES_1_109,CA_3,11609,6.12
HOBBIES_1_121,CA_3,11609,1.12
HOBBIES_1_126,CA_3,11609,9.58
HOBBIES_1_137,CA_3,11609,8.98
HOBBIES_1_139,CA_3,11609,2.74
HOBBIES_1_150,CA_3,11609,1.77
HOBBIES_1_153,CA_3,11609,6.38
HOBBIES_1_163,CA_3,11609,9.42
HOBBIES_1_169,CA_3,11609,0.57
HOBBIES_1_162,CA_3,11609,3.98
HOBBIES_1_161,CA_3,11609,0.7
HOBBIES_1_173,CA_3,11609,10.97
HOBBIES_1_192,CA_3,11609,3.54
HOBBIES_1_193,CA_3,11609,8.77
HOBBIES_1_197,CA_3,11609,12.84
HOBBIES_1_198,CA_3,11609,8.38
HOBBIES_1_191,CA_3,11609,8.97
HOBBIES_1_226,CA_3,11609,13.98
HOBBIES_1_238,CA_3,11609,5.94
HOBBIES_1_251,CA_3,11609,15.83
HOBBIES_1_245,CA_3,11609,4.97
HOBBIES_1_253,CA_3,11609,11.98
HOBBIES_1_246,CA_3,11609,10.98
HOBBIES_1_262,CA_3,11609,8.98
HOBBIES_1_271,CA_3,11609,5.77
HOBBIES_1_279,CA_3,11609,3.78
HOBBIES_1_285,CA_3,11609,7.0
HOBBIES_1_302,CA_3,11609,2.88
HOBBIES_1_313,CA_3,11609,1.23
HOBBIES_1_317,CA_3,11609,7.98
HOBBIES_1_316,CA_3,11609,0.94
HOBBIES_1_336,CA_3,11609,1.88
HOBBIES_1_340,CA_3,11609,7.98
HOBBIES_1_343,CA_3,11609,5.32
HOBBIES_1_347,CA_3,11609,9.88
HOBBIES_1_354,CA_3,11609,22.98
HOBBIES_1_359,CA_3,11609,1.47
HOBBIES_1_379,CA_3,11609,2.24
HOBBIES_1_386,CA_3,11609,5.86
HOBBIES_1_400,CA_3,11609,1.14
HOBBIES_1_396,CA_3,11609,1.88
HOBBIES_1_402,CA_3,11609,9.94
HOBBIES_1_409,CA_3,11609,5.76
HOBBIES_1_415,CA_3,11609,6.68
HOBBIES_1_417,CA_3,11609,0.57
HOBBIES_1_424,CA_3,11609,1.77
HOBBIES_2_006,CA_3,11609,3.97
HOBBIES_2_021,CA_3,11609,0.97
HOBBIES_2_052,CA_3,11609,2.47
HOBBIES_2_076,CA_3,11609,2.88
HOBBIES_2_098,CA_3,11609,0.88
HOBBIES_2_090,CA_3,11609,1.77
HOBBIES_2_095,CA_3,11609,0.88
HOBBIES_2_129,CA_3,11609,0.23
HOBBIES_2_144,CA_3,11609,0.5
HOBBIES_2_149,CA_3,11609,0.97
HOUSEHOLD_1_006,CA_3,11609,6.97
HOUSEHOLD_1_018,CA_3,11609,9.97
HOUSEHOLD_1_023,CA_3,11609,8.97
HOUSEHOLD_1_030,CA_3,11609,4.94
HOUSEHOLD_1_038,CA_3,11609,5.22
HOUSEHOLD_1_040,CA_3,11609,4.94
HOUSEHOLD_1_044,CA_3,11609,17.97
HOUSEHOLD_1_043,CA_3,11609,2.97
HOUSEHOLD_1_055,CA_3,11609,3.88
HOUSEHOLD_1_070,CA_3,11609,3.93
HOUSEHOLD_1_071,CA_3,11609,2.36
HOUSEHOLD_1_076,CA_3,11609,4.88
HOUSEHOLD_1_095,CA_3,11609,5.97
HOUSEHOLD_1_103,CA_3,11609,4.94
HOUSEHOLD_1_110,CA_3,11609,3.97
HOUSEHOLD_1_126,CA_3,11609,8.96
HOUSEHOLD_1_132,CA_3,11609,1.97
HOUSEHOLD_1_134,CA_3,11609,4.23
HOUSEHOLD_1_196,CA_3,11609,1.97
HOUSEHOLD_1_189,CA_3,11609,5.88
HOUSEHOLD_1_190,CA_3,11609,4.94
HOUSEHOLD_1_203,CA_3,11609,4.94
HOUSEHOLD_1_207,CA_3,11609,7.97
HOUSEHOLD_1_213,CA_3,11609,4.48
HOUSEHOLD_1_209,CA_3,11609,2.97
HOUSEHOLD_1_219,CA_3,11609,6.48
HOUSEHOLD_1_225,CA_3,11609,1.88
HOUSEHOLD_1_217,CA_3,11609,1.83
HOUSEHOLD_1_216,CA_3,11609,11.97
HOUSEHOLD_1_230,CA_3,11609,3.28
HOUSEHOLD_1_226,CA_3,11609,2.98
HOUSEHOLD_1_237,CA_3,11609,5.88
HOUSEHOLD_1_249,CA_3,11609,7.97
HOUSEHOLD_1_253,CA_3,11609,2.97
HOUSEHOLD_1_264,CA_3,11609,7.47
HOUSEHOLD_1_285,CA_3,11609,2.76
HOUSEHOLD_1_286,CA_3,11609,4.93
HOUSEHOLD_1_283,CA_3,11609,1.48
HOUSEHOLD_1_298,CA_3,11609,3.72
HOUSEHOLD_1_305,CA_3,11609,2.97
HOUSEHOLD_1_308,CA_3,11609,6.94
HOUSEHOLD_1_314,CA_3,11609,7.98
HOUSEHOLD_1_323,CA_3,11609,5.24
HOUSEHOLD_1_322,CA_3,11609,2.78
HOUSEHOLD_1_332,CA_3,11609,9.74
HOUSEHOLD_1_354,CA_3,11609,1.93
HOUSEHOLD_1_367,CA_3,11609,3.97
HOUSEHOLD_1_366,CA_3,11609,5.96
HOUSEHOLD_1_361,CA_3,11609,1.88
HOUSEHOLD_1_363,CA_3,11609,2.97
HOUSEHOLD_1_375,CA_3,11609,7.97
HOUSEHOLD_1_387,CA_3,11609,2.88
HOUSEHOLD_1_388,CA_3,11609,2.97
HOUSEHOLD_1_406,CA_3,11609,4.97
HOUSEHOLD_1_417,CA_3,11609,5.48
HOUSEHOLD_1_429,CA_3,11609,2.88
HOUSEHOLD_1_437,CA_3,11609,2.96
HOUSEHOLD_1_464,CA_3,11609,9.47
HOUSEHOLD_1_457,CA_3,11609,10.47
HOUSEHOLD_1_472,CA_3,11609,4.82
HOUSEHOLD_1_482,CA_3,11609,2.96
HOUSEHOLD_1_491,CA_3,11609,6.42
HOUSEHOLD_1_532,CA_3,11609,2.48
HOUSEHOLD_1_523,CA_3,11609,20.53
HOUSEHOLD_1_526,CA_3,11609,4.94
HOUSEHOLD_1_541,CA_3,11609,6.97
HOUSEHOLD_1_535,CA_3,11609,6.97
HOUSEHOLD_2_002,CA_3,11609,2.67
HOUSEHOLD_2_006,CA_3,11609,3.44
HOUSEHOLD_2_008,CA_3,11609,2.46
HOUSEHOLD_2_011,CA_3,11609,5.62
HOUSEHOLD_2_034,CA_3,11609,11.78
HOUSEHOLD_2_031,CA_3,11609,5.94
HOUSEHOLD_2_037,CA_3,11609,11.84
HOUSEHOLD_2_045,CA_3,11609,8.64
HOUSEHOLD_2_047,CA_3,11609,3.67
HOUSEHOLD_2_048,CA_3,11609,3.94
HOUSEHOLD_2_044,CA_3,11609,3.48
HOUSEHOLD_2_064,CA_3,11609,3.87
HOUSEHOLD_2_088,CA_3,11609,6.97
HOUSEHOLD_2_086,CA_3,11609,3.97
FOODS_3_483,TX_2,11609,2.98
FOODS_3_494,TX_2,11609,2.98
FOODS_3_510,TX_2,11609,2.0
FOODS_3_538,TX_2,11609,1.38
FOODS_3_547,TX_2,11609,0.25
FOODS_3_545,TX_2,11609,1.0
FOODS_3_549,TX_2,11609,2.18
FOODS_3_556,TX_2,11609,2.56
FOODS_3_554,TX_2,11609,3.48
FOODS_3_574,TX_2,11609,5.98
FOODS_3_580,TX_2,11609,0.25
FOODS_3_593,TX_2,11609,6.98
FOODS_3_606,TX_2,11609,2.88
FOODS_3_610,TX_2,11609,1.98
FOODS_3_614,TX_2,11609,0.94
FOODS_3_624,TX_2,11609,2.48
FOODS_3_634,TX_2,11609,3.98
FOODS_3_637,TX_2,11609,2.98
FOODS_3_638,TX_2,11609,1.5
FOODS_3_649,TX_2,11609,6.44
FOODS_3_647,TX_2,11609,1.28
FOODS_3_668,TX_2,11609,1.68
FOODS_3_670,TX_2,11609,1.98
FOODS_3_673,TX_2,11609,5.98
FOODS_3_684,TX_2,11609,1.88
FOODS_3_695,TX_2,11609,3.98
FOODS_3_714,TX_2,11609,1.58
FOODS_3_717,TX_2,11609,1.98
FOODS_3_715,TX_2,11609,3.98
FOODS_3_709,TX_2,11609,2.42
FOODS_3_719,TX_2,11609,2.5
FOODS_3_720,TX_2,11609,4.54
FOODS_3_738,TX_2,11609,1.5
FOODS_3_743,TX_2,11609,2.98
FOODS_3_754,TX_2,11609,6.24
FOODS_3_762,TX_2,11609,3.27
FOODS_3_763,TX_2,11609,2.48
FOODS_3_759,TX_2,11609,2.98
FOODS_3_782,TX_2,11609,2.68
FOODS_3_780,TX_2,11609,2.98
FOODS_3_792,TX_2,11609,1.0
FOODS_3_801,TX_2,11609,1.0
HOBBIES_1_011,TX_3,11609,3.48
HOBBIES_1_023,TX_3,11609,2.97
HOBBIES_1_019,TX_3,11609,0.48
HOBBIES_1_028,TX_3,11609,7.98
HOBBIES_1_054,TX_3,11609,2.97
HOBBIES_1_067,TX_3,11609,0.57
HOBBIES_1_072,TX_3,11609,1.97
HOBBIES_1_073,TX_3,11609,5.47
HOBBIES_1_066,TX_3,11609,1.25
HOBBIES_1_085,TX_3,11609,14.72
HOBBIES_1_099,TX_3,11609,13.98
HOBBIES_1_094,TX_3,11609,12.97
HOBBIES_1_091,TX_3,11609,0.7
HOBBIES_1_114,TX_3,11609,5.97
HOBBIES_1_115,TX_3,11609,0.68
HOBBIES_1_113,TX_3,11609,1.47
HOBBIES_1_129,TX_3,11609,4.88
HOBBIES_1_125,TX_3,11609,11.73
HOBBIES_1_136,TX_3,11609,4.88
HOBBIES_1_133,TX_3,11609,12.24
HOBBIES_1_146,TX_3,11609,4.86
HOBBIES_1_147,TX_3,11609,9.97
HOBBIES_1_155,TX_3,11609,18.98
HOBBIES_1_157,TX_3,11609,11.28
HOBBIES_1_158,TX_3,11609,22.98
HOBBIES_1_174,TX_3,11609,4.88
HOBBIES_1_177,TX_3,11609,4.24
HOBBIES_1_180,TX_3,11609,19.98
HOBBIES_1_194,TX_3,11609,2.5
HOBBIES_1_188,TX_3,11609,12.88
HOBBIES_1_190,TX_3,11609,9.97
HOBBIES_1_213,TX_3,11609,8.26
HOBBIES_1_212,TX_3,11609,7.47
HOBBIES_1_208,TX_3,11609,3.24
HOBBIES_1_206,TX_3,11609,2.72
HOBBIES_1_220,TX_3,11609,2.64
HOBBIES_1_223,TX_3,11609,1.12
HOBBIES_1_227,TX_3,11609,1.97
HOBBIES_1_230,TX_3,11609,4.48
HOBBIES_1_243,TX_3,11609,13.88
HOBBIES_1_260,TX_3,11609,12.24
HOBBIES_1_266,TX_3,11609,4.86
HOBBIES_1_267,TX_3,11609,2.88
HOBBIES_1_261,TX_3,11609,0.48
HOBBIES_1_280,TX_3,11609,10.22
HOBBIES_1_299,TX_3,11609,1.27
HOBBIES_1_312,TX_3,11609,0.57
HOBBIES_1_314,TX_3,11609,3.97
HOBBIES_1_324,TX_3,11609,14.72
HOBBIES_1_327,TX_3,11609,7.88
HOBBIES_1_331,TX_3,11609,0.94
HOBBIES_1_332,TX_3,11609,7.88
HOBBIES_1_367,TX_3,11609,8.26
HOBBIES_1_373,TX_3,11609,14.72
HOBBIES_1_376,TX_3,11609,16.86
HOBBIES_1_391,TX_3,11609,3.88
HOBBIES_1_389,TX_3,11609,11.97
HOBBIES_1_423,TX_3,11609,7.78
HOBBIES_2_035,TX_3,11609,4.47
HOBBIES_2_046,TX_3,11609,2.97
HOBBIES_2_041,TX_3,11609,1.97
HOBBIES_2_061,TX_3,11609,1.97
HOBBIES_2_075,TX_3,11609,2.88
HOBBIES_2_081,TX_3,11609,1.97
HOBBIES_2_097,TX_3,11609,1.97
HOBBIES_2_103,TX_3,11609,2.5
HOBBIES_2_104,TX_3,11609,2.97
HOBBIES_2_116,TX_3,11609,2.97
HOBBIES_2_106,TX_3,11609,0.97
HOBBIES_2_109,TX_3,11609,0.97
HOBBIES_2_125,TX_3,11609,0.97
HOBBIES_2_126,TX_3,11609,0.5
HOBBIES_2_142,TX_3,11609,0.23
HOUSEHOLD_1_001,TX_3,11609,5.97
HOUSEHOLD_1_016,TX_3,11609,4.87
HOUSEHOLD_1_012,TX_3,11609,3.92
HOUSEHOLD_1_014,TX_3,11609,17.97
HOUSEHOLD_1_029,TX_3,11609,6.94
HOUSEHOLD_1_026,TX_3,11609,2.97
HOUSEHOLD_1_034,TX_3,11609,3.93
HOUSEHOLD_1_039,TX_3,11609,2.97
HOUSEHOLD_1_056,TX_3,11609,11.97
HOUSEHOLD_1_067,TX_3,11609,3.97
HOUSEHOLD_1_063,TX_3,11609,9.97
HOUSEHOLD_1_064,TX_3,11609,5.78
HOUSEHOLD_1_093,TX_3,11609,3.94
HOUSEHOLD_1_097,TX_3,11609,3.97
HOUSEHOLD_1_101,TX_3,11609,2.37
HOUSEHOLD_1_104,TX_3,11609,2.97
HOUSEHOLD_1_118,TX_3,11609,0.97
HOUSEHOLD_1_135,TX_3,11609,1.48
HOUSEHOLD_1_147,TX_3,11609,0.96
HOUSEHOLD_1_165,TX_3,11609,17.97
HOUSEHOLD_1_167,TX_3,11609,2.74
HOUSEHOLD_1_195,TX_3,11609,3.88
HOUSEHOLD_1_198,TX_3,11609,0.97
HOUSEHOLD_1_206,TX_3,11609,4.92
HOUSEHOLD_1_222,TX_3,11609,9.97
HOUSEHOLD_1_227,TX_3,11609,2.73
HOUSEHOLD_1_241,TX_3,11609,7.94
HOUSEHOLD_1_247,TX_3,11609,0.97
HOUSEHOLD_1_251,TX_3,11609,1.98
HOUSEHOLD_1_245,TX_3,11609,2.67
HOUSEHOLD_1_259,TX_3,11609,7.48
HOUSEHOLD_1_275,TX_3,11609,2.97
HOUSEHOLD_1_276,TX_3,11609,17.97
HOUSEHOLD_1_278,TX_3,11609,5.97
HOBBIES_1_194,WI_3,11609,2.88
HOBBIES_1_190,WI_3,11609,9.97
HOBBIES_1_208,WI_3,11609,3.24
HOBBIES_1_206,WI_3,11609,2.72
HOBBIES_1_213,WI_3,11609,8.26
HOBBIES_1_212,WI_3,11609,7.47
HOBBIES_1_220,WI_3,11609,2.92
HOBBIES_1_227,WI_3,11609,1.97
HOBBIES_1_223,WI_3,11609,1.12
HOBBIES_1_230,WI_3,11609,4.48
HOBBIES_1_243,WI_3,11609,13.88
HOBBIES_1_261,WI_3,11609,0.48
HOBBIES_1_260,WI_3,11609,12.88
HOBBIES_1_266,WI_3,11609,4.86
HOBBIES_1_267,WI_3,11609,2.88
HOBBIES_1_280,WI_3,11609,10.98
HOBBIES_1_299,WI_3,11609,1.27
HOBBIES_1_312,WI_3,11609,0.57
HOBBIES_1_314,WI_3,11609,3.97
HOBBIES_1_324,WI_3,11609,14.72
HOBBIES_1_331,WI_3,11609,0.94
HOBBIES_1_327,WI_3,11609,7.88
HOBBIES_1_332,WI_3,11609,7.88
HOBBIES_1_367,WI_3,11609,8.26
HOBBIES_1_373,WI_3,11609,14.72
HOBBIES_1_376,WI_3,11609,16.86
HOBBIES_1_391,WI_3,11609,3.88
HOBBIES_1_389,WI_3,11609,11.97
HOBBIES_1_423,WI_3,11609,7.78
HOBBIES_2_035,WI_3,11609,4.47
HOBBIES_2_041,WI_3,11609,1.97
HOBBIES_2_046,WI_3,11609,2.97
HOBBIES_2_061,WI_3,11609,1.97
HOBBIES_2_075,WI_3,11609,2.88
HOBBIES_2_081,WI_3,11609,1.97
HOBBIES_2_097,WI_3,11609,1.97
HOBBIES_2_103,WI_3,11609,2.5
HOBBIES_2_104,WI_3,11609,2.97
HOBBIES_2_106,WI_3,11609,0.97
HOBBIES_2_109,WI_3,11609,0.97
HOBBIES_2_116,WI_3,11609,2.97
HOBBIES_2_125,WI_3,11609,0.97
HOBBIES_2_126,WI_3,11609,0.5
HOBBIES_2_142,WI_3,11609,0.23
HOUSEHOLD_1_001,WI_3,11609,5.97
HOUSEHOLD_1_012,WI_3,11609,3.92
HOUSEHOLD_1_014,WI_3,11609,17.97
HOUSEHOLD_1_016,WI_3,11609,4.88
HOUSEHOLD_1_034,WI_3,11609,3.93
HOUSEHOLD_1_029,WI_3,11609,7.48
HOUSEHOLD_1_026,WI_3,11609,2.97
HOUSEHOLD_1_039,WI_3,11609,2.97
HOUSEHOLD_1_056,WI_3,11609,11.97
HOUSEHOLD_1_067,WI_3,11609,3.97
HOUSEHOLD_1_063,WI_3,11609,9.97
HOUSEHOLD_1_064,WI_3,11609,5.78
HOUSEHOLD_1_097,WI_3,11609,3.97
HOUSEHOLD_1_093,WI_3,11609,3.94
HOUSEHOLD_1_101,WI_3,11609,2.37
HOUSEHOLD_1_104,WI_3,11609,2.97
HOUSEHOLD_1_118,WI_3,11609,0.97
HOUSEHOLD_1_135,WI_3,11609,1.48
HOUSEHOLD_1_147,WI_3,11609,0.96
HOUSEHOLD_1_165,WI_3,11609,17.97
HOUSEHOLD_1_167,WI_3,11609,2.74
HOUSEHOLD_1_198,WI_3,11609,0.97
HOUSEHOLD_1_195,WI_3,11609,3.88
HOUSEHOLD_1_206,WI_3,11609,4.92
HOUSEHOLD_1_222,WI_3,11609,9.97
HOUSEHOLD_1_227,WI_3,11609,2.73
HOUSEHOLD_1_247,WI_3,11609,0.97
HOUSEHOLD_1_251,WI_3,11609,1.98
HOUSEHOLD_1_241,WI_3,11609,7.94
HOUSEHOLD_1_245,WI_3,11609,2.67
HOUSEHOLD_1_259,WI_3,11609,7.48
HOUSEHOLD_1_278,WI_3,11609,5.97
HOUSEHOLD_1_275,WI_3,11609,2.97
HOUSEHOLD_1_276,WI_3,11609,17.97
HOUSEHOLD_1_287,WI_3,11609,4.63
HOUSEHOLD_1_290,WI_3,11609,9.84
HOUSEHOLD_1_313,WI_3,11609,3.97
HOUSEHOLD_1_359,WI_3,11609,6.88
HOUSEHOLD_1_369,WI_3,11609,3.72
HOUSEHOLD_1_389,WI_3,11609,0.98
HOUSEHOLD_1_397,WI_3,11609,2.78
HOUSEHOLD_1_394,WI_3,11609,4.88
HOUSEHOLD_1_422,WI_3,11609,3.62
HOUSEHOLD_1_434,WI_3,11609,3.97
HOUSEHOLD_1_436,WI_3,11609,9.97
HOUSEHOLD_1_435,WI_3,11609,7.93
HOUSEHOLD_1_456,WI_3,11609,6.97
HOUSEHOLD_1_455,WI_3,11609,2.97
HOUSEHOLD_1_468,WI_3,11609,4.98
HOUSEHOLD_1_470,WI_3,11609,2.98
HOUSEHOLD_1_471,WI_3,11609,2.74
HOUSEHOLD_1_480,WI_3,11609,2.73
HOUSEHOLD_1_489,WI_3,11609,9.97
HOUSEHOLD_1_521,WI_3,11609,0.98
HOUSEHOLD_1_527,WI_3,11609,5.24
HOUSEHOLD_1_537,WI_3,11609,15.97
HOUSEHOLD_2_016,WI_3,11609,1.62
HOUSEHOLD_2_018,WI_3,11609,7.94
HOUSEHOLD_2_022,WI_3,11609,5.64
HOUSEHOLD_2_056,WI_3,11609,5.97
HOUSEHOLD_2_051,WI_3,11609,9.97
HOUSEHOLD_2_050,WI_3,11609,8.48
HOUSEHOLD_2_049,WI_3,11609,3.42
HOUSEHOLD_2_063,WI_3,11609,4.97
HOUSEHOLD_2_058,WI_3,11609,9.97
HOUSEHOLD_2_057,WI_3,11609,4.97
HOUSEHOLD_2_071,WI_3,11609,6.47
HOUSEHOLD_2_075,WI_3,11609,1.84
HOUSEHOLD_2_080,WI_3,11609,8.98
HOUSEHOLD_2_100,WI_3,11609,8.64
HOUSEHOLD_2_096,WI_3,11609,3.47
HOUSEHOLD_2_112,WI_3,11609,3.97
HOUSEHOLD_2_121,WI_3,11609,1.97
HOUSEHOLD_2_133,WI_3,11609,4.97
HOUSEHOLD_2_140,WI_3,11609,6.97
HOUSEHOLD_2_145,WI_3,11609,3.97
HOUSEHOLD_2_151,WI_3,11609,4.44
HOUSEHOLD_2_158,WI_3,11609,11.47
HOUSEHOLD_2_183,WI_3,11609,4.97
HOUSEHOLD_2_185,WI_3,11609,3.48
HOUSEHOLD_2_195,WI_3,11609,14.97
HOUSEHOLD_2_198,WI_3,11609,7.97
HOUSEHOLD_2_200,WI_3,11609,6.94
HOUSEHOLD_2_206,WI_3,11609,2.87
HOUSEHOLD_2_203,WI_3,11609,2.97
FOODS_3_151,CA_3,11609,2.5
FOODS_3_154,CA_3,11609,2.98
FOODS_3_158,CA_3,11609,6.24
FOODS_3_160,CA_3,11609,2.48
FOODS_3_172,CA_3,11609,1.78
FOODS_3_184,CA_3,11609,3.43
FOODS_3_192,CA_3,11609,5.48
FOODS_3_202,CA_3,11609,4.68
FOODS_3_210,CA_3,11609,1.94
FOODS_3_220,CA_3,11609,2.98
FOODS_3_224,CA_3,11609,3.98
FOODS_3_225,CA_3,11609,1.98
FOODS_3_265,CA_3,11609,3.98
FOODS_3_264,CA_3,11609,3.98
FOODS_3_268,CA_3,11609,2.18
FOODS_3_270,CA_3,11609,2.98
FOODS_3_280,CA_3,11609,4.28
FOODS_3_285,CA_3,11609,1.25
FOODS_3_287,CA_3,11609,7.48
FOODS_3_299,CA_3,11609,1.5
FOODS_3_311,CA_3,11609,2.98
FOODS_3_327,CA_3,11609,3.28
FOODS_3_352,CA_3,11609,3.64
FOODS_3_363,CA_3,11609,2.77
FOODS_3_359,CA_3,11609,2.78
FOODS_3_353,CA_3,11609,8.98
FOODS_3_390,CA_3,11609,1.78
FOODS_3_402,CA_3,11609,6.48
FOODS_3_411,CA_3,11609,2.98
FOODS_3_424,CA_3,11609,3.88
FOODS_3_423,CA_3,11609,2.98
FOODS_3_435,CA_3,11609,1.48
FOODS_3_437,CA_3,11609,1.0
FOODS_3_440,CA_3,11609,5.22
FOODS_3_446,CA_3,11609,1.18
FOODS_3_449,CA_3,11609,1.98
FOODS_3_450,CA_3,11609,3.0
FOODS_3_452,CA_3,11609,4.98
FOODS_3_451,CA_3,11609,1.48
FOODS_3_456,CA_3,11609,3.98
FOODS_3_462,CA_3,11609,1.0
FOODS_3_464,CA_3,11609,3.48
FOODS_3_483,CA_3,11609,2.48
FOODS_3_494,CA_3,11609,2.98
FOODS_3_510,CA_3,11609,2.0
FOODS_3_538,CA_3,11609,1.38
FOODS_3_547,CA_3,11609,0.25
FOODS_3_545,CA_3,11609,1.0
FOODS_3_549,CA_3,11609,2.48
FOODS_3_556,CA_3,11609,2.56
FOODS_3_554,CA_3,11609,3.48
FOODS_3_574,CA_3,11609,5.98
FOODS_3_580,CA_3,11609,0.25
FOODS_3_593,CA_3,11609,6.98
FOODS_3_606,CA_3,11609,2.88
FOODS_3_610,CA_3,11609,1.98
FOODS_3_614,CA_3,11609,1.0
FOODS_3_624,CA_3,11609,2.48
FOODS_3_634,CA_3,11609,3.98
FOODS_3_637,CA_3,11609,2.98
FOODS_3_638,CA_3,11609,1.5
FOODS_3_649,CA_3,11609,5.48
FOODS_3_647,CA_3,11609,1.28
FOODS_3_668,CA_3,11609,1.68
FOODS_3_670,CA_3,11609,1.98
FOODS_3_673,CA_3,11609,5.98
FOODS_3_684,CA_3,11609,1.88
FOODS_3_695,CA_3,11609,3.98
FOODS_3_709,CA_3,11609,2.42
FOODS_3_714,CA_3,11609,1.58
FOODS_3_717,CA_3,11609,1.98
FOODS_3_715,CA_3,11609,3.98
FOODS_3_719,CA_3,11609,2.5
FOODS_3_720,CA_3,11609,4.54
FOODS_3_738,CA_3,11609,1.6
FOODS_3_743,CA_3,11609,2.98
FOODS_3_754,CA_3,11609,6.24
FOODS_3_762,CA_3,11609,3.27
FOODS_3_763,CA_3,11609,3.48
FOODS_3_759,CA_3,11609,2.98
FOODS_3_782,CA_3,11609,2.68
FOODS_3_780,CA_3,11609,2.98
FOODS_3_792,CA_3,11609,1.0
FOODS_3_801,CA_3,11609,1.0
HOBBIES_1_001,CA_4,11609,8.26
HOBBIES_1_005,CA_4,11609,2.88
HOBBIES_1_020,CA_4,11609,12.68
HOBBIES_1_021,CA_4,11609,11.88
HOBBIES_1_029,CA_4,11609,8.98
HOBBIES_1_038,CA_4,11609,3.22
HOBBIES_1_041,CA_4,11609,4.22
HOBBIES_1_042,CA_4,11609,7.83
HOBBIES_1_037,CA_4,11609,12.97
HOBBIES_1_055,CA_4,11609,8.98
HOBBIES_1_052,CA_4,11609,5.88
HOBBIES_1_056,CA_4,11609,0.94
HOBBIES_1_074,CA_4,11609,3.67
HOBBIES_1_089,CA_4,11609,7.97
HOBBIES_1_111,CA_4,11609,2.92
HOBBIES_1_142,CA_4,11609,0.94
HOBBIES_1_140,CA_4,11609,1.12
HOBBIES_1_154,CA_4,11609,2.88
HOBBIES_1_166,CA_4,11609,9.98
HOBBIES_1_170,CA_4,11609,17.97
HOBBIES_1_179,CA_4,11609,6.87
HOBBIES_1_199,CA_4,11609,3.98
HOBBIES_1_204,CA_4,11609,9.72
HOBBIES_1_217,CA_4,11609,3.47
HOBBIES_1_224,CA_4,11609,3.97
HOBBIES_1_244,CA_4,11609,0.48
HOBBIES_1_234,CA_4,11609,0.3
HOBBIES_1_250,CA_4,11609,4.88
HOBBIES_1_255,CA_4,11609,1.88
HOBBIES_1_282,CA_4,11609,3.98
HOBBIES_1_284,CA_4,11609,4.88
HOBBIES_1_293,CA_4,11609,3.68
HOBBIES_1_305,CA_4,11609,2.87
HOBBIES_1_303,CA_4,11609,8.56
HOBBIES_1_308,CA_4,11609,9.98
HOBBIES_1_319,CA_4,11609,0.96
HOBBIES_1_321,CA_4,11609,6.68
HOBBIES_1_323,CA_4,11609,5.24
HOBBIES_1_318,CA_4,11609,3.96
HOBBIES_1_333,CA_4,11609,4.97
HOBBIES_1_342,CA_4,11609,19.96
HOBBIES_1_350,CA_4,11609,2.98
HOBBIES_1_355,CA_4,11609,3.94
HOBBIES_1_384,CA_4,11609,9.98
HOBBIES_1_403,CA_4,11609,13.23
HOBBIES_1_404,CA_4,11609,0.48
HOBBIES_1_411,CA_4,11609,1.34
HOBBIES_1_418,CA_4,11609,3.98
HOBBIES_1_420,CA_4,11609,5.74
HOBBIES_1_421,CA_4,11609,8.26
HOBBIES_2_015,CA_4,11609,2.47
HOBBIES_2_038,CA_4,11609,0.97
HOBBIES_2_045,CA_4,11609,2.47
HOBBIES_2_049,CA_4,11609,2.97
HOBBIES_2_059,CA_4,11609,0.23
HOBBIES_2_071,CA_4,11609,0.97
HOBBIES_2_065,CA_4,11609,0.5
HOBBIES_2_085,CA_4,11609,0.97
HOBBIES_2_079,CA_4,11609,2.47
HOBBIES_2_082,CA_4,11609,0.88
HOBBIES_2_093,CA_4,11609,1.97
HOBBIES_2_094,CA_4,11609,1.97
HOBBIES_2_100,CA_4,11609,0.88
HOBBIES_2_111,CA_4,11609,3.97
HOBBIES_2_119,CA_4,11609,2.97
HOBBIES_2_121,CA_4,11609,0.97
HOBBIES_2_140,CA_4,11609,2.47
HOUSEHOLD_2_398,TX_2,11609,7.97
HOUSEHOLD_2_400,TX_2,11609,3.88
HOUSEHOLD_2_412,TX_2,11609,5.94
HOUSEHOLD_2_421,TX_2,11609,4.97
HOUSEHOLD_2_424,TX_2,11609,2.88
HOUSEHOLD_2_431,TX_2,11609,9.47
HOUSEHOLD_2_432,TX_2,11609,5.47
HOUSEHOLD_2_435,TX_2,11609,5.97
HOUSEHOLD_2_439,TX_2,11609,5.84
HOUSEHOLD_2_443,TX_2,11609,4.66
HOUSEHOLD_2_453,TX_2,11609,6.47
HOUSEHOLD_2_463,TX_2,11609,5.47
HOUSEHOLD_2_470,TX_2,11609,0.88
HOUSEHOLD_2_482,TX_2,11609,5.73
HOUSEHOLD_2_486,TX_2,11609,5.97
HOUSEHOLD_2_488,TX_2,11609,4.97
HOUSEHOLD_2_487,TX_2,11609,9.98
HOUSEHOLD_2_495,TX_2,11609,5.84
HOUSEHOLD_2_502,TX_2,11609,8.86
HOUSEHOLD_2_513,TX_2,11609,2.78
HOUSEHOLD_2_515,TX_2,11609,1.97
FOODS_1_026,TX_2,11609,6.98
FOODS_1_046,TX_2,11609,0.94
FOODS_1_047,TX_2,11609,3.54
FOODS_1_055,TX_2,11609,4.38
FOODS_1_061,TX_2,11609,2.24
FOODS_1_067,TX_2,11609,2.0
FOODS_1_068,TX_2,11609,3.58
FOODS_1_079,TX_2,11609,4.91
FOODS_1_077,TX_2,11609,3.28
FOODS_1_097,TX_2,11609,0.98
FOODS_1_099,TX_2,11609,0.94
FOODS_1_122,TX_2,11609,1.98
FOODS_1_135,TX_2,11609,2.68
FOODS_1_136,TX_2,11609,4.86
FOODS_1_138,TX_2,11609,2.68
FOODS_1_140,TX_2,11609,6.98
FOODS_1_142,TX_2,11609,1.5
FOODS_1_143,TX_2,11609,2.0
FOODS_1_139,TX_2,11609,0.98
FOODS_1_146,TX_2,11609,2.24
FOODS_1_177,TX_2,11609,8.98
FOODS_1_187,TX_2,11609,9.94
FOODS_1_211,TX_2,11609,6.27
FOODS_2_011,TX_2,11609,2.5
FOODS_2_008,TX_2,11609,2.5
FOODS_2_024,TX_2,11609,2.47
FOODS_2_044,TX_2,11609,2.5
FOODS_2_049,TX_2,11609,2.22
FOODS_2_054,TX_2,11609,2.97
FOODS_2_067,TX_2,11609,2.18
FOODS_2_069,TX_2,11609,8.98
FOODS_2_074,TX_2,11609,2.47
FOODS_2_081,TX_2,11609,2.28
FOODS_2_083,TX_2,11609,6.72
FOODS_2_090,TX_2,11609,8.96
FOODS_2_106,TX_2,11609,5.44
FOODS_2_119,TX_2,11609,2.22
FOODS_2_111,TX_2,11609,5.92
FOODS_2_109,TX_2,11609,2.68
FOODS_2_115,TX_2,11609,8.74
FOODS_2_130,TX_2,11609,1.58
FOODS_2_145,TX_2,11609,2.38
FOODS_2_169,TX_2,11609,5.97
FOODS_2_174,TX_2,11609,2.82
FOODS_2_175,TX_2,11609,2.0
FOODS_2_183,TX_2,11609,8.98
FOODS_2_196,TX_2,11609,3.94
FOODS_2_214,TX_2,11609,2.5
FOODS_2_230,TX_2,11609,2.18
FOODS_2_233,TX_2,11609,4.0
FOODS_2_234,TX_2,11609,2.5
FOODS_2_249,TX_2,11609,2.83
FOODS_2_270,TX_2,11609,2.98
FOODS_2_289,TX_2,11609,2.47
FOODS_2_291,TX_2,11609,6.98
FOODS_2_296,TX_2,11609,3.44
FOODS_2_299,TX_2,11609,1.78
FOODS_2_307,TX_2,11609,2.47
FOODS_2_318,TX_2,11609,4.97
FOODS_2_330,TX_2,11609,3.76
FOODS_2_338,TX_2,11609,2.97
FOODS_2_347,TX_2,11609,1.78
FOODS_2_346,TX_2,11609,2.38
FOODS_2_351,TX_2,11609,2.98
FOODS_2_359,TX_2,11609,1.78
FOODS_2_363,TX_2,11609,2.5
FOODS_2_362,TX_2,11609,6.98
FOODS_2_369,TX_2,11609,4.87
FOODS_2_391,TX_2,11609,2.0
FOODS_2_385,TX_2,11609,2.28
FOODS_2_387,TX_2,11609,12.97
FOODS_3_001,TX_2,11609,2.5
FOODS_3_009,TX_2,11609,2.28
FOODS_3_020,TX_2,11609,0.94
FOODS_3_021,TX_2,11609,2.48
FOODS_3_016,TX_2,11609,2.98
FOODS_3_029,TX_2,11609,1.5
FOODS_3_026,TX_2,11609,1.98
FOODS_3_024,TX_2,11609,1.0
FOODS_3_048,TX_2,11609,1.5
FOODS_3_079,TX_2,11609,5.98
FOODS_3_075,TX_2,11609,2.88
FOODS_3_081,TX_2,11609,4.74
FOODS_3_089,TX_2,11609,1.0
FOODS_3_087,TX_2,11609,2.56
FOODS_3_103,TX_2,11609,3.28
FOODS_3_100,TX_2,11609,3.98
FOODS_3_105,TX_2,11609,2.88
FOODS_3_106,TX_2,11609,1.0
FOODS_3_127,TX_2,11609,3.78
FOODS_3_130,TX_2,11609,2.68
FOODS_3_151,TX_2,11609,2.5
FOODS_3_160,TX_2,11609,2.18
FOODS_3_154,TX_2,11609,2.98
FOODS_3_158,TX_2,11609,6.24
FOODS_3_172,TX_2,11609,1.78
FOODS_3_184,TX_2,11609,3.43
FOODS_3_192,TX_2,11609,5.48
FOODS_3_202,TX_2,11609,4.48
FOODS_3_210,TX_2,11609,2.18
FOODS_3_220,TX_2,11609,2.98
FOODS_3_224,TX_2,11609,3.98
FOODS_3_225,TX_2,11609,1.98
FOODS_3_265,TX_2,11609,3.98
FOODS_3_264,TX_2,11609,3.98
FOODS_3_268,TX_2,11609,2.18
FOODS_3_270,TX_2,11609,2.98
FOODS_3_280,TX_2,11609,4.18
FOODS_3_285,TX_2,11609,1.25
FOODS_3_287,TX_2,11609,7.48
FOODS_3_299,TX_2,11609,1.5
FOODS_3_311,TX_2,11609,2.98
FOODS_3_327,TX_2,11609,3.28
FOODS_3_352,TX_2,11609,3.64
FOODS_3_359,TX_2,11609,2.78
FOODS_3_353,TX_2,11609,8.98
FOODS_3_083,CA_1,11609,18.73
FOODS_3_082,CA_1,11609,1.98
FOODS_3_085,CA_1,11609,2.98
FOODS_3_086,CA_1,11609,1.0
FOODS_3_095,CA_1,11609,4.98
FOODS_3_097,CA_1,11609,2.24
FOODS_3_115,CA_1,11609,4.68
FOODS_3_118,CA_1,11609,1.18
FOODS_3_112,CA_1,11609,2.98
FOODS_3_126,CA_1,11609,3.78
FOODS_3_129,CA_1,11609,2.68
FOODS_3_137,CA_1,11609,2.56
FOODS_3_141,CA_1,11609,2.98
FOODS_3_144,CA_1,11609,1.98
FOODS_3_142,CA_1,11609,3.98
FOODS_3_148,CA_1,11609,0.94
FOODS_3_162,CA_1,11609,1.98
FOODS_3_163,CA_1,11609,2.24
FOODS_3_159,CA_1,11609,2.98
FOODS_3_168,CA_1,11609,3.65
FOODS_3_174,CA_1,11609,6.18
FOODS_3_167,CA_1,11609,1.98
FOODS_3_170,CA_1,11609,1.98
FOODS_3_166,CA_1,11609,1.0
FOODS_3_177,CA_1,11609,2.98
FOODS_3_189,CA_1,11609,2.56
FOODS_3_197,CA_1,11609,1.98
FOODS_3_217,CA_1,11609,2.98
FOODS_3_252,CA_1,11609,1.58
FOODS_3_258,CA_1,11609,1.78
FOODS_3_253,CA_1,11609,1.98
FOODS_3_286,CA_1,11609,3.98
FOODS_3_301,CA_1,11609,1.98
FOODS_3_313,CA_1,11609,1.97
FOODS_3_312,CA_1,11609,2.88
FOODS_3_324,CA_1,11609,3.0
FOODS_3_316,CA_1,11609,2.56
FOODS_3_329,CA_1,11609,2.98
FOODS_3_355,CA_1,11609,0.94
FOODS_3_350,CA_1,11609,2.98
FOODS_3_376,CA_1,11609,1.0
FOODS_3_379,CA_1,11609,1.97
FOODS_3_394,CA_1,11609,2.98
FOODS_3_393,CA_1,11609,3.56
FOODS_3_400,CA_1,11609,2.98
FOODS_3_401,CA_1,11609,1.98
FOODS_3_399,CA_1,11609,3.56
FOODS_3_422,CA_1,11609,1.98
FOODS_3_413,CA_1,11609,1.0
FOODS_3_416,CA_1,11609,2.68
FOODS_3_447,CA_1,11609,1.74
FOODS_3_453,CA_1,11609,2.98
FOODS_3_463,CA_1,11609,6.0
FOODS_3_472,CA_1,11609,1.97
FOODS_3_479,CA_1,11609,1.0
FOODS_3_502,CA_1,11609,2.56
FOODS_3_516,CA_1,11609,3.78
FOODS_3_512,CA_1,11609,1.98
FOODS_3_525,CA_1,11609,2.0
FOODS_3_527,CA_1,11609,4.98
FOODS_3_539,CA_1,11609,2.98
FOODS_3_546,CA_1,11609,5.98
FOODS_3_543,CA_1,11609,3.48
FOODS_3_565,CA_1,11609,2.5
FOODS_3_564,CA_1,11609,1.74
FOODS_3_571,CA_1,11609,9.44
FOODS_3_576,CA_1,11609,2.5
FOODS_3_600,CA_1,11609,2.56
FOODS_3_604,CA_1,11609,2.56
FOODS_3_616,CA_1,11609,2.98
FOODS_3_618,CA_1,11609,1.98
FOODS_3_626,CA_1,11609,3.98
FOODS_3_645,CA_1,11609,1.98
FOODS_3_663,CA_1,11609,1.74
FOODS_3_672,CA_1,11609,2.64
FOODS_3_686,CA_1,11609,3.57
FOODS_3_693,CA_1,11609,3.48
FOODS_3_690,CA_1,11609,9.98
FOODS_3_697,CA_1,11609,3.0
FOODS_3_718,CA_1,11609,1.48
FOODS_3_721,CA_1,11609,1.98
FOODS_3_753,CA_1,11609,5.44
FOODS_3_757,CA_1,11609,2.68
FOODS_3_775,CA_1,11609,3.78
FOODS_3_811,CA_1,11609,1.88
FOODS_3_810,CA_1,11609,2.56
FOODS_3_815,CA_1,11609,2.48
FOODS_3_817,CA_1,11609,2.94
FOODS_3_820,CA_1,11609,1.98
FOODS_3_824,CA_1,11609,2.48
FOODS_3_818,CA_1,11609,2.98
HOBBIES_1_006,CA_2,11609,0.96
HOBBIES_1_013,CA_2,11609,1.97
HOBBIES_1_032,CA_2,11609,0.57
HOBBIES_1_034,CA_2,11609,4.86
HOBBIES_1_039,CA_2,11609,5.88
HOBBIES_1_033,CA_2,11609,16.86
HOBBIES_1_049,CA_2,11609,7.88
HOBBIES_1_058,CA_2,11609,8.82
HOBBIES_1_075,CA_2,11609,7.0
HOBBIES_1_077,CA_2,11609,9.46
HOBBIES_1_090,CA_2,11609,1.08
HOBBIES_1_102,CA_2,11609,4.98
HOBBIES_1_117,CA_2,11609,12.68
HOBBIES_1_122,CA_2,11609,1.77
HOBBIES_1_131,CA_2,11609,0.68
HOBBIES_1_124,CA_2,11609,5.98
HOBBIES_1_134,CA_2,11609,3.87
HOBBIES_1_144,CA_2,11609,11.28
HOBBIES_1_145,CA_2,11609,1.28
HOBBIES_1_148,CA_2,11609,4.88
HOBBIES_1_152,CA_2,11609,4.86
HOBBIES_1_165,CA_2,11609,4.97
HOBBIES_1_178,CA_2,11609,0.48
HOBBIES_1_185,CA_2,11609,3.24
HOBBIES_1_181,CA_2,11609,1.97
HOBBIES_1_209,CA_2,11609,0.7
HOBBIES_1_210,CA_2,11609,5.47
HOBBIES_1_218,CA_2,11609,10.58
HOBBIES_1_219,CA_2,11609,1.74
HOBBIES_1_237,CA_2,11609,7.98
HOBBIES_1_232,CA_2,11609,0.48
HOBBIES_1_268,CA_2,11609,0.48
HOBBIES_1_275,CA_2,11609,12.88
HOBBIES_1_290,CA_2,11609,5.77
HOBBIES_1_283,CA_2,11609,10.98
HOBBIES_1_326,CA_2,11609,1.97
HOBBIES_1_337,CA_2,11609,3.67
HOBBIES_1_349,CA_2,11609,9.98
HOBBIES_1_346,CA_2,11609,3.97
HOBBIES_1_344,CA_2,11609,11.78
HOBBIES_1_356,CA_2,11609,5.76
HOBBIES_1_363,CA_2,11609,2.88
HOBBIES_1_369,CA_2,11609,1.08
HOBBIES_1_377,CA_2,11609,9.98
HOBBIES_1_375,CA_2,11609,9.88
HOBBIES_1_385,CA_2,11609,9.97
HOBBIES_1_388,CA_2,11609,2.88
HOBBIES_1_393,CA_2,11609,28.96
HOBBIES_1_410,CA_2,11609,28.96
HOBBIES_1_422,CA_2,11609,3.62
HOBBIES_2_005,CA_2,11609,4.47
HOBBIES_2_016,CA_2,11609,4.97
HOBBIES_2_017,CA_2,11609,0.5
HOBBIES_2_033,CA_2,11609,2.88
HOBBIES_2_026,CA_2,11609,0.23
HOBBIES_2_039,CA_2,11609,4.97
HOBBIES_2_042,CA_2,11609,0.74
FOODS_3_745,CA_4,11609,2.18
FOODS_3_755,CA_4,11609,0.94
FOODS_3_750,CA_4,11609,2.68
FOODS_3_751,CA_4,11609,4.98
FOODS_3_776,CA_4,11609,2.98
FOODS_3_773,CA_4,11609,4.98
FOODS_3_777,CA_4,11609,2.98
FOODS_3_793,CA_4,11609,2.98
FOODS_3_788,CA_4,11609,3.48
FOODS_3_808,CA_4,11609,1.0
FOODS_3_813,CA_4,11609,4.54
FOODS_3_821,CA_4,11609,4.98
HOBBIES_1_003,TX_1,11609,2.97
HOBBIES_1_009,TX_1,11609,1.63
HOBBIES_1_022,TX_1,11609,7.18
HOBBIES_1_064,TX_1,11609,12.77
HOBBIES_1_068,TX_1,11609,6.76
HOBBIES_1_086,TX_1,11609,8.26
HOBBIES_1_095,TX_1,11609,7.68
HOBBIES_1_109,TX_1,11609,4.98
HOBBIES_1_121,TX_1,11609,1.12
HOBBIES_1_126,TX_1,11609,9.58
HOBBIES_1_137,TX_1,11609,8.98
HOBBIES_1_139,TX_1,11609,2.74
HOBBIES_1_150,TX_1,11609,1.63
HOBBIES_1_153,TX_1,11609,6.38
HOBBIES_1_163,TX_1,11609,8.64
HOBBIES_1_162,TX_1,11609,3.98
HOBBIES_1_161,TX_1,11609,0.7
HOBBIES_1_169,TX_1,11609,0.57
HOBBIES_1_173,TX_1,11609,10.97
HOBBIES_1_192,TX_1,11609,3.54
HOBBIES_1_193,TX_1,11609,7.97
HOBBIES_1_197,TX_1,11609,12.84
HOBBIES_1_191,TX_1,11609,8.97
HOBBIES_1_198,TX_1,11609,8.38
HOBBIES_1_226,TX_1,11609,13.98
HOBBIES_1_238,TX_1,11609,5.94
HOBBIES_1_245,TX_1,11609,4.97
HOBBIES_1_251,TX_1,11609,14.64
HOBBIES_1_246,TX_1,11609,10.98
HOBBIES_1_253,TX_1,11609,12.78
HOBBIES_1_262,TX_1,11609,8.98
HOBBIES_1_271,TX_1,11609,5.77
HOBBIES_1_285,TX_1,11609,10.88
HOBBIES_1_279,TX_1,11609,3.78
HOBBIES_1_302,TX_1,11609,2.88
HOBBIES_1_313,TX_1,11609,1.23
HOBBIES_1_317,TX_1,11609,7.98
HOBBIES_1_316,TX_1,11609,0.94
HOBBIES_1_336,TX_1,11609,1.88
HOBBIES_1_343,TX_1,11609,5.32
HOBBIES_1_347,TX_1,11609,9.88
HOBBIES_1_340,TX_1,11609,7.98
HOBBIES_1_354,TX_1,11609,22.98
HOBBIES_1_359,TX_1,11609,1.47
HOBBIES_1_379,TX_1,11609,2.24
HOBBIES_1_386,TX_1,11609,5.86
HOBBIES_1_400,TX_1,11609,1.14
HOBBIES_1_396,TX_1,11609,1.88
HOBBIES_1_402,TX_1,11609,9.94
HOBBIES_1_409,TX_1,11609,5.76
HOBBIES_1_415,TX_1,11609,6.68
HOBBIES_1_417,TX_1,11609,0.57
HOBBIES_1_424,TX_1,11609,1.63
HOBBIES_2_006,TX_1,11609,3.97
HOBBIES_2_021,TX_1,11609,0.97
HOBBIES_2_052,TX_1,11609,2.47
HOBBIES_2_076,TX_1,11609,2.88
HOBBIES_2_090,TX_1,11609,1.77
HOBBIES_2_095,TX_1,11609,0.88
HOBBIES_2_098,TX_1,11609,0.88
HOBBIES_2_129,TX_1,11609,0.23
HOBBIES_2_144,TX_1,11609,0.5
HOBBIES_2_149,TX_1,11609,0.97
HOUSEHOLD_1_006,TX_1,11609,6.97
HOUSEHOLD_1_018,TX_1,11609,9.97
HOUSEHOLD_1_030,TX_1,11609,4.64
HOUSEHOLD_1_023,TX_1,11609,8.97
HOUSEHOLD_1_038,TX_1,11609,5.22
HOUSEHOLD_1_040,TX_1,11609,4.94
HOUSEHOLD_1_044,TX_1,11609,17.97
HOUSEHOLD_1_043,TX_1,11609,2.97
HOUSEHOLD_1_055,TX_1,11609,3.88
HOUSEHOLD_1_070,TX_1,11609,3.93
HOUSEHOLD_1_071,TX_1,11609,2.36
HOUSEHOLD_1_076,TX_1,11609,4.88
HOUSEHOLD_1_095,TX_1,11609,5.97
HOUSEHOLD_1_103,TX_1,11609,4.64
HOUSEHOLD_1_110,TX_1,11609,3.97
HOUSEHOLD_1_126,TX_1,11609,8.96
HOUSEHOLD_1_132,TX_1,11609,1.97
HOUSEHOLD_1_134,TX_1,11609,4.23
HOUSEHOLD_1_196,TX_1,11609,1.97
HOUSEHOLD_1_189,TX_1,11609,5.88
HOUSEHOLD_1_190,TX_1,11609,4.94
HOUSEHOLD_1_203,TX_1,11609,4.94
HOUSEHOLD_1_207,TX_1,11609,7.97
HOUSEHOLD_1_213,TX_1,11609,4.48
HOUSEHOLD_1_209,TX_1,11609,3.47
HOUSEHOLD_1_219,TX_1,11609,6.48
HOUSEHOLD_1_225,TX_1,11609,1.88
HOUSEHOLD_1_217,TX_1,11609,1.83
HOUSEHOLD_1_216,TX_1,11609,11.97
HOUSEHOLD_1_230,TX_1,11609,3.28
HOUSEHOLD_1_226,TX_1,11609,2.92
HOUSEHOLD_1_237,TX_1,11609,5.88
HOUSEHOLD_1_249,TX_1,11609,7.97
HOUSEHOLD_1_253,TX_1,11609,3.47
HOUSEHOLD_1_264,TX_1,11609,7.47
HOUSEHOLD_1_285,TX_1,11609,2.76
HOUSEHOLD_1_283,TX_1,11609,1.48
HOUSEHOLD_1_286,TX_1,11609,4.93
HOUSEHOLD_1_305,TX_1,11609,2.97
HOUSEHOLD_1_298,TX_1,11609,3.72
HOUSEHOLD_1_308,TX_1,11609,6.94
HOUSEHOLD_1_314,TX_1,11609,7.98
HOUSEHOLD_1_323,TX_1,11609,4.68
HOUSEHOLD_1_322,TX_1,11609,2.97
HOUSEHOLD_1_332,TX_1,11609,9.74
HOUSEHOLD_1_354,TX_1,11609,1.93
HOUSEHOLD_1_361,TX_1,11609,1.88
HOUSEHOLD_1_363,TX_1,11609,2.97
HOUSEHOLD_1_367,TX_1,11609,3.97
HOUSEHOLD_1_366,TX_1,11609,5.96
HOUSEHOLD_1_375,TX_1,11609,7.97
HOUSEHOLD_1_387,TX_1,11609,2.88
HOUSEHOLD_1_388,TX_1,11609,3.47
HOUSEHOLD_1_406,TX_1,11609,4.97
HOUSEHOLD_1_417,TX_1,11609,5.48
HOUSEHOLD_1_429,TX_1,11609,2.92
HOUSEHOLD_1_437,TX_1,11609,2.96
HOUSEHOLD_1_457,TX_1,11609,10.47
HOUSEHOLD_1_464,TX_1,11609,9.47
HOUSEHOLD_1_472,TX_1,11609,4.82
HOUSEHOLD_1_482,TX_1,11609,2.96
HOUSEHOLD_1_491,TX_1,11609,6.42
HOBBIES_1_207,WI_1,11609,2.78
HOBBIES_1_216,WI_1,11609,1.77
HOBBIES_1_231,WI_1,11609,6.87
HOBBIES_1_236,WI_1,11609,11.88
HOBBIES_1_248,WI_1,11609,0.94
HOBBIES_1_258,WI_1,11609,11.78
HOBBIES_1_252,WI_1,11609,0.68
HOBBIES_1_264,WI_1,11609,4.47
HOBBIES_1_273,WI_1,11609,12.68
HOBBIES_1_277,WI_1,11609,1.77
HOBBIES_1_294,WI_1,11609,3.88
HOBBIES_1_306,WI_1,11609,13.98
HOBBIES_1_325,WI_1,11609,6.44
HOBBIES_1_338,WI_1,11609,8.98
HOBBIES_1_339,WI_1,11609,7.98
HOBBIES_1_358,WI_1,11609,2.74
HOBBIES_1_370,WI_1,11609,0.48
HOBBIES_1_371,WI_1,11609,0.48
HOBBIES_1_366,WI_1,11609,3.97
HOBBIES_1_378,WI_1,11609,3.24
HOBBIES_1_380,WI_1,11609,1.77
HOBBIES_1_381,WI_1,11609,0.7
HOBBIES_1_382,WI_1,11609,1.97
HOBBIES_1_390,WI_1,11609,11.73
HOBBIES_1_398,WI_1,11609,0.57
HOBBIES_1_406,WI_1,11609,3.88
HOBBIES_1_401,WI_1,11609,1.97
HOBBIES_1_416,WI_1,11609,4.97
HOBBIES_1_412,WI_1,11609,1.98
HOBBIES_2_001,WI_1,11609,5.47
HOBBIES_2_013,WI_1,11609,6.97
HOBBIES_2_048,WI_1,11609,2.88
HOBBIES_2_044,WI_1,11609,4.47
HOBBIES_2_047,WI_1,11609,0.5
HOBBIES_2_055,WI_1,11609,2.5
HOBBIES_2_053,WI_1,11609,4.97
HOBBIES_2_056,WI_1,11609,1.94
HOBBIES_2_068,WI_1,11609,1.97
HOBBIES_2_084,WI_1,11609,5.97
HOBBIES_2_102,WI_1,11609,5.97
HOBBIES_2_096,WI_1,11609,2.77
HOBBIES_2_112,WI_1,11609,2.47
HOBBIES_2_105,WI_1,11609,2.47
HOBBIES_2_107,WI_1,11609,0.5
HOBBIES_2_118,WI_1,11609,3.97
HOBBIES_2_128,WI_1,11609,4.97
HOBBIES_2_127,WI_1,11609,3.97
HOBBIES_2_134,WI_1,11609,4.97
HOBBIES_2_135,WI_1,11609,0.5
HOBBIES_2_138,WI_1,11609,0.97
HOUSEHOLD_1_002,WI_1,11609,5.97
HOUSEHOLD_1_013,WI_1,11609,4.94
HOUSEHOLD_1_027,WI_1,11609,5.97
HOUSEHOLD_1_019,WI_1,11609,0.97
HOUSEHOLD_1_020,WI_1,11609,6.97
HOUSEHOLD_1_037,WI_1,11609,4.23
HOUSEHOLD_1_066,WI_1,11609,2.96
HOUSEHOLD_1_073,WI_1,11609,8.88
HOUSEHOLD_1_082,WI_1,11609,3.48
HOUSEHOLD_1_080,WI_1,11609,10.47
HOUSEHOLD_1_087,WI_1,11609,4.47
HOUSEHOLD_1_091,WI_1,11609,6.88
HOUSEHOLD_1_085,WI_1,11609,16.67
HOUSEHOLD_1_090,WI_1,11609,2.96
HOUSEHOLD_1_099,WI_1,11609,2.37
HOUSEHOLD_1_102,WI_1,11609,17.97
HOUSEHOLD_1_128,WI_1,11609,2.67
HOUSEHOLD_1_124,WI_1,11609,3.98
HOUSEHOLD_1_136,WI_1,11609,3.97
HOUSEHOLD_1_137,WI_1,11609,12.98
HOUSEHOLD_1_145,WI_1,11609,2.24
HOUSEHOLD_1_144,WI_1,11609,2.97
HOUSEHOLD_1_143,WI_1,11609,1.97
HOUSEHOLD_1_153,WI_1,11609,1.97
HOUSEHOLD_1_164,WI_1,11609,2.97
HOUSEHOLD_1_163,WI_1,11609,9.98
HOUSEHOLD_1_192,WI_1,11609,3.62
HOUSEHOLD_1_188,WI_1,11609,3.98
HOUSEHOLD_1_208,WI_1,11609,0.93
HOUSEHOLD_1_215,WI_1,11609,2.24
HOUSEHOLD_1_228,WI_1,11609,9.47
HOUSEHOLD_1_238,WI_1,11609,2.48
HOUSEHOLD_1_255,WI_1,11609,9.47
HOUSEHOLD_1_250,WI_1,11609,2.68
HOUSEHOLD_1_265,WI_1,11609,4.74
HOUSEHOLD_1_279,WI_1,11609,0.97
HOUSEHOLD_1_281,WI_1,11609,4.94
HOUSEHOLD_1_284,WI_1,11609,4.94
HOUSEHOLD_1_293,WI_1,11609,10.98
HOUSEHOLD_1_296,WI_1,11609,4.97
HOUSEHOLD_1_299,WI_1,11609,5.27
HOUSEHOLD_1_316,WI_1,11609,3.96
HOUSEHOLD_1_326,WI_1,11609,4.88
HOUSEHOLD_1_318,WI_1,11609,2.88
HOUSEHOLD_1_340,WI_1,11609,4.98
HOUSEHOLD_1_349,WI_1,11609,2.94
HOUSEHOLD_1_358,WI_1,11609,9.97
HOUSEHOLD_1_355,WI_1,11609,7.98
HOUSEHOLD_1_370,WI_1,11609,7.27
HOUSEHOLD_1_372,WI_1,11609,1.97
HOUSEHOLD_1_376,WI_1,11609,5.44
HOUSEHOLD_1_379,WI_1,11609,0.97
HOUSEHOLD_1_395,WI_1,11609,4.88
HOUSEHOLD_1_401,WI_1,11609,9.47
HOUSEHOLD_1_404,WI_1,11609,2.67
HOUSEHOLD_1_433,WI_1,11609,8.97
HOUSEHOLD_1_440,WI_1,11609,14.97
HOUSEHOLD_1_445,WI_1,11609,1.97
HOUSEHOLD_1_460,WI_1,11609,3.88
HOUSEHOLD_1_459,WI_1,11609,0.97
HOUSEHOLD_1_474,WI_1,11609,0.97
HOUSEHOLD_1_473,WI_1,11609,2.36
HOUSEHOLD_1_493,WI_1,11609,2.87
HOUSEHOLD_1_501,WI_1,11609,3.96
HOUSEHOLD_1_500,WI_1,11609,4.44
HOUSEHOLD_1_502,WI_1,11609,4.23
HOUSEHOLD_1_512,WI_1,11609,1.87
HOUSEHOLD_1_510,WI_1,11609,4.94
HOUSEHOLD_1_506,WI_1,11609,3.88
HOUSEHOLD_1_516,WI_1,11609,1.94
HOUSEHOLD_1_518,WI_1,11609,6.97
HOUSEHOLD_1_525,WI_1,11609,4.23
HOUSEHOLD_2_009,WI_1,11609,5.73
HOUSEHOLD_2_025,WI_1,11609,5.47
HOUSEHOLD_2_026,WI_1,11609,3.97
HOUSEHOLD_2_023,WI_1,11609,3.97
HOUSEHOLD_2_036,WI_1,11609,3.97
HOUSEHOLD_2_032,WI_1,11609,9.43
HOUSEHOLD_2_043,WI_1,11609,4.97
HOUSEHOLD_2_039,WI_1,11609,10.72
HOUSEHOLD_2_040,WI_1,11609,3.97
HOUSEHOLD_2_070,WI_1,11609,2.97
HOUSEHOLD_2_067,WI_1,11609,0.97
HOUSEHOLD_2_074,WI_1,11609,0.96
HOUSEHOLD_2_076,WI_1,11609,8.97
HOUSEHOLD_2_089,WI_1,11609,3.48
HOUSEHOLD_2_107,WI_1,11609,11.97
HOUSEHOLD_2_108,WI_1,11609,8.88
HOUSEHOLD_2_109,WI_1,11609,3.87
HOUSEHOLD_2_123,WI_1,11609,1.98
HOUSEHOLD_2_135,WI_1,11609,9.98
HOUSEHOLD_2_127,WI_1,11609,5.73
HOUSEHOLD_2_149,WI_1,11609,3.96
HOUSEHOLD_2_155,WI_1,11609,6.77
HOUSEHOLD_2_164,WI_1,11609,8.47
HOUSEHOLD_2_204,WI_1,11609,12.97
HOUSEHOLD_2_210,WI_1,11609,8.86
HOUSEHOLD_2_225,WI_1,11609,0.93
HOUSEHOLD_2_097,CA_3,11609,5.48
HOUSEHOLD_2_099,CA_3,11609,5.94
HOUSEHOLD_2_105,CA_3,11609,4.94
HOUSEHOLD_2_132,CA_3,11609,1.97
HOUSEHOLD_2_130,CA_3,11609,7.97
HOUSEHOLD_2_143,CA_3,11609,6.46
HOUSEHOLD_2_138,CA_3,11609,5.97
HOUSEHOLD_2_144,CA_3,11609,4.44
HOUSEHOLD_2_139,CA_3,11609,5.84
HOUSEHOLD_2_147,CA_3,11609,3.97
HOUSEHOLD_2_152,CA_3,11609,13.94
HOUSEHOLD_2_154,CA_3,11609,1.88
HOUSEHOLD_2_150,CA_3,11609,6.97
HOUSEHOLD_2_157,CA_3,11609,5.47
HOUSEHOLD_2_166,CA_3,11609,9.47
HOUSEHOLD_2_170,CA_3,11609,1.44
HOUSEHOLD_2_171,CA_3,11609,3.87
HOUSEHOLD_2_196,CA_3,11609,2.27
HOUSEHOLD_2_207,CA_3,11609,7.46
HOUSEHOLD_2_211,CA_3,11609,19.98
HOUSEHOLD_2_215,CA_3,11609,1.88
HOUSEHOLD_2_227,CA_3,11609,3.96
HOUSEHOLD_2_237,CA_3,11609,5.94
HOUSEHOLD_2_270,CA_3,11609,5.84
HOUSEHOLD_2_276,CA_3,11609,5.47
HOUSEHOLD_2_297,CA_3,11609,6.54
HOUSEHOLD_2_299,CA_3,11609,1.23
HOUSEHOLD_2_334,CA_3,11609,2.98
HOUSEHOLD_2_327,CA_3,11609,2.98
HOUSEHOLD_2_330,CA_3,11609,3.72
HOUSEHOLD_2_336,CA_3,11609,8.97
HOUSEHOLD_2_345,CA_3,11609,5.84
HOUSEHOLD_2_342,CA_3,11609,0.97
HOUSEHOLD_2_351,CA_3,11609,5.94
HOUSEHOLD_2_346,CA_3,11609,3.33
HOUSEHOLD_2_356,CA_3,11609,9.88
HOUSEHOLD_2_362,CA_3,11609,3.94
HOUSEHOLD_2_360,CA_3,11609,7.97
HOUSEHOLD_2_372,CA_3,11609,8.48
HOUSEHOLD_2_386,CA_3,11609,3.97
HOUSEHOLD_2_396,CA_3,11609,8.44
HOUSEHOLD_2_404,CA_3,11609,2.97
HOUSEHOLD_2_422,CA_3,11609,4.97
HOUSEHOLD_2_427,CA_3,11609,3.48
HOUSEHOLD_2_429,CA_3,11609,5.94
HOUSEHOLD_2_426,CA_3,11609,4.37
HOUSEHOLD_2_436,CA_3,11609,1.97
HOUSEHOLD_2_444,CA_3,11609,6.47
HOUSEHOLD_2_445,CA_3,11609,5.97
HOUSEHOLD_2_464,CA_3,11609,2.88
HOUSEHOLD_2_480,CA_3,11609,5.24
HOUSEHOLD_2_481,CA_3,11609,7.97
HOUSEHOLD_2_496,CA_3,11609,1.48
HOUSEHOLD_2_498,CA_3,11609,2.96
HOUSEHOLD_2_501,CA_3,11609,7.97
HOUSEHOLD_2_514,CA_3,11609,19.54
HOUSEHOLD_2_516,CA_3,11609,5.94
FOODS_1_008,CA_3,11609,3.54
FOODS_1_015,CA_3,11609,3.48
FOODS_1_014,CA_3,11609,0.98
FOODS_1_034,CA_3,11609,5.14
FOODS_1_050,CA_3,11609,5.98
FOODS_1_051,CA_3,11609,3.87
FOODS_1_059,CA_3,11609,4.89
FOODS_1_070,CA_3,11609,0.98
FOODS_1_085,CA_3,11609,0.98
FOODS_1_078,CA_3,11609,3.48
FOODS_1_101,CA_3,11609,2.0
FOODS_1_108,CA_3,11609,2.5
FOODS_1_116,CA_3,11609,2.68
FOODS_1_115,CA_3,11609,3.58
FOODS_1_141,CA_3,11609,3.54
FOODS_1_153,CA_3,11609,1.98
FOODS_1_149,CA_3,11609,0.98
FOODS_1_162,CA_3,11609,1.96
FOODS_1_160,CA_3,11609,2.24
FOODS_1_168,CA_3,11609,2.24
FOODS_1_179,CA_3,11609,3.58
FOODS_1_185,CA_3,11609,2.28
FOODS_1_197,CA_3,11609,5.28
FOODS_1_206,CA_3,11609,2.23
FOODS_1_209,CA_3,11609,2.24
FOODS_1_212,CA_3,11609,5.98
FOODS_1_219,CA_3,11609,2.24
FOODS_2_023,CA_3,11609,1.28
FOODS_2_030,CA_3,11609,4.48
FOODS_2_033,CA_3,11609,2.38
FOODS_2_037,CA_3,11609,7.98
FOODS_2_041,CA_3,11609,3.97
FOODS_2_040,CA_3,11609,2.0
FOODS_2_043,CA_3,11609,2.5
FOODS_2_051,CA_3,11609,2.5
FOODS_2_048,CA_3,11609,7.98
FOODS_2_045,CA_3,11609,6.98
FOODS_2_059,CA_3,11609,5.98
FOODS_2_058,CA_3,11609,4.97
FOODS_2_079,CA_3,11609,3.94
FOODS_2_091,CA_3,11609,2.5
FOODS_2_103,CA_3,11609,6.98
FOODS_2_099,CA_3,11609,2.0
FOODS_2_095,CA_3,11609,4.42
FOODS_2_097,CA_3,11609,6.98
FOODS_2_124,CA_3,11609,2.98
FOODS_2_123,CA_3,11609,2.97
FOODS_2_125,CA_3,11609,2.67
FOODS_2_134,CA_3,11609,2.98
FOODS_2_136,CA_3,11609,2.87
FOODS_2_143,CA_3,11609,4.33
FOODS_2_146,CA_3,11609,2.0
FOODS_2_148,CA_3,11609,2.5
FOODS_2_151,CA_3,11609,2.0
FOODS_2_167,CA_3,11609,2.5
FOODS_2_165,CA_3,11609,3.78
FOODS_2_168,CA_3,11609,3.98
FOODS_2_185,CA_3,11609,2.0
FOODS_2_194,CA_3,11609,6.72
FOODS_2_198,CA_3,11609,8.98
FOODS_2_204,CA_3,11609,1.0
FOODS_2_212,CA_3,11609,4.88
FOODS_2_206,CA_3,11609,9.98
FOODS_2_213,CA_3,11609,3.78
FOODS_2_209,CA_3,11609,5.97
FOODS_2_224,CA_3,11609,5.98
FOODS_2_238,CA_3,11609,1.58
FOODS_2_239,CA_3,11609,13.98
FOODS_2_242,CA_3,11609,2.5
FOODS_2_254,CA_3,11609,5.92
FOODS_2_252,CA_3,11609,3.78
FOODS_2_275,CA_3,11609,2.48
FOODS_2_276,CA_3,11609,3.42
FOODS_2_278,CA_3,11609,2.5
FOODS_2_271,CA_3,11609,10.98
FOODS_2_314,CA_3,11609,4.97
FOODS_2_306,CA_3,11609,3.98
FOODS_2_312,CA_3,11609,4.98
FOODS_2_316,CA_3,11609,9.98
FOODS_2_324,CA_3,11609,2.5
FOODS_2_334,CA_3,11609,9.98
FOODS_2_340,CA_3,11609,2.98
FOODS_2_344,CA_3,11609,2.5
FOODS_2_341,CA_3,11609,2.0
FOODS_2_357,CA_3,11609,2.0
FOODS_2_360,CA_3,11609,0.94
FOODS_2_374,CA_3,11609,2.0
FOODS_2_373,CA_3,11609,5.98
FOODS_2_372,CA_3,11609,8.98
FOODS_2_375,CA_3,11609,4.98
FOODS_2_382,CA_3,11609,3.88
FOODS_3_007,CA_3,11609,0.25
FOODS_3_008,CA_3,11609,0.5
FOODS_3_004,CA_3,11609,5.98
FOODS_3_027,CA_3,11609,2.0
FOODS_3_041,CA_3,11609,2.98
FOODS_3_040,CA_3,11609,2.56
FOODS_3_049,CA_3,11609,4.74
FOODS_3_056,CA_3,11609,1.74
FOODS_3_057,CA_3,11609,2.98
FOODS_3_055,CA_3,11609,2.98
FOODS_3_053,CA_3,11609,3.98
FOODS_3_060,CA_3,11609,2.98
FOODS_3_062,CA_3,11609,2.94
FOODS_3_068,CA_3,11609,1.98
FOODS_3_077,CA_3,11609,2.88
FOODS_3_093,CA_3,11609,1.98
FOODS_3_104,CA_3,11609,2.98
FOODS_3_122,CA_3,11609,2.5
FOODS_3_128,CA_3,11609,2.5
HOUSEHOLD_1_523,TX_1,11609,20.53
HOUSEHOLD_1_532,TX_1,11609,2.48
HOUSEHOLD_1_526,TX_1,11609,4.94
HOUSEHOLD_2_002,TX_1,11609,2.67
HOUSEHOLD_1_535,TX_1,11609,6.97
HOUSEHOLD_1_541,TX_1,11609,6.97
HOUSEHOLD_2_008,TX_1,11609,2.46
HOUSEHOLD_2_006,TX_1,11609,3.44
HOUSEHOLD_2_011,TX_1,11609,5.62
HOUSEHOLD_2_034,TX_1,11609,11.78
HOUSEHOLD_2_031,TX_1,11609,5.94
HOUSEHOLD_2_037,TX_1,11609,11.84
HOUSEHOLD_2_045,TX_1,11609,8.64
HOUSEHOLD_2_044,TX_1,11609,3.48
HOUSEHOLD_2_047,TX_1,11609,3.67
HOUSEHOLD_2_048,TX_1,11609,3.94
HOUSEHOLD_2_064,TX_1,11609,3.87
HOUSEHOLD_2_088,TX_1,11609,6.97
HOUSEHOLD_2_086,TX_1,11609,3.97
HOUSEHOLD_2_092,TX_1,11609,5.94
HOUSEHOLD_2_093,TX_1,11609,3.24
HOUSEHOLD_2_113,TX_1,11609,1.88
HOUSEHOLD_2_111,TX_1,11609,6.44
HOUSEHOLD_2_118,TX_1,11609,3.42
HOUSEHOLD_2_128,TX_1,11609,5.94
HOUSEHOLD_2_134,TX_1,11609,5.94
HOUSEHOLD_2_131,TX_1,11609,11.97
HOUSEHOLD_2_129,TX_1,11609,5.73
HOUSEHOLD_2_142,TX_1,11609,1.97
HOUSEHOLD_2_146,TX_1,11609,6.47
HOUSEHOLD_2_168,TX_1,11609,6.94
HOUSEHOLD_2_167,TX_1,11609,2.88
HOUSEHOLD_2_169,TX_1,11609,5.84
HOUSEHOLD_2_191,TX_1,11609,5.44
HOUSEHOLD_2_193,TX_1,11609,4.94
HOUSEHOLD_2_197,TX_1,11609,3.97
HOUSEHOLD_2_201,TX_1,11609,6.54
HOUSEHOLD_2_205,TX_1,11609,5.84
HOUSEHOLD_2_221,TX_1,11609,2.77
HOUSEHOLD_2_234,TX_1,11609,5.73
HOUSEHOLD_2_247,TX_1,11609,3.97
HOUSEHOLD_2_255,TX_1,11609,9.97
HOUSEHOLD_2_268,TX_1,11609,5.47
HOUSEHOLD_2_272,TX_1,11609,5.47
HOUSEHOLD_2_282,TX_1,11609,5.84
HOUSEHOLD_2_286,TX_1,11609,2.14
HOUSEHOLD_2_290,TX_1,11609,6.24
HOUSEHOLD_2_307,TX_1,11609,5.98
HOUSEHOLD_2_319,TX_1,11609,1.98
HOUSEHOLD_2_331,TX_1,11609,3.97
HOUSEHOLD_2_340,TX_1,11609,4.98
HOUSEHOLD_2_335,TX_1,11609,6.24
HOUSEHOLD_2_344,TX_1,11609,5.74
HOUSEHOLD_2_355,TX_1,11609,11.67
HOUSEHOLD_2_366,TX_1,11609,4.17
HOUSEHOLD_2_367,TX_1,11609,7.47
HOUSEHOLD_2_371,TX_1,11609,0.78
HOUSEHOLD_2_377,TX_1,11609,4.97
HOUSEHOLD_2_382,TX_1,11609,3.48
HOUSEHOLD_2_385,TX_1,11609,7.47
HOUSEHOLD_2_398,TX_1,11609,7.97
HOUSEHOLD_2_400,TX_1,11609,3.88
HOUSEHOLD_2_421,TX_1,11609,4.97
HOUSEHOLD_2_412,TX_1,11609,5.94
HOUSEHOLD_2_424,TX_1,11609,2.88
HOUSEHOLD_2_431,TX_1,11609,9.47
HOUSEHOLD_2_435,TX_1,11609,5.97
HOUSEHOLD_2_432,TX_1,11609,5.47
HOUSEHOLD_2_443,TX_1,11609,4.66
HOUSEHOLD_2_439,TX_1,11609,5.84
HOUSEHOLD_2_453,TX_1,11609,6.47
HOUSEHOLD_2_470,TX_1,11609,0.88
HOUSEHOLD_2_463,TX_1,11609,5.47
HOUSEHOLD_2_486,TX_1,11609,5.97
HOUSEHOLD_2_482,TX_1,11609,5.73
HOUSEHOLD_2_488,TX_1,11609,4.97
HOUSEHOLD_2_495,TX_1,11609,5.84
HOUSEHOLD_2_487,TX_1,11609,9.98
HOUSEHOLD_2_502,TX_1,11609,8.86
HOUSEHOLD_2_513,TX_1,11609,2.78
HOUSEHOLD_2_515,TX_1,11609,1.97
FOODS_1_026,TX_1,11609,6.98
FOODS_1_046,TX_1,11609,0.94
FOODS_1_047,TX_1,11609,3.54
FOODS_1_055,TX_1,11609,4.38
FOODS_1_061,TX_1,11609,2.24
FOODS_1_067,TX_1,11609,2.0
FOODS_1_068,TX_1,11609,3.58
FOODS_1_077,TX_1,11609,3.28
FOODS_1_079,TX_1,11609,4.91
FOODS_1_097,TX_1,11609,0.98
FOODS_1_099,TX_1,11609,0.94
FOODS_1_122,TX_1,11609,1.98
FOODS_1_135,TX_1,11609,2.68
FOODS_1_136,TX_1,11609,4.86
FOODS_1_138,TX_1,11609,2.68
FOODS_1_140,TX_1,11609,6.98
FOODS_1_139,TX_1,11609,0.98
FOODS_1_142,TX_1,11609,1.5
FOODS_1_146,TX_1,11609,2.24
FOODS_1_143,TX_1,11609,2.0
FOODS_1_177,TX_1,11609,8.98
FOODS_1_187,TX_1,11609,9.94
FOODS_1_211,TX_1,11609,6.19
FOODS_2_011,TX_1,11609,2.5
FOODS_2_008,TX_1,11609,2.5
FOODS_2_024,TX_1,11609,2.47
FOODS_2_044,TX_1,11609,2.5
FOODS_2_049,TX_1,11609,2.22
FOODS_2_054,TX_1,11609,2.97
FOODS_2_067,TX_1,11609,2.18
FOODS_2_069,TX_1,11609,8.98
FOODS_2_074,TX_1,11609,2.47
FOODS_2_081,TX_1,11609,2.28
FOODS_2_083,TX_1,11609,6.72
FOODS_2_090,TX_1,11609,8.96
FOODS_2_111,TX_1,11609,5.92
FOODS_2_109,TX_1,11609,2.68
FOODS_2_106,TX_1,11609,5.44
FOODS_2_119,TX_1,11609,2.22
FOODS_2_115,TX_1,11609,8.74
FOODS_2_130,TX_1,11609,1.58
FOODS_2_145,TX_1,11609,2.38
FOODS_2_174,TX_1,11609,2.82
FOODS_2_169,TX_1,11609,5.97
FOODS_2_175,TX_1,11609,2.0
FOODS_2_183,TX_1,11609,8.98
FOODS_2_196,TX_1,11609,3.94
FOODS_2_214,TX_1,11609,2.5
FOODS_2_230,TX_1,11609,2.18
FOODS_2_233,TX_1,11609,4.0
FOODS_2_234,TX_1,11609,2.5
FOODS_2_249,TX_1,11609,2.83
FOODS_2_270,TX_1,11609,2.98
FOODS_2_289,TX_1,11609,2.47
FOODS_2_291,TX_1,11609,6.98
FOODS_2_296,TX_1,11609,3.44
FOODS_2_299,TX_1,11609,1.78
FOODS_2_307,TX_1,11609,2.47
FOODS_2_318,TX_1,11609,4.97
FOODS_2_330,TX_1,11609,3.76
FOODS_2_338,TX_1,11609,2.97
FOODS_2_347,TX_1,11609,1.78
FOODS_2_346,TX_1,11609,2.38
FOODS_2_351,TX_1,11609,2.98
FOODS_2_359,TX_1,11609,1.78
FOODS_2_363,TX_1,11609,2.5
FOODS_2_362,TX_1,11609,6.98
FOODS_2_369,TX_1,11609,4.87
HOUSEHOLD_1_289,TX_3,11609,4.96
HOUSEHOLD_1_288,TX_3,11609,7.93
HOUSEHOLD_1_297,TX_3,11609,7.94
HOUSEHOLD_1_309,TX_3,11609,6.88
HOUSEHOLD_1_330,TX_3,11609,2.42
HOUSEHOLD_1_339,TX_3,11609,0.96
HOUSEHOLD_1_350,TX_3,11609,2.74
HOUSEHOLD_1_365,TX_3,11609,3.96
HOUSEHOLD_1_377,TX_3,11609,8.96
HOUSEHOLD_1_399,TX_3,11609,0.97
HOUSEHOLD_1_407,TX_3,11609,5.24
HOUSEHOLD_1_405,TX_3,11609,2.98
HOUSEHOLD_1_408,TX_3,11609,5.48
HOUSEHOLD_1_409,TX_3,11609,2.94
HOUSEHOLD_1_416,TX_3,11609,3.47
HOUSEHOLD_1_425,TX_3,11609,1.97
HOUSEHOLD_1_424,TX_3,11609,2.97
HOUSEHOLD_1_423,TX_3,11609,2.96
HOUSEHOLD_1_428,TX_3,11609,7.97
HOUSEHOLD_1_439,TX_3,11609,0.94
HOUSEHOLD_1_442,TX_3,11609,8.97
HOUSEHOLD_1_446,TX_3,11609,3.93
HOUSEHOLD_1_447,TX_3,11609,0.96
HOUSEHOLD_1_449,TX_3,11609,15.72
HOUSEHOLD_1_448,TX_3,11609,0.96
HOUSEHOLD_1_444,TX_3,11609,4.88
HOUSEHOLD_1_454,TX_3,11609,2.97
HOUSEHOLD_1_466,TX_3,11609,3.96
HOUSEHOLD_1_467,TX_3,11609,11.98
HOUSEHOLD_1_490,TX_3,11609,12.82
HOUSEHOLD_1_497,TX_3,11609,15.72
HOUSEHOLD_1_507,TX_3,11609,1.77
HOUSEHOLD_1_504,TX_3,11609,3.38
HOUSEHOLD_1_509,TX_3,11609,3.17
HOUSEHOLD_1_513,TX_3,11609,9.97
HOUSEHOLD_1_522,TX_3,11609,1.73
HOUSEHOLD_1_524,TX_3,11609,3.97
HOUSEHOLD_1_531,TX_3,11609,7.93
HOUSEHOLD_1_538,TX_3,11609,3.48
HOUSEHOLD_2_003,TX_3,11609,8.94
HOUSEHOLD_2_005,TX_3,11609,5.47
HOUSEHOLD_2_015,TX_3,11609,4.44
HOUSEHOLD_2_013,TX_3,11609,5.94
HOUSEHOLD_2_021,TX_3,11609,4.47
HOUSEHOLD_2_024,TX_3,11609,2.22
HOUSEHOLD_2_017,TX_3,11609,3.72
HOUSEHOLD_2_035,TX_3,11609,5.94
HOUSEHOLD_2_053,TX_3,11609,1.97
HOUSEHOLD_2_061,TX_3,11609,2.97
HOUSEHOLD_2_069,TX_3,11609,10.83
HOUSEHOLD_2_079,TX_3,11609,4.47
HOUSEHOLD_2_103,TX_3,11609,1.97
HOUSEHOLD_2_110,TX_3,11609,3.17
HOUSEHOLD_2_116,TX_3,11609,5.64
HOUSEHOLD_2_120,TX_3,11609,7.94
HOUSEHOLD_2_136,TX_3,11609,4.87
HOUSEHOLD_2_153,TX_3,11609,9.94
HOUSEHOLD_2_163,TX_3,11609,7.98
HOUSEHOLD_2_160,TX_3,11609,3.93
HOUSEHOLD_2_165,TX_3,11609,5.84
HOUSEHOLD_2_161,TX_3,11609,10.97
HOUSEHOLD_2_174,TX_3,11609,3.97
HOUSEHOLD_2_176,TX_3,11609,4.97
HOUSEHOLD_2_177,TX_3,11609,2.98
HOUSEHOLD_2_180,TX_3,11609,2.84
HOUSEHOLD_2_192,TX_3,11609,1.97
HOUSEHOLD_2_199,TX_3,11609,3.93
HOUSEHOLD_2_239,TX_3,11609,1.24
HOUSEHOLD_2_244,TX_3,11609,3.97
HOUSEHOLD_2_252,TX_3,11609,6.97
HOUSEHOLD_2_254,TX_3,11609,4.44
HOUSEHOLD_2_257,TX_3,11609,5.73
HOUSEHOLD_2_256,TX_3,11609,5.94
HOUSEHOLD_2_262,TX_3,11609,4.97
HOUSEHOLD_2_278,TX_3,11609,10.98
HOUSEHOLD_2_271,TX_3,11609,4.78
HOUSEHOLD_2_281,TX_3,11609,5.27
HOUSEHOLD_2_289,TX_3,11609,5.74
HOUSEHOLD_2_306,TX_3,11609,3.96
HOUSEHOLD_2_312,TX_3,11609,3.97
HOUSEHOLD_2_316,TX_3,11609,7.24
HOUSEHOLD_2_321,TX_3,11609,5.24
HOUSEHOLD_2_317,TX_3,11609,4.44
HOUSEHOLD_2_329,TX_3,11609,2.72
HOUSEHOLD_2_361,TX_3,11609,6.94
HOUSEHOLD_2_374,TX_3,11609,2.98
HOUSEHOLD_2_376,TX_3,11609,3.82
HOUSEHOLD_2_391,TX_3,11609,12.94
HOUSEHOLD_2_406,TX_3,11609,12.46
HOUSEHOLD_2_405,TX_3,11609,5.64
HOUSEHOLD_2_415,TX_3,11609,2.46
HOUSEHOLD_2_419,TX_3,11609,5.47
HOUSEHOLD_2_441,TX_3,11609,4.94
HOUSEHOLD_2_451,TX_3,11609,3.42
HOUSEHOLD_2_455,TX_3,11609,7.74
HOUSEHOLD_2_459,TX_3,11609,19.54
HOUSEHOLD_2_462,TX_3,11609,7.97
HOUSEHOLD_2_466,TX_3,11609,6.46
HOUSEHOLD_2_479,TX_3,11609,5.94
HOUSEHOLD_2_491,TX_3,11609,6.96
HOUSEHOLD_2_493,TX_3,11609,1.94
HOUSEHOLD_2_499,TX_3,11609,1.97
HOUSEHOLD_2_512,TX_3,11609,3.97
HOUSEHOLD_2_506,TX_3,11609,6.97
FOODS_1_004,TX_3,11609,1.96
FOODS_1_013,TX_3,11609,1.5
FOODS_1_035,TX_3,11609,2.68
FOODS_1_057,TX_3,11609,2.24
FOODS_1_056,TX_3,11609,2.24
FOODS_1_069,TX_3,11609,2.68
FOODS_1_088,TX_3,11609,5.28
FOODS_1_091,TX_3,11609,2.24
FOODS_1_119,TX_3,11609,3.54
FOODS_1_123,TX_3,11609,3.54
FOODS_1_117,TX_3,11609,2.24
FOODS_1_118,TX_3,11609,0.98
FOODS_1_134,TX_3,11609,1.98
FOODS_1_145,TX_3,11609,0.98
FOODS_1_152,TX_3,11609,8.58
FOODS_1_167,TX_3,11609,4.86
FOODS_1_161,TX_3,11609,0.94
FOODS_1_164,TX_3,11609,6.27
FOODS_1_169,TX_3,11609,3.48
FOODS_1_171,TX_3,11609,5.37
FOODS_1_178,TX_3,11609,9.98
FOODS_1_186,TX_3,11609,5.98
FOODS_1_200,TX_3,11609,0.94
FOODS_1_218,TX_3,11609,0.94
FOODS_2_015,TX_3,11609,2.36
FOODS_2_032,TX_3,11609,2.18
FOODS_2_035,TX_3,11609,5.0
FOODS_2_036,TX_3,11609,3.5
FOODS_2_053,TX_3,11609,6.92
FOODS_2_061,TX_3,11609,2.0
FOODS_2_076,TX_3,11609,10.97
FOODS_2_072,TX_3,11609,2.5
FOODS_2_080,TX_3,11609,2.18
FOODS_2_085,TX_3,11609,3.25
FOODS_2_084,TX_3,11609,2.97
FOODS_2_102,TX_3,11609,10.97
FOODS_2_117,TX_3,11609,5.97
FOODS_2_120,TX_3,11609,2.64
FOODS_2_127,TX_3,11609,7.47
FOODS_2_129,TX_3,11609,9.42
HOBBIES_1_006,CA_1,11609,0.96
HOBBIES_1_013,CA_1,11609,1.97
HOBBIES_1_032,CA_1,11609,0.57
HOBBIES_1_034,CA_1,11609,4.86
HOBBIES_1_033,CA_1,11609,16.86
HOBBIES_1_039,CA_1,11609,5.88
HOBBIES_1_049,CA_1,11609,7.88
HOBBIES_1_058,CA_1,11609,8.82
HOBBIES_1_075,CA_1,11609,7.0
HOBBIES_1_077,CA_1,11609,9.46
HOBBIES_1_090,CA_1,11609,1.08
HOBBIES_1_102,CA_1,11609,4.98
HOBBIES_1_117,CA_1,11609,12.68
HOBBIES_1_124,CA_1,11609,5.98
HOBBIES_1_122,CA_1,11609,1.77
HOBBIES_1_134,CA_1,11609,3.87
HOBBIES_1_131,CA_1,11609,0.68
HOBBIES_1_144,CA_1,11609,11.28
HOBBIES_1_145,CA_1,11609,1.28
HOBBIES_1_148,CA_1,11609,4.88
HOBBIES_1_152,CA_1,11609,4.86
HOBBIES_1_165,CA_1,11609,4.97
HOBBIES_1_178,CA_1,11609,0.48
HOBBIES_1_181,CA_1,11609,1.97
HOBBIES_1_185,CA_1,11609,3.24
HOBBIES_1_209,CA_1,11609,0.7
HOBBIES_1_210,CA_1,11609,5.47
HOBBIES_1_218,CA_1,11609,10.58
HOBBIES_1_219,CA_1,11609,1.74
HOBBIES_1_237,CA_1,11609,7.98
HOBBIES_1_232,CA_1,11609,0.48
HOBBIES_1_268,CA_1,11609,0.48
HOBBIES_1_275,CA_1,11609,12.88
HOBBIES_1_283,CA_1,11609,10.98
HOBBIES_1_290,CA_1,11609,5.77
HOBBIES_1_326,CA_1,11609,1.97
HOBBIES_1_337,CA_1,11609,3.67
HOBBIES_1_349,CA_1,11609,9.98
HOBBIES_1_346,CA_1,11609,3.97
HOBBIES_1_344,CA_1,11609,11.78
HOBBIES_1_356,CA_1,11609,5.76
HOBBIES_1_363,CA_1,11609,2.88
HOBBIES_1_369,CA_1,11609,1.08
HOBBIES_1_377,CA_1,11609,9.98
HOBBIES_1_375,CA_1,11609,9.88
HOBBIES_1_388,CA_1,11609,2.88
HOBBIES_1_385,CA_1,11609,9.97
HOBBIES_1_393,CA_1,11609,28.96
HOBBIES_1_410,CA_1,11609,28.96
HOBBIES_1_422,CA_1,11609,3.62
HOBBIES_2_005,CA_1,11609,4.47
HOBBIES_2_016,CA_1,11609,4.97
HOBBIES_2_017,CA_1,11609,0.5
HOBBIES_2_026,CA_1,11609,0.23
HOBBIES_2_033,CA_1,11609,2.88
HOBBIES_2_039,CA_1,11609,4.97
HOBBIES_2_042,CA_1,11609,0.74
HOBBIES_2_054,CA_1,11609,3.97
HOBBIES_2_058,CA_1,11609,0.5
HOBBIES_2_080,CA_1,11609,3.97
HOBBIES_2_083,CA_1,11609,2.88
HOBBIES_2_089,CA_1,11609,2.97
HOBBIES_2_092,CA_1,11609,4.97
HOBBIES_2_091,CA_1,11609,0.97
HOBBIES_2_115,CA_1,11609,2.47
HOBBIES_2_122,CA_1,11609,0.88
HOUSEHOLD_1_010,CA_1,11609,3.17
HOUSEHOLD_1_021,CA_1,11609,1.94
HOUSEHOLD_1_024,CA_1,11609,1.47
HOUSEHOLD_1_042,CA_1,11609,9.97
HOUSEHOLD_1_046,CA_1,11609,3.78
HOUSEHOLD_1_047,CA_1,11609,4.23
HOUSEHOLD_1_065,CA_1,11609,0.98
HOUSEHOLD_1_081,CA_1,11609,7.98
HOUSEHOLD_1_096,CA_1,11609,3.97
HOUSEHOLD_1_098,CA_1,11609,7.98
HOUSEHOLD_1_125,CA_1,11609,5.72
HOUSEHOLD_1_127,CA_1,11609,7.98
HOUSEHOLD_1_130,CA_1,11609,6.42
HOUSEHOLD_1_138,CA_1,11609,4.94
HOUSEHOLD_1_142,CA_1,11609,6.27
HOUSEHOLD_1_150,CA_1,11609,12.48
HOUSEHOLD_1_152,CA_1,11609,9.98
HOUSEHOLD_1_154,CA_1,11609,2.96
HOUSEHOLD_1_162,CA_1,11609,5.97
HOUSEHOLD_1_157,CA_1,11609,4.47
HOUSEHOLD_1_172,CA_1,11609,1.96
HOUSEHOLD_1_180,CA_1,11609,2.88
HOUSEHOLD_1_204,CA_1,11609,1.88
HOUSEHOLD_1_201,CA_1,11609,4.84
HOUSEHOLD_1_214,CA_1,11609,1.87
HOUSEHOLD_1_224,CA_1,11609,7.97
HOUSEHOLD_1_223,CA_1,11609,9.47
HOUSEHOLD_1_220,CA_1,11609,1.83
HOUSEHOLD_1_229,CA_1,11609,2.96
HOUSEHOLD_1_243,CA_1,11609,1.97
HOUSEHOLD_1_239,CA_1,11609,3.97
HOUSEHOLD_1_258,CA_1,11609,2.97
HOUSEHOLD_1_263,CA_1,11609,7.42
HOUSEHOLD_1_271,CA_1,11609,2.98
HOUSEHOLD_1_289,CA_1,11609,5.22
HOUSEHOLD_1_288,CA_1,11609,7.93
HOUSEHOLD_1_297,CA_1,11609,7.94
HOUSEHOLD_1_309,CA_1,11609,6.88
HOUSEHOLD_1_330,CA_1,11609,2.42
HOUSEHOLD_1_339,CA_1,11609,0.97
HOUSEHOLD_1_350,CA_1,11609,2.74
HOUSEHOLD_1_365,CA_1,11609,4.17
HOUSEHOLD_1_377,CA_1,11609,8.96
HOUSEHOLD_1_399,CA_1,11609,0.97
HOUSEHOLD_1_408,CA_1,11609,5.48
HOUSEHOLD_1_407,CA_1,11609,5.24
HOUSEHOLD_1_409,CA_1,11609,2.94
HOUSEHOLD_1_405,CA_1,11609,2.98
HOUSEHOLD_1_416,CA_1,11609,3.88
HOUSEHOLD_1_425,CA_1,11609,1.97
HOUSEHOLD_1_428,CA_1,11609,7.97
HOUSEHOLD_1_424,CA_1,11609,2.97
HOUSEHOLD_1_423,CA_1,11609,2.96
HOUSEHOLD_1_439,CA_1,11609,0.98
HOUSEHOLD_1_446,CA_1,11609,3.93
HOUSEHOLD_1_447,CA_1,11609,0.97
HOUSEHOLD_1_449,CA_1,11609,15.72
HOUSEHOLD_1_448,CA_1,11609,0.97
HOUSEHOLD_1_442,CA_1,11609,8.97
HOUSEHOLD_1_444,CA_1,11609,4.88
HOUSEHOLD_1_454,CA_1,11609,2.97
HOUSEHOLD_1_466,CA_1,11609,3.96
HOUSEHOLD_1_467,CA_1,11609,11.98
HOUSEHOLD_1_490,CA_1,11609,12.97
HOUSEHOLD_1_497,CA_1,11609,15.72
HOUSEHOLD_1_507,CA_1,11609,1.77
HOUSEHOLD_1_504,CA_1,11609,3.38
HOUSEHOLD_1_513,CA_1,11609,9.97
HOUSEHOLD_1_509,CA_1,11609,3.17
HOUSEHOLD_1_522,CA_1,11609,1.73
HOUSEHOLD_1_524,CA_1,11609,3.97
HOUSEHOLD_1_531,CA_1,11609,7.93
HOUSEHOLD_2_003,CA_1,11609,8.94
HOUSEHOLD_1_538,CA_1,11609,3.48
HOUSEHOLD_2_005,CA_1,11609,5.47
HOUSEHOLD_2_013,CA_1,11609,5.94
HOUSEHOLD_2_015,CA_1,11609,4.44
HOUSEHOLD_2_021,CA_1,11609,4.47
HOUSEHOLD_2_017,CA_1,11609,3.72
HOUSEHOLD_2_024,CA_1,11609,2.22
HOUSEHOLD_2_035,CA_1,11609,5.94
FOODS_2_385,TX_1,11609,2.28
FOODS_2_387,TX_1,11609,12.97
FOODS_2_391,TX_1,11609,2.0
FOODS_3_001,TX_1,11609,2.5
FOODS_3_009,TX_1,11609,2.28
FOODS_3_016,TX_1,11609,2.98
FOODS_3_020,TX_1,11609,0.94
FOODS_3_026,TX_1,11609,1.98
FOODS_3_021,TX_1,11609,2.48
FOODS_3_024,TX_1,11609,1.0
FOODS_3_029,TX_1,11609,1.5
FOODS_3_048,TX_1,11609,1.5
FOODS_3_075,TX_1,11609,2.88
FOODS_3_079,TX_1,11609,5.98
FOODS_3_081,TX_1,11609,4.74
FOODS_3_089,TX_1,11609,1.0
FOODS_3_087,TX_1,11609,2.56
FOODS_3_100,TX_1,11609,3.98
FOODS_3_103,TX_1,11609,3.28
FOODS_3_105,TX_1,11609,2.88
FOODS_3_106,TX_1,11609,1.0
FOODS_3_127,TX_1,11609,3.78
FOODS_3_130,TX_1,11609,2.68
FOODS_3_151,TX_1,11609,2.5
FOODS_3_154,TX_1,11609,2.98
FOODS_3_160,TX_1,11609,2.18
FOODS_3_158,TX_1,11609,6.24
FOODS_3_172,TX_1,11609,1.78
FOODS_3_184,TX_1,11609,3.43
FOODS_3_192,TX_1,11609,5.48
FOODS_3_202,TX_1,11609,4.48
FOODS_3_210,TX_1,11609,2.18
FOODS_3_224,TX_1,11609,3.98
FOODS_3_225,TX_1,11609,1.98
FOODS_3_220,TX_1,11609,2.98
FOODS_3_264,TX_1,11609,3.98
FOODS_3_265,TX_1,11609,3.98
FOODS_3_268,TX_1,11609,2.18
FOODS_3_270,TX_1,11609,2.98
FOODS_3_280,TX_1,11609,4.18
FOODS_3_285,TX_1,11609,1.25
FOODS_3_287,TX_1,11609,7.48
FOODS_3_299,TX_1,11609,1.5
FOODS_3_311,TX_1,11609,2.98
FOODS_3_327,TX_1,11609,3.28
FOODS_3_352,TX_1,11609,3.64
FOODS_3_353,TX_1,11609,8.98
FOODS_3_363,TX_1,11609,2.77
FOODS_3_359,TX_1,11609,2.78
FOODS_3_390,TX_1,11609,1.78
FOODS_3_402,TX_1,11609,6.48
FOODS_3_411,TX_1,11609,2.98
FOODS_3_424,TX_1,11609,2.5
FOODS_3_423,TX_1,11609,2.98
FOODS_3_435,TX_1,11609,1.48
FOODS_3_437,TX_1,11609,1.0
FOODS_3_446,TX_1,11609,1.18
FOODS_3_440,TX_1,11609,5.22
FOODS_3_450,TX_1,11609,3.0
FOODS_3_452,TX_1,11609,4.98
FOODS_3_449,TX_1,11609,1.98
FOODS_3_451,TX_1,11609,1.48
FOODS_3_456,TX_1,11609,3.98
FOODS_3_462,TX_1,11609,1.0
FOODS_3_464,TX_1,11609,3.48
FOODS_3_483,TX_1,11609,2.98
FOODS_3_494,TX_1,11609,2.98
FOODS_3_510,TX_1,11609,2.0
FOODS_3_538,TX_1,11609,1.38
FOODS_3_545,TX_1,11609,1.0
FOODS_3_547,TX_1,11609,0.25
FOODS_3_556,TX_1,11609,2.56
FOODS_3_554,TX_1,11609,3.48
FOODS_3_549,TX_1,11609,2.18
FOODS_3_574,TX_1,11609,5.98
FOODS_3_580,TX_1,11609,0.25
FOODS_3_593,TX_1,11609,6.98
FOODS_3_610,TX_1,11609,1.98
FOODS_3_606,TX_1,11609,2.88
FOODS_3_614,TX_1,11609,0.94
FOODS_3_624,TX_1,11609,2.48
FOODS_3_634,TX_1,11609,3.98
FOODS_3_637,TX_1,11609,2.98
FOODS_3_638,TX_1,11609,1.5
FOODS_3_647,TX_1,11609,1.28
FOODS_3_649,TX_1,11609,6.44
FOODS_3_668,TX_1,11609,1.68
FOODS_3_670,TX_1,11609,1.98
FOODS_3_673,TX_1,11609,5.98
FOODS_3_684,TX_1,11609,1.88
FOODS_3_695,TX_1,11609,3.98
FOODS_3_709,TX_1,11609,2.42
FOODS_3_714,TX_1,11609,1.58
FOODS_3_717,TX_1,11609,1.98
FOODS_3_715,TX_1,11609,3.98
FOODS_3_719,TX_1,11609,2.5
FOODS_3_720,TX_1,11609,4.54
FOODS_3_738,TX_1,11609,1.5
FOODS_3_743,TX_1,11609,2.98
FOODS_3_754,TX_1,11609,6.24
FOODS_3_762,TX_1,11609,3.27
FOODS_3_763,TX_1,11609,3.48
FOODS_3_759,TX_1,11609,2.98
FOODS_3_782,TX_1,11609,2.68
FOODS_3_780,TX_1,11609,2.98
FOODS_3_792,TX_1,11609,1.0
FOODS_3_801,TX_1,11609,1.0
HOBBIES_1_004,TX_2,11609,4.64
HOBBIES_1_018,TX_2,11609,11.88
HOBBIES_1_027,TX_2,11609,19.98
HOBBIES_1_031,TX_2,11609,10.98
HOBBIES_1_048,TX_2,11609,0.48
HOBBIES_1_051,TX_2,11609,5.98
HOBBIES_1_065,TX_2,11609,4.88
HOBBIES_1_062,TX_2,11609,0.97
HOBBIES_1_088,TX_2,11609,2.57
HOBBIES_1_100,TX_2,11609,11.28
HOBBIES_1_103,TX_2,11609,0.7
HOBBIES_1_106,TX_2,11609,2.57
HOBBIES_1_104,TX_2,11609,23.98
HOBBIES_1_112,TX_2,11609,2.72
HOBBIES_1_119,TX_2,11609,1.63
HOBBIES_1_123,TX_2,11609,7.98
HOBBIES_1_138,TX_2,11609,5.88
HOBBIES_1_141,TX_2,11609,13.98
HOBBIES_1_149,TX_2,11609,1.56
HOBBIES_1_156,TX_2,11609,1.63
HOBBIES_1_159,TX_2,11609,3.24
HOBBIES_1_160,TX_2,11609,18.46
HOBBIES_1_168,TX_2,11609,4.83
HOBBIES_1_189,TX_2,11609,0.48
HOBBIES_1_201,TX_2,11609,4.98
HOBBIES_1_205,TX_2,11609,5.88
HOBBIES_1_233,TX_2,11609,0.7
HOBBIES_1_225,TX_2,11609,26.98
HOBBIES_1_235,TX_2,11609,12.98
HOBBIES_1_240,TX_2,11609,2.73
HOBBIES_1_241,TX_2,11609,19.94
HOBBIES_1_249,TX_2,11609,4.88
HOBBIES_1_247,TX_2,11609,16.88
HOBBIES_1_274,TX_2,11609,9.88
HOBBIES_1_269,TX_2,11609,11.73
HOBBIES_1_296,TX_2,11609,7.38
HOBBIES_1_298,TX_2,11609,3.94
HOBBIES_1_300,TX_2,11609,8.98
HOBBIES_1_301,TX_2,11609,6.24
HOBBIES_1_304,TX_2,11609,3.98
HOBBIES_1_311,TX_2,11609,17.98
HOBBIES_1_315,TX_2,11609,4.97
HOBBIES_1_328,TX_2,11609,6.72
HOBBIES_1_334,TX_2,11609,5.98
HOBBIES_1_348,TX_2,11609,0.48
HOBBIES_1_351,TX_2,11609,5.76
HOBBIES_1_353,TX_2,11609,1.08
HOBBIES_1_357,TX_2,11609,12.98
HOBBIES_1_360,TX_2,11609,14.94
HOBBIES_1_364,TX_2,11609,12.78
HOBBIES_1_362,TX_2,11609,9.46
HOBBIES_1_387,TX_2,11609,1.08
FOODS_3_405,WI_1,11609,3.56
FOODS_3_406,WI_1,11609,0.8
FOODS_3_403,WI_1,11609,1.45
FOODS_3_432,WI_1,11609,3.98
FOODS_3_428,WI_1,11609,1.98
FOODS_3_443,WI_1,11609,2.5
FOODS_3_468,WI_1,11609,1.18
FOODS_3_470,WI_1,11609,1.74
FOODS_3_475,WI_1,11609,1.0
FOODS_3_466,WI_1,11609,3.78
FOODS_3_476,WI_1,11609,5.98
FOODS_3_481,WI_1,11609,3.88
FOODS_3_487,WI_1,11609,1.68
FOODS_3_492,WI_1,11609,2.98
FOODS_3_520,WI_1,11609,3.98
FOODS_3_515,WI_1,11609,2.88
FOODS_3_530,WI_1,11609,1.68
FOODS_3_537,WI_1,11609,3.98
FOODS_3_542,WI_1,11609,2.56
FOODS_3_550,WI_1,11609,2.98
FOODS_3_555,WI_1,11609,1.68
FOODS_3_560,WI_1,11609,2.88
FOODS_3_553,WI_1,11609,2.56
FOODS_3_570,WI_1,11609,1.78
FOODS_3_581,WI_1,11609,3.48
FOODS_3_585,WI_1,11609,3.98
FOODS_3_582,WI_1,11609,1.98
FOODS_3_596,WI_1,11609,3.0
FOODS_3_598,WI_1,11609,1.98
FOODS_3_597,WI_1,11609,2.84
FOODS_3_602,WI_1,11609,2.68
FOODS_3_621,WI_1,11609,1.5
FOODS_3_639,WI_1,11609,1.98
FOODS_3_633,WI_1,11609,2.88
FOODS_3_651,WI_1,11609,5.22
FOODS_3_652,WI_1,11609,3.98
FOODS_3_653,WI_1,11609,3.64
FOODS_3_660,WI_1,11609,1.68
FOODS_3_662,WI_1,11609,2.5
FOODS_3_675,WI_1,11609,1.78
FOODS_3_688,WI_1,11609,1.88
FOODS_3_726,WI_1,11609,2.56
FOODS_3_733,WI_1,11609,1.98
FOODS_3_745,WI_1,11609,2.18
FOODS_3_735,WI_1,11609,2.0
FOODS_3_755,WI_1,11609,0.94
FOODS_3_750,WI_1,11609,2.68
FOODS_3_751,WI_1,11609,4.98
FOODS_3_773,WI_1,11609,4.98
FOODS_3_776,WI_1,11609,2.98
FOODS_3_777,WI_1,11609,2.98
FOODS_3_793,WI_1,11609,2.98
FOODS_3_788,WI_1,11609,3.48
FOODS_3_808,WI_1,11609,0.94
FOODS_3_821,WI_1,11609,4.98
FOODS_3_813,WI_1,11609,4.54
HOBBIES_1_008,WI_2,11609,0.48
HOBBIES_1_017,WI_2,11609,1.98
HOBBIES_1_015,WI_2,11609,0.7
HOBBIES_1_025,WI_2,11609,3.98
HOBBIES_1_030,WI_2,11609,0.7
HOBBIES_1_036,WI_2,11609,1.12
HOBBIES_1_047,WI_2,11609,1.77
HOBBIES_1_057,WI_2,11609,4.88
HOBBIES_1_053,WI_2,11609,3.97
HOBBIES_1_063,WI_2,11609,5.47
HOBBIES_1_060,WI_2,11609,29.96
HOBBIES_1_079,WI_2,11609,7.88
HOBBIES_1_080,WI_2,11609,0.57
HOBBIES_1_084,WI_2,11609,3.94
HOBBIES_1_078,WI_2,11609,12.78
HOBBIES_1_082,WI_2,11609,4.28
HOBBIES_1_081,WI_2,11609,14.72
HOBBIES_1_092,WI_2,11609,2.38
HOBBIES_1_087,WI_2,11609,12.88
HOBBIES_1_097,WI_2,11609,4.24
HOBBIES_1_105,WI_2,11609,6.68
HOBBIES_1_107,WI_2,11609,3.98
HOBBIES_1_116,WI_2,11609,6.47
HOBBIES_1_127,WI_2,11609,1.22
HOBBIES_1_128,WI_2,11609,8.77
HOBBIES_1_151,WI_2,11609,5.47
HOBBIES_1_172,WI_2,11609,2.98
HOBBIES_1_175,WI_2,11609,1.97
HOBBIES_1_184,WI_2,11609,12.68
HOBBIES_1_207,WI_2,11609,2.78
HOBBIES_1_216,WI_2,11609,1.77
HOBBIES_1_236,WI_2,11609,8.0
HOBBIES_1_231,WI_2,11609,6.87
HOBBIES_1_248,WI_2,11609,0.94
HOBBIES_1_252,WI_2,11609,0.64
HOBBIES_1_258,WI_2,11609,11.78
HOBBIES_1_264,WI_2,11609,4.47
HOBBIES_1_273,WI_2,11609,12.68
HOBBIES_1_277,WI_2,11609,1.77
HOBBIES_1_294,WI_2,11609,3.88
HOBBIES_1_306,WI_2,11609,13.98
HOBBIES_1_325,WI_2,11609,6.44
HOBBIES_1_338,WI_2,11609,8.98
HOBBIES_1_339,WI_2,11609,7.98
HOBBIES_1_358,WI_2,11609,2.74
HOBBIES_1_366,WI_2,11609,3.97
HOBBIES_1_370,WI_2,11609,0.48
HOBBIES_1_378,WI_2,11609,3.24
HOBBIES_1_371,WI_2,11609,0.48
HOBBIES_1_380,WI_2,11609,1.77
HOBBIES_1_381,WI_2,11609,0.7
HOBBIES_1_382,WI_2,11609,1.97
HOBBIES_1_390,WI_2,11609,11.73
HOBBIES_1_398,WI_2,11609,0.57
HOBBIES_1_401,WI_2,11609,1.97
HOBBIES_1_406,WI_2,11609,3.88
HOBBIES_1_412,WI_2,11609,1.98
HOBBIES_1_416,WI_2,11609,4.97
HOBBIES_2_001,WI_2,11609,5.47
HOBBIES_2_013,WI_2,11609,6.97
HOBBIES_2_044,WI_2,11609,4.47
HOBBIES_2_048,WI_2,11609,2.88
HOBBIES_2_053,WI_2,11609,4.97
HOBBIES_2_047,WI_2,11609,0.5
HOBBIES_2_055,WI_2,11609,2.5
HOBBIES_2_056,WI_2,11609,1.94
HOBBIES_2_068,WI_2,11609,1.97
HOBBIES_2_084,WI_2,11609,5.97
HOBBIES_2_096,WI_2,11609,2.77
HOBBIES_2_105,WI_2,11609,2.47
HOBBIES_2_102,WI_2,11609,5.97
HOBBIES_2_107,WI_2,11609,0.5
HOBBIES_2_112,WI_2,11609,2.47
HOBBIES_2_118,WI_2,11609,3.97
HOBBIES_2_128,WI_2,11609,4.97
HOBBIES_2_127,WI_2,11609,3.97
HOBBIES_2_134,WI_2,11609,4.97
HOBBIES_2_135,WI_2,11609,0.5
HOBBIES_2_138,WI_2,11609,0.97
HOUSEHOLD_1_002,WI_2,11609,5.97
HOUSEHOLD_1_013,WI_2,11609,4.94
HOUSEHOLD_1_019,WI_2,11609,0.97
HOUSEHOLD_1_020,WI_2,11609,6.97
HOUSEHOLD_1_027,WI_2,11609,5.97
HOUSEHOLD_1_037,WI_2,11609,4.23
HOUSEHOLD_1_066,WI_2,11609,2.96
HOUSEHOLD_1_073,WI_2,11609,8.88
HOUSEHOLD_1_082,WI_2,11609,3.48
HOUSEHOLD_1_080,WI_2,11609,10.47
HOUSEHOLD_1_087,WI_2,11609,4.47
HOUSEHOLD_1_091,WI_2,11609,6.88
HOUSEHOLD_1_085,WI_2,11609,16.67
HOUSEHOLD_1_090,WI_2,11609,2.96
HOUSEHOLD_1_099,WI_2,11609,2.37
HOUSEHOLD_1_102,WI_2,11609,17.97
HOUSEHOLD_1_128,WI_2,11609,2.67
HOUSEHOLD_1_124,WI_2,11609,3.98
HOUSEHOLD_1_136,WI_2,11609,3.97
HOUSEHOLD_1_137,WI_2,11609,12.98
HOUSEHOLD_1_145,WI_2,11609,2.24
HOUSEHOLD_1_144,WI_2,11609,2.97
HOUSEHOLD_1_143,WI_2,11609,1.97
HOUSEHOLD_1_153,WI_2,11609,1.97
HOUSEHOLD_1_164,WI_2,11609,2.97
HOUSEHOLD_1_163,WI_2,11609,9.98
HOUSEHOLD_1_192,WI_2,11609,3.62
HOUSEHOLD_1_188,WI_2,11609,3.98
HOUSEHOLD_1_208,WI_2,11609,0.93
HOUSEHOLD_1_215,WI_2,11609,2.24
HOUSEHOLD_1_228,WI_2,11609,9.47
HOBBIES_1_031,CA_3,11609,10.98
HOBBIES_1_048,CA_3,11609,0.48
HOBBIES_1_051,CA_3,11609,5.98
HOBBIES_1_065,CA_3,11609,4.88
HOBBIES_1_062,CA_3,11609,0.97
HOBBIES_1_088,CA_3,11609,2.57
HOBBIES_1_100,CA_3,11609,11.28
HOBBIES_1_103,CA_3,11609,0.7
HOBBIES_1_112,CA_3,11609,2.72
HOBBIES_1_106,CA_3,11609,2.57
HOBBIES_1_104,CA_3,11609,23.98
HOBBIES_1_119,CA_3,11609,1.77
HOBBIES_1_123,CA_3,11609,7.98
HOBBIES_1_141,CA_3,11609,13.98
HOBBIES_1_138,CA_3,11609,5.88
HOBBIES_1_149,CA_3,11609,1.56
HOBBIES_1_159,CA_3,11609,3.24
HOBBIES_1_156,CA_3,11609,1.77
HOBBIES_1_160,CA_3,11609,19.96
HOBBIES_1_168,CA_3,11609,4.83
HOBBIES_1_189,CA_3,11609,0.48
HOBBIES_1_201,CA_3,11609,5.98
HOBBIES_1_205,CA_3,11609,5.88
HOBBIES_1_225,CA_3,11609,29.96
HOBBIES_1_233,CA_3,11609,0.7
HOBBIES_1_235,CA_3,11609,12.98
HOBBIES_1_240,CA_3,11609,2.88
HOBBIES_1_241,CA_3,11609,19.94
HOBBIES_1_249,CA_3,11609,4.88
HOBBIES_1_247,CA_3,11609,16.88
HOBBIES_1_269,CA_3,11609,11.73
HOBBIES_1_274,CA_3,11609,9.88
HOBBIES_1_298,CA_3,11609,3.94
HOBBIES_1_296,CA_3,11609,7.38
HOBBIES_1_301,CA_3,11609,6.24
HOBBIES_1_304,CA_3,11609,3.98
HOBBIES_1_300,CA_3,11609,8.98
HOBBIES_1_311,CA_3,11609,17.98
HOBBIES_1_315,CA_3,11609,4.97
HOBBIES_1_328,CA_3,11609,6.72
HOBBIES_1_334,CA_3,11609,5.98
HOBBIES_1_348,CA_3,11609,0.48
HOBBIES_1_351,CA_3,11609,5.76
HOBBIES_1_357,CA_3,11609,14.48
HOBBIES_1_353,CA_3,11609,1.08
HOBBIES_1_364,CA_3,11609,12.78
HOBBIES_1_360,CA_3,11609,14.94
HOBBIES_1_362,CA_3,11609,9.46
HOBBIES_1_387,CA_3,11609,1.08
HOBBIES_1_399,CA_3,11609,1.97
HOBBIES_1_397,CA_3,11609,3.98
HOBBIES_1_419,CA_3,11609,5.98
HOBBIES_2_002,CA_3,11609,1.47
HOBBIES_2_009,CA_3,11609,5.97
HOBBIES_2_018,CA_3,11609,3.37
HOBBIES_2_012,CA_3,11609,1.97
HOBBIES_2_028,CA_3,11609,0.88
HOBBIES_2_029,CA_3,11609,2.88
HOBBIES_2_027,CA_3,11609,1.97
HOBBIES_2_025,CA_3,11609,0.5
HOBBIES_2_031,CA_3,11609,6.97
HOBBIES_2_024,CA_3,11609,4.77
HOBBIES_2_023,CA_3,11609,0.97
HOBBIES_2_037,CA_3,11609,0.97
HOBBIES_2_040,CA_3,11609,0.88
HOBBIES_2_057,CA_3,11609,1.97
HOBBIES_2_060,CA_3,11609,0.97
HOBBIES_2_066,CA_3,11609,4.97
HOBBIES_2_064,CA_3,11609,0.97
HOBBIES_2_073,CA_3,11609,0.5
HOBBIES_2_072,CA_3,11609,7.97
HOBBIES_2_086,CA_3,11609,0.97
HOBBIES_2_108,CA_3,11609,2.97
HOBBIES_2_120,CA_3,11609,2.47
HOBBIES_2_123,CA_3,11609,0.5
HOBBIES_2_131,CA_3,11609,5.97
HOBBIES_2_132,CA_3,11609,2.88
HOBBIES_2_136,CA_3,11609,2.88
HOUSEHOLD_1_004,CA_3,11609,2.36
HOBBIES_2_148,CA_3,11609,0.88
HOUSEHOLD_1_007,CA_3,11609,1.48
HOUSEHOLD_1_009,CA_3,11609,17.97
HOUSEHOLD_1_032,CA_3,11609,10.48
HOUSEHOLD_1_051,CA_3,11609,2.96
HOUSEHOLD_1_049,CA_3,11609,5.97
HOUSEHOLD_1_062,CA_3,11609,4.98
HOUSEHOLD_1_094,CA_3,11609,3.48
HOUSEHOLD_1_120,CA_3,11609,4.47
HOUSEHOLD_1_129,CA_3,11609,3.88
HOUSEHOLD_1_139,CA_3,11609,4.98
HOUSEHOLD_1_149,CA_3,11609,0.97
HOUSEHOLD_1_148,CA_3,11609,5.27
HOUSEHOLD_1_155,CA_3,11609,3.47
HOUSEHOLD_1_166,CA_3,11609,4.94
HOUSEHOLD_1_173,CA_3,11609,0.97
HOUSEHOLD_1_174,CA_3,11609,5.27
HOUSEHOLD_1_182,CA_3,11609,3.97
HOUSEHOLD_1_191,CA_3,11609,2.96
HOUSEHOLD_1_199,CA_3,11609,1.77
HOUSEHOLD_1_200,CA_3,11609,2.08
HOUSEHOLD_1_210,CA_3,11609,4.68
HOUSEHOLD_1_260,CA_3,11609,2.97
HOUSEHOLD_1_270,CA_3,11609,9.92
HOUSEHOLD_1_269,CA_3,11609,3.12
HOUSEHOLD_1_310,CA_3,11609,6.97
HOUSEHOLD_1_319,CA_3,11609,1.94
HOUSEHOLD_1_321,CA_3,11609,2.97
HOUSEHOLD_1_315,CA_3,11609,9.48
HOUSEHOLD_1_317,CA_3,11609,1.96
HOUSEHOLD_1_311,CA_3,11609,3.88
HOUSEHOLD_1_320,CA_3,11609,4.47
HOUSEHOLD_1_328,CA_3,11609,4.94
HOUSEHOLD_1_338,CA_3,11609,3.94
HOUSEHOLD_1_343,CA_3,11609,5.27
HOUSEHOLD_1_348,CA_3,11609,1.86
HOUSEHOLD_1_357,CA_3,11609,11.97
HOUSEHOLD_1_356,CA_3,11609,5.96
HOUSEHOLD_1_364,CA_3,11609,7.48
HOUSEHOLD_1_390,CA_3,11609,1.88
HOUSEHOLD_1_403,CA_3,11609,3.93
HOUSEHOLD_1_402,CA_3,11609,6.97
HOUSEHOLD_1_419,CA_3,11609,8.94
HOUSEHOLD_1_427,CA_3,11609,5.96
HOUSEHOLD_1_453,CA_3,11609,2.36
HOUSEHOLD_1_481,CA_3,11609,4.94
HOUSEHOLD_1_492,CA_3,11609,3.96
HOUSEHOLD_1_487,CA_3,11609,1.84
HOUSEHOLD_1_484,CA_3,11609,9.97
HOUSEHOLD_1_495,CA_3,11609,2.74
HOUSEHOLD_1_508,CA_3,11609,4.88
HOUSEHOLD_1_520,CA_3,11609,5.48
HOUSEHOLD_1_515,CA_3,11609,2.47
HOUSEHOLD_1_536,CA_3,11609,2.88
HOUSEHOLD_2_010,CA_3,11609,6.97
HOUSEHOLD_2_007,CA_3,11609,2.58
HOUSEHOLD_2_041,CA_3,11609,4.97
HOUSEHOLD_2_038,CA_3,11609,5.94
HOUSEHOLD_2_046,CA_3,11609,6.94
HOUSEHOLD_2_068,CA_3,11609,2.88
HOUSEHOLD_2_090,CA_3,11609,5.97
FOODS_3_491,TX_2,11609,1.5
FOODS_3_493,TX_2,11609,6.98
FOODS_3_488,TX_2,11609,4.98
FOODS_3_503,TX_2,11609,2.48
FOODS_3_504,TX_2,11609,1.48
FOODS_3_508,TX_2,11609,1.0
FOODS_3_513,TX_2,11609,4.48
FOODS_3_511,TX_2,11609,6.98
FOODS_3_514,TX_2,11609,4.98
FOODS_3_540,TX_2,11609,2.98
FOODS_3_551,TX_2,11609,4.74
FOODS_3_544,TX_2,11609,2.98
FOODS_3_552,TX_2,11609,1.98
FOODS_3_562,TX_2,11609,4.98
FOODS_3_578,TX_2,11609,3.0
FOODS_3_584,TX_2,11609,1.0
FOODS_3_591,TX_2,11609,3.68
FOODS_3_592,TX_2,11609,6.98
FOODS_3_605,TX_2,11609,2.68
FOODS_3_615,TX_2,11609,4.48
FOODS_3_613,TX_2,11609,2.88
FOODS_3_636,TX_2,11609,3.56
FOODS_3_641,TX_2,11609,2.24
FOODS_3_654,TX_2,11609,1.68
FOODS_3_661,TX_2,11609,3.28
FOODS_3_702,TX_2,11609,3.0
FOODS_3_704,TX_2,11609,4.48
FOODS_3_700,TX_2,11609,2.68
FOODS_3_701,TX_2,11609,1.98
FOODS_3_703,TX_2,11609,1.98
FOODS_3_711,TX_2,11609,0.25
FOODS_3_712,TX_2,11609,4.22
FOODS_3_746,TX_2,11609,1.98
FOODS_3_747,TX_2,11609,1.0
FOODS_3_758,TX_2,11609,2.5
FOODS_3_761,TX_2,11609,2.0
FOODS_3_765,TX_2,11609,3.0
FOODS_3_766,TX_2,11609,2.98
FOODS_3_781,TX_2,11609,2.48
FOODS_3_783,TX_2,11609,5.44
FOODS_3_785,TX_2,11609,3.0
FOODS_3_786,TX_2,11609,1.98
FOODS_3_796,TX_2,11609,2.98
FOODS_3_809,TX_2,11609,1.0
FOODS_3_814,TX_2,11609,1.88
FOODS_3_826,TX_2,11609,1.28
HOBBIES_1_006,TX_3,11609,0.96
HOBBIES_1_013,TX_3,11609,1.97
HOBBIES_1_032,TX_3,11609,0.57
HOBBIES_1_034,TX_3,11609,4.86
HOBBIES_1_033,TX_3,11609,16.86
HOBBIES_1_039,TX_3,11609,5.88
HOBBIES_1_049,TX_3,11609,7.88
HOBBIES_1_058,TX_3,11609,8.82
HOBBIES_1_075,TX_3,11609,6.76
HOBBIES_1_077,TX_3,11609,9.46
HOBBIES_1_090,TX_3,11609,1.08
HOBBIES_1_102,TX_3,11609,4.98
HOBBIES_1_117,TX_3,11609,12.68
HOBBIES_1_124,TX_3,11609,5.98
HOBBIES_1_122,TX_3,11609,1.63
HOBBIES_1_134,TX_3,11609,3.87
HOBBIES_1_131,TX_3,11609,0.68
HOBBIES_1_144,TX_3,11609,11.28
HOBBIES_1_145,TX_3,11609,1.28
HOBBIES_1_148,TX_3,11609,4.88
HOBBIES_1_152,TX_3,11609,4.86
HOBBIES_1_165,TX_3,11609,4.97
HOBBIES_1_178,TX_3,11609,0.48
HOBBIES_1_185,TX_3,11609,3.24
HOBBIES_1_181,TX_3,11609,1.97
HOBBIES_1_209,TX_3,11609,0.7
HOBBIES_1_210,TX_3,11609,5.47
HOBBIES_1_218,TX_3,11609,10.58
HOBBIES_1_219,TX_3,11609,1.74
HOBBIES_1_232,TX_3,11609,0.48
HOBBIES_1_237,TX_3,11609,7.98
HOBBIES_1_268,TX_3,11609,0.48
HOBBIES_1_275,TX_3,11609,11.93
HOBBIES_1_283,TX_3,11609,9.84
HOBBIES_1_290,TX_3,11609,5.77
HOBBIES_1_326,TX_3,11609,1.97
HOBBIES_1_337,TX_3,11609,3.67
HOBBIES_1_346,TX_3,11609,3.97
HOBBIES_1_344,TX_3,11609,11.78
HOBBIES_1_356,TX_3,11609,5.76
HOBBIES_1_349,TX_3,11609,9.98
HOBBIES_1_363,TX_3,11609,2.88
HOBBIES_1_369,TX_3,11609,1.08
HOBBIES_1_377,TX_3,11609,9.98
HOBBIES_1_375,TX_3,11609,9.88
HOBBIES_1_388,TX_3,11609,2.73
HOBBIES_1_385,TX_3,11609,9.97
HOBBIES_1_393,TX_3,11609,27.98
HOBBIES_1_410,TX_3,11609,28.96
HOBBIES_1_422,TX_3,11609,3.62
HOBBIES_2_005,TX_3,11609,4.47
HOBBIES_2_016,TX_3,11609,4.97
HOBBIES_2_017,TX_3,11609,0.5
HOBBIES_2_026,TX_3,11609,0.23
HOBBIES_2_039,TX_3,11609,4.97
HOBBIES_2_033,TX_3,11609,2.88
HOBBIES_2_042,TX_3,11609,0.74
HOBBIES_2_054,TX_3,11609,3.97
HOBBIES_2_058,TX_3,11609,0.5
HOBBIES_2_080,TX_3,11609,3.97
HOBBIES_2_083,TX_3,11609,2.88
HOBBIES_2_089,TX_3,11609,2.97
HOBBIES_2_092,TX_3,11609,4.97
HOBBIES_2_091,TX_3,11609,0.97
HOBBIES_2_115,TX_3,11609,2.47
HOBBIES_2_122,TX_3,11609,0.88
HOUSEHOLD_1_010,TX_3,11609,3.17
HOUSEHOLD_1_021,TX_3,11609,1.87
HOUSEHOLD_1_024,TX_3,11609,1.47
HOUSEHOLD_1_046,TX_3,11609,3.78
HOUSEHOLD_1_042,TX_3,11609,9.97
HOUSEHOLD_1_047,TX_3,11609,4.23
HOUSEHOLD_1_065,TX_3,11609,0.98
HOUSEHOLD_1_081,TX_3,11609,7.98
HOUSEHOLD_1_096,TX_3,11609,3.97
HOUSEHOLD_1_098,TX_3,11609,7.98
HOUSEHOLD_1_125,TX_3,11609,5.72
HOUSEHOLD_1_127,TX_3,11609,7.98
HOUSEHOLD_1_130,TX_3,11609,6.42
HOUSEHOLD_1_138,TX_3,11609,4.94
HOUSEHOLD_1_142,TX_3,11609,6.27
HOUSEHOLD_1_154,TX_3,11609,2.96
HOUSEHOLD_1_157,TX_3,11609,4.47
HOUSEHOLD_1_150,TX_3,11609,12.48
HOUSEHOLD_1_152,TX_3,11609,9.98
HOUSEHOLD_1_162,TX_3,11609,5.97
HOUSEHOLD_1_172,TX_3,11609,1.96
HOUSEHOLD_1_180,TX_3,11609,2.92
HOUSEHOLD_1_204,TX_3,11609,1.88
HOUSEHOLD_1_201,TX_3,11609,4.84
HOUSEHOLD_1_223,TX_3,11609,9.47
HOUSEHOLD_1_214,TX_3,11609,1.87
HOUSEHOLD_1_220,TX_3,11609,1.83
HOUSEHOLD_1_224,TX_3,11609,7.97
HOUSEHOLD_1_229,TX_3,11609,2.48
HOUSEHOLD_1_243,TX_3,11609,1.97
HOUSEHOLD_1_239,TX_3,11609,3.97
HOUSEHOLD_1_263,TX_3,11609,7.42
HOUSEHOLD_1_258,TX_3,11609,2.97
HOUSEHOLD_1_271,TX_3,11609,2.98
HOBBIES_1_209,WI_3,11609,0.7
HOBBIES_1_210,WI_3,11609,5.47
HOBBIES_1_218,WI_3,11609,10.58
HOBBIES_1_219,WI_3,11609,1.74
HOBBIES_1_237,WI_3,11609,7.98
HOBBIES_1_232,WI_3,11609,0.48
HOBBIES_1_268,WI_3,11609,0.48
HOBBIES_1_275,WI_3,11609,12.88
HOBBIES_1_290,WI_3,11609,5.77
HOBBIES_1_283,WI_3,11609,10.98
HOBBIES_1_326,WI_3,11609,1.97
HOBBIES_1_337,WI_3,11609,3.67
HOBBIES_1_349,WI_3,11609,9.98
HOBBIES_1_346,WI_3,11609,3.97
HOBBIES_1_344,WI_3,11609,11.78
HOBBIES_1_356,WI_3,11609,5.76
HOBBIES_1_363,WI_3,11609,2.88
HOBBIES_1_377,WI_3,11609,9.98
HOBBIES_1_375,WI_3,11609,9.88
HOBBIES_1_369,WI_3,11609,1.08
HOBBIES_1_385,WI_3,11609,9.97
HOBBIES_1_388,WI_3,11609,2.88
HOBBIES_1_393,WI_3,11609,28.96
HOBBIES_1_410,WI_3,11609,28.96
HOBBIES_1_422,WI_3,11609,3.62
HOBBIES_2_005,WI_3,11609,4.47
HOBBIES_2_016,WI_3,11609,4.97
HOBBIES_2_017,WI_3,11609,0.5
HOBBIES_2_033,WI_3,11609,2.88
HOBBIES_2_026,WI_3,11609,0.23
HOBBIES_2_039,WI_3,11609,4.97
HOBBIES_2_042,WI_3,11609,0.74
HOBBIES_2_054,WI_3,11609,3.97
HOBBIES_2_058,WI_3,11609,0.5
HOBBIES_2_080,WI_3,11609,3.97
HOBBIES_2_083,WI_3,11609,2.88
HOBBIES_2_089,WI_3,11609,2.97
HOBBIES_2_092,WI_3,11609,4.97
HOBBIES_2_091,WI_3,11609,0.97
HOBBIES_2_115,WI_3,11609,2.47
HOBBIES_2_122,WI_3,11609,0.88
HOUSEHOLD_1_010,WI_3,11609,3.17
HOUSEHOLD_1_021,WI_3,11609,1.94
HOUSEHOLD_1_024,WI_3,11609,1.47
HOUSEHOLD_1_042,WI_3,11609,9.97
HOUSEHOLD_1_046,WI_3,11609,3.78
HOUSEHOLD_1_047,WI_3,11609,4.23
HOUSEHOLD_1_065,WI_3,11609,0.98
HOUSEHOLD_1_081,WI_3,11609,7.98
HOUSEHOLD_1_096,WI_3,11609,3.97
HOUSEHOLD_1_098,WI_3,11609,7.98
HOUSEHOLD_1_125,WI_3,11609,5.72
HOUSEHOLD_1_127,WI_3,11609,7.98
HOUSEHOLD_1_130,WI_3,11609,6.42
HOUSEHOLD_1_138,WI_3,11609,4.94
HOUSEHOLD_1_142,WI_3,11609,6.27
HOUSEHOLD_1_150,WI_3,11609,12.48
HOUSEHOLD_1_152,WI_3,11609,9.98
HOUSEHOLD_1_154,WI_3,11609,2.96
HOUSEHOLD_1_162,WI_3,11609,5.97
HOUSEHOLD_1_157,WI_3,11609,4.47
HOUSEHOLD_1_172,WI_3,11609,1.96
HOUSEHOLD_1_180,WI_3,11609,2.88
HOUSEHOLD_1_204,WI_3,11609,1.88
HOUSEHOLD_1_201,WI_3,11609,4.84
HOUSEHOLD_1_214,WI_3,11609,1.87
HOUSEHOLD_1_224,WI_3,11609,7.97
HOUSEHOLD_1_229,WI_3,11609,2.96
HOUSEHOLD_1_223,WI_3,11609,9.47
HOUSEHOLD_1_220,WI_3,11609,1.83
HOUSEHOLD_1_243,WI_3,11609,1.97
HOUSEHOLD_1_239,WI_3,11609,3.97
HOUSEHOLD_1_258,WI_3,11609,2.97
HOUSEHOLD_1_263,WI_3,11609,7.42
HOUSEHOLD_1_271,WI_3,11609,2.98
HOUSEHOLD_1_289,WI_3,11609,5.22
HOUSEHOLD_1_288,WI_3,11609,7.93
HOUSEHOLD_1_297,WI_3,11609,7.94
HOUSEHOLD_1_309,WI_3,11609,6.88
HOUSEHOLD_1_330,WI_3,11609,2.42
HOUSEHOLD_1_339,WI_3,11609,0.97
HOUSEHOLD_1_350,WI_3,11609,2.74
HOUSEHOLD_1_365,WI_3,11609,4.17
HOUSEHOLD_1_377,WI_3,11609,8.96
HOUSEHOLD_1_399,WI_3,11609,0.97
HOUSEHOLD_1_405,WI_3,11609,2.98
HOUSEHOLD_1_408,WI_3,11609,5.48
HOUSEHOLD_1_409,WI_3,11609,2.94
HOUSEHOLD_1_407,WI_3,11609,5.24
HOUSEHOLD_1_416,WI_3,11609,3.88
HOUSEHOLD_1_424,WI_3,11609,2.97
HOUSEHOLD_1_423,WI_3,11609,2.96
HOUSEHOLD_1_425,WI_3,11609,1.97
HOUSEHOLD_1_428,WI_3,11609,7.97
HOUSEHOLD_1_439,WI_3,11609,0.98
HOUSEHOLD_1_446,WI_3,11609,3.93
HOUSEHOLD_1_447,WI_3,11609,0.97
HOUSEHOLD_1_448,WI_3,11609,0.97
HOUSEHOLD_1_444,WI_3,11609,4.88
HOUSEHOLD_1_442,WI_3,11609,8.97
HOUSEHOLD_1_449,WI_3,11609,15.72
HOUSEHOLD_1_454,WI_3,11609,2.97
HOUSEHOLD_1_466,WI_3,11609,3.96
HOUSEHOLD_1_467,WI_3,11609,11.98
HOUSEHOLD_1_490,WI_3,11609,12.97
HOUSEHOLD_1_497,WI_3,11609,15.72
HOUSEHOLD_1_507,WI_3,11609,1.77
HOUSEHOLD_1_504,WI_3,11609,3.38
HOUSEHOLD_1_513,WI_3,11609,9.97
HOUSEHOLD_1_509,WI_3,11609,3.17
HOUSEHOLD_1_522,WI_3,11609,1.73
HOUSEHOLD_1_524,WI_3,11609,3.97
HOUSEHOLD_1_531,WI_3,11609,7.93
HOUSEHOLD_2_003,WI_3,11609,8.94
HOUSEHOLD_1_538,WI_3,11609,3.48
HOUSEHOLD_2_005,WI_3,11609,5.47
HOUSEHOLD_2_013,WI_3,11609,5.94
HOUSEHOLD_2_015,WI_3,11609,4.44
HOUSEHOLD_2_021,WI_3,11609,4.47
HOUSEHOLD_2_017,WI_3,11609,3.72
HOUSEHOLD_2_024,WI_3,11609,2.22
HOUSEHOLD_2_035,WI_3,11609,5.94
HOUSEHOLD_2_053,WI_3,11609,1.97
HOUSEHOLD_2_061,WI_3,11609,2.97
HOUSEHOLD_2_069,WI_3,11609,10.83
HOUSEHOLD_2_079,WI_3,11609,4.47
HOUSEHOLD_2_103,WI_3,11609,1.97
HOUSEHOLD_2_116,WI_3,11609,5.64
HOUSEHOLD_2_110,WI_3,11609,3.17
HOUSEHOLD_2_120,WI_3,11609,7.94
HOUSEHOLD_2_136,WI_3,11609,4.87
HOUSEHOLD_2_153,WI_3,11609,9.94
HOUSEHOLD_2_163,WI_3,11609,7.98
HOUSEHOLD_2_160,WI_3,11609,3.93
HOUSEHOLD_2_161,WI_3,11609,10.97
HOUSEHOLD_2_165,WI_3,11609,5.84
HOUSEHOLD_2_176,WI_3,11609,4.97
HOUSEHOLD_2_174,WI_3,11609,3.97
HOUSEHOLD_2_177,WI_3,11609,2.98
HOUSEHOLD_2_180,WI_3,11609,2.84
HOUSEHOLD_2_192,WI_3,11609,1.97
HOUSEHOLD_2_199,WI_3,11609,3.93
FOODS_3_143,CA_3,11609,2.56
FOODS_3_153,CA_3,11609,1.74
FOODS_3_176,CA_3,11609,1.64
FOODS_3_179,CA_3,11609,4.98
FOODS_3_185,CA_3,11609,2.48
FOODS_3_183,CA_3,11609,3.0
FOODS_3_180,CA_3,11609,2.98
FOODS_3_191,CA_3,11609,1.0
FOODS_3_195,CA_3,11609,2.68
FOODS_3_203,CA_3,11609,4.98
FOODS_3_205,CA_3,11609,1.28
FOODS_3_221,CA_3,11609,4.98
FOODS_3_228,CA_3,11609,1.68
FOODS_3_231,CA_3,11609,5.44
FOODS_3_234,CA_3,11609,0.25
FOODS_3_237,CA_3,11609,1.0
FOODS_3_241,CA_3,11609,2.98
FOODS_3_245,CA_3,11609,2.48
FOODS_3_240,CA_3,11609,1.0
FOODS_3_255,CA_3,11609,3.98
FOODS_3_283,CA_3,11609,2.98
FOODS_3_282,CA_3,11609,2.56
FOODS_3_284,CA_3,11609,1.98
FOODS_3_291,CA_3,11609,2.78
FOODS_3_292,CA_3,11609,3.56
FOODS_3_295,CA_3,11609,0.8
FOODS_3_307,CA_3,11609,3.98
FOODS_3_325,CA_3,11609,2.56
FOODS_3_330,CA_3,11609,3.98
FOODS_3_336,CA_3,11609,2.48
FOODS_3_343,CA_3,11609,3.82
FOODS_3_340,CA_3,11609,3.32
FOODS_3_338,CA_3,11609,3.68
FOODS_3_345,CA_3,11609,2.48
FOODS_3_347,CA_3,11609,1.98
FOODS_3_365,CA_3,11609,5.24
FOODS_3_364,CA_3,11609,2.78
FOODS_3_371,CA_3,11609,2.5
FOODS_3_392,CA_3,11609,3.98
FOODS_3_412,CA_3,11609,0.25
FOODS_3_414,CA_3,11609,5.18
FOODS_3_415,CA_3,11609,2.56
FOODS_3_421,CA_3,11609,2.48
FOODS_3_419,CA_3,11609,2.88
FOODS_3_434,CA_3,11609,2.88
FOODS_3_433,CA_3,11609,1.0
FOODS_3_427,CA_3,11609,2.48
FOODS_3_438,CA_3,11609,1.0
FOODS_3_439,CA_3,11609,2.98
FOODS_3_448,CA_3,11609,2.5
FOODS_3_445,CA_3,11609,2.48
FOODS_3_461,CA_3,11609,1.68
FOODS_3_469,CA_3,11609,6.24
FOODS_3_491,CA_3,11609,1.6
FOODS_3_493,CA_3,11609,6.98
FOODS_3_488,CA_3,11609,4.98
FOODS_3_503,CA_3,11609,2.48
FOODS_3_504,CA_3,11609,1.48
FOODS_3_508,CA_3,11609,1.0
FOODS_3_511,CA_3,11609,6.98
FOODS_3_513,CA_3,11609,4.48
FOODS_3_514,CA_3,11609,4.98
FOODS_3_540,CA_3,11609,2.98
FOODS_3_551,CA_3,11609,4.74
FOODS_3_544,CA_3,11609,2.98
FOODS_3_552,CA_3,11609,1.98
FOODS_3_562,CA_3,11609,4.98
FOODS_3_578,CA_3,11609,2.36
FOODS_3_584,CA_3,11609,1.0
FOODS_3_591,CA_3,11609,3.68
FOODS_3_592,CA_3,11609,6.98
FOODS_3_605,CA_3,11609,2.68
FOODS_3_615,CA_3,11609,4.68
FOODS_3_613,CA_3,11609,2.88
FOODS_3_636,CA_3,11609,3.56
FOODS_3_641,CA_3,11609,2.24
FOODS_3_654,CA_3,11609,1.68
FOODS_3_661,CA_3,11609,3.28
FOODS_3_700,CA_3,11609,2.68
FOODS_3_702,CA_3,11609,3.0
FOODS_3_704,CA_3,11609,4.68
FOODS_3_701,CA_3,11609,1.98
FOODS_3_703,CA_3,11609,1.98
FOODS_3_711,CA_3,11609,0.25
FOODS_3_712,CA_3,11609,4.22
FOODS_3_746,CA_3,11609,1.98
FOODS_3_747,CA_3,11609,1.0
FOODS_3_765,CA_3,11609,3.0
FOODS_3_758,CA_3,11609,2.5
FOODS_3_761,CA_3,11609,2.0
FOODS_3_766,CA_3,11609,2.98
FOODS_3_781,CA_3,11609,2.48
FOODS_3_783,CA_3,11609,5.44
FOODS_3_785,CA_3,11609,2.5
FOODS_3_786,CA_3,11609,1.98
FOODS_3_796,CA_3,11609,2.98
FOODS_3_809,CA_3,11609,1.0
FOODS_3_814,CA_3,11609,1.88
FOODS_3_826,CA_3,11609,1.28
HOBBIES_1_008,CA_4,11609,0.48
HOBBIES_1_015,CA_4,11609,0.7
HOBBIES_1_017,CA_4,11609,1.98
HOBBIES_1_025,CA_4,11609,3.98
HOBBIES_1_036,CA_4,11609,1.12
HOBBIES_1_030,CA_4,11609,0.7
HOBBIES_1_047,CA_4,11609,1.77
HOBBIES_1_053,CA_4,11609,3.97
HOBBIES_1_057,CA_4,11609,4.88
HOBBIES_1_060,CA_4,11609,29.96
HOBBIES_1_063,CA_4,11609,5.47
HOBBIES_1_078,CA_4,11609,12.78
HOBBIES_1_079,CA_4,11609,7.88
HOBBIES_1_080,CA_4,11609,0.57
HOBBIES_1_082,CA_4,11609,3.78
HOBBIES_1_084,CA_4,11609,3.94
HOBBIES_1_081,CA_4,11609,14.72
HOBBIES_1_092,CA_4,11609,2.38
HOBBIES_1_087,CA_4,11609,12.88
HOBBIES_1_097,CA_4,11609,4.24
HOBBIES_1_105,CA_4,11609,6.68
HOBBIES_1_107,CA_4,11609,3.98
HOBBIES_1_116,CA_4,11609,6.47
HOBBIES_1_128,CA_4,11609,8.77
HOBBIES_1_127,CA_4,11609,1.22
HOBBIES_1_151,CA_4,11609,5.47
HOBBIES_1_172,CA_4,11609,2.98
HOBBIES_1_175,CA_4,11609,1.97
HOBBIES_1_184,CA_4,11609,12.68
HOBBIES_1_207,CA_4,11609,2.78
HOBBIES_1_216,CA_4,11609,1.77
HOBBIES_1_231,CA_4,11609,6.87
HOBBIES_1_236,CA_4,11609,11.88
HOBBIES_1_248,CA_4,11609,0.94
HOBBIES_1_252,CA_4,11609,0.68
HOBBIES_1_258,CA_4,11609,11.78
HOBBIES_1_264,CA_4,11609,4.47
HOBBIES_1_273,CA_4,11609,12.68
HOBBIES_1_277,CA_4,11609,1.77
HOBBIES_1_294,CA_4,11609,3.88
HOBBIES_1_306,CA_4,11609,13.98
HOBBIES_1_325,CA_4,11609,6.44
HOBBIES_1_338,CA_4,11609,8.98
HOBBIES_1_339,CA_4,11609,7.98
HOBBIES_1_358,CA_4,11609,2.74
HOBBIES_1_370,CA_4,11609,0.48
HOBBIES_1_371,CA_4,11609,0.48
HOBBIES_1_366,CA_4,11609,3.97
HOBBIES_1_380,CA_4,11609,1.77
HOBBIES_1_378,CA_4,11609,3.24
HOBBIES_1_381,CA_4,11609,0.7
HOBBIES_1_390,CA_4,11609,11.73
HOBBIES_1_382,CA_4,11609,1.97
HOBBIES_1_398,CA_4,11609,0.57
HOBBIES_1_401,CA_4,11609,1.97
HOBBIES_1_406,CA_4,11609,3.88
HOBBIES_1_416,CA_4,11609,4.97
HOBBIES_1_412,CA_4,11609,1.98
HOBBIES_2_001,CA_4,11609,5.47
HOBBIES_2_013,CA_4,11609,6.97
HOBBIES_2_044,CA_4,11609,4.47
HOBBIES_2_053,CA_4,11609,4.97
HOBBIES_2_048,CA_4,11609,2.88
HOBBIES_2_055,CA_4,11609,2.5
HOBBIES_2_047,CA_4,11609,0.5
HOBBIES_2_056,CA_4,11609,1.94
HOBBIES_2_068,CA_4,11609,1.97
HOBBIES_2_084,CA_4,11609,5.97
HOBBIES_2_096,CA_4,11609,2.77
HOBBIES_2_102,CA_4,11609,5.97
HOBBIES_2_105,CA_4,11609,2.47
HOBBIES_2_112,CA_4,11609,2.47
HOBBIES_2_107,CA_4,11609,0.5
HOBBIES_2_118,CA_4,11609,3.97
HOBBIES_2_128,CA_4,11609,4.97
HOBBIES_2_134,CA_4,11609,4.97
HOBBIES_2_135,CA_4,11609,0.5
HOBBIES_2_127,CA_4,11609,3.97
HOBBIES_2_138,CA_4,11609,0.97
HOUSEHOLD_2_404,TX_2,11609,2.97
HOUSEHOLD_2_422,TX_2,11609,4.97
HOUSEHOLD_2_429,TX_2,11609,5.94
HOUSEHOLD_2_427,TX_2,11609,3.48
HOUSEHOLD_2_426,TX_2,11609,4.37
HOUSEHOLD_2_436,TX_2,11609,1.97
HOUSEHOLD_2_444,TX_2,11609,6.47
HOUSEHOLD_2_445,TX_2,11609,5.97
HOUSEHOLD_2_464,TX_2,11609,2.88
HOUSEHOLD_2_480,TX_2,11609,5.24
HOUSEHOLD_2_481,TX_2,11609,7.97
HOUSEHOLD_2_496,TX_2,11609,1.48
HOUSEHOLD_2_498,TX_2,11609,2.96
HOUSEHOLD_2_501,TX_2,11609,7.97
HOUSEHOLD_2_514,TX_2,11609,19.54
HOUSEHOLD_2_516,TX_2,11609,5.94
FOODS_1_008,TX_2,11609,3.54
FOODS_1_015,TX_2,11609,3.48
FOODS_1_014,TX_2,11609,0.98
FOODS_1_034,TX_2,11609,6.17
FOODS_1_050,TX_2,11609,5.98
FOODS_1_059,TX_2,11609,5.37
FOODS_1_051,TX_2,11609,3.87
FOODS_1_070,TX_2,11609,0.94
FOODS_1_078,TX_2,11609,3.48
FOODS_1_085,TX_2,11609,0.94
FOODS_1_101,TX_2,11609,2.0
FOODS_1_108,TX_2,11609,2.5
FOODS_1_116,TX_2,11609,2.68
FOODS_1_115,TX_2,11609,3.58
FOODS_1_141,TX_2,11609,3.54
FOODS_1_149,TX_2,11609,0.98
FOODS_1_153,TX_2,11609,1.98
FOODS_1_160,TX_2,11609,2.24
FOODS_1_168,TX_2,11609,2.24
FOODS_1_162,TX_2,11609,1.96
FOODS_1_185,TX_2,11609,2.28
FOODS_1_179,TX_2,11609,3.58
FOODS_1_197,TX_2,11609,5.28
FOODS_1_206,TX_2,11609,2.23
FOODS_1_209,TX_2,11609,2.24
FOODS_1_212,TX_2,11609,5.98
FOODS_1_219,TX_2,11609,2.24
FOODS_2_023,TX_2,11609,1.28
FOODS_2_030,TX_2,11609,4.0
FOODS_2_033,TX_2,11609,2.38
FOODS_2_037,TX_2,11609,7.98
FOODS_2_043,TX_2,11609,2.5
FOODS_2_041,TX_2,11609,3.97
FOODS_2_045,TX_2,11609,6.98
FOODS_2_040,TX_2,11609,2.5
FOODS_2_051,TX_2,11609,2.47
FOODS_2_048,TX_2,11609,7.97
FOODS_2_058,TX_2,11609,4.97
FOODS_2_059,TX_2,11609,5.74
FOODS_2_079,TX_2,11609,3.94
FOODS_2_099,TX_2,11609,2.0
FOODS_2_095,TX_2,11609,4.42
FOODS_2_091,TX_2,11609,2.36
FOODS_2_097,TX_2,11609,6.98
FOODS_2_103,TX_2,11609,6.98
FOODS_2_124,TX_2,11609,2.82
FOODS_2_123,TX_2,11609,2.97
FOODS_2_125,TX_2,11609,2.22
FOODS_2_134,TX_2,11609,2.98
FOODS_2_136,TX_2,11609,2.5
FOODS_2_143,TX_2,11609,3.76
FOODS_2_146,TX_2,11609,1.74
FOODS_2_148,TX_2,11609,2.5
FOODS_2_151,TX_2,11609,1.87
FOODS_2_167,TX_2,11609,2.5
FOODS_2_165,TX_2,11609,3.78
FOODS_2_168,TX_2,11609,3.98
FOODS_2_185,TX_2,11609,1.74
FOODS_2_198,TX_2,11609,8.98
FOODS_2_194,TX_2,11609,6.72
FOODS_2_204,TX_2,11609,0.84
HOUSEHOLD_1_309,WI_2,11609,6.88
HOUSEHOLD_1_330,WI_2,11609,2.42
HOUSEHOLD_1_339,WI_2,11609,0.97
HOUSEHOLD_1_350,WI_2,11609,2.74
HOUSEHOLD_1_365,WI_2,11609,4.17
HOUSEHOLD_1_377,WI_2,11609,8.96
HOUSEHOLD_1_399,WI_2,11609,0.97
HOUSEHOLD_1_408,WI_2,11609,5.48
HOUSEHOLD_1_409,WI_2,11609,2.94
HOUSEHOLD_1_407,WI_2,11609,5.24
HOUSEHOLD_1_405,WI_2,11609,2.98
HOUSEHOLD_1_416,WI_2,11609,3.88
HOUSEHOLD_1_425,WI_2,11609,1.97
HOUSEHOLD_1_424,WI_2,11609,2.97
HOUSEHOLD_1_423,WI_2,11609,2.96
HOUSEHOLD_1_428,WI_2,11609,7.97
HOUSEHOLD_1_439,WI_2,11609,0.98
HOUSEHOLD_1_444,WI_2,11609,4.88
HOUSEHOLD_1_442,WI_2,11609,8.97
HOUSEHOLD_1_446,WI_2,11609,3.93
HOUSEHOLD_1_447,WI_2,11609,0.97
HOUSEHOLD_1_454,WI_2,11609,2.97
HOUSEHOLD_1_448,WI_2,11609,0.97
HOUSEHOLD_1_449,WI_2,11609,15.72
HOUSEHOLD_1_466,WI_2,11609,3.96
HOUSEHOLD_1_467,WI_2,11609,11.98
HOUSEHOLD_1_490,WI_2,11609,12.97
HOUSEHOLD_1_497,WI_2,11609,15.72
HOUSEHOLD_1_507,WI_2,11609,1.77
HOUSEHOLD_1_504,WI_2,11609,3.38
HOUSEHOLD_1_509,WI_2,11609,3.17
HOUSEHOLD_1_513,WI_2,11609,9.97
HOUSEHOLD_1_522,WI_2,11609,1.73
HOUSEHOLD_1_531,WI_2,11609,7.93
HOUSEHOLD_1_524,WI_2,11609,3.97
HOUSEHOLD_1_538,WI_2,11609,3.48
HOUSEHOLD_2_003,WI_2,11609,8.94
HOUSEHOLD_2_005,WI_2,11609,5.47
HOUSEHOLD_2_015,WI_2,11609,4.44
HOUSEHOLD_2_013,WI_2,11609,5.94
HOUSEHOLD_2_017,WI_2,11609,3.72
HOUSEHOLD_2_021,WI_2,11609,4.47
HOUSEHOLD_2_024,WI_2,11609,2.22
HOUSEHOLD_2_035,WI_2,11609,5.94
HOUSEHOLD_2_053,WI_2,11609,1.97
HOUSEHOLD_2_061,WI_2,11609,2.97
HOUSEHOLD_2_069,WI_2,11609,10.83
HOUSEHOLD_2_079,WI_2,11609,4.47
HOUSEHOLD_2_103,WI_2,11609,1.97
HOUSEHOLD_2_110,WI_2,11609,3.17
HOUSEHOLD_2_116,WI_2,11609,5.64
HOUSEHOLD_2_120,WI_2,11609,7.94
HOUSEHOLD_2_136,WI_2,11609,4.87
HOUSEHOLD_2_153,WI_2,11609,9.94
HOUSEHOLD_2_160,WI_2,11609,3.93
HOUSEHOLD_2_163,WI_2,11609,7.98
HOUSEHOLD_2_165,WI_2,11609,5.84
HOUSEHOLD_2_161,WI_2,11609,10.97
HOUSEHOLD_2_174,WI_2,11609,3.97
HOUSEHOLD_2_176,WI_2,11609,4.97
HOUSEHOLD_2_177,WI_2,11609,2.98
HOUSEHOLD_2_180,WI_2,11609,2.84
HOUSEHOLD_2_192,WI_2,11609,1.97
HOUSEHOLD_2_199,WI_2,11609,3.93
HOUSEHOLD_2_239,WI_2,11609,1.24
HOUSEHOLD_2_244,WI_2,11609,3.97
HOUSEHOLD_2_254,WI_2,11609,4.44
HOUSEHOLD_2_252,WI_2,11609,6.97
HOUSEHOLD_2_256,WI_2,11609,5.94
HOUSEHOLD_2_257,WI_2,11609,5.73
HOUSEHOLD_2_262,WI_2,11609,4.97
HOUSEHOLD_2_278,WI_2,11609,10.98
HOUSEHOLD_2_271,WI_2,11609,4.78
HOUSEHOLD_2_281,WI_2,11609,5.27
HOUSEHOLD_2_289,WI_2,11609,5.92
HOUSEHOLD_2_306,WI_2,11609,3.96
HOUSEHOLD_2_312,WI_2,11609,3.97
HOUSEHOLD_2_316,WI_2,11609,7.24
HOUSEHOLD_2_321,WI_2,11609,5.24
HOUSEHOLD_2_317,WI_2,11609,4.44
HOUSEHOLD_2_329,WI_2,11609,2.72
HOUSEHOLD_2_361,WI_2,11609,6.94
HOUSEHOLD_2_374,WI_2,11609,2.98
HOUSEHOLD_2_376,WI_2,11609,3.82
HOUSEHOLD_2_391,WI_2,11609,12.94
HOUSEHOLD_2_406,WI_2,11609,12.46
HOUSEHOLD_2_405,WI_2,11609,5.64
HOUSEHOLD_2_415,WI_2,11609,2.46
HOUSEHOLD_2_419,WI_2,11609,5.47
HOUSEHOLD_2_441,WI_2,11609,4.94
HOUSEHOLD_2_451,WI_2,11609,3.42
HOUSEHOLD_2_455,WI_2,11609,7.74
HOUSEHOLD_2_462,WI_2,11609,7.97
HOUSEHOLD_2_459,WI_2,11609,19.54
HOUSEHOLD_2_466,WI_2,11609,6.46
HOUSEHOLD_2_479,WI_2,11609,5.94
HOUSEHOLD_2_491,WI_2,11609,6.96
HOUSEHOLD_2_493,WI_2,11609,1.94
HOUSEHOLD_2_506,WI_2,11609,6.97
HOUSEHOLD_2_499,WI_2,11609,1.97
HOUSEHOLD_2_512,WI_2,11609,3.97
FOODS_1_004,WI_2,11609,1.96
FOODS_1_013,WI_2,11609,1.5
FOODS_1_035,WI_2,11609,2.68
FOODS_1_057,WI_2,11609,2.24
FOODS_1_056,WI_2,11609,2.24
FOODS_1_069,WI_2,11609,2.68
FOODS_1_088,WI_2,11609,5.28
FOODS_1_091,WI_2,11609,2.24
FOODS_1_117,WI_2,11609,2.24
FOODS_1_119,WI_2,11609,3.54
FOODS_1_123,WI_2,11609,3.54
FOODS_1_118,WI_2,11609,0.98
FOODS_1_134,WI_2,11609,1.98
FOODS_1_145,WI_2,11609,0.98
FOODS_1_152,WI_2,11609,7.68
FOODS_1_161,WI_2,11609,0.98
FOODS_1_167,WI_2,11609,4.86
FOODS_1_164,WI_2,11609,6.77
FOODS_1_169,WI_2,11609,3.48
FOODS_1_171,WI_2,11609,6.32
FOODS_1_178,WI_2,11609,9.98
FOODS_1_186,WI_2,11609,5.98
FOODS_1_200,WI_2,11609,0.98
FOODS_1_218,WI_2,11609,0.98
FOODS_2_015,WI_2,11609,2.5
FOODS_2_032,WI_2,11609,1.87
FOODS_2_035,WI_2,11609,5.0
FOODS_2_036,WI_2,11609,3.5
FOODS_2_053,WI_2,11609,7.27
FOODS_2_061,WI_2,11609,2.0
FOODS_2_072,WI_2,11609,2.5
FOODS_2_076,WI_2,11609,10.97
FOODS_2_080,WI_2,11609,2.18
FOODS_2_084,WI_2,11609,2.97
FOODS_2_085,WI_2,11609,3.74
HOBBIES_2_055,CA_2,11609,2.5
HOBBIES_2_056,CA_2,11609,1.94
HOBBIES_2_068,CA_2,11609,1.97
HOBBIES_2_084,CA_2,11609,5.97
HOBBIES_2_096,CA_2,11609,2.77
HOBBIES_2_102,CA_2,11609,5.97
HOBBIES_2_105,CA_2,11609,2.47
HOBBIES_2_107,CA_2,11609,0.5
HOBBIES_2_112,CA_2,11609,2.47
HOBBIES_2_118,CA_2,11609,3.97
HOBBIES_2_128,CA_2,11609,4.97
HOBBIES_2_127,CA_2,11609,3.97
HOBBIES_2_134,CA_2,11609,4.97
HOBBIES_2_135,CA_2,11609,0.5
HOBBIES_2_138,CA_2,11609,0.97
HOUSEHOLD_1_002,CA_2,11609,5.97
HOUSEHOLD_1_013,CA_2,11609,4.94
HOUSEHOLD_1_019,CA_2,11609,0.97
HOUSEHOLD_1_020,CA_2,11609,6.97
HOUSEHOLD_1_027,CA_2,11609,5.97
HOUSEHOLD_1_037,CA_2,11609,4.23
HOUSEHOLD_1_073,CA_2,11609,8.88
HOUSEHOLD_1_066,CA_2,11609,2.96
HOUSEHOLD_1_082,CA_2,11609,3.48
HOUSEHOLD_1_080,CA_2,11609,10.47
HOUSEHOLD_1_087,CA_2,11609,4.47
HOUSEHOLD_1_091,CA_2,11609,6.88
HOUSEHOLD_1_085,CA_2,11609,16.67
HOUSEHOLD_1_090,CA_2,11609,2.96
HOUSEHOLD_1_099,CA_2,11609,2.37
HOUSEHOLD_1_102,CA_2,11609,17.97
HOUSEHOLD_1_128,CA_2,11609,2.67
HOUSEHOLD_1_124,CA_2,11609,3.98
HOUSEHOLD_1_136,CA_2,11609,3.97
HOUSEHOLD_1_137,CA_2,11609,12.98
HOUSEHOLD_1_145,CA_2,11609,2.24
HOUSEHOLD_1_144,CA_2,11609,2.97
HOUSEHOLD_1_143,CA_2,11609,1.97
HOUSEHOLD_1_153,CA_2,11609,1.97
HOUSEHOLD_1_163,CA_2,11609,9.98
HOUSEHOLD_1_164,CA_2,11609,2.97
HOUSEHOLD_1_192,CA_2,11609,3.62
HOUSEHOLD_1_188,CA_2,11609,3.98
HOUSEHOLD_1_208,CA_2,11609,0.93
HOUSEHOLD_1_215,CA_2,11609,2.24
HOUSEHOLD_1_228,CA_2,11609,9.47
HOUSEHOLD_1_238,CA_2,11609,2.48
HOUSEHOLD_1_255,CA_2,11609,9.47
HOUSEHOLD_1_250,CA_2,11609,2.68
HOUSEHOLD_1_265,CA_2,11609,4.74
HOUSEHOLD_1_279,CA_2,11609,0.97
HOUSEHOLD_1_281,CA_2,11609,4.94
HOUSEHOLD_1_284,CA_2,11609,4.94
HOUSEHOLD_1_293,CA_2,11609,12.47
HOUSEHOLD_1_296,CA_2,11609,4.97
HOUSEHOLD_1_299,CA_2,11609,5.27
HOUSEHOLD_1_316,CA_2,11609,3.96
HOUSEHOLD_1_318,CA_2,11609,2.88
HOUSEHOLD_1_326,CA_2,11609,4.88
HOUSEHOLD_1_340,CA_2,11609,4.98
HOUSEHOLD_1_355,CA_2,11609,7.98
HOUSEHOLD_1_349,CA_2,11609,2.94
HOUSEHOLD_1_358,CA_2,11609,9.97
HOUSEHOLD_1_370,CA_2,11609,7.27
HOUSEHOLD_1_372,CA_2,11609,1.97
HOUSEHOLD_1_376,CA_2,11609,5.44
HOUSEHOLD_1_379,CA_2,11609,0.97
HOUSEHOLD_1_395,CA_2,11609,4.88
HOUSEHOLD_1_401,CA_2,11609,9.47
HOUSEHOLD_1_404,CA_2,11609,2.67
HOUSEHOLD_1_440,CA_2,11609,14.97
HOUSEHOLD_1_433,CA_2,11609,8.97
HOUSEHOLD_1_445,CA_2,11609,1.97
HOUSEHOLD_1_460,CA_2,11609,3.88
HOUSEHOLD_1_459,CA_2,11609,0.97
HOUSEHOLD_1_474,CA_2,11609,0.97
HOUSEHOLD_1_473,CA_2,11609,2.36
HOUSEHOLD_1_493,CA_2,11609,2.87
HOUSEHOLD_1_506,CA_2,11609,3.88
HOUSEHOLD_1_501,CA_2,11609,3.96
HOUSEHOLD_1_500,CA_2,11609,4.44
HOUSEHOLD_1_502,CA_2,11609,4.23
HOUSEHOLD_1_512,CA_2,11609,1.87
HOUSEHOLD_1_516,CA_2,11609,1.94
HOUSEHOLD_1_510,CA_2,11609,4.94
HOUSEHOLD_1_525,CA_2,11609,4.23
HOUSEHOLD_1_518,CA_2,11609,6.97
HOUSEHOLD_2_009,CA_2,11609,5.73
HOUSEHOLD_2_025,CA_2,11609,5.47
HOUSEHOLD_2_026,CA_2,11609,3.97
HOUSEHOLD_2_023,CA_2,11609,3.97
HOUSEHOLD_2_036,CA_2,11609,3.97
HOUSEHOLD_2_032,CA_2,11609,9.43
HOUSEHOLD_2_043,CA_2,11609,4.97
HOUSEHOLD_2_039,CA_2,11609,10.72
HOUSEHOLD_2_040,CA_2,11609,3.97
HOUSEHOLD_2_070,CA_2,11609,2.97
HOUSEHOLD_2_067,CA_2,11609,0.97
HOUSEHOLD_2_074,CA_2,11609,0.96
HOUSEHOLD_2_076,CA_2,11609,8.97
HOUSEHOLD_2_089,CA_2,11609,3.48
HOUSEHOLD_2_107,CA_2,11609,11.97
HOUSEHOLD_2_108,CA_2,11609,8.88
HOUSEHOLD_2_109,CA_2,11609,3.87
HOUSEHOLD_2_123,CA_2,11609,1.98
HOUSEHOLD_2_135,CA_2,11609,9.98
HOUSEHOLD_2_127,CA_2,11609,5.73
HOUSEHOLD_2_149,CA_2,11609,3.96
HOUSEHOLD_2_155,CA_2,11609,6.77
HOUSEHOLD_2_164,CA_2,11609,8.47
HOUSEHOLD_2_204,CA_2,11609,12.97
HOUSEHOLD_2_210,CA_2,11609,8.86
HOUSEHOLD_2_230,CA_2,11609,2.48
HOUSEHOLD_2_225,CA_2,11609,0.93
HOUSEHOLD_2_232,CA_2,11609,4.78
HOUSEHOLD_2_245,CA_2,11609,1.97
HOUSEHOLD_2_258,CA_2,11609,3.97
HOUSEHOLD_2_279,CA_2,11609,4.44
HOUSEHOLD_2_277,CA_2,11609,3.33
HOUSEHOLD_2_295,CA_2,11609,5.97
HOUSEHOLD_2_292,CA_2,11609,9.97
HOUSEHOLD_2_291,CA_2,11609,4.97
HOUSEHOLD_2_302,CA_2,11609,2.98
HOUSEHOLD_2_328,CA_2,11609,7.47
HOUSEHOLD_2_339,CA_2,11609,6.46
HOUSEHOLD_2_363,CA_2,11609,5.98
HOUSEHOLD_2_364,CA_2,11609,5.68
HOUSEHOLD_2_373,CA_2,11609,4.66
HOUSEHOLD_2_375,CA_2,11609,6.77
HOUSEHOLD_2_387,CA_2,11609,5.97
HOUSEHOLD_2_402,CA_2,11609,8.97
HOUSEHOLD_2_417,CA_2,11609,3.97
HOUSEHOLD_2_418,CA_2,11609,2.78
HOUSEHOLD_2_425,CA_2,11609,8.44
HOUSEHOLD_2_440,CA_2,11609,0.97
HOUSEHOLD_2_461,CA_2,11609,9.97
HOUSEHOLD_2_454,CA_2,11609,7.97
HOUSEHOLD_2_468,CA_2,11609,8.97
HOUSEHOLD_2_474,CA_2,11609,7.76
HOBBIES_1_395,TX_2,11609,7.48
HOBBIES_1_392,TX_2,11609,12.98
HOBBIES_1_405,TX_2,11609,12.68
HOBBIES_1_407,TX_2,11609,2.5
HOBBIES_1_408,TX_2,11609,0.6
HOBBIES_1_413,TX_2,11609,4.86
HOBBIES_1_414,TX_2,11609,7.22
HOBBIES_2_004,TX_2,11609,2.47
HOBBIES_2_003,TX_2,11609,1.97
HOBBIES_2_008,TX_2,11609,3.88
HOBBIES_2_011,TX_2,11609,0.97
HOBBIES_2_014,TX_2,11609,0.97
HOBBIES_2_010,TX_2,11609,0.97
HOBBIES_2_022,TX_2,11609,4.97
HOBBIES_2_034,TX_2,11609,2.5
HOBBIES_2_036,TX_2,11609,0.88
HOBBIES_2_030,TX_2,11609,0.97
HOBBIES_2_051,TX_2,11609,1.97
HOBBIES_2_050,TX_2,11609,1.97
HOBBIES_2_062,TX_2,11609,5.88
HOBBIES_2_070,TX_2,11609,9.97
HOBBIES_2_077,TX_2,11609,9.97
HOBBIES_2_087,TX_2,11609,0.97
HOBBIES_2_113,TX_2,11609,5.97
HOBBIES_2_110,TX_2,11609,5.97
HOBBIES_2_117,TX_2,11609,2.88
HOBBIES_2_114,TX_2,11609,1.97
HOBBIES_2_130,TX_2,11609,6.97
HOBBIES_2_137,TX_2,11609,2.97
HOBBIES_2_145,TX_2,11609,2.88
HOBBIES_2_146,TX_2,11609,1.97
HOBBIES_2_143,TX_2,11609,0.97
HOBBIES_2_141,TX_2,11609,0.5
HOUSEHOLD_1_003,TX_2,11609,8.97
HOUSEHOLD_1_011,TX_2,11609,4.63
HOUSEHOLD_1_025,TX_2,11609,2.98
HOUSEHOLD_1_017,TX_2,11609,4.94
HOUSEHOLD_1_048,TX_2,11609,2.84
HOUSEHOLD_1_054,TX_2,11609,3.92
HOUSEHOLD_1_061,TX_2,11609,1.83
HOUSEHOLD_1_074,TX_2,11609,4.94
HOUSEHOLD_1_075,TX_2,11609,2.73
HOUSEHOLD_1_088,TX_2,11609,5.97
HOUSEHOLD_1_089,TX_2,11609,4.96
HOUSEHOLD_1_106,TX_2,11609,9.46
HOUSEHOLD_1_114,TX_2,11609,0.97
HOUSEHOLD_1_113,TX_2,11609,5.74
HOUSEHOLD_1_121,TX_2,11609,2.48
HOUSEHOLD_1_133,TX_2,11609,3.12
HOUSEHOLD_1_170,TX_2,11609,1.98
HOUSEHOLD_1_176,TX_2,11609,3.87
HOUSEHOLD_1_178,TX_2,11609,4.47
HOUSEHOLD_1_184,TX_2,11609,11.97
HOUSEHOLD_1_186,TX_2,11609,2.97
HOUSEHOLD_1_194,TX_2,11609,4.98
HOUSEHOLD_1_234,TX_2,11609,0.97
HOUSEHOLD_1_235,TX_2,11609,3.47
HOUSEHOLD_1_231,TX_2,11609,2.97
HOUSEHOLD_1_244,TX_2,11609,2.96
HOUSEHOLD_1_254,TX_2,11609,0.97
HOUSEHOLD_1_262,TX_2,11609,0.97
HOUSEHOLD_1_268,TX_2,11609,8.37
HOUSEHOLD_1_280,TX_2,11609,4.97
HOUSEHOLD_1_277,TX_2,11609,0.96
HOUSEHOLD_1_274,TX_2,11609,4.94
HOUSEHOLD_1_282,TX_2,11609,3.98
HOUSEHOLD_1_302,TX_2,11609,7.93
HOUSEHOLD_1_331,TX_2,11609,4.88
HOUSEHOLD_1_325,TX_2,11609,3.28
HOUSEHOLD_1_333,TX_2,11609,2.97
HOUSEHOLD_1_336,TX_2,11609,4.87
HOUSEHOLD_1_334,TX_2,11609,0.96
HOUSEHOLD_1_344,TX_2,11609,7.93
HOUSEHOLD_1_362,TX_2,11609,7.97
HOUSEHOLD_1_381,TX_2,11609,4.97
HOUSEHOLD_1_383,TX_2,11609,3.24
HOUSEHOLD_1_382,TX_2,11609,2.28
HOUSEHOLD_1_396,TX_2,11609,3.97
HOUSEHOLD_1_398,TX_2,11609,2.84
HOUSEHOLD_1_400,TX_2,11609,6.97
HOUSEHOLD_1_415,TX_2,11609,12.58
HOUSEHOLD_1_412,TX_2,11609,18.87
HOUSEHOLD_1_421,TX_2,11609,5.88
HOUSEHOLD_1_418,TX_2,11609,0.96
HOUSEHOLD_1_432,TX_2,11609,3.88
HOUSEHOLD_1_426,TX_2,11609,2.62
HOUSEHOLD_1_431,TX_2,11609,7.48
HOUSEHOLD_1_441,TX_2,11609,2.77
HOUSEHOLD_1_452,TX_2,11609,2.97
HOUSEHOLD_1_461,TX_2,11609,0.97
HOUSEHOLD_1_462,TX_2,11609,1.87
HOUSEHOLD_1_458,TX_2,11609,2.27
HOUSEHOLD_1_463,TX_2,11609,2.98
HOUSEHOLD_1_475,TX_2,11609,2.67
HOUSEHOLD_1_476,TX_2,11609,4.84
HOUSEHOLD_1_488,TX_2,11609,9.98
HOUSEHOLD_1_498,TX_2,11609,3.28
HOUSEHOLD_1_496,TX_2,11609,7.93
HOUSEHOLD_1_517,TX_2,11609,0.88
HOUSEHOLD_1_529,TX_2,11609,2.97
HOUSEHOLD_1_530,TX_2,11609,1.88
HOUSEHOLD_2_001,TX_2,11609,6.77
HOUSEHOLD_2_004,TX_2,11609,5.67
HOUSEHOLD_2_028,TX_2,11609,5.94
HOUSEHOLD_2_042,TX_2,11609,4.28
HOUSEHOLD_2_059,TX_2,11609,3.48
HOUSEHOLD_2_062,TX_2,11609,2.94
HOUSEHOLD_2_060,TX_2,11609,7.96
HOUSEHOLD_2_073,TX_2,11609,20.97
HOUSEHOLD_2_066,TX_2,11609,6.94
HOUSEHOLD_2_084,TX_2,11609,4.27
HOUSEHOLD_2_083,TX_2,11609,9.97
HOUSEHOLD_2_124,TX_2,11609,5.28
HOUSEHOLD_2_137,TX_2,11609,2.94
HOUSEHOLD_2_141,TX_2,11609,4.98
HOUSEHOLD_2_159,TX_2,11609,3.93
HOUSEHOLD_2_156,TX_2,11609,7.43
HOUSEHOLD_2_179,TX_2,11609,5.97
HOUSEHOLD_2_173,TX_2,11609,6.46
HOUSEHOLD_2_184,TX_2,11609,1.97
HOUSEHOLD_2_202,TX_2,11609,8.86
HOUSEHOLD_2_212,TX_2,11609,2.67
HOUSEHOLD_2_216,TX_2,11609,6.94
HOUSEHOLD_2_219,TX_2,11609,3.48
HOUSEHOLD_2_220,TX_2,11609,6.96
HOUSEHOLD_2_223,TX_2,11609,14.97
HOUSEHOLD_2_218,TX_2,11609,10.97
HOUSEHOLD_2_233,TX_2,11609,12.47
HOUSEHOLD_2_229,TX_2,11609,4.78
HOUSEHOLD_2_235,TX_2,11609,7.47
HOUSEHOLD_2_248,TX_2,11609,8.97
HOUSEHOLD_2_259,TX_2,11609,7.97
HOUSEHOLD_2_261,TX_2,11609,6.96
HOUSEHOLD_2_263,TX_2,11609,5.47
HOUSEHOLD_2_273,TX_2,11609,5.24
HOUSEHOLD_2_266,TX_2,11609,2.97
HOUSEHOLD_2_275,TX_2,11609,5.27
HOUSEHOLD_2_288,TX_2,11609,3.97
HOUSEHOLD_2_293,TX_2,11609,7.47
HOUSEHOLD_2_296,TX_2,11609,4.78
HOUSEHOLD_2_308,TX_2,11609,3.94
HOUSEHOLD_2_303,TX_2,11609,6.94
HOUSEHOLD_2_309,TX_2,11609,2.46
HOUSEHOLD_2_347,TX_2,11609,8.94
HOUSEHOLD_2_350,TX_2,11609,2.94
HOUSEHOLD_2_354,TX_2,11609,0.97
HOUSEHOLD_2_353,TX_2,11609,4.78
HOUSEHOLD_2_358,TX_2,11609,4.97
HOUSEHOLD_2_359,TX_2,11609,9.94
HOUSEHOLD_2_380,TX_2,11609,5.27
HOUSEHOLD_2_384,TX_2,11609,5.84
HOUSEHOLD_2_381,TX_2,11609,5.94
HOUSEHOLD_2_388,TX_2,11609,6.94
HOUSEHOLD_2_393,TX_2,11609,5.88
FOODS_2_102,WI_2,11609,10.97
FOODS_2_117,WI_2,11609,5.97
FOODS_2_120,WI_2,11609,2.72
FOODS_2_127,WI_2,11609,7.47
FOODS_2_129,WI_2,11609,9.48
FOODS_2_164,WI_2,11609,3.18
FOODS_2_166,WI_2,11609,1.87
FOODS_2_189,WI_2,11609,2.5
FOODS_2_195,WI_2,11609,3.47
FOODS_2_190,WI_2,11609,2.5
FOODS_2_199,WI_2,11609,1.0
FOODS_2_208,WI_2,11609,6.98
FOODS_2_210,WI_2,11609,3.74
FOODS_2_217,WI_2,11609,3.98
FOODS_2_236,WI_2,11609,2.98
FOODS_2_243,WI_2,11609,7.98
FOODS_2_256,WI_2,11609,6.36
FOODS_2_267,WI_2,11609,1.97
FOODS_2_274,WI_2,11609,6.98
FOODS_2_268,WI_2,11609,3.76
FOODS_2_273,WI_2,11609,2.5
FOODS_2_283,WI_2,11609,1.48
FOODS_2_281,WI_2,11609,7.98
FOODS_2_284,WI_2,11609,2.47
FOODS_2_297,WI_2,11609,3.5
FOODS_2_292,WI_2,11609,3.28
FOODS_2_308,WI_2,11609,2.82
FOODS_2_335,WI_2,11609,3.67
FOODS_2_348,WI_2,11609,5.98
FOODS_2_342,WI_2,11609,5.98
FOODS_2_390,WI_2,11609,7.16
FOODS_2_398,WI_2,11609,2.43
FOODS_2_395,WI_2,11609,3.48
FOODS_2_393,WI_2,11609,3.98
FOODS_3_017,WI_2,11609,1.98
FOODS_3_025,WI_2,11609,2.88
FOODS_3_031,WI_2,11609,4.68
FOODS_3_050,WI_2,11609,2.18
FOODS_3_045,WI_2,11609,3.98
FOODS_3_074,WI_2,11609,4.48
FOODS_3_082,WI_2,11609,1.98
FOODS_3_083,WI_2,11609,18.73
FOODS_3_086,WI_2,11609,1.0
FOODS_3_085,WI_2,11609,2.98
FOODS_3_095,WI_2,11609,4.98
FOODS_3_097,WI_2,11609,2.24
FOODS_3_115,WI_2,11609,4.44
FOODS_3_112,WI_2,11609,2.98
FOODS_3_118,WI_2,11609,1.18
FOODS_3_126,WI_2,11609,3.78
FOODS_3_129,WI_2,11609,2.68
FOODS_3_141,WI_2,11609,2.98
FOODS_3_144,WI_2,11609,1.98
FOODS_3_142,WI_2,11609,3.98
FOODS_3_137,WI_2,11609,2.56
FOODS_3_148,WI_2,11609,0.94
FOODS_3_162,WI_2,11609,1.98
FOODS_3_159,WI_2,11609,2.98
FOODS_3_174,WI_2,11609,6.18
FOODS_3_163,WI_2,11609,2.24
FOODS_3_168,WI_2,11609,3.65
FOODS_3_167,WI_2,11609,1.98
FOODS_3_170,WI_2,11609,1.98
FOODS_3_166,WI_2,11609,1.0
FOODS_3_177,WI_2,11609,2.98
FOODS_3_189,WI_2,11609,2.56
FOODS_3_197,WI_2,11609,1.98
FOODS_3_217,WI_2,11609,2.98
FOODS_3_252,WI_2,11609,1.58
FOODS_3_253,WI_2,11609,1.98
FOODS_3_258,WI_2,11609,1.34
FOODS_3_286,WI_2,11609,3.98
FOODS_3_301,WI_2,11609,1.98
FOODS_3_313,WI_2,11609,1.97
FOODS_3_316,WI_2,11609,2.56
FOODS_3_312,WI_2,11609,2.88
FOODS_3_324,WI_2,11609,3.0
FOODS_3_329,WI_2,11609,2.98
FOODS_3_355,WI_2,11609,0.94
FOODS_3_350,WI_2,11609,2.98
FOODS_3_376,WI_2,11609,1.0
FOODS_3_379,WI_2,11609,1.97
FOODS_3_393,WI_2,11609,3.56
FOODS_3_394,WI_2,11609,2.98
FOODS_3_400,WI_2,11609,2.98
FOODS_3_401,WI_2,11609,1.98
FOODS_3_399,WI_2,11609,3.56
FOODS_3_413,WI_2,11609,1.0
FOODS_3_416,WI_2,11609,2.68
FOODS_3_422,WI_2,11609,1.88
FOODS_3_447,WI_2,11609,1.74
FOODS_3_453,WI_2,11609,2.98
FOODS_3_463,WI_2,11609,6.0
FOODS_3_472,WI_2,11609,1.97
FOODS_3_479,WI_2,11609,1.0
FOODS_3_502,WI_2,11609,2.56
FOODS_3_516,WI_2,11609,3.78
FOODS_3_512,WI_2,11609,1.98
FOODS_3_525,WI_2,11609,2.0
FOODS_3_527,WI_2,11609,4.98
FOODS_3_539,WI_2,11609,2.98
FOODS_3_546,WI_2,11609,5.98
FOODS_3_543,WI_2,11609,3.48
FOODS_3_564,WI_2,11609,1.74
FOODS_3_565,WI_2,11609,2.5
FOODS_3_571,WI_2,11609,9.44
FOODS_3_576,WI_2,11609,2.5
FOODS_3_600,WI_2,11609,2.56
FOODS_3_604,WI_2,11609,2.56
FOODS_3_616,WI_2,11609,2.98
FOODS_3_618,WI_2,11609,1.98
FOODS_3_626,WI_2,11609,3.98
FOODS_3_645,WI_2,11609,1.98
FOODS_3_663,WI_2,11609,1.74
FOODS_3_672,WI_2,11609,2.64
FOODS_3_686,WI_2,11609,3.57
FOODS_3_697,WI_2,11609,3.0
FOODS_3_693,WI_2,11609,3.48
FOODS_3_690,WI_2,11609,9.98
FOODS_3_718,WI_2,11609,1.48
FOODS_3_721,WI_2,11609,1.98
FOODS_3_757,WI_2,11609,2.68
FOODS_3_753,WI_2,11609,5.44
FOODS_3_775,WI_2,11609,3.78
FOODS_3_811,WI_2,11609,1.88
FOODS_3_810,WI_2,11609,2.56
FOODS_3_820,WI_2,11609,1.98
FOODS_3_817,WI_2,11609,2.94
FOODS_3_818,WI_2,11609,2.98
FOODS_3_815,WI_2,11609,2.48
FOODS_3_824,WI_2,11609,2.48
HOBBIES_1_008,WI_3,11609,0.48
HOBBIES_1_015,WI_3,11609,0.7
HOBBIES_1_017,WI_3,11609,1.98
HOBBIES_1_025,WI_3,11609,3.98
HOBBIES_1_036,WI_3,11609,1.12
HOBBIES_1_030,WI_3,11609,0.7
HOBBIES_1_047,WI_3,11609,1.77
HOBBIES_1_053,WI_3,11609,3.97
HOBBIES_1_063,WI_3,11609,5.47
HOBBIES_1_060,WI_3,11609,29.96
HOBBIES_1_057,WI_3,11609,4.88
HOBBIES_1_079,WI_3,11609,7.88
HOBBIES_1_080,WI_3,11609,0.57
HOBBIES_1_078,WI_3,11609,12.78
HOBBIES_1_081,WI_3,11609,14.72
HOBBIES_1_084,WI_3,11609,3.94
HOBBIES_1_082,WI_3,11609,3.78
HOBBIES_1_087,WI_3,11609,12.88
HOBBIES_1_092,WI_3,11609,2.38
HOBBIES_1_097,WI_3,11609,4.24
HOBBIES_1_105,WI_3,11609,6.68
HOBBIES_1_107,WI_3,11609,3.98
HOBBIES_1_116,WI_3,11609,6.47
HOBBIES_1_127,WI_3,11609,1.22
HOBBIES_1_128,WI_3,11609,8.77
HOBBIES_1_151,WI_3,11609,5.47
HOBBIES_1_172,WI_3,11609,2.98
HOBBIES_1_175,WI_3,11609,1.97
HOBBIES_1_184,WI_3,11609,12.68
HOUSEHOLD_2_070,CA_1,11609,2.97
HOUSEHOLD_2_067,CA_1,11609,0.97
HOUSEHOLD_2_074,CA_1,11609,0.96
HOUSEHOLD_2_076,CA_1,11609,8.97
HOUSEHOLD_2_089,CA_1,11609,3.48
HOUSEHOLD_2_107,CA_1,11609,11.97
HOUSEHOLD_2_108,CA_1,11609,8.88
HOUSEHOLD_2_109,CA_1,11609,3.87
HOUSEHOLD_2_123,CA_1,11609,1.98
HOUSEHOLD_2_135,CA_1,11609,9.98
HOUSEHOLD_2_127,CA_1,11609,5.73
HOUSEHOLD_2_149,CA_1,11609,3.96
HOUSEHOLD_2_155,CA_1,11609,6.77
HOUSEHOLD_2_164,CA_1,11609,8.47
HOUSEHOLD_2_204,CA_1,11609,12.97
HOUSEHOLD_2_210,CA_1,11609,8.86
HOUSEHOLD_2_230,CA_1,11609,2.48
HOUSEHOLD_2_225,CA_1,11609,0.93
HOUSEHOLD_2_232,CA_1,11609,4.78
HOUSEHOLD_2_245,CA_1,11609,1.97
HOUSEHOLD_2_258,CA_1,11609,3.97
HOUSEHOLD_2_279,CA_1,11609,4.44
HOUSEHOLD_2_277,CA_1,11609,3.33
HOUSEHOLD_2_292,CA_1,11609,9.97
HOUSEHOLD_2_295,CA_1,11609,5.97
HOUSEHOLD_2_291,CA_1,11609,4.97
HOUSEHOLD_2_302,CA_1,11609,2.98
HOUSEHOLD_2_328,CA_1,11609,7.47
HOUSEHOLD_2_339,CA_1,11609,6.46
HOUSEHOLD_2_363,CA_1,11609,5.98
HOUSEHOLD_2_364,CA_1,11609,5.68
HOUSEHOLD_2_375,CA_1,11609,6.77
HOUSEHOLD_2_373,CA_1,11609,4.66
HOUSEHOLD_2_387,CA_1,11609,5.97
HOUSEHOLD_2_402,CA_1,11609,8.97
HOUSEHOLD_2_417,CA_1,11609,3.97
HOUSEHOLD_2_418,CA_1,11609,2.78
HOUSEHOLD_2_425,CA_1,11609,8.44
HOUSEHOLD_2_440,CA_1,11609,0.97
HOUSEHOLD_2_461,CA_1,11609,9.97
HOUSEHOLD_2_454,CA_1,11609,7.97
HOUSEHOLD_2_468,CA_1,11609,8.97
HOUSEHOLD_2_474,CA_1,11609,7.76
HOUSEHOLD_2_485,CA_1,11609,6.97
HOUSEHOLD_2_497,CA_1,11609,6.48
HOUSEHOLD_2_511,CA_1,11609,2.74
HOUSEHOLD_2_507,CA_1,11609,6.97
FOODS_1_003,CA_1,11609,3.23
FOODS_1_016,CA_1,11609,2.26
FOODS_1_017,CA_1,11609,2.24
FOODS_1_024,CA_1,11609,4.86
FOODS_1_029,CA_1,11609,4.27
FOODS_1_028,CA_1,11609,2.98
FOODS_1_040,CA_1,11609,1.78
FOODS_1_048,CA_1,11609,5.98
FOODS_1_105,CA_1,11609,1.98
FOODS_1_125,CA_1,11609,5.28
FOODS_1_128,CA_1,11609,4.27
FOODS_1_176,CA_1,11609,3.48
FOODS_1_183,CA_1,11609,2.98
FOODS_1_181,CA_1,11609,1.38
FOODS_1_182,CA_1,11609,2.28
FOODS_1_194,CA_1,11609,4.86
FOODS_1_189,CA_1,11609,2.24
FOODS_1_204,CA_1,11609,0.98
FOODS_2_001,CA_1,11609,2.0
FOODS_2_003,CA_1,11609,2.28
FOODS_2_005,CA_1,11609,3.94
FOODS_2_010,CA_1,11609,2.5
FOODS_2_004,CA_1,11609,3.94
FOODS_2_013,CA_1,11609,2.0
FOODS_2_020,CA_1,11609,2.5
FOODS_2_016,CA_1,11609,1.25
FOODS_2_022,CA_1,11609,6.98
FOODS_2_042,CA_1,11609,2.18
FOODS_2_039,CA_1,11609,4.98
FOODS_2_064,CA_1,11609,2.28
FOODS_2_057,CA_1,11609,3.98
FOODS_2_065,CA_1,11609,1.0
FOODS_2_068,CA_1,11609,7.98
FOODS_2_070,CA_1,11609,5.98
FOODS_2_075,CA_1,11609,2.38
FOODS_2_093,CA_1,11609,2.5
FOODS_2_101,CA_1,11609,5.98
FOODS_2_105,CA_1,11609,3.44
FOODS_2_116,CA_1,11609,2.0
FOODS_2_133,CA_1,11609,2.5
FOODS_2_135,CA_1,11609,2.48
FOODS_2_154,CA_1,11609,13.97
FOODS_2_156,CA_1,11609,1.48
FOODS_2_163,CA_1,11609,2.5
FOODS_2_161,CA_1,11609,7.47
FOODS_2_162,CA_1,11609,2.97
FOODS_2_170,CA_1,11609,3.28
FOODS_2_181,CA_1,11609,2.0
FOODS_2_182,CA_1,11609,2.0
FOODS_2_184,CA_1,11609,4.93
FOODS_2_180,CA_1,11609,2.48
FOODS_2_178,CA_1,11609,2.5
FOODS_2_187,CA_1,11609,5.0
FOODS_2_197,CA_1,11609,3.42
FOODS_2_219,CA_1,11609,2.5
FOODS_2_222,CA_1,11609,2.57
FOODS_2_226,CA_1,11609,7.98
FOODS_2_227,CA_1,11609,4.48
FOODS_2_258,CA_1,11609,3.22
FOODS_2_279,CA_1,11609,2.57
FOODS_2_277,CA_1,11609,1.28
FOODS_2_285,CA_1,11609,3.98
FOODS_2_294,CA_1,11609,1.0
FOODS_2_305,CA_1,11609,8.96
FOODS_2_326,CA_1,11609,1.0
FOODS_2_325,CA_1,11609,1.25
FOODS_2_337,CA_1,11609,5.92
FOODS_2_349,CA_1,11609,5.98
FOODS_2_350,CA_1,11609,5.08
FOODS_2_378,CA_1,11609,3.66
FOODS_2_383,CA_1,11609,2.0
FOODS_2_392,CA_1,11609,4.98
FOODS_2_397,CA_1,11609,3.28
FOODS_3_011,CA_1,11609,1.98
FOODS_3_014,CA_1,11609,1.98
FOODS_3_030,CA_1,11609,1.48
FOODS_3_043,CA_1,11609,2.56
FOODS_3_044,CA_1,11609,2.88
FOODS_3_054,CA_1,11609,2.18
FOODS_3_065,CA_1,11609,3.98
FOODS_3_069,CA_1,11609,2.98
HOUSEHOLD_1_010,CA_4,11609,3.17
HOUSEHOLD_1_021,CA_4,11609,1.94
HOUSEHOLD_1_024,CA_4,11609,1.47
HOUSEHOLD_1_042,CA_4,11609,9.97
HOUSEHOLD_1_046,CA_4,11609,3.78
HOUSEHOLD_1_047,CA_4,11609,4.23
HOUSEHOLD_1_065,CA_4,11609,0.98
HOUSEHOLD_1_081,CA_4,11609,7.98
HOUSEHOLD_1_096,CA_4,11609,3.97
HOUSEHOLD_1_098,CA_4,11609,7.98
HOUSEHOLD_1_125,CA_4,11609,5.72
HOUSEHOLD_1_127,CA_4,11609,7.98
HOUSEHOLD_1_130,CA_4,11609,6.42
HOUSEHOLD_1_138,CA_4,11609,4.94
HOUSEHOLD_1_142,CA_4,11609,6.27
HOUSEHOLD_1_150,CA_4,11609,12.48
HOUSEHOLD_1_152,CA_4,11609,9.98
HOUSEHOLD_1_162,CA_4,11609,5.97
HOUSEHOLD_1_157,CA_4,11609,4.47
HOUSEHOLD_1_154,CA_4,11609,2.96
HOUSEHOLD_1_172,CA_4,11609,1.96
HOUSEHOLD_1_180,CA_4,11609,2.88
HOUSEHOLD_1_204,CA_4,11609,1.88
HOUSEHOLD_1_201,CA_4,11609,4.84
HOUSEHOLD_1_214,CA_4,11609,1.87
HOUSEHOLD_1_220,CA_4,11609,1.83
HOUSEHOLD_1_224,CA_4,11609,7.97
HOUSEHOLD_1_229,CA_4,11609,2.96
HOUSEHOLD_1_223,CA_4,11609,9.47
HOUSEHOLD_1_239,CA_4,11609,3.97
HOUSEHOLD_1_243,CA_4,11609,1.97
HOUSEHOLD_1_263,CA_4,11609,7.42
HOUSEHOLD_1_258,CA_4,11609,2.97
HOUSEHOLD_1_271,CA_4,11609,2.98
HOUSEHOLD_1_289,CA_4,11609,5.22
HOUSEHOLD_1_288,CA_4,11609,7.93
HOUSEHOLD_1_297,CA_4,11609,7.94
HOUSEHOLD_1_309,CA_4,11609,6.88
HOUSEHOLD_1_330,CA_4,11609,2.42
HOUSEHOLD_1_339,CA_4,11609,0.97
HOUSEHOLD_1_350,CA_4,11609,2.74
HOUSEHOLD_1_365,CA_4,11609,4.17
HOUSEHOLD_1_377,CA_4,11609,8.96
HOUSEHOLD_1_399,CA_4,11609,0.97
HOUSEHOLD_1_408,CA_4,11609,5.48
HOUSEHOLD_1_407,CA_4,11609,5.24
HOUSEHOLD_1_409,CA_4,11609,2.94
HOUSEHOLD_1_405,CA_4,11609,2.98
HOUSEHOLD_1_416,CA_4,11609,3.88
HOUSEHOLD_1_425,CA_4,11609,1.97
HOUSEHOLD_1_428,CA_4,11609,7.97
HOUSEHOLD_1_424,CA_4,11609,2.97
HOUSEHOLD_1_423,CA_4,11609,2.96
HOUSEHOLD_1_439,CA_4,11609,0.98
HOUSEHOLD_1_446,CA_4,11609,3.93
HOUSEHOLD_1_447,CA_4,11609,0.97
HOUSEHOLD_1_448,CA_4,11609,0.97
HOUSEHOLD_1_442,CA_4,11609,8.97
HOUSEHOLD_1_449,CA_4,11609,15.72
HOUSEHOLD_1_444,CA_4,11609,4.88
HOUSEHOLD_1_454,CA_4,11609,2.97
HOUSEHOLD_1_466,CA_4,11609,3.96
HOUSEHOLD_1_467,CA_4,11609,11.98
HOUSEHOLD_1_490,CA_4,11609,12.97
HOUSEHOLD_1_497,CA_4,11609,15.72
HOUSEHOLD_1_507,CA_4,11609,1.77
HOUSEHOLD_1_504,CA_4,11609,3.38
HOUSEHOLD_1_513,CA_4,11609,9.97
HOUSEHOLD_1_509,CA_4,11609,3.12
HOUSEHOLD_1_522,CA_4,11609,1.73
HOUSEHOLD_1_524,CA_4,11609,3.97
HOUSEHOLD_1_531,CA_4,11609,7.93
HOUSEHOLD_2_003,CA_4,11609,8.94
HOUSEHOLD_1_538,CA_4,11609,3.48
HOUSEHOLD_2_005,CA_4,11609,5.47
HOUSEHOLD_2_015,CA_4,11609,4.44
HOUSEHOLD_2_021,CA_4,11609,4.47
HOUSEHOLD_2_013,CA_4,11609,5.94
HOUSEHOLD_2_017,CA_4,11609,3.72
HOUSEHOLD_2_024,CA_4,11609,2.22
HOUSEHOLD_2_035,CA_4,11609,5.94
HOUSEHOLD_2_053,CA_4,11609,1.97
HOUSEHOLD_2_061,CA_4,11609,2.97
HOUSEHOLD_2_069,CA_4,11609,10.83
HOUSEHOLD_2_079,CA_4,11609,4.47
HOUSEHOLD_2_103,CA_4,11609,1.97
HOUSEHOLD_2_116,CA_4,11609,5.64
HOUSEHOLD_2_110,CA_4,11609,3.17
HOUSEHOLD_2_120,CA_4,11609,7.94
HOUSEHOLD_2_136,CA_4,11609,4.87
HOUSEHOLD_2_153,CA_4,11609,9.94
HOUSEHOLD_2_163,CA_4,11609,7.98
HOUSEHOLD_2_160,CA_4,11609,3.93
HOUSEHOLD_2_161,CA_4,11609,10.97
HOUSEHOLD_2_165,CA_4,11609,5.84
HOUSEHOLD_2_174,CA_4,11609,3.97
HOUSEHOLD_2_176,CA_4,11609,4.97
HOUSEHOLD_2_177,CA_4,11609,2.98
HOUSEHOLD_2_180,CA_4,11609,2.84
HOUSEHOLD_2_192,CA_4,11609,1.97
HOUSEHOLD_2_199,CA_4,11609,3.93
HOUSEHOLD_2_239,CA_4,11609,1.24
HOUSEHOLD_2_244,CA_4,11609,3.97
HOUSEHOLD_2_254,CA_4,11609,4.44
HOUSEHOLD_2_256,CA_4,11609,5.94
HOUSEHOLD_2_257,CA_4,11609,5.73
HOUSEHOLD_2_252,CA_4,11609,6.97
HOUSEHOLD_2_262,CA_4,11609,4.97
HOUSEHOLD_2_271,CA_4,11609,4.78
HOUSEHOLD_2_278,CA_4,11609,10.98
HOUSEHOLD_2_281,CA_4,11609,5.27
HOUSEHOLD_2_289,CA_4,11609,5.74
HOUSEHOLD_2_306,CA_4,11609,3.96
HOUSEHOLD_2_317,CA_4,11609,4.44
HOUSEHOLD_2_316,CA_4,11609,7.24
HOUSEHOLD_2_312,CA_4,11609,3.97
HOUSEHOLD_2_321,CA_4,11609,5.24
HOUSEHOLD_2_329,CA_4,11609,2.72
HOUSEHOLD_2_361,CA_4,11609,6.94
HOUSEHOLD_2_374,CA_4,11609,2.98
HOUSEHOLD_2_376,CA_4,11609,3.82
HOUSEHOLD_2_391,CA_4,11609,12.94
HOUSEHOLD_2_406,CA_4,11609,12.46
HOUSEHOLD_2_405,CA_4,11609,5.64
HOUSEHOLD_2_415,CA_4,11609,2.48
HOUSEHOLD_2_419,CA_4,11609,5.47
HOUSEHOLD_2_441,CA_4,11609,4.94
HOUSEHOLD_2_455,CA_4,11609,7.74
HOUSEHOLD_2_451,CA_4,11609,3.42
HOUSEHOLD_2_462,CA_4,11609,7.97
HOUSEHOLD_2_459,CA_4,11609,19.54
HOUSEHOLD_2_466,CA_4,11609,6.46
HOUSEHOLD_2_479,CA_4,11609,5.94
HOUSEHOLD_2_491,CA_4,11609,6.96
HOUSEHOLD_2_493,CA_4,11609,1.94
HOUSEHOLD_2_499,CA_4,11609,1.97
HOUSEHOLD_2_506,CA_4,11609,6.97
HOUSEHOLD_2_512,CA_4,11609,3.97
FOODS_1_004,CA_4,11609,1.96
FOODS_1_013,CA_4,11609,1.5
FOODS_1_035,CA_4,11609,2.68
FOODS_1_057,CA_4,11609,2.24
FOODS_1_056,CA_4,11609,2.24
FOODS_1_069,CA_4,11609,2.68
FOODS_2_154,TX_3,11609,13.97
FOODS_2_156,TX_3,11609,1.32
FOODS_2_163,TX_3,11609,2.5
FOODS_2_161,TX_3,11609,7.47
FOODS_2_162,TX_3,11609,2.97
FOODS_2_170,TX_3,11609,2.83
FOODS_2_181,TX_3,11609,1.78
FOODS_2_182,TX_3,11609,2.0
FOODS_2_180,TX_3,11609,2.0
FOODS_2_178,TX_3,11609,2.5
FOODS_2_184,TX_3,11609,3.98
FOODS_2_187,TX_3,11609,5.0
FOODS_2_197,TX_3,11609,2.98
FOODS_2_219,TX_3,11609,2.5
FOODS_2_222,TX_3,11609,2.47
FOODS_2_227,TX_3,11609,4.48
FOODS_2_226,TX_3,11609,7.98
FOODS_2_258,TX_3,11609,3.22
FOODS_2_279,TX_3,11609,2.47
FOODS_2_277,TX_3,11609,1.28
FOODS_2_285,TX_3,11609,3.98
FOODS_2_294,TX_3,11609,1.0
FOODS_2_305,TX_3,11609,8.96
FOODS_2_325,TX_3,11609,1.25
FOODS_2_326,TX_3,11609,0.84
FOODS_2_337,TX_3,11609,5.92
FOODS_2_349,TX_3,11609,5.98
FOODS_2_350,TX_3,11609,4.74
FOODS_2_378,TX_3,11609,2.96
FOODS_2_383,TX_3,11609,1.87
FOODS_2_392,TX_3,11609,4.98
FOODS_2_397,TX_3,11609,2.83
FOODS_3_011,TX_3,11609,1.88
FOODS_3_014,TX_3,11609,1.98
FOODS_3_030,TX_3,11609,1.25
FOODS_3_043,TX_3,11609,2.56
FOODS_3_044,TX_3,11609,2.88
FOODS_3_054,TX_3,11609,2.18
FOODS_3_065,TX_3,11609,3.98
FOODS_3_069,TX_3,11609,2.98
FOODS_3_088,TX_3,11609,2.78
FOODS_3_102,TX_3,11609,1.98
FOODS_3_116,TX_3,11609,1.18
FOODS_3_150,TX_3,11609,1.88
FOODS_3_149,TX_3,11609,2.5
FOODS_3_165,TX_3,11609,3.27
FOODS_3_157,TX_3,11609,3.32
FOODS_3_175,TX_3,11609,6.98
FOODS_3_171,TX_3,11609,2.48
FOODS_3_182,TX_3,11609,1.98
FOODS_3_193,TX_3,11609,2.5
FOODS_3_207,TX_3,11609,1.98
FOODS_3_212,TX_3,11609,2.98
FOODS_3_206,TX_3,11609,2.58
FOODS_3_208,TX_3,11609,4.88
FOODS_3_219,TX_3,11609,1.48
FOODS_3_239,TX_3,11609,1.98
FOODS_3_244,TX_3,11609,9.86
FOODS_3_246,TX_3,11609,1.98
FOODS_3_251,TX_3,11609,2.98
FOODS_3_271,TX_3,11609,4.48
FOODS_3_273,TX_3,11609,2.24
FOODS_3_278,TX_3,11609,1.0
FOODS_3_305,TX_3,11609,4.68
FOODS_3_317,TX_3,11609,0.94
FOODS_3_321,TX_3,11609,1.48
FOODS_3_331,TX_3,11609,1.32
FOODS_3_341,TX_3,11609,3.98
FOODS_3_368,TX_3,11609,5.98
FOODS_3_370,TX_3,11609,6.98
FOODS_3_386,TX_3,11609,2.56
FOODS_3_381,TX_3,11609,2.98
FOODS_3_405,TX_3,11609,3.56
FOODS_3_406,TX_3,11609,0.8
FOODS_3_403,TX_3,11609,1.5
FOODS_3_432,TX_3,11609,3.98
FOODS_3_428,TX_3,11609,1.98
FOODS_3_443,TX_3,11609,2.5
FOODS_3_468,TX_3,11609,1.18
FOODS_3_466,TX_3,11609,3.78
FOODS_3_470,TX_3,11609,1.74
FOODS_3_475,TX_3,11609,1.0
FOODS_3_476,TX_3,11609,5.98
FOODS_3_481,TX_3,11609,3.88
FOODS_3_492,TX_3,11609,2.98
FOODS_3_487,TX_3,11609,1.68
FOODS_3_520,TX_3,11609,3.98
FOODS_3_515,TX_3,11609,2.88
FOODS_3_530,TX_3,11609,1.68
FOODS_3_542,TX_3,11609,2.56
FOODS_3_537,TX_3,11609,3.98
FOODS_3_550,TX_3,11609,2.98
FOODS_3_553,TX_3,11609,2.56
FOODS_3_555,TX_3,11609,1.68
FOODS_3_560,TX_3,11609,2.67
FOODS_3_570,TX_3,11609,1.78
FOODS_3_581,TX_3,11609,3.48
FOODS_3_585,TX_3,11609,3.98
FOODS_3_582,TX_3,11609,1.98
FOODS_3_596,TX_3,11609,3.0
FOODS_3_598,TX_3,11609,1.98
FOODS_3_597,TX_3,11609,2.84
FOODS_3_602,TX_3,11609,2.68
FOODS_3_621,TX_3,11609,1.5
FOODS_3_633,TX_3,11609,2.88
FOODS_3_639,TX_3,11609,1.98
FOODS_3_651,TX_3,11609,5.22
FOODS_3_652,TX_3,11609,3.98
FOODS_3_653,TX_3,11609,3.64
FOODS_3_660,TX_3,11609,1.68
FOODS_3_662,TX_3,11609,2.5
FOODS_3_675,TX_3,11609,1.98
FOODS_3_688,TX_3,11609,1.88
FOODS_3_726,TX_3,11609,2.56
FOODS_3_733,TX_3,11609,1.98
FOODS_3_735,TX_3,11609,2.0
FOODS_3_750,TX_3,11609,2.68
FOODS_3_745,TX_3,11609,2.18
FOODS_3_755,TX_3,11609,0.94
FOODS_3_751,TX_3,11609,4.98
FOODS_3_776,TX_3,11609,2.98
FOODS_3_773,TX_3,11609,4.98
FOODS_3_777,TX_3,11609,2.98
FOODS_3_793,TX_3,11609,2.98
FOODS_3_788,TX_3,11609,3.48
FOODS_3_808,TX_3,11609,1.0
FOODS_3_813,TX_3,11609,4.54
FOODS_3_821,TX_3,11609,4.98
HOBBIES_1_006,WI_1,11609,0.96
HOBBIES_1_013,WI_1,11609,1.97
HOBBIES_1_032,WI_1,11609,0.57
HOBBIES_1_034,WI_1,11609,4.86
HOBBIES_1_033,WI_1,11609,16.86
HOBBIES_1_039,WI_1,11609,5.88
HOBBIES_1_049,WI_1,11609,7.88
HOBBIES_1_058,WI_1,11609,8.82
HOBBIES_1_075,WI_1,11609,7.0
HOBBIES_1_077,WI_1,11609,9.46
HOBBIES_1_090,WI_1,11609,1.08
HOBBIES_1_102,WI_1,11609,4.98
HOBBIES_1_117,WI_1,11609,12.68
HOBBIES_1_124,WI_1,11609,5.98
HOBBIES_1_122,WI_1,11609,1.77
HOBBIES_1_134,WI_1,11609,3.87
HOBBIES_1_131,WI_1,11609,0.68
HOBBIES_1_144,WI_1,11609,11.28
HOBBIES_1_145,WI_1,11609,1.28
HOBBIES_1_148,WI_1,11609,4.88
HOBBIES_1_152,WI_1,11609,4.86
HOBBIES_1_165,WI_1,11609,4.97
HOBBIES_1_178,WI_1,11609,0.48
HOBBIES_1_185,WI_1,11609,3.24
HOBBIES_1_181,WI_1,11609,1.97
FOODS_3_305,WI_3,11609,4.68
FOODS_3_317,WI_3,11609,0.94
FOODS_3_321,WI_3,11609,1.48
FOODS_3_331,WI_3,11609,1.58
FOODS_3_341,WI_3,11609,3.98
FOODS_3_368,WI_3,11609,5.98
FOODS_3_370,WI_3,11609,6.98
FOODS_3_381,WI_3,11609,2.98
FOODS_3_386,WI_3,11609,2.56
FOODS_3_406,WI_3,11609,0.8
FOODS_3_405,WI_3,11609,3.56
FOODS_3_403,WI_3,11609,1.45
FOODS_3_432,WI_3,11609,3.98
FOODS_3_428,WI_3,11609,1.98
FOODS_3_443,WI_3,11609,2.5
FOODS_3_468,WI_3,11609,1.18
FOODS_3_470,WI_3,11609,1.74
FOODS_3_466,WI_3,11609,3.78
FOODS_3_475,WI_3,11609,1.0
FOODS_3_476,WI_3,11609,5.98
FOODS_3_481,WI_3,11609,3.88
FOODS_3_487,WI_3,11609,1.68
FOODS_3_492,WI_3,11609,2.98
FOODS_3_515,WI_3,11609,2.88
FOODS_3_520,WI_3,11609,3.98
FOODS_3_530,WI_3,11609,1.68
FOODS_3_542,WI_3,11609,2.56
FOODS_3_537,WI_3,11609,3.98
FOODS_3_550,WI_3,11609,2.98
FOODS_3_553,WI_3,11609,2.56
FOODS_3_555,WI_3,11609,1.68
FOODS_3_560,WI_3,11609,2.88
FOODS_3_570,WI_3,11609,1.78
FOODS_3_581,WI_3,11609,3.48
FOODS_3_582,WI_3,11609,1.98
FOODS_3_585,WI_3,11609,3.98
FOODS_3_596,WI_3,11609,3.0
FOODS_3_598,WI_3,11609,1.98
FOODS_3_597,WI_3,11609,2.84
FOODS_3_602,WI_3,11609,2.68
FOODS_3_621,WI_3,11609,1.5
FOODS_3_633,WI_3,11609,2.88
FOODS_3_639,WI_3,11609,1.98
FOODS_3_651,WI_3,11609,5.22
FOODS_3_652,WI_3,11609,3.98
FOODS_3_653,WI_3,11609,3.64
FOODS_3_660,WI_3,11609,1.68
FOODS_3_662,WI_3,11609,2.5
FOODS_3_675,WI_3,11609,1.78
FOODS_3_688,WI_3,11609,1.88
FOODS_3_726,WI_3,11609,2.56
FOODS_3_733,WI_3,11609,1.98
FOODS_3_735,WI_3,11609,2.0
FOODS_3_750,WI_3,11609,2.68
FOODS_3_745,WI_3,11609,2.18
FOODS_3_755,WI_3,11609,0.94
FOODS_3_751,WI_3,11609,4.98
FOODS_3_776,WI_3,11609,2.98
FOODS_3_773,WI_3,11609,4.98
FOODS_3_777,WI_3,11609,2.98
FOODS_3_793,WI_3,11609,2.98
FOODS_3_788,WI_3,11609,3.48
FOODS_3_808,WI_3,11609,0.94
FOODS_3_813,WI_3,11609,4.54
FOODS_3_821,WI_3,11609,4.98
HOUSEHOLD_2_485,CA_2,11609,6.97
HOUSEHOLD_2_497,CA_2,11609,6.48
HOUSEHOLD_2_507,CA_2,11609,6.97
HOUSEHOLD_2_511,CA_2,11609,2.74
FOODS_1_003,CA_2,11609,3.23
FOODS_1_016,CA_2,11609,2.26
FOODS_1_017,CA_2,11609,2.24
FOODS_1_024,CA_2,11609,4.86
FOODS_1_028,CA_2,11609,2.5
FOODS_1_029,CA_2,11609,4.27
FOODS_1_040,CA_2,11609,1.78
FOODS_1_048,CA_2,11609,5.98
FOODS_1_105,CA_2,11609,1.98
FOODS_1_128,CA_2,11609,4.27
FOODS_1_125,CA_2,11609,5.28
FOODS_1_176,CA_2,11609,3.48
FOODS_1_183,CA_2,11609,2.98
FOODS_1_182,CA_2,11609,2.28
FOODS_1_181,CA_2,11609,1.38
FOODS_1_194,CA_2,11609,4.86
FOODS_1_189,CA_2,11609,2.24
FOODS_1_204,CA_2,11609,0.98
FOODS_2_013,CA_2,11609,2.0
FOODS_2_004,CA_2,11609,3.94
FOODS_2_005,CA_2,11609,3.94
FOODS_2_003,CA_2,11609,2.28
FOODS_2_016,CA_2,11609,1.25
FOODS_2_010,CA_2,11609,2.5
FOODS_2_020,CA_2,11609,2.5
FOODS_2_001,CA_2,11609,2.0
FOODS_2_022,CA_2,11609,6.98
FOODS_2_039,CA_2,11609,4.98
FOODS_2_042,CA_2,11609,1.98
FOODS_2_057,CA_2,11609,3.98
FOODS_2_064,CA_2,11609,2.28
FOODS_2_065,CA_2,11609,1.0
FOODS_2_070,CA_2,11609,4.98
FOODS_2_068,CA_2,11609,7.98
FOODS_2_075,CA_2,11609,2.38
FOODS_2_101,CA_2,11609,5.98
FOODS_2_093,CA_2,11609,2.5
FOODS_2_116,CA_2,11609,2.0
FOODS_2_105,CA_2,11609,3.44
FOODS_2_135,CA_2,11609,2.48
FOODS_2_133,CA_2,11609,2.5
FOODS_2_156,CA_2,11609,1.48
FOODS_2_162,CA_2,11609,2.97
FOODS_2_154,CA_2,11609,13.97
FOODS_2_161,CA_2,11609,7.47
FOODS_2_163,CA_2,11609,2.5
FOODS_2_181,CA_2,11609,2.0
FOODS_2_170,CA_2,11609,3.28
FOODS_2_178,CA_2,11609,2.5
FOODS_2_180,CA_2,11609,2.48
FOODS_2_197,CA_2,11609,3.42
FOODS_2_182,CA_2,11609,2.0
FOODS_2_187,CA_2,11609,5.0
FOODS_2_184,CA_2,11609,4.93
FOODS_2_222,CA_2,11609,2.57
FOODS_2_226,CA_2,11609,7.98
FOODS_2_219,CA_2,11609,2.5
FOODS_2_227,CA_2,11609,4.48
FOODS_2_277,CA_2,11609,1.28
FOODS_2_279,CA_2,11609,2.57
FOODS_2_258,CA_2,11609,3.22
FOODS_2_285,CA_2,11609,3.98
FOODS_2_294,CA_2,11609,1.0
FOODS_2_305,CA_2,11609,8.96
FOODS_2_325,CA_2,11609,1.25
FOODS_2_326,CA_2,11609,1.0
FOODS_2_337,CA_2,11609,5.92
FOODS_2_349,CA_2,11609,5.98
FOODS_2_350,CA_2,11609,5.08
FOODS_2_378,CA_2,11609,3.66
FOODS_2_383,CA_2,11609,2.0
FOODS_2_392,CA_2,11609,4.98
FOODS_2_397,CA_2,11609,3.28
FOODS_3_011,CA_2,11609,1.98
FOODS_3_014,CA_2,11609,1.98
FOODS_3_030,CA_2,11609,1.48
FOODS_3_043,CA_2,11609,2.56
FOODS_3_054,CA_2,11609,1.94
FOODS_3_044,CA_2,11609,2.88
FOODS_3_065,CA_2,11609,3.98
FOODS_3_069,CA_2,11609,2.98
FOODS_3_088,CA_2,11609,2.78
FOODS_3_102,CA_2,11609,1.98
FOODS_3_116,CA_2,11609,1.18
FOODS_3_149,CA_2,11609,2.5
FOODS_3_150,CA_2,11609,1.98
FOODS_3_157,CA_2,11609,3.32
FOODS_3_165,CA_2,11609,3.82
FOODS_3_175,CA_2,11609,6.98
FOODS_3_171,CA_2,11609,2.48
FOODS_3_182,CA_2,11609,1.98
FOODS_3_193,CA_2,11609,2.5
FOODS_3_207,CA_2,11609,1.98
FOODS_3_206,CA_2,11609,2.58
FOODS_3_208,CA_2,11609,4.88
FOODS_3_212,CA_2,11609,2.98
FOODS_3_219,CA_2,11609,1.48
FOODS_3_239,CA_2,11609,1.98
FOODS_3_244,CA_2,11609,9.86
FOODS_3_246,CA_2,11609,1.98
FOODS_3_251,CA_2,11609,2.98
FOODS_3_271,CA_2,11609,4.48
FOODS_3_273,CA_2,11609,2.24
FOODS_3_278,CA_2,11609,1.0
FOODS_3_305,CA_2,11609,4.68
FOODS_3_317,CA_2,11609,0.94
FOODS_3_321,CA_2,11609,1.48
FOODS_3_331,CA_2,11609,1.58
FOODS_3_341,CA_2,11609,3.98
FOODS_3_368,CA_2,11609,5.98
FOODS_3_370,CA_2,11609,6.98
FOODS_3_386,CA_2,11609,2.56
FOODS_3_381,CA_2,11609,2.48
FOODS_3_405,CA_2,11609,3.56
FOODS_3_403,CA_2,11609,1.5
FOODS_3_406,CA_2,11609,0.8
FOODS_3_432,CA_2,11609,3.98
FOODS_3_428,CA_2,11609,1.98
FOODS_3_443,CA_2,11609,2.5
FOODS_3_468,CA_2,11609,1.18
FOODS_3_466,CA_2,11609,3.78
FOODS_3_470,CA_2,11609,1.74
FOODS_3_475,CA_2,11609,1.0
FOODS_3_476,CA_2,11609,5.98
FOODS_3_481,CA_2,11609,3.88
FOODS_3_492,CA_2,11609,2.98
FOODS_3_487,CA_2,11609,1.68
FOODS_3_515,CA_2,11609,2.88
FOODS_3_520,CA_2,11609,3.98
FOODS_3_537,CA_2,11609,3.98
FOODS_3_530,CA_2,11609,1.68
FOODS_3_550,CA_2,11609,2.98
FOODS_3_542,CA_2,11609,2.56
FOODS_3_555,CA_2,11609,1.68
FOODS_3_553,CA_2,11609,2.56
FOODS_3_560,CA_2,11609,2.88
FOODS_3_570,CA_2,11609,1.78
FOODS_3_582,CA_2,11609,1.98
FOODS_3_585,CA_2,11609,3.98
FOODS_3_581,CA_2,11609,3.48
FOODS_3_596,CA_2,11609,3.0
FOODS_3_597,CA_2,11609,2.84
FOODS_3_598,CA_2,11609,1.98
FOODS_3_602,CA_2,11609,2.68
FOODS_3_621,CA_2,11609,1.5
FOODS_3_639,CA_2,11609,1.98
FOODS_3_633,CA_2,11609,2.88
FOODS_3_651,CA_2,11609,5.22
FOODS_3_652,CA_2,11609,3.98
FOODS_3_653,CA_2,11609,3.64
FOODS_3_660,CA_2,11609,1.68
FOODS_3_662,CA_2,11609,2.5
FOODS_3_675,CA_2,11609,1.98
FOODS_3_688,CA_2,11609,1.88
FOODS_3_726,CA_2,11609,2.56
FOODS_3_733,CA_2,11609,1.98
FOODS_3_745,CA_2,11609,2.18
FOODS_3_735,CA_2,11609,2.0
FOODS_3_750,CA_2,11609,2.68
FOODS_3_751,CA_2,11609,4.98
FOODS_3_755,CA_2,11609,0.94
FOODS_3_776,CA_2,11609,2.98
FOODS_3_773,CA_2,11609,4.98
FOODS_3_777,CA_2,11609,2.98
FOODS_3_788,CA_2,11609,3.48
FOODS_3_793,CA_2,11609,2.98
FOODS_3_808,CA_2,11609,1.0
FOODS_3_813,CA_2,11609,4.54
FOODS_3_821,CA_2,11609,4.98
HOBBIES_1_002,CA_3,11609,3.97
HOBBIES_1_012,CA_3,11609,6.52
HOBBIES_1_016,CA_3,11609,0.7
HOBBIES_1_024,CA_3,11609,8.56
FOODS_1_088,CA_4,11609,5.28
FOODS_1_091,CA_4,11609,2.24
FOODS_1_119,CA_4,11609,3.54
FOODS_1_117,CA_4,11609,2.24
FOODS_1_123,CA_4,11609,3.54
FOODS_1_118,CA_4,11609,0.98
FOODS_1_134,CA_4,11609,1.98
FOODS_1_145,CA_4,11609,0.98
FOODS_1_161,CA_4,11609,0.98
FOODS_1_152,CA_4,11609,8.58
FOODS_1_167,CA_4,11609,4.86
FOODS_1_164,CA_4,11609,5.64
FOODS_1_169,CA_4,11609,3.48
FOODS_1_178,CA_4,11609,9.98
FOODS_1_171,CA_4,11609,4.89
FOODS_1_186,CA_4,11609,5.98
FOODS_1_200,CA_4,11609,0.98
FOODS_1_218,CA_4,11609,0.98
FOODS_2_015,CA_4,11609,2.5
FOODS_2_036,CA_4,11609,3.5
FOODS_2_035,CA_4,11609,5.0
FOODS_2_032,CA_4,11609,2.18
FOODS_2_053,CA_4,11609,7.27
FOODS_2_061,CA_4,11609,2.0
FOODS_2_072,CA_4,11609,2.5
FOODS_2_080,CA_4,11609,2.18
FOODS_2_076,CA_4,11609,10.97
FOODS_2_085,CA_4,11609,3.74
FOODS_2_084,CA_4,11609,2.97
FOODS_2_102,CA_4,11609,10.97
FOODS_2_120,CA_4,11609,2.72
FOODS_2_117,CA_4,11609,5.97
FOODS_2_127,CA_4,11609,7.47
FOODS_2_129,CA_4,11609,9.54
FOODS_2_164,CA_4,11609,3.18
FOODS_2_166,CA_4,11609,2.18
FOODS_2_189,CA_4,11609,2.5
FOODS_2_190,CA_4,11609,2.5
FOODS_2_199,CA_4,11609,1.0
FOODS_2_195,CA_4,11609,3.47
FOODS_2_208,CA_4,11609,6.98
FOODS_2_217,CA_4,11609,3.98
FOODS_2_210,CA_4,11609,3.74
FOODS_2_236,CA_4,11609,2.98
FOODS_2_243,CA_4,11609,7.98
FOODS_2_256,CA_4,11609,6.36
FOODS_2_267,CA_4,11609,1.97
FOODS_2_274,CA_4,11609,6.98
FOODS_2_273,CA_4,11609,2.5
FOODS_2_268,CA_4,11609,3.76
FOODS_2_281,CA_4,11609,7.98
FOODS_2_283,CA_4,11609,1.48
FOODS_2_284,CA_4,11609,2.47
FOODS_2_292,CA_4,11609,3.28
FOODS_2_297,CA_4,11609,3.5
FOODS_2_308,CA_4,11609,2.98
FOODS_2_335,CA_4,11609,3.67
FOODS_2_342,CA_4,11609,5.98
FOODS_2_348,CA_4,11609,5.98
FOODS_2_395,CA_4,11609,3.48
FOODS_2_393,CA_4,11609,3.98
FOODS_2_390,CA_4,11609,7.16
FOODS_2_398,CA_4,11609,2.43
FOODS_3_017,CA_4,11609,1.98
FOODS_3_025,CA_4,11609,2.88
FOODS_3_031,CA_4,11609,4.68
FOODS_3_050,CA_4,11609,2.18
FOODS_3_045,CA_4,11609,3.98
FOODS_3_074,CA_4,11609,4.48
FOODS_3_082,CA_4,11609,1.98
FOODS_3_083,CA_4,11609,18.73
FOODS_3_086,CA_4,11609,1.0
FOODS_3_085,CA_4,11609,2.98
FOODS_3_095,CA_4,11609,4.98
FOODS_3_097,CA_4,11609,2.24
FOODS_3_112,CA_4,11609,2.98
FOODS_3_115,CA_4,11609,4.68
FOODS_3_118,CA_4,11609,1.18
FOODS_3_126,CA_4,11609,3.78
FOODS_3_129,CA_4,11609,2.68
FOODS_3_141,CA_4,11609,2.98
FOODS_3_142,CA_4,11609,3.98
FOODS_3_137,CA_4,11609,2.56
FOODS_3_144,CA_4,11609,1.98
FOODS_3_148,CA_4,11609,0.94
FOODS_3_159,CA_4,11609,2.98
FOODS_3_162,CA_4,11609,1.98
FOODS_3_163,CA_4,11609,2.24
FOODS_3_168,CA_4,11609,3.65
FOODS_3_167,CA_4,11609,1.98
FOODS_3_170,CA_4,11609,1.98
FOODS_3_166,CA_4,11609,1.0
FOODS_3_174,CA_4,11609,6.18
FOODS_3_177,CA_4,11609,2.98
FOODS_3_189,CA_4,11609,2.56
FOODS_3_197,CA_4,11609,1.98
FOODS_3_217,CA_4,11609,2.98
FOODS_3_252,CA_4,11609,1.58
FOODS_3_258,CA_4,11609,1.78
FOODS_3_253,CA_4,11609,1.98
FOODS_3_286,CA_4,11609,3.98
FOODS_3_301,CA_4,11609,1.98
FOODS_3_313,CA_4,11609,1.97
FOODS_3_312,CA_4,11609,2.88
FOODS_3_316,CA_4,11609,2.56
FOODS_3_324,CA_4,11609,3.0
FOODS_3_329,CA_4,11609,2.98
FOODS_3_355,CA_4,11609,0.94
FOODS_3_350,CA_4,11609,2.98
FOODS_3_376,CA_4,11609,1.0
FOODS_3_379,CA_4,11609,1.97
FOODS_3_394,CA_4,11609,2.98
FOODS_3_393,CA_4,11609,3.56
FOODS_3_400,CA_4,11609,2.98
FOODS_3_401,CA_4,11609,1.98
FOODS_3_399,CA_4,11609,3.5
FOODS_3_413,CA_4,11609,1.0
FOODS_3_416,CA_4,11609,2.68
FOODS_3_422,CA_4,11609,1.98
FOODS_3_447,CA_4,11609,1.74
FOODS_3_453,CA_4,11609,2.98
FOODS_3_463,CA_4,11609,6.0
FOODS_3_472,CA_4,11609,1.97
FOODS_3_479,CA_4,11609,1.0
FOODS_3_502,CA_4,11609,2.56
FOODS_3_516,CA_4,11609,3.78
FOODS_3_512,CA_4,11609,1.98
FOODS_3_525,CA_4,11609,2.0
FOODS_3_527,CA_4,11609,4.98
FOODS_3_539,CA_4,11609,2.98
FOODS_3_546,CA_4,11609,5.98
FOODS_3_543,CA_4,11609,3.48
FOODS_3_564,CA_4,11609,1.74
FOODS_3_565,CA_4,11609,2.5
FOODS_3_571,CA_4,11609,9.44
FOODS_3_576,CA_4,11609,2.5
FOODS_3_600,CA_4,11609,2.56
FOODS_3_604,CA_4,11609,2.56
FOODS_3_616,CA_4,11609,2.98
FOODS_3_618,CA_4,11609,1.98
FOODS_3_626,CA_4,11609,3.98
FOODS_3_645,CA_4,11609,1.98
FOODS_3_663,CA_4,11609,1.74
FOODS_3_672,CA_4,11609,2.64
FOODS_3_686,CA_4,11609,3.57
FOODS_3_697,CA_4,11609,3.0
FOODS_3_693,CA_4,11609,3.48
FOODS_3_690,CA_4,11609,9.98
FOODS_3_718,CA_4,11609,1.48
FOODS_3_721,CA_4,11609,1.98
HOUSEHOLD_2_239,WI_1,11609,1.24
HOUSEHOLD_2_244,WI_1,11609,3.97
HOUSEHOLD_2_254,WI_1,11609,4.44
HOUSEHOLD_2_256,WI_1,11609,5.94
HOUSEHOLD_2_257,WI_1,11609,5.73
HOUSEHOLD_2_252,WI_1,11609,6.97
HOUSEHOLD_2_262,WI_1,11609,4.97
HOUSEHOLD_2_271,WI_1,11609,4.78
HOUSEHOLD_2_278,WI_1,11609,10.98
HOUSEHOLD_2_281,WI_1,11609,5.27
HOUSEHOLD_2_289,WI_1,11609,5.92
HOUSEHOLD_2_306,WI_1,11609,3.96
HOUSEHOLD_2_316,WI_1,11609,7.24
HOUSEHOLD_2_317,WI_1,11609,4.44
HOUSEHOLD_2_312,WI_1,11609,3.97
HOUSEHOLD_2_321,WI_1,11609,5.24
HOUSEHOLD_2_329,WI_1,11609,2.72
HOUSEHOLD_2_361,WI_1,11609,6.94
HOUSEHOLD_2_376,WI_1,11609,3.82
HOUSEHOLD_2_374,WI_1,11609,2.98
HOUSEHOLD_2_391,WI_1,11609,12.94
HOUSEHOLD_2_406,WI_1,11609,12.46
HOUSEHOLD_2_405,WI_1,11609,5.64
HOUSEHOLD_2_415,WI_1,11609,2.46
HOUSEHOLD_2_419,WI_1,11609,5.47
HOUSEHOLD_2_441,WI_1,11609,4.94
HOUSEHOLD_2_455,WI_1,11609,7.74
HOUSEHOLD_2_451,WI_1,11609,3.42
HOUSEHOLD_2_462,WI_1,11609,7.97
HOUSEHOLD_2_459,WI_1,11609,19.54
HOUSEHOLD_2_466,WI_1,11609,6.46
HOUSEHOLD_2_479,WI_1,11609,5.94
HOUSEHOLD_2_491,WI_1,11609,6.96
HOUSEHOLD_2_493,WI_1,11609,1.94
HOUSEHOLD_2_499,WI_1,11609,1.97
HOUSEHOLD_2_506,WI_1,11609,6.97
HOUSEHOLD_2_512,WI_1,11609,3.97
FOODS_1_004,WI_1,11609,1.96
FOODS_1_013,WI_1,11609,1.5
FOODS_1_035,WI_1,11609,2.68
FOODS_1_057,WI_1,11609,2.24
FOODS_1_056,WI_1,11609,2.24
FOODS_1_069,WI_1,11609,2.68
FOODS_1_088,WI_1,11609,5.28
FOODS_1_091,WI_1,11609,2.24
FOODS_1_117,WI_1,11609,2.24
FOODS_1_119,WI_1,11609,3.54
FOODS_1_118,WI_1,11609,0.98
FOODS_1_123,WI_1,11609,3.54
FOODS_1_134,WI_1,11609,1.98
FOODS_1_145,WI_1,11609,0.98
FOODS_1_152,WI_1,11609,7.68
FOODS_1_161,WI_1,11609,0.98
FOODS_1_164,WI_1,11609,6.77
FOODS_1_167,WI_1,11609,4.86
FOODS_1_171,WI_1,11609,6.32
FOODS_1_169,WI_1,11609,3.48
FOODS_1_178,WI_1,11609,9.98
FOODS_1_186,WI_1,11609,5.98
FOODS_1_200,WI_1,11609,0.98
FOODS_1_218,WI_1,11609,0.98
FOODS_2_015,WI_1,11609,2.5
FOODS_2_032,WI_1,11609,1.87
FOODS_2_036,WI_1,11609,3.5
FOODS_2_035,WI_1,11609,5.0
FOODS_2_061,WI_1,11609,2.0
FOODS_2_053,WI_1,11609,6.94
FOODS_2_072,WI_1,11609,2.5
FOODS_2_076,WI_1,11609,10.97
FOODS_2_080,WI_1,11609,2.18
FOODS_2_084,WI_1,11609,2.97
FOODS_2_085,WI_1,11609,3.74
FOODS_2_102,WI_1,11609,10.97
FOODS_2_117,WI_1,11609,5.97
FOODS_2_120,WI_1,11609,2.72
FOODS_2_127,WI_1,11609,7.47
FOODS_2_129,WI_1,11609,9.48
FOODS_2_166,WI_1,11609,1.87
FOODS_2_164,WI_1,11609,3.18
FOODS_2_189,WI_1,11609,2.5
FOODS_2_190,WI_1,11609,2.5
FOODS_2_195,WI_1,11609,3.47
FOODS_2_199,WI_1,11609,1.0
FOODS_2_208,WI_1,11609,6.98
FOODS_2_210,WI_1,11609,3.74
FOODS_2_217,WI_1,11609,3.98
FOODS_2_236,WI_1,11609,2.98
FOODS_2_243,WI_1,11609,7.98
FOODS_2_256,WI_1,11609,6.36
FOODS_2_267,WI_1,11609,1.97
FOODS_2_268,WI_1,11609,3.76
FOODS_2_283,WI_1,11609,1.48
FOODS_2_274,WI_1,11609,6.98
FOODS_2_281,WI_1,11609,7.98
FOODS_2_273,WI_1,11609,2.5
FOODS_2_284,WI_1,11609,2.47
FOODS_2_292,WI_1,11609,3.28
FOODS_2_297,WI_1,11609,3.5
FOODS_2_308,WI_1,11609,2.98
FOODS_2_335,WI_1,11609,3.67
FOODS_2_342,WI_1,11609,5.98
FOODS_2_348,WI_1,11609,5.98
FOODS_2_395,WI_1,11609,3.78
FOODS_2_393,WI_1,11609,3.98
FOODS_2_390,WI_1,11609,7.16
FOODS_2_398,WI_1,11609,2.43
FOODS_3_017,WI_1,11609,1.98
FOODS_3_025,WI_1,11609,2.88
FOODS_3_031,WI_1,11609,4.68
FOODS_3_045,WI_1,11609,3.98
FOODS_3_050,WI_1,11609,2.18
FOODS_3_074,WI_1,11609,4.48
FOODS_3_083,WI_1,11609,18.73
FOODS_3_082,WI_1,11609,1.98
FOODS_3_086,WI_1,11609,1.0
FOODS_3_085,WI_1,11609,2.98
FOODS_3_097,WI_1,11609,2.24
FOODS_3_095,WI_1,11609,4.98
FOODS_3_115,WI_1,11609,4.44
FOODS_3_118,WI_1,11609,1.18
FOODS_3_112,WI_1,11609,2.98
FOODS_3_126,WI_1,11609,3.78
FOODS_3_129,WI_1,11609,2.68
FOODS_3_137,WI_1,11609,2.56
FOODS_3_148,WI_1,11609,0.94
FOODS_3_141,WI_1,11609,2.98
FOODS_3_144,WI_1,11609,1.98
FOODS_3_142,WI_1,11609,3.98
FOODS_3_163,WI_1,11609,2.24
FOODS_3_168,WI_1,11609,3.65
FOODS_3_159,WI_1,11609,2.98
FOODS_3_162,WI_1,11609,1.98
FOODS_3_167,WI_1,11609,1.98
FOODS_3_166,WI_1,11609,1.0
FOODS_3_174,WI_1,11609,6.18
FOODS_3_177,WI_1,11609,2.98
FOODS_3_170,WI_1,11609,1.98
FOODS_3_197,WI_1,11609,1.98
FOODS_3_189,WI_1,11609,2.56
FOODS_3_217,WI_1,11609,2.98
FOODS_3_252,WI_1,11609,1.58
FOODS_3_253,WI_1,11609,1.98
FOODS_3_258,WI_1,11609,1.34
FOODS_3_286,WI_1,11609,3.98
FOODS_3_301,WI_1,11609,1.98
FOODS_3_313,WI_1,11609,1.97
FOODS_3_316,WI_1,11609,2.56
FOODS_3_312,WI_1,11609,2.88
FOODS_3_324,WI_1,11609,3.0
FOODS_3_329,WI_1,11609,2.98
FOODS_3_355,WI_1,11609,0.94
FOODS_3_350,WI_1,11609,2.98
FOODS_3_376,WI_1,11609,1.0
FOODS_3_379,WI_1,11609,1.97
FOODS_3_394,WI_1,11609,2.98
FOODS_3_393,WI_1,11609,3.56
HOUSEHOLD_2_225,WI_3,11609,0.93
HOUSEHOLD_2_232,WI_3,11609,4.78
HOUSEHOLD_2_230,WI_3,11609,2.48
HOUSEHOLD_2_245,WI_3,11609,1.97
HOUSEHOLD_2_258,WI_3,11609,3.97
HOUSEHOLD_2_277,WI_3,11609,3.33
HOUSEHOLD_2_279,WI_3,11609,4.44
HOUSEHOLD_2_291,WI_3,11609,4.97
HOUSEHOLD_2_295,WI_3,11609,5.97
HOUSEHOLD_2_292,WI_3,11609,9.97
HOUSEHOLD_2_302,WI_3,11609,2.98
HOUSEHOLD_2_328,WI_3,11609,7.47
HOUSEHOLD_2_339,WI_3,11609,6.46
HOUSEHOLD_2_363,WI_3,11609,6.78
HOUSEHOLD_2_364,WI_3,11609,5.68
HOUSEHOLD_2_373,WI_3,11609,4.66
HOUSEHOLD_2_375,WI_3,11609,6.77
HOUSEHOLD_2_387,WI_3,11609,5.97
HOUSEHOLD_2_402,WI_3,11609,8.97
HOUSEHOLD_2_417,WI_3,11609,3.97
HOUSEHOLD_2_418,WI_3,11609,2.78
HOUSEHOLD_2_425,WI_3,11609,8.44
HOUSEHOLD_2_440,WI_3,11609,0.97
HOUSEHOLD_2_454,WI_3,11609,7.97
HOUSEHOLD_2_461,WI_3,11609,9.97
HOUSEHOLD_2_468,WI_3,11609,8.97
HOUSEHOLD_2_474,WI_3,11609,7.76
HOUSEHOLD_2_485,WI_3,11609,6.97
HOUSEHOLD_2_497,WI_3,11609,6.48
HOUSEHOLD_2_507,WI_3,11609,6.97
HOUSEHOLD_2_511,WI_3,11609,2.74
FOODS_1_003,WI_3,11609,3.23
FOODS_1_016,WI_3,11609,2.26
FOODS_1_024,WI_3,11609,4.86
FOODS_1_017,WI_3,11609,2.24
FOODS_1_029,WI_3,11609,4.27
FOODS_1_028,WI_3,11609,2.48
FOODS_1_040,WI_3,11609,1.78
FOODS_1_048,WI_3,11609,5.98
FOODS_1_105,WI_3,11609,1.98
FOODS_1_125,WI_3,11609,5.28
FOODS_1_128,WI_3,11609,4.27
FOODS_1_176,WI_3,11609,3.48
FOODS_1_183,WI_3,11609,2.98
FOODS_1_189,WI_3,11609,2.24
FOODS_1_181,WI_3,11609,1.38
FOODS_1_182,WI_3,11609,2.28
FOODS_1_194,WI_3,11609,4.86
FOODS_1_204,WI_3,11609,0.98
FOODS_2_003,WI_3,11609,2.28
FOODS_2_001,WI_3,11609,2.0
FOODS_2_005,WI_3,11609,3.94
FOODS_2_010,WI_3,11609,2.5
FOODS_2_004,WI_3,11609,3.94
FOODS_2_013,WI_3,11609,1.68
FOODS_2_020,WI_3,11609,2.5
FOODS_2_016,WI_3,11609,1.25
FOODS_2_022,WI_3,11609,6.98
FOODS_2_042,WI_3,11609,1.87
FOODS_2_039,WI_3,11609,4.98
FOODS_2_064,WI_3,11609,2.5
FOODS_2_057,WI_3,11609,3.98
FOODS_2_065,WI_3,11609,1.0
FOODS_2_068,WI_3,11609,7.98
FOODS_2_070,WI_3,11609,5.98
FOODS_2_075,WI_3,11609,2.38
FOODS_2_093,WI_3,11609,2.5
FOODS_2_101,WI_3,11609,5.98
FOODS_2_105,WI_3,11609,3.44
FOODS_2_116,WI_3,11609,2.0
FOODS_2_133,WI_3,11609,2.5
FOODS_2_135,WI_3,11609,2.48
FOODS_2_154,WI_3,11609,13.97
FOODS_2_156,WI_3,11609,1.48
FOODS_2_163,WI_3,11609,2.5
FOODS_2_161,WI_3,11609,7.47
FOODS_2_162,WI_3,11609,2.97
FOODS_2_170,WI_3,11609,3.28
FOODS_2_181,WI_3,11609,1.78
FOODS_2_182,WI_3,11609,2.0
FOODS_2_180,WI_3,11609,2.48
FOODS_2_178,WI_3,11609,2.5
FOODS_2_184,WI_3,11609,4.93
FOODS_2_187,WI_3,11609,5.0
FOODS_2_197,WI_3,11609,3.42
FOODS_2_219,WI_3,11609,2.5
FOODS_2_222,WI_3,11609,2.57
FOODS_2_226,WI_3,11609,7.98
FOODS_2_227,WI_3,11609,4.48
FOODS_2_258,WI_3,11609,2.88
FOODS_2_279,WI_3,11609,2.57
FOODS_2_277,WI_3,11609,1.28
FOODS_2_285,WI_3,11609,3.98
FOODS_2_294,WI_3,11609,1.0
FOODS_2_305,WI_3,11609,8.96
FOODS_2_326,WI_3,11609,1.0
FOODS_2_325,WI_3,11609,1.25
FOODS_2_337,WI_3,11609,5.92
FOODS_2_349,WI_3,11609,5.98
FOODS_2_350,WI_3,11609,5.08
FOODS_2_378,WI_3,11609,3.66
FOODS_2_383,WI_3,11609,1.87
FOODS_2_392,WI_3,11609,4.98
FOODS_2_397,WI_3,11609,3.28
FOODS_3_014,WI_3,11609,1.98
FOODS_3_011,WI_3,11609,1.88
FOODS_3_030,WI_3,11609,1.25
FOODS_3_043,WI_3,11609,2.56
FOODS_3_044,WI_3,11609,2.88
FOODS_3_054,WI_3,11609,2.18
FOODS_3_065,WI_3,11609,2.98
FOODS_3_069,WI_3,11609,2.98
FOODS_3_088,WI_3,11609,2.78
FOODS_3_102,WI_3,11609,1.98
FOODS_3_116,WI_3,11609,1.18
FOODS_3_150,WI_3,11609,1.88
FOODS_3_149,WI_3,11609,2.5
FOODS_3_157,WI_3,11609,3.32
FOODS_3_165,WI_3,11609,3.54
FOODS_3_175,WI_3,11609,6.98
FOODS_3_171,WI_3,11609,2.48
FOODS_3_182,WI_3,11609,1.98
FOODS_3_193,WI_3,11609,2.5
FOODS_3_206,WI_3,11609,2.58
FOODS_3_207,WI_3,11609,1.98
FOODS_3_212,WI_3,11609,2.98
FOODS_3_208,WI_3,11609,4.88
FOODS_3_219,WI_3,11609,1.48
FOODS_3_239,WI_3,11609,1.98
FOODS_3_244,WI_3,11609,9.86
FOODS_3_246,WI_3,11609,1.98
FOODS_3_251,WI_3,11609,2.98
FOODS_3_271,WI_3,11609,4.48
FOODS_3_273,WI_3,11609,2.24
FOODS_3_278,WI_3,11609,1.0
FOODS_1_055,WI_2,11609,3.78
FOODS_1_061,WI_2,11609,2.24
FOODS_1_067,WI_2,11609,2.0
FOODS_1_068,WI_2,11609,3.58
FOODS_1_079,WI_2,11609,6.03
FOODS_1_077,WI_2,11609,3.28
FOODS_1_097,WI_2,11609,0.98
FOODS_1_099,WI_2,11609,0.98
FOODS_1_122,WI_2,11609,1.98
FOODS_1_135,WI_2,11609,2.68
FOODS_1_138,WI_2,11609,2.68
FOODS_1_140,WI_2,11609,6.98
FOODS_1_142,WI_2,11609,1.5
FOODS_1_136,WI_2,11609,4.86
FOODS_1_139,WI_2,11609,0.98
FOODS_1_143,WI_2,11609,2.0
FOODS_1_146,WI_2,11609,2.24
FOODS_1_177,WI_2,11609,8.98
FOODS_1_187,WI_2,11609,9.94
FOODS_1_211,WI_2,11609,6.77
FOODS_2_011,WI_2,11609,2.5
FOODS_2_008,WI_2,11609,2.5
FOODS_2_024,WI_2,11609,2.5
FOODS_2_044,WI_2,11609,2.5
FOODS_2_049,WI_2,11609,2.67
FOODS_2_054,WI_2,11609,2.97
FOODS_2_069,WI_2,11609,8.98
FOODS_2_074,WI_2,11609,2.57
FOODS_2_067,WI_2,11609,2.18
FOODS_2_081,WI_2,11609,2.38
FOODS_2_083,WI_2,11609,6.72
FOODS_2_090,WI_2,11609,8.96
HOBBIES_2_069,CA_2,11609,2.97
HOBBIES_2_063,CA_2,11609,0.97
HOBBIES_2_067,CA_2,11609,2.97
HOBBIES_2_074,CA_2,11609,3.97
HOBBIES_2_078,CA_2,11609,5.97
HOBBIES_2_088,CA_2,11609,2.77
HOBBIES_2_099,CA_2,11609,0.97
HOBBIES_2_101,CA_2,11609,0.5
HOBBIES_2_124,CA_2,11609,0.23
HOBBIES_2_133,CA_2,11609,2.88
HOBBIES_2_139,CA_2,11609,4.97
HOUSEHOLD_1_005,CA_2,11609,9.97
HOBBIES_2_147,CA_2,11609,0.97
HOUSEHOLD_1_015,CA_2,11609,5.88
HOUSEHOLD_1_022,CA_2,11609,4.84
HOUSEHOLD_1_028,CA_2,11609,2.97
HOUSEHOLD_1_045,CA_2,11609,2.67
HOUSEHOLD_1_036,CA_2,11609,2.98
HOUSEHOLD_1_050,CA_2,11609,3.97
HOUSEHOLD_1_059,CA_2,11609,3.12
HOUSEHOLD_1_057,CA_2,11609,1.77
HOUSEHOLD_1_058,CA_2,11609,6.48
HOUSEHOLD_1_060,CA_2,11609,29.97
HOUSEHOLD_1_068,CA_2,11609,6.97
HOUSEHOLD_1_072,CA_2,11609,7.98
HOUSEHOLD_1_092,CA_2,11609,1.77
HOUSEHOLD_1_100,CA_2,11609,6.97
HOUSEHOLD_1_105,CA_2,11609,3.94
HOUSEHOLD_1_108,CA_2,11609,4.88
HOUSEHOLD_1_109,CA_2,11609,3.97
HOUSEHOLD_1_107,CA_2,11609,3.48
HOUSEHOLD_1_115,CA_2,11609,4.94
HOUSEHOLD_1_122,CA_2,11609,2.26
HOUSEHOLD_1_140,CA_2,11609,14.97
HOUSEHOLD_1_146,CA_2,11609,5.98
HOUSEHOLD_1_151,CA_2,11609,0.88
HOUSEHOLD_1_158,CA_2,11609,3.97
HOUSEHOLD_1_160,CA_2,11609,9.97
HOUSEHOLD_1_168,CA_2,11609,2.97
HOUSEHOLD_1_169,CA_2,11609,2.94
HOUSEHOLD_1_159,CA_2,11609,7.93
HOUSEHOLD_1_175,CA_2,11609,4.88
HOUSEHOLD_1_177,CA_2,11609,6.97
HOUSEHOLD_1_171,CA_2,11609,8.97
HOUSEHOLD_1_179,CA_2,11609,0.98
HOUSEHOLD_1_183,CA_2,11609,4.88
HOUSEHOLD_1_193,CA_2,11609,2.42
HOUSEHOLD_1_202,CA_2,11609,1.98
HOUSEHOLD_1_212,CA_2,11609,4.47
HOUSEHOLD_1_233,CA_2,11609,11.52
HOUSEHOLD_1_236,CA_2,11609,2.47
HOUSEHOLD_1_246,CA_2,11609,3.98
HOUSEHOLD_1_252,CA_2,11609,9.47
HOUSEHOLD_1_248,CA_2,11609,8.97
HOUSEHOLD_1_257,CA_2,11609,5.24
HOUSEHOLD_1_266,CA_2,11609,1.0
HOUSEHOLD_1_294,CA_2,11609,2.27
HOUSEHOLD_1_291,CA_2,11609,3.72
HOUSEHOLD_1_304,CA_2,11609,2.36
HOUSEHOLD_1_306,CA_2,11609,1.97
HOUSEHOLD_1_300,CA_2,11609,4.88
HOUSEHOLD_1_324,CA_2,11609,5.97
HOUSEHOLD_1_327,CA_2,11609,0.98
HOUSEHOLD_1_341,CA_2,11609,4.88
HOUSEHOLD_1_347,CA_2,11609,7.97
HOUSEHOLD_1_353,CA_2,11609,3.44
HOUSEHOLD_1_374,CA_2,11609,3.97
HOUSEHOLD_1_380,CA_2,11609,4.57
HOUSEHOLD_1_386,CA_2,11609,2.96
HOUSEHOLD_1_385,CA_2,11609,1.97
HOUSEHOLD_1_384,CA_2,11609,4.84
HOUSEHOLD_1_414,CA_2,11609,0.98
HOUSEHOLD_1_420,CA_2,11609,6.42
HOUSEHOLD_1_430,CA_2,11609,0.98
HOUSEHOLD_1_438,CA_2,11609,7.33
HOUSEHOLD_1_451,CA_2,11609,6.98
HOUSEHOLD_1_465,CA_2,11609,0.97
HOUSEHOLD_1_477,CA_2,11609,13.48
HOUSEHOLD_1_483,CA_2,11609,4.54
HOUSEHOLD_1_494,CA_2,11609,7.97
HOUSEHOLD_1_505,CA_2,11609,2.47
HOUSEHOLD_1_499,CA_2,11609,3.88
HOUSEHOLD_1_514,CA_2,11609,3.97
HOUSEHOLD_1_540,CA_2,11609,1.88
HOUSEHOLD_2_014,CA_2,11609,5.97
HOUSEHOLD_2_019,CA_2,11609,9.47
HOUSEHOLD_2_020,CA_2,11609,8.47
HOUSEHOLD_2_033,CA_2,11609,6.97
HOUSEHOLD_2_054,CA_2,11609,4.87
HOUSEHOLD_2_055,CA_2,11609,8.97
HOUSEHOLD_2_065,CA_2,11609,5.47
HOUSEHOLD_2_081,CA_2,11609,2.57
HOUSEHOLD_2_087,CA_2,11609,7.94
HOUSEHOLD_2_085,CA_2,11609,7.94
HOUSEHOLD_2_094,CA_2,11609,5.94
HOUSEHOLD_2_098,CA_2,11609,3.47
HOUSEHOLD_2_104,CA_2,11609,4.97
HOUSEHOLD_2_102,CA_2,11609,2.48
HOUSEHOLD_2_115,CA_2,11609,3.87
HOUSEHOLD_2_122,CA_2,11609,6.96
HOUSEHOLD_2_148,CA_2,11609,5.94
HOUSEHOLD_2_162,CA_2,11609,3.97
HOUSEHOLD_2_182,CA_2,11609,6.98
HOUSEHOLD_2_189,CA_2,11609,14.48
HOUSEHOLD_2_188,CA_2,11609,7.24
HOUSEHOLD_2_186,CA_2,11609,9.98
HOUSEHOLD_2_194,CA_2,11609,6.27
HOUSEHOLD_2_224,CA_2,11609,3.97
HOUSEHOLD_2_242,CA_2,11609,12.97
HOUSEHOLD_2_240,CA_2,11609,4.97
HOUSEHOLD_2_250,CA_2,11609,6.96
HOUSEHOLD_2_267,CA_2,11609,1.93
HOUSEHOLD_2_274,CA_2,11609,5.98
HOUSEHOLD_2_283,CA_2,11609,5.84
HOUSEHOLD_2_322,CA_2,11609,2.22
HOUSEHOLD_2_325,CA_2,11609,3.82
HOUSEHOLD_2_332,CA_2,11609,6.77
HOUSEHOLD_2_341,CA_2,11609,5.32
HOUSEHOLD_2_348,CA_2,11609,7.44
HOUSEHOLD_2_368,CA_2,11609,5.48
HOUSEHOLD_2_369,CA_2,11609,6.47
HOUSEHOLD_2_379,CA_2,11609,4.44
HOUSEHOLD_2_378,CA_2,11609,6.98
HOUSEHOLD_2_395,CA_2,11609,3.67
HOUSEHOLD_2_401,CA_2,11609,3.33
HOUSEHOLD_2_410,CA_2,11609,1.38
HOUSEHOLD_2_414,CA_2,11609,5.74
HOUSEHOLD_2_423,CA_2,11609,3.87
HOUSEHOLD_2_449,CA_2,11609,5.64
HOUSEHOLD_2_457,CA_2,11609,6.47
HOUSEHOLD_2_456,CA_2,11609,8.86
HOUSEHOLD_2_460,CA_2,11609,5.94
HOUSEHOLD_2_465,CA_2,11609,7.24
HOUSEHOLD_2_473,CA_2,11609,7.97
HOUSEHOLD_2_475,CA_2,11609,4.96
HOUSEHOLD_2_478,CA_2,11609,4.94
HOUSEHOLD_2_476,CA_2,11609,3.97
HOBBIES_1_404,TX_2,11609,0.48
HOBBIES_1_403,TX_2,11609,13.23
HOBBIES_1_411,TX_2,11609,1.34
HOBBIES_1_420,TX_2,11609,5.74
HOBBIES_1_418,TX_2,11609,3.98
HOBBIES_1_421,TX_2,11609,8.26
HOBBIES_2_015,TX_2,11609,2.47
HOBBIES_2_045,TX_2,11609,2.47
HOBBIES_2_038,TX_2,11609,0.97
HOBBIES_2_049,TX_2,11609,2.5
HOBBIES_2_059,TX_2,11609,0.23
HOBBIES_2_071,TX_2,11609,0.97
HOBBIES_2_065,TX_2,11609,0.5
HOBBIES_2_079,TX_2,11609,2.47
HOBBIES_2_082,TX_2,11609,0.88
HOBBIES_2_085,TX_2,11609,0.97
HOBBIES_2_093,TX_2,11609,1.97
HOBBIES_2_100,TX_2,11609,0.88
HOBBIES_2_094,TX_2,11609,1.97
HOBBIES_2_111,TX_2,11609,3.97
HOBBIES_2_119,TX_2,11609,2.97
HOBBIES_2_121,TX_2,11609,0.97
HOBBIES_2_140,TX_2,11609,2.47
HOUSEHOLD_1_008,TX_2,11609,5.47
HOUSEHOLD_1_033,TX_2,11609,3.97
HOUSEHOLD_1_035,TX_2,11609,4.63
HOUSEHOLD_1_053,TX_2,11609,14.97
HOUSEHOLD_1_052,TX_2,11609,4.23
HOUSEHOLD_1_069,TX_2,11609,1.97
HOUSEHOLD_1_083,TX_2,11609,0.97
HOUSEHOLD_1_078,TX_2,11609,2.84
HOUSEHOLD_1_079,TX_2,11609,4.47
HOUSEHOLD_1_077,TX_2,11609,6.42
HOUSEHOLD_1_086,TX_2,11609,5.27
HOUSEHOLD_1_117,TX_2,11609,7.97
HOUSEHOLD_1_112,TX_2,11609,2.97
HOUSEHOLD_1_119,TX_2,11609,3.74
HOUSEHOLD_1_116,TX_2,11609,2.97
HOUSEHOLD_1_123,TX_2,11609,8.97
HOUSEHOLD_1_131,TX_2,11609,4.94
HOUSEHOLD_1_141,TX_2,11609,1.77
HOUSEHOLD_1_161,TX_2,11609,11.93
HOUSEHOLD_1_156,TX_2,11609,2.73
HOUSEHOLD_1_181,TX_2,11609,3.94
HOUSEHOLD_1_185,TX_2,11609,2.97
HOUSEHOLD_1_187,TX_2,11609,6.48
HOUSEHOLD_1_197,TX_2,11609,4.97
HOUSEHOLD_1_205,TX_2,11609,5.94
HOUSEHOLD_1_211,TX_2,11609,3.87
HOUSEHOLD_1_218,TX_2,11609,1.87
HOUSEHOLD_1_221,TX_2,11609,12.57
HOUSEHOLD_1_232,TX_2,11609,4.23
HOUSEHOLD_1_242,TX_2,11609,4.88
HOUSEHOLD_1_256,TX_2,11609,5.97
HOUSEHOLD_1_261,TX_2,11609,5.97
HOUSEHOLD_1_272,TX_2,11609,9.97
HOUSEHOLD_1_267,TX_2,11609,9.74
HOUSEHOLD_1_295,TX_2,11609,2.98
HOUSEHOLD_1_292,TX_2,11609,6.48
HOUSEHOLD_1_301,TX_2,11609,4.64
HOUSEHOLD_1_303,TX_2,11609,0.94
HOUSEHOLD_1_312,TX_2,11609,2.37
HOUSEHOLD_1_307,TX_2,11609,2.97
HOUSEHOLD_1_329,TX_2,11609,4.94
HOUSEHOLD_1_337,TX_2,11609,4.97
HOUSEHOLD_1_335,TX_2,11609,9.42
HOUSEHOLD_1_345,TX_2,11609,4.12
HOUSEHOLD_1_346,TX_2,11609,3.94
HOUSEHOLD_1_342,TX_2,11609,17.92
HOUSEHOLD_1_351,TX_2,11609,0.96
HOUSEHOLD_1_360,TX_2,11609,3.96
HOUSEHOLD_1_368,TX_2,11609,8.48
HOUSEHOLD_1_373,TX_2,11609,3.42
HOUSEHOLD_1_371,TX_2,11609,4.64
HOUSEHOLD_1_378,TX_2,11609,21.78
HOUSEHOLD_1_393,TX_2,11609,1.98
HOUSEHOLD_1_410,TX_2,11609,3.97
HOUSEHOLD_1_413,TX_2,11609,17.92
HOUSEHOLD_1_411,TX_2,11609,3.28
HOUSEHOLD_1_443,TX_2,11609,2.47
HOUSEHOLD_1_450,TX_2,11609,3.42
HOUSEHOLD_1_469,TX_2,11609,17.92
HOUSEHOLD_1_478,TX_2,11609,2.67
HOUSEHOLD_1_479,TX_2,11609,6.98
HOUSEHOLD_1_485,TX_2,11609,2.97
HOUSEHOLD_1_486,TX_2,11609,18.87
HOUSEHOLD_1_503,TX_2,11609,1.28
HOUSEHOLD_1_519,TX_2,11609,4.87
HOUSEHOLD_1_511,TX_2,11609,6.27
HOUSEHOLD_1_528,TX_2,11609,2.97
HOUSEHOLD_1_533,TX_2,11609,4.97
HOUSEHOLD_1_534,TX_2,11609,9.97
HOUSEHOLD_1_539,TX_2,11609,3.97
HOUSEHOLD_2_012,TX_2,11609,4.78
HOUSEHOLD_2_029,TX_2,11609,10.43
HOUSEHOLD_2_030,TX_2,11609,3.97
HOUSEHOLD_2_027,TX_2,11609,4.97
HOUSEHOLD_2_052,TX_2,11609,4.97
HOUSEHOLD_2_072,TX_2,11609,2.58
HOUSEHOLD_2_078,TX_2,11609,5.84
HOUSEHOLD_2_082,TX_2,11609,5.92
HOUSEHOLD_2_077,TX_2,11609,3.48
HOUSEHOLD_2_091,TX_2,11609,8.97
HOUSEHOLD_2_095,TX_2,11609,6.47
HOUSEHOLD_2_106,TX_2,11609,8.44
HOUSEHOLD_2_101,TX_2,11609,4.49
HOUSEHOLD_2_117,TX_2,11609,2.46
HOUSEHOLD_2_114,TX_2,11609,5.94
HOUSEHOLD_2_119,TX_2,11609,5.84
HOUSEHOLD_2_125,TX_2,11609,8.88
HOUSEHOLD_2_126,TX_2,11609,6.97
HOUSEHOLD_2_172,TX_2,11609,5.94
HOUSEHOLD_2_178,TX_2,11609,6.96
HOUSEHOLD_2_175,TX_2,11609,5.97
HOUSEHOLD_2_190,TX_2,11609,0.98
HOUSEHOLD_2_187,TX_2,11609,3.33
HOUSEHOLD_2_208,TX_2,11609,12.97
HOUSEHOLD_2_209,TX_2,11609,7.97
HOUSEHOLD_2_217,TX_2,11609,2.87
HOUSEHOLD_2_214,TX_2,11609,6.94
HOUSEHOLD_2_213,TX_2,11609,0.93
HOUSEHOLD_2_226,TX_2,11609,6.97
HOUSEHOLD_2_228,TX_2,11609,5.47
HOUSEHOLD_2_236,TX_2,11609,8.48
HOUSEHOLD_2_238,TX_2,11609,9.93
HOUSEHOLD_2_241,TX_2,11609,4.94
HOUSEHOLD_2_243,TX_2,11609,2.97
HOUSEHOLD_2_251,TX_2,11609,3.97
HOUSEHOLD_2_260,TX_2,11609,6.97
HOUSEHOLD_2_264,TX_2,11609,3.48
HOUSEHOLD_2_280,TX_2,11609,5.97
HOUSEHOLD_2_284,TX_2,11609,5.94
HOUSEHOLD_2_285,TX_2,11609,4.67
HOUSEHOLD_2_287,TX_2,11609,1.94
HOUSEHOLD_2_294,TX_2,11609,4.77
HOUSEHOLD_2_301,TX_2,11609,1.97
HOUSEHOLD_2_305,TX_2,11609,5.47
HOUSEHOLD_2_314,TX_2,11609,1.97
HOUSEHOLD_2_313,TX_2,11609,1.97
HOUSEHOLD_2_326,TX_2,11609,5.94
HOUSEHOLD_2_320,TX_2,11609,8.47
HOUSEHOLD_2_323,TX_2,11609,3.97
HOUSEHOLD_2_318,TX_2,11609,3.97
HOUSEHOLD_2_333,TX_2,11609,4.98
HOUSEHOLD_2_349,TX_2,11609,4.97
HOUSEHOLD_2_370,TX_2,11609,6.27
HOUSEHOLD_2_365,TX_2,11609,4.87
HOUSEHOLD_2_389,TX_2,11609,1.97
FOODS_2_109,WI_2,11609,2.98
FOODS_2_106,WI_2,11609,5.44
FOODS_2_111,WI_2,11609,5.97
FOODS_2_119,WI_2,11609,2.67
FOODS_2_115,WI_2,11609,8.74
FOODS_2_130,WI_2,11609,1.58
FOODS_2_145,WI_2,11609,2.38
FOODS_2_174,WI_2,11609,2.98
FOODS_2_169,WI_2,11609,6.24
FOODS_2_183,WI_2,11609,8.98
FOODS_2_175,WI_2,11609,2.48
FOODS_2_196,WI_2,11609,3.94
FOODS_2_214,WI_2,11609,2.5
FOODS_2_233,WI_2,11609,4.48
FOODS_2_234,WI_2,11609,2.5
FOODS_2_230,WI_2,11609,2.18
FOODS_2_249,WI_2,11609,3.28
FOODS_2_270,WI_2,11609,3.28
FOODS_2_289,WI_2,11609,2.5
FOODS_2_299,WI_2,11609,1.78
FOODS_2_291,WI_2,11609,6.98
FOODS_2_296,WI_2,11609,3.44
FOODS_2_307,WI_2,11609,2.57
FOODS_2_318,WI_2,11609,4.97
FOODS_2_330,WI_2,11609,4.33
FOODS_2_338,WI_2,11609,2.97
FOODS_2_347,WI_2,11609,2.24
FOODS_2_346,WI_2,11609,2.38
FOODS_2_351,WI_2,11609,2.98
FOODS_2_359,WI_2,11609,2.24
FOODS_2_363,WI_2,11609,2.5
FOODS_2_362,WI_2,11609,6.98
FOODS_2_369,WI_2,11609,4.87
FOODS_2_391,WI_2,11609,2.0
FOODS_2_385,WI_2,11609,2.38
FOODS_2_387,WI_2,11609,12.97
FOODS_3_001,WI_2,11609,2.5
FOODS_3_009,WI_2,11609,2.28
FOODS_3_020,WI_2,11609,0.94
FOODS_3_021,WI_2,11609,2.48
FOODS_3_016,WI_2,11609,2.98
FOODS_3_026,WI_2,11609,1.98
FOODS_3_029,WI_2,11609,1.5
FOODS_3_024,WI_2,11609,0.94
FOODS_3_048,WI_2,11609,1.5
FOODS_3_081,WI_2,11609,4.74
FOODS_3_079,WI_2,11609,5.98
FOODS_3_075,WI_2,11609,2.88
FOODS_3_089,WI_2,11609,1.0
FOODS_3_087,WI_2,11609,2.56
FOODS_3_103,WI_2,11609,3.28
FOODS_3_100,WI_2,11609,3.98
FOODS_3_106,WI_2,11609,1.0
FOODS_3_105,WI_2,11609,2.88
FOODS_3_127,WI_2,11609,3.78
FOODS_3_130,WI_2,11609,2.68
FOODS_3_154,WI_2,11609,2.98
FOODS_3_151,WI_2,11609,2.5
FOODS_3_160,WI_2,11609,2.68
FOODS_3_158,WI_2,11609,6.24
FOODS_3_172,WI_2,11609,1.78
FOODS_3_184,WI_2,11609,3.43
FOODS_3_192,WI_2,11609,5.48
FOODS_3_202,WI_2,11609,4.44
FOODS_3_210,WI_2,11609,2.18
FOODS_3_224,WI_2,11609,3.98
FOODS_3_225,WI_2,11609,1.98
FOODS_3_220,WI_2,11609,2.98
FOODS_3_265,WI_2,11609,3.98
FOODS_3_264,WI_2,11609,3.98
FOODS_3_268,WI_2,11609,2.18
FOODS_3_270,WI_2,11609,2.98
FOODS_3_280,WI_2,11609,4.28
FOODS_3_285,WI_2,11609,1.25
FOODS_3_287,WI_2,11609,7.48
FOODS_3_299,WI_2,11609,1.45
FOODS_3_311,WI_2,11609,2.98
FOODS_3_327,WI_2,11609,3.28
FOODS_3_352,WI_2,11609,3.64
FOODS_3_353,WI_2,11609,8.98
FOODS_3_363,WI_2,11609,2.77
FOODS_3_359,WI_2,11609,2.78
FOODS_3_390,WI_2,11609,1.78
FOODS_3_402,WI_2,11609,6.48
FOODS_3_411,WI_2,11609,2.98
FOODS_3_424,WI_2,11609,3.88
FOODS_3_423,WI_2,11609,2.98
FOODS_3_435,WI_2,11609,1.48
FOODS_3_437,WI_2,11609,1.0
FOODS_3_449,WI_2,11609,1.98
FOODS_3_446,WI_2,11609,1.18
FOODS_3_440,WI_2,11609,5.22
FOODS_3_452,WI_2,11609,4.98
FOODS_3_450,WI_2,11609,3.0
FOODS_3_451,WI_2,11609,1.48
FOODS_3_456,WI_2,11609,3.98
FOODS_3_462,WI_2,11609,1.0
FOODS_3_464,WI_2,11609,3.48
FOODS_3_483,WI_2,11609,2.98
FOODS_3_494,WI_2,11609,2.98
FOODS_3_510,WI_2,11609,1.97
FOODS_3_538,WI_2,11609,1.34
FOODS_3_547,WI_2,11609,0.25
FOODS_3_545,WI_2,11609,1.0
FOODS_3_556,WI_2,11609,2.56
FOODS_3_554,WI_2,11609,3.48
FOODS_3_549,WI_2,11609,2.48
FOODS_3_574,WI_2,11609,5.98
FOODS_3_580,WI_2,11609,0.25
FOODS_3_593,WI_2,11609,6.98
FOODS_3_606,WI_2,11609,2.88
FOODS_3_610,WI_2,11609,1.98
FOODS_3_614,WI_2,11609,0.94
FOODS_3_624,WI_2,11609,2.48
FOODS_3_634,WI_2,11609,3.98
FOODS_3_637,WI_2,11609,2.98
FOODS_3_638,WI_2,11609,1.45
FOODS_3_649,WI_2,11609,6.44
FOODS_3_647,WI_2,11609,1.28
FOODS_3_668,WI_2,11609,1.68
FOODS_3_670,WI_2,11609,1.98
FOODS_3_673,WI_2,11609,5.98
FOODS_3_684,WI_2,11609,1.88
FOODS_3_695,WI_2,11609,3.98
FOODS_3_709,WI_2,11609,2.42
FOODS_3_714,WI_2,11609,1.58
FOODS_3_717,WI_2,11609,1.98
FOODS_3_715,WI_2,11609,3.98
FOODS_3_719,WI_2,11609,2.5
FOODS_3_720,WI_2,11609,4.54
FOODS_3_738,WI_2,11609,1.5
FOODS_3_743,WI_2,11609,2.98
FOODS_3_754,WI_2,11609,6.24
FOODS_3_762,WI_2,11609,3.27
FOODS_3_763,WI_2,11609,3.48
FOODS_3_759,WI_2,11609,2.98
FOODS_3_782,WI_2,11609,2.68
FOODS_3_780,WI_2,11609,2.98
FOODS_3_792,WI_2,11609,1.0
FOODS_3_801,WI_2,11609,1.0
HOBBIES_1_010,WI_3,11609,2.97
HOBBIES_1_007,WI_3,11609,7.88
HOBBIES_1_014,WI_3,11609,1.16
HOBBIES_1_026,WI_3,11609,17.97
HOBBIES_1_043,WI_3,11609,0.7
HOBBIES_1_050,WI_3,11609,10.98
HOBBIES_1_061,WI_3,11609,2.83
HOBBIES_1_076,WI_3,11609,3.43
HOBBIES_1_083,WI_3,11609,15.92
HOBBIES_1_093,WI_3,11609,19.96
HOBBIES_1_108,WI_3,11609,12.98
HOBBIES_1_110,WI_3,11609,3.67
HOBBIES_1_130,WI_3,11609,2.73
HOBBIES_1_164,WI_3,11609,8.97
HOBBIES_1_167,WI_3,11609,0.68
HOBBIES_1_171,WI_3,11609,2.88
HOBBIES_1_176,WI_3,11609,5.94
HOBBIES_1_183,WI_3,11609,7.98
HOBBIES_1_187,WI_3,11609,7.0
HOBBIES_1_186,WI_3,11609,15.92
HOUSEHOLD_2_054,CA_1,11609,4.87
HOUSEHOLD_2_055,CA_1,11609,8.97
HOUSEHOLD_2_065,CA_1,11609,5.47
HOUSEHOLD_2_081,CA_1,11609,2.57
HOUSEHOLD_2_087,CA_1,11609,7.94
HOUSEHOLD_2_085,CA_1,11609,7.94
HOUSEHOLD_2_094,CA_1,11609,5.94
HOUSEHOLD_2_098,CA_1,11609,3.47
HOUSEHOLD_2_104,CA_1,11609,4.97
HOUSEHOLD_2_102,CA_1,11609,2.48
HOUSEHOLD_2_115,CA_1,11609,3.87
HOUSEHOLD_2_122,CA_1,11609,6.96
HOUSEHOLD_2_148,CA_1,11609,5.94
HOUSEHOLD_2_162,CA_1,11609,3.97
HOUSEHOLD_2_182,CA_1,11609,6.98
HOUSEHOLD_2_189,CA_1,11609,14.48
HOUSEHOLD_2_188,CA_1,11609,7.24
HOUSEHOLD_2_186,CA_1,11609,9.98
HOUSEHOLD_2_194,CA_1,11609,6.27
HOUSEHOLD_2_224,CA_1,11609,3.97
HOUSEHOLD_2_240,CA_1,11609,4.97
HOUSEHOLD_2_242,CA_1,11609,12.97
HOUSEHOLD_2_250,CA_1,11609,6.96
HOUSEHOLD_2_267,CA_1,11609,1.93
HOUSEHOLD_2_274,CA_1,11609,5.98
HOUSEHOLD_2_283,CA_1,11609,5.84
HOUSEHOLD_2_322,CA_1,11609,2.22
HOUSEHOLD_2_325,CA_1,11609,3.82
HOUSEHOLD_2_332,CA_1,11609,6.77
HOUSEHOLD_2_341,CA_1,11609,5.32
HOUSEHOLD_2_348,CA_1,11609,7.44
HOUSEHOLD_2_368,CA_1,11609,5.48
HOUSEHOLD_2_369,CA_1,11609,6.47
HOUSEHOLD_2_379,CA_1,11609,4.44
HOUSEHOLD_2_378,CA_1,11609,6.98
HOUSEHOLD_2_395,CA_1,11609,3.67
HOUSEHOLD_2_401,CA_1,11609,3.33
HOUSEHOLD_2_410,CA_1,11609,1.38
HOUSEHOLD_2_414,CA_1,11609,5.92
HOUSEHOLD_2_423,CA_1,11609,3.87
HOUSEHOLD_2_449,CA_1,11609,5.64
HOUSEHOLD_2_456,CA_1,11609,8.86
HOUSEHOLD_2_457,CA_1,11609,6.47
HOUSEHOLD_2_460,CA_1,11609,5.94
HOUSEHOLD_2_465,CA_1,11609,7.24
HOUSEHOLD_2_473,CA_1,11609,7.97
HOUSEHOLD_2_475,CA_1,11609,4.96
HOUSEHOLD_2_478,CA_1,11609,4.94
HOUSEHOLD_2_476,CA_1,11609,3.97
HOUSEHOLD_2_484,CA_1,11609,6.97
HOUSEHOLD_2_494,CA_1,11609,5.94
HOUSEHOLD_2_509,CA_1,11609,8.97
FOODS_1_006,CA_1,11609,2.48
FOODS_1_011,CA_1,11609,2.68
FOODS_1_009,CA_1,11609,2.24
FOODS_1_019,CA_1,11609,0.98
FOODS_1_025,CA_1,11609,4.27
FOODS_1_036,CA_1,11609,1.78
FOODS_1_049,CA_1,11609,2.24
FOODS_1_053,CA_1,11609,5.14
FOODS_1_062,CA_1,11609,4.27
FOODS_1_058,CA_1,11609,1.96
FOODS_1_066,CA_1,11609,1.36
FOODS_1_073,CA_1,11609,2.12
FOODS_1_074,CA_1,11609,2.24
FOODS_1_071,CA_1,11609,2.0
FOODS_1_080,CA_1,11609,7.58
FOODS_1_081,CA_1,11609,5.64
FOODS_1_096,CA_1,11609,5.74
FOODS_1_098,CA_1,11609,4.43
FOODS_1_106,CA_1,11609,3.54
FOODS_1_114,CA_1,11609,3.54
FOODS_1_110,CA_1,11609,1.96
FOODS_1_109,CA_1,11609,2.24
FOODS_1_137,CA_1,11609,2.0
FOODS_1_155,CA_1,11609,0.98
FOODS_1_157,CA_1,11609,4.89
FOODS_1_163,CA_1,11609,0.98
FOODS_1_188,CA_1,11609,2.98
FOODS_1_191,CA_1,11609,5.64
FOODS_1_190,CA_1,11609,0.98
FOODS_1_202,CA_1,11609,0.98
FOODS_1_207,CA_1,11609,3.32
FOODS_1_213,CA_1,11609,2.24
FOODS_1_214,CA_1,11609,3.14
FOODS_2_002,CA_1,11609,2.0
FOODS_2_007,CA_1,11609,2.98
FOODS_2_014,CA_1,11609,2.96
FOODS_2_019,CA_1,11609,3.42
FOODS_2_021,CA_1,11609,0.94
FOODS_2_026,CA_1,11609,2.48
FOODS_2_031,CA_1,11609,2.18
FOODS_2_087,CA_1,11609,10.97
FOODS_2_100,CA_1,11609,2.5
FOODS_2_094,CA_1,11609,1.28
FOODS_2_107,CA_1,11609,2.0
FOODS_2_110,CA_1,11609,2.38
FOODS_2_122,CA_1,11609,4.93
FOODS_2_150,CA_1,11609,2.96
FOODS_2_158,CA_1,11609,1.28
FOODS_2_172,CA_1,11609,2.5
FOODS_2_176,CA_1,11609,2.98
FOODS_2_179,CA_1,11609,4.97
FOODS_2_192,CA_1,11609,1.97
FOODS_2_193,CA_1,11609,4.98
FOODS_2_191,CA_1,11609,8.98
FOODS_2_211,CA_1,11609,2.28
FOODS_2_205,CA_1,11609,2.5
FOODS_2_203,CA_1,11609,3.62
FOODS_2_228,CA_1,11609,4.93
FOODS_2_245,CA_1,11609,2.98
FOODS_2_247,CA_1,11609,2.25
FOODS_2_257,CA_1,11609,1.0
FOODS_2_253,CA_1,11609,7.82
FOODS_2_263,CA_1,11609,6.48
FOODS_2_260,CA_1,11609,2.5
FOODS_2_261,CA_1,11609,10.0
FOODS_2_280,CA_1,11609,3.97
FOODS_2_293,CA_1,11609,4.22
FOODS_2_290,CA_1,11609,2.5
FOODS_2_303,CA_1,11609,2.18
FOODS_2_311,CA_1,11609,2.96
FOODS_2_315,CA_1,11609,2.5
FOODS_2_317,CA_1,11609,13.97
FOODS_2_323,CA_1,11609,3.97
FOODS_2_329,CA_1,11609,3.76
FOODS_2_332,CA_1,11609,3.67
FOODS_2_333,CA_1,11609,3.24
FOODS_2_352,CA_1,11609,9.98
FOODS_2_356,CA_1,11609,2.5
FOODS_2_358,CA_1,11609,2.5
FOODS_2_354,CA_1,11609,5.08
FOODS_2_355,CA_1,11609,2.5
FOODS_2_364,CA_1,11609,2.74
FOODS_2_380,CA_1,11609,4.97
FOODS_2_394,CA_1,11609,2.97
FOODS_2_396,CA_1,11609,2.98
FOODS_3_015,CA_1,11609,1.78
FOODS_3_028,CA_1,11609,3.88
FOODS_3_035,CA_1,11609,4.18
FOODS_3_036,CA_1,11609,2.88
FOODS_3_051,CA_1,11609,1.98
FOODS_3_064,CA_1,11609,1.18
FOODS_3_066,CA_1,11609,2.98
FOODS_3_072,CA_1,11609,2.5
HOBBIES_2_144,CA_4,11609,0.5
HOBBIES_2_149,CA_4,11609,0.97
HOUSEHOLD_1_006,CA_4,11609,6.97
HOUSEHOLD_1_018,CA_4,11609,9.97
HOUSEHOLD_1_030,CA_4,11609,4.94
HOUSEHOLD_1_023,CA_4,11609,8.97
HOUSEHOLD_1_038,CA_4,11609,5.22
HOUSEHOLD_1_040,CA_4,11609,4.94
HOUSEHOLD_1_044,CA_4,11609,17.97
HOUSEHOLD_1_043,CA_4,11609,2.97
HOUSEHOLD_1_055,CA_4,11609,3.88
HOUSEHOLD_1_070,CA_4,11609,3.93
HOUSEHOLD_1_071,CA_4,11609,2.36
HOUSEHOLD_1_076,CA_4,11609,4.88
HOUSEHOLD_1_095,CA_4,11609,5.97
HOUSEHOLD_1_103,CA_4,11609,4.94
HOUSEHOLD_1_110,CA_4,11609,3.97
HOUSEHOLD_1_126,CA_4,11609,8.96
HOUSEHOLD_1_132,CA_4,11609,1.97
HOUSEHOLD_1_134,CA_4,11609,4.23
HOUSEHOLD_1_189,CA_4,11609,5.88
HOUSEHOLD_1_190,CA_4,11609,4.94
HOUSEHOLD_1_196,CA_4,11609,1.97
HOUSEHOLD_1_203,CA_4,11609,4.94
HOUSEHOLD_1_207,CA_4,11609,7.97
HOUSEHOLD_1_209,CA_4,11609,3.47
HOUSEHOLD_1_217,CA_4,11609,1.83
HOUSEHOLD_1_219,CA_4,11609,6.48
HOUSEHOLD_1_213,CA_4,11609,4.48
HOUSEHOLD_1_216,CA_4,11609,11.97
HOUSEHOLD_1_230,CA_4,11609,3.28
HOUSEHOLD_1_225,CA_4,11609,1.88
HOUSEHOLD_1_226,CA_4,11609,2.88
HOUSEHOLD_1_237,CA_4,11609,5.88
HOUSEHOLD_1_249,CA_4,11609,7.97
HOUSEHOLD_1_253,CA_4,11609,3.47
HOUSEHOLD_1_264,CA_4,11609,7.47
HOUSEHOLD_1_285,CA_4,11609,2.76
HOUSEHOLD_1_283,CA_4,11609,1.48
HOUSEHOLD_1_286,CA_4,11609,4.93
HOUSEHOLD_1_298,CA_4,11609,3.72
HOUSEHOLD_1_305,CA_4,11609,2.97
HOUSEHOLD_1_314,CA_4,11609,7.98
HOUSEHOLD_1_308,CA_4,11609,6.94
HOUSEHOLD_1_323,CA_4,11609,5.24
HOUSEHOLD_1_322,CA_4,11609,2.97
HOUSEHOLD_1_332,CA_4,11609,9.74
HOUSEHOLD_1_354,CA_4,11609,1.93
HOUSEHOLD_1_361,CA_4,11609,1.88
HOUSEHOLD_1_367,CA_4,11609,3.97
HOUSEHOLD_1_366,CA_4,11609,5.96
HOUSEHOLD_1_363,CA_4,11609,2.97
HOUSEHOLD_1_375,CA_4,11609,7.97
HOUSEHOLD_1_387,CA_4,11609,2.88
HOUSEHOLD_1_388,CA_4,11609,3.47
HOUSEHOLD_1_406,CA_4,11609,4.97
HOUSEHOLD_1_417,CA_4,11609,5.48
HOUSEHOLD_1_429,CA_4,11609,2.88
HOUSEHOLD_1_437,CA_4,11609,2.96
HOUSEHOLD_1_457,CA_4,11609,10.47
HOUSEHOLD_1_464,CA_4,11609,9.47
HOUSEHOLD_1_472,CA_4,11609,4.82
HOUSEHOLD_1_482,CA_4,11609,2.96
HOUSEHOLD_1_491,CA_4,11609,6.42
HOUSEHOLD_1_523,CA_4,11609,20.53
HOUSEHOLD_1_535,CA_4,11609,6.97
HOUSEHOLD_1_532,CA_4,11609,2.48
HOUSEHOLD_1_526,CA_4,11609,4.94
HOUSEHOLD_1_541,CA_4,11609,6.97
HOUSEHOLD_2_002,CA_4,11609,2.67
HOUSEHOLD_2_006,CA_4,11609,3.44
HOUSEHOLD_2_008,CA_4,11609,2.46
HOUSEHOLD_2_011,CA_4,11609,5.62
HOUSEHOLD_2_034,CA_4,11609,11.78
HOUSEHOLD_2_037,CA_4,11609,11.84
HOUSEHOLD_2_031,CA_4,11609,5.94
HOUSEHOLD_2_045,CA_4,11609,8.64
HOUSEHOLD_2_044,CA_4,11609,3.48
HOUSEHOLD_2_048,CA_4,11609,3.94
HOUSEHOLD_2_047,CA_4,11609,3.67
HOUSEHOLD_2_064,CA_4,11609,3.87
HOUSEHOLD_2_088,CA_4,11609,6.97
HOUSEHOLD_2_086,CA_4,11609,3.97
HOUSEHOLD_2_093,CA_4,11609,3.24
HOUSEHOLD_2_092,CA_4,11609,5.94
HOUSEHOLD_2_111,CA_4,11609,6.44
HOUSEHOLD_2_113,CA_4,11609,1.88
HOUSEHOLD_2_118,CA_4,11609,3.42
HOUSEHOLD_2_128,CA_4,11609,5.94
HOUSEHOLD_2_131,CA_4,11609,11.97
HOUSEHOLD_2_134,CA_4,11609,5.94
HOUSEHOLD_2_129,CA_4,11609,5.73
HOUSEHOLD_2_142,CA_4,11609,1.97
HOUSEHOLD_2_146,CA_4,11609,6.47
HOUSEHOLD_2_168,CA_4,11609,6.94
HOUSEHOLD_2_169,CA_4,11609,5.84
HOUSEHOLD_2_167,CA_4,11609,2.88
HOUSEHOLD_2_191,CA_4,11609,5.44
HOUSEHOLD_2_193,CA_4,11609,4.94
HOUSEHOLD_2_197,CA_4,11609,3.97
HOUSEHOLD_2_201,CA_4,11609,6.54
HOUSEHOLD_2_205,CA_4,11609,5.84
HOUSEHOLD_2_221,CA_4,11609,2.77
HOUSEHOLD_2_234,CA_4,11609,5.73
HOUSEHOLD_2_247,CA_4,11609,3.97
HOUSEHOLD_2_255,CA_4,11609,9.97
HOUSEHOLD_2_268,CA_4,11609,5.47
HOUSEHOLD_2_272,CA_4,11609,5.47
HOUSEHOLD_2_282,CA_4,11609,5.84
HOUSEHOLD_2_290,CA_4,11609,6.24
HOUSEHOLD_2_286,CA_4,11609,2.14
HOUSEHOLD_2_307,CA_4,11609,5.98
HOUSEHOLD_2_319,CA_4,11609,1.98
HOUSEHOLD_2_340,CA_4,11609,4.98
HOUSEHOLD_2_331,CA_4,11609,3.97
HOUSEHOLD_2_335,CA_4,11609,6.24
HOUSEHOLD_2_344,CA_4,11609,5.74
HOUSEHOLD_2_355,CA_4,11609,11.67
HOUSEHOLD_2_367,CA_4,11609,7.47
HOUSEHOLD_2_366,CA_4,11609,4.17
HOUSEHOLD_2_371,CA_4,11609,0.78
HOUSEHOLD_2_377,CA_4,11609,4.97
HOUSEHOLD_2_382,CA_4,11609,3.48
HOUSEHOLD_2_385,CA_4,11609,7.47
HOUSEHOLD_2_398,CA_4,11609,7.97
HOUSEHOLD_2_400,CA_4,11609,3.88
HOUSEHOLD_2_412,CA_4,11609,5.94
HOUSEHOLD_2_421,CA_4,11609,4.97
HOUSEHOLD_2_424,CA_4,11609,2.88
HOUSEHOLD_2_435,CA_4,11609,5.97
HOUSEHOLD_2_431,CA_4,11609,9.47
HOUSEHOLD_2_439,CA_4,11609,5.84
HOUSEHOLD_2_432,CA_4,11609,5.47
HOUSEHOLD_2_443,CA_4,11609,4.66
HOUSEHOLD_2_453,CA_4,11609,6.47
HOUSEHOLD_2_463,CA_4,11609,5.47
HOUSEHOLD_2_470,CA_4,11609,0.88
HOUSEHOLD_2_482,CA_4,11609,5.73
HOUSEHOLD_2_486,CA_4,11609,5.97
HOUSEHOLD_2_488,CA_4,11609,4.97
HOUSEHOLD_2_487,CA_4,11609,9.98
HOUSEHOLD_2_495,CA_4,11609,5.84
HOUSEHOLD_2_502,CA_4,11609,8.86
HOUSEHOLD_2_513,CA_4,11609,2.78
HOUSEHOLD_2_515,CA_4,11609,1.97
FOODS_1_026,CA_4,11609,6.98
FOODS_1_046,CA_4,11609,0.98
FOODS_1_047,CA_4,11609,3.54
FOODS_1_055,CA_4,11609,4.38
FOODS_1_061,CA_4,11609,2.24
FOODS_1_067,CA_4,11609,2.0
FOODS_1_068,CA_4,11609,3.58
FOODS_2_150,TX_3,11609,2.42
FOODS_2_158,TX_3,11609,1.28
FOODS_2_172,TX_3,11609,2.47
FOODS_2_176,TX_3,11609,2.98
FOODS_2_179,TX_3,11609,4.97
FOODS_2_192,TX_3,11609,1.68
FOODS_2_191,TX_3,11609,8.98
FOODS_2_193,TX_3,11609,4.98
FOODS_2_211,TX_3,11609,2.18
FOODS_2_205,TX_3,11609,2.5
FOODS_2_203,TX_3,11609,3.62
FOODS_2_228,TX_3,11609,4.93
FOODS_2_245,TX_3,11609,2.98
FOODS_2_247,TX_3,11609,1.83
FOODS_2_260,TX_3,11609,2.5
FOODS_2_257,TX_3,11609,1.0
FOODS_2_253,TX_3,11609,7.82
FOODS_2_263,TX_3,11609,5.92
FOODS_2_261,TX_3,11609,9.88
FOODS_2_280,TX_3,11609,3.97
FOODS_2_293,TX_3,11609,3.88
FOODS_2_290,TX_3,11609,2.73
FOODS_2_303,TX_3,11609,2.18
FOODS_2_311,TX_3,11609,2.42
FOODS_2_315,TX_3,11609,2.47
FOODS_2_317,TX_3,11609,13.97
FOODS_2_323,TX_3,11609,3.97
FOODS_2_332,TX_3,11609,3.14
FOODS_2_333,TX_3,11609,3.24
FOODS_2_329,TX_3,11609,3.76
FOODS_2_358,TX_3,11609,2.5
FOODS_2_356,TX_3,11609,2.47
FOODS_2_352,TX_3,11609,9.98
FOODS_2_354,TX_3,11609,4.74
FOODS_2_355,TX_3,11609,2.36
FOODS_2_364,TX_3,11609,2.74
FOODS_2_380,TX_3,11609,4.97
FOODS_2_394,TX_3,11609,2.44
FOODS_2_396,TX_3,11609,2.68
FOODS_3_015,TX_3,11609,1.78
FOODS_3_028,TX_3,11609,3.88
FOODS_3_035,TX_3,11609,4.18
FOODS_3_036,TX_3,11609,2.88
FOODS_3_051,TX_3,11609,1.98
FOODS_3_066,TX_3,11609,2.98
FOODS_3_064,TX_3,11609,1.18
FOODS_3_072,TX_3,11609,2.5
FOODS_3_121,TX_3,11609,2.98
FOODS_3_125,TX_3,11609,4.98
FOODS_3_136,TX_3,11609,4.48
FOODS_3_134,TX_3,11609,6.98
FOODS_3_140,TX_3,11609,3.0
FOODS_3_155,TX_3,11609,1.98
FOODS_3_156,TX_3,11609,4.18
FOODS_3_161,TX_3,11609,1.98
FOODS_3_169,TX_3,11609,3.98
FOODS_3_173,TX_3,11609,11.82
FOODS_3_218,TX_3,11609,2.0
FOODS_3_233,TX_3,11609,2.56
FOODS_3_248,TX_3,11609,1.98
FOODS_3_249,TX_3,11609,2.68
FOODS_3_247,TX_3,11609,4.94
FOODS_3_267,TX_3,11609,2.28
FOODS_3_272,TX_3,11609,9.98
FOODS_3_274,TX_3,11609,1.5
FOODS_3_279,TX_3,11609,2.98
FOODS_3_275,TX_3,11609,2.5
FOODS_3_277,TX_3,11609,1.98
FOODS_3_290,TX_3,11609,1.0
FOODS_3_298,TX_3,11609,18.73
FOODS_3_297,TX_3,11609,2.88
FOODS_3_304,TX_3,11609,4.48
FOODS_3_302,TX_3,11609,1.5
FOODS_3_323,TX_3,11609,2.48
FOODS_3_326,TX_3,11609,1.48
FOODS_3_328,TX_3,11609,3.88
FOODS_3_348,TX_3,11609,0.8
FOODS_3_344,TX_3,11609,2.24
FOODS_3_360,TX_3,11609,2.24
FOODS_3_380,TX_3,11609,1.98
FOODS_3_375,TX_3,11609,1.74
FOODS_3_383,TX_3,11609,1.25
FOODS_3_391,TX_3,11609,2.98
FOODS_3_398,TX_3,11609,5.62
FOODS_3_409,TX_3,11609,2.78
FOODS_3_417,TX_3,11609,4.54
FOODS_3_436,TX_3,11609,2.5
FOODS_3_460,TX_3,11609,1.98
FOODS_3_489,TX_3,11609,1.98
FOODS_3_501,TX_3,11609,0.8
FOODS_3_498,TX_3,11609,0.25
FOODS_3_496,TX_3,11609,3.98
FOODS_3_505,TX_3,11609,3.62
FOODS_3_509,TX_3,11609,1.98
FOODS_3_518,TX_3,11609,2.88
FOODS_3_523,TX_3,11609,1.98
FOODS_3_535,TX_3,11609,6.24
FOODS_3_561,TX_3,11609,2.98
FOODS_3_557,TX_3,11609,2.5
FOODS_3_569,TX_3,11609,3.98
FOODS_3_566,TX_3,11609,1.0
FOODS_3_575,TX_3,11609,6.72
FOODS_3_590,TX_3,11609,2.68
FOODS_3_611,TX_3,11609,1.87
FOODS_3_612,TX_3,11609,4.54
FOODS_3_622,TX_3,11609,2.56
FOODS_3_623,TX_3,11609,2.98
FOODS_3_619,TX_3,11609,2.98
FOODS_3_632,TX_3,11609,3.98
FOODS_3_644,TX_3,11609,1.68
FOODS_3_664,TX_3,11609,1.88
FOODS_3_674,TX_3,11609,2.98
FOODS_3_679,TX_3,11609,3.88
FOODS_3_676,TX_3,11609,6.98
FOODS_3_678,TX_3,11609,4.98
FOODS_3_707,TX_3,11609,1.28
FOODS_3_716,TX_3,11609,1.48
FOODS_3_713,TX_3,11609,3.48
FOODS_3_727,TX_3,11609,3.98
FOODS_3_729,TX_3,11609,3.98
FOODS_3_732,TX_3,11609,2.18
FOODS_3_736,TX_3,11609,1.74
FOODS_3_741,TX_3,11609,1.35
FOODS_3_737,TX_3,11609,3.48
FOODS_3_742,TX_3,11609,1.25
FOODS_3_752,TX_3,11609,0.25
FOODS_3_760,TX_3,11609,2.88
FOODS_3_772,TX_3,11609,5.44
FOODS_3_769,TX_3,11609,1.25
FOODS_3_768,TX_3,11609,1.98
FOODS_3_784,TX_3,11609,1.48
FOODS_3_779,TX_3,11609,2.48
FOODS_3_791,TX_3,11609,2.5
FOODS_3_799,TX_3,11609,2.18
FOODS_3_812,TX_3,11609,2.94
FOODS_3_806,TX_3,11609,2.56
HOBBIES_1_003,WI_1,11609,2.97
HOBBIES_1_009,WI_1,11609,1.77
HOBBIES_1_022,WI_1,11609,7.18
HOBBIES_1_064,WI_1,11609,12.97
HOBBIES_1_068,WI_1,11609,7.0
HOBBIES_1_086,WI_1,11609,8.26
HOBBIES_1_095,WI_1,11609,7.68
HOBBIES_1_109,WI_1,11609,6.12
HOBBIES_1_121,WI_1,11609,1.12
HOBBIES_1_126,WI_1,11609,9.58
HOBBIES_1_137,WI_1,11609,8.98
HOBBIES_1_139,WI_1,11609,2.74
HOBBIES_1_150,WI_1,11609,1.77
HOBBIES_1_153,WI_1,11609,6.38
HOBBIES_1_163,WI_1,11609,9.42
HOBBIES_1_162,WI_1,11609,3.98
HOBBIES_1_161,WI_1,11609,0.7
HOBBIES_1_169,WI_1,11609,0.57
HOBBIES_1_173,WI_1,11609,10.97
HOBBIES_1_192,WI_1,11609,3.54
HOBBIES_1_191,WI_1,11609,8.97
FOODS_3_290,WI_3,11609,1.0
FOODS_3_298,WI_3,11609,18.73
FOODS_3_297,WI_3,11609,2.88
FOODS_3_302,WI_3,11609,1.5
FOODS_3_304,WI_3,11609,4.48
FOODS_3_326,WI_3,11609,1.48
FOODS_3_323,WI_3,11609,2.48
FOODS_3_328,WI_3,11609,3.88
FOODS_3_344,WI_3,11609,2.24
FOODS_3_348,WI_3,11609,0.8
FOODS_3_360,WI_3,11609,2.24
FOODS_3_375,WI_3,11609,1.74
FOODS_3_380,WI_3,11609,1.98
FOODS_3_383,WI_3,11609,1.25
FOODS_3_391,WI_3,11609,2.98
FOODS_3_398,WI_3,11609,5.62
FOODS_3_409,WI_3,11609,2.78
FOODS_3_417,WI_3,11609,4.54
FOODS_3_436,WI_3,11609,2.5
FOODS_3_460,WI_3,11609,1.98
FOODS_3_496,WI_3,11609,3.98
FOODS_3_489,WI_3,11609,1.78
FOODS_3_498,WI_3,11609,0.25
FOODS_3_501,WI_3,11609,0.8
FOODS_3_505,WI_3,11609,3.62
FOODS_3_509,WI_3,11609,1.98
FOODS_3_518,WI_3,11609,2.88
FOODS_3_523,WI_3,11609,1.98
FOODS_3_535,WI_3,11609,6.24
FOODS_3_561,WI_3,11609,2.98
FOODS_3_557,WI_3,11609,2.5
FOODS_3_569,WI_3,11609,3.98
FOODS_3_566,WI_3,11609,1.0
FOODS_3_575,WI_3,11609,6.72
FOODS_3_590,WI_3,11609,2.68
FOODS_3_611,WI_3,11609,2.48
FOODS_3_612,WI_3,11609,4.54
FOODS_3_619,WI_3,11609,2.88
FOODS_3_622,WI_3,11609,2.58
FOODS_3_623,WI_3,11609,2.98
FOODS_3_632,WI_3,11609,3.98
FOODS_3_644,WI_3,11609,1.68
FOODS_3_664,WI_3,11609,1.88
FOODS_3_674,WI_3,11609,2.98
FOODS_3_679,WI_3,11609,3.88
FOODS_3_676,WI_3,11609,6.98
FOODS_3_678,WI_3,11609,4.98
FOODS_3_713,WI_3,11609,3.48
FOODS_3_707,WI_3,11609,1.28
FOODS_3_716,WI_3,11609,1.48
FOODS_3_727,WI_3,11609,3.98
FOODS_3_729,WI_3,11609,3.98
FOODS_3_732,WI_3,11609,2.18
FOODS_3_736,WI_3,11609,1.74
FOODS_3_741,WI_3,11609,1.35
FOODS_3_737,WI_3,11609,3.48
FOODS_3_742,WI_3,11609,1.25
FOODS_3_752,WI_3,11609,0.25
FOODS_3_760,WI_3,11609,2.88
FOODS_3_769,WI_3,11609,1.25
FOODS_3_772,WI_3,11609,5.44
FOODS_3_768,WI_3,11609,1.78
FOODS_3_784,WI_3,11609,1.48
FOODS_3_779,WI_3,11609,2.48
FOODS_3_791,WI_3,11609,2.5
FOODS_3_799,WI_3,11609,2.18
FOODS_3_812,WI_3,11609,2.94
FOODS_3_806,WI_3,11609,2.56
HOUSEHOLD_2_484,CA_2,11609,6.97
HOUSEHOLD_2_494,CA_2,11609,5.94
HOUSEHOLD_2_509,CA_2,11609,8.97
FOODS_1_006,CA_2,11609,2.48
FOODS_1_011,CA_2,11609,2.68
FOODS_1_009,CA_2,11609,2.24
FOODS_1_019,CA_2,11609,0.98
FOODS_1_025,CA_2,11609,4.27
FOODS_1_036,CA_2,11609,1.78
FOODS_1_049,CA_2,11609,2.24
FOODS_1_053,CA_2,11609,5.14
FOODS_1_062,CA_2,11609,4.27
FOODS_1_058,CA_2,11609,1.96
FOODS_1_066,CA_2,11609,1.36
FOODS_1_073,CA_2,11609,2.12
FOODS_1_074,CA_2,11609,2.24
FOODS_1_071,CA_2,11609,2.0
FOODS_1_080,CA_2,11609,7.58
FOODS_1_081,CA_2,11609,5.64
FOODS_1_096,CA_2,11609,5.74
FOODS_1_098,CA_2,11609,4.43
FOODS_1_106,CA_2,11609,3.54
FOODS_1_110,CA_2,11609,1.5
FOODS_1_109,CA_2,11609,2.24
FOODS_1_114,CA_2,11609,3.54
FOODS_1_137,CA_2,11609,2.0
FOODS_1_155,CA_2,11609,0.98
FOODS_1_157,CA_2,11609,4.89
FOODS_1_163,CA_2,11609,0.98
FOODS_1_191,CA_2,11609,5.64
FOODS_1_190,CA_2,11609,0.98
FOODS_1_188,CA_2,11609,2.98
FOODS_1_202,CA_2,11609,0.98
FOODS_1_207,CA_2,11609,3.32
FOODS_1_213,CA_2,11609,2.24
FOODS_1_214,CA_2,11609,3.14
FOODS_2_019,CA_2,11609,3.42
FOODS_2_014,CA_2,11609,2.96
FOODS_2_002,CA_2,11609,2.0
FOODS_2_007,CA_2,11609,2.98
FOODS_2_021,CA_2,11609,0.94
FOODS_2_026,CA_2,11609,2.48
FOODS_2_031,CA_2,11609,2.18
FOODS_2_100,CA_2,11609,2.5
FOODS_2_094,CA_2,11609,1.28
FOODS_2_087,CA_2,11609,10.97
FOODS_2_107,CA_2,11609,2.0
FOODS_2_122,CA_2,11609,4.93
FOODS_2_110,CA_2,11609,2.38
FOODS_2_150,CA_2,11609,2.96
FOODS_2_158,CA_2,11609,1.28
FOODS_2_176,CA_2,11609,2.98
FOODS_2_179,CA_2,11609,4.97
FOODS_2_172,CA_2,11609,2.5
FOODS_2_191,CA_2,11609,8.98
FOODS_2_192,CA_2,11609,1.97
FOODS_2_193,CA_2,11609,4.98
FOODS_2_205,CA_2,11609,2.5
FOODS_2_211,CA_2,11609,2.28
FOODS_2_203,CA_2,11609,3.62
FOODS_2_228,CA_2,11609,4.93
FOODS_2_247,CA_2,11609,2.25
FOODS_2_245,CA_2,11609,2.98
FOODS_2_263,CA_2,11609,6.48
FOODS_2_257,CA_2,11609,1.0
FOODS_2_280,CA_2,11609,3.97
FOODS_2_261,CA_2,11609,10.0
FOODS_2_260,CA_2,11609,2.5
FOODS_2_253,CA_2,11609,7.82
FOODS_2_293,CA_2,11609,4.22
FOODS_2_290,CA_2,11609,2.5
FOODS_2_317,CA_2,11609,13.97
FOODS_2_315,CA_2,11609,2.5
FOODS_2_303,CA_2,11609,2.18
FOODS_2_311,CA_2,11609,2.96
FOODS_2_333,CA_2,11609,3.24
FOODS_2_323,CA_2,11609,3.97
FOODS_2_329,CA_2,11609,3.76
FOODS_2_332,CA_2,11609,3.67
FOODS_2_356,CA_2,11609,2.5
FOODS_2_352,CA_2,11609,9.98
FOODS_2_354,CA_2,11609,5.08
FOODS_2_355,CA_2,11609,2.5
FOODS_2_358,CA_2,11609,2.0
FOODS_2_364,CA_2,11609,2.74
FOODS_2_380,CA_2,11609,4.97
FOODS_2_394,CA_2,11609,2.97
FOODS_2_396,CA_2,11609,2.98
FOODS_3_015,CA_2,11609,1.78
FOODS_3_028,CA_2,11609,3.88
FOODS_3_035,CA_2,11609,4.18
FOODS_3_036,CA_2,11609,2.88
FOODS_3_051,CA_2,11609,1.98
FOODS_3_064,CA_2,11609,1.18
FOODS_3_066,CA_2,11609,2.98
FOODS_3_072,CA_2,11609,2.5
FOODS_3_121,CA_2,11609,2.98
FOODS_3_125,CA_2,11609,4.98
FOODS_3_136,CA_2,11609,4.68
FOODS_3_140,CA_2,11609,3.0
FOODS_3_134,CA_2,11609,6.98
FOODS_3_155,CA_2,11609,1.98
FOODS_3_156,CA_2,11609,4.18
FOODS_3_161,CA_2,11609,1.98
FOODS_3_169,CA_2,11609,3.98
FOODS_3_173,CA_2,11609,11.82
FOODS_3_218,CA_2,11609,2.0
FOODS_3_233,CA_2,11609,2.56
FOODS_3_249,CA_2,11609,2.68
FOODS_3_248,CA_2,11609,1.98
FOODS_3_247,CA_2,11609,4.94
FOODS_3_267,CA_2,11609,2.28
FOODS_3_274,CA_2,11609,1.6
FOODS_3_272,CA_2,11609,9.98
FOODS_3_279,CA_2,11609,2.98
FOODS_3_275,CA_2,11609,1.98
FOODS_3_277,CA_2,11609,1.98
FOODS_3_290,CA_2,11609,1.0
FOODS_3_298,CA_2,11609,18.73
FOODS_3_297,CA_2,11609,2.88
FOODS_3_302,CA_2,11609,1.5
FOODS_3_304,CA_2,11609,4.48
FOODS_3_326,CA_2,11609,1.48
FOODS_3_328,CA_2,11609,3.88
FOODS_3_323,CA_2,11609,2.48
FOODS_3_348,CA_2,11609,0.8
FOODS_3_344,CA_2,11609,2.24
FOODS_3_360,CA_2,11609,2.24
FOODS_3_375,CA_2,11609,1.74
FOODS_3_380,CA_2,11609,1.98
FOODS_3_383,CA_2,11609,1.48
FOODS_3_391,CA_2,11609,2.98
FOODS_3_398,CA_2,11609,5.62
FOODS_3_409,CA_2,11609,2.78
FOODS_3_417,CA_2,11609,4.54
FOODS_3_436,CA_2,11609,2.5
FOODS_3_460,CA_2,11609,1.98
FOODS_3_496,CA_2,11609,3.98
FOODS_3_489,CA_2,11609,1.98
FOODS_3_498,CA_2,11609,0.25
FOODS_3_501,CA_2,11609,0.8
FOODS_3_505,CA_2,11609,3.62
FOODS_3_509,CA_2,11609,1.98
FOODS_3_523,CA_2,11609,1.98
FOODS_3_518,CA_2,11609,2.88
FOODS_3_535,CA_2,11609,6.24
FOODS_3_557,CA_2,11609,1.98
FOODS_3_569,CA_2,11609,3.98
FOODS_3_566,CA_2,11609,1.0
FOODS_3_561,CA_2,11609,2.98
FOODS_3_575,CA_2,11609,6.72
FOODS_3_590,CA_2,11609,2.68
FOODS_3_611,CA_2,11609,2.48
FOODS_3_612,CA_2,11609,4.54
FOODS_3_619,CA_2,11609,2.98
FOODS_3_622,CA_2,11609,2.58
FOODS_3_623,CA_2,11609,2.98
FOODS_3_632,CA_2,11609,3.98
FOODS_3_644,CA_2,11609,1.68
FOODS_3_664,CA_2,11609,1.98
FOODS_3_674,CA_2,11609,2.98
FOODS_3_676,CA_2,11609,6.98
FOODS_3_678,CA_2,11609,4.98
FOODS_3_679,CA_2,11609,3.88
FOODS_3_713,CA_2,11609,3.48
FOODS_3_707,CA_2,11609,1.28
FOODS_3_716,CA_2,11609,1.28
FOODS_3_727,CA_2,11609,3.98
FOODS_3_732,CA_2,11609,2.18
FOODS_3_729,CA_2,11609,3.98
FOODS_3_736,CA_2,11609,1.74
FOODS_3_741,CA_2,11609,1.35
FOODS_3_742,CA_2,11609,1.25
FOODS_3_737,CA_2,11609,3.48
FOODS_3_752,CA_2,11609,0.2
FOODS_3_760,CA_2,11609,2.88
FOODS_3_769,CA_2,11609,1.25
FOODS_3_768,CA_2,11609,1.98
FOODS_3_772,CA_2,11609,5.44
FOODS_3_779,CA_2,11609,2.48
FOODS_3_784,CA_2,11609,1.48
FOODS_3_791,CA_2,11609,2.5
FOODS_3_799,CA_2,11609,2.18
FOODS_3_806,CA_2,11609,2.56
FOODS_3_812,CA_2,11609,2.94
HOBBIES_1_001,CA_3,11609,8.26
HOBBIES_1_005,CA_3,11609,2.88
HOBBIES_1_020,CA_3,11609,12.68
HOBBIES_1_021,CA_3,11609,11.88
HOBBIES_1_029,CA_3,11609,8.98
FOODS_1_079,CA_4,11609,4.58
FOODS_1_077,CA_4,11609,3.28
FOODS_1_099,CA_4,11609,0.98
FOODS_1_097,CA_4,11609,0.98
FOODS_1_122,CA_4,11609,1.98
FOODS_1_136,CA_4,11609,4.86
FOODS_1_138,CA_4,11609,2.68
FOODS_1_140,CA_4,11609,6.98
FOODS_1_135,CA_4,11609,2.68
FOODS_1_139,CA_4,11609,0.98
FOODS_1_143,CA_4,11609,2.0
FOODS_1_146,CA_4,11609,2.24
FOODS_1_142,CA_4,11609,1.5
FOODS_1_177,CA_4,11609,8.98
FOODS_1_187,CA_4,11609,9.94
FOODS_1_211,CA_4,11609,5.64
FOODS_2_011,CA_4,11609,2.5
FOODS_2_008,CA_4,11609,2.5
FOODS_2_024,CA_4,11609,2.5
FOODS_2_044,CA_4,11609,2.5
FOODS_2_049,CA_4,11609,2.67
FOODS_2_054,CA_4,11609,2.97
FOODS_2_067,CA_4,11609,2.18
FOODS_2_069,CA_4,11609,8.98
FOODS_2_074,CA_4,11609,2.57
FOODS_2_081,CA_4,11609,2.38
FOODS_2_083,CA_4,11609,6.72
FOODS_2_090,CA_4,11609,8.96
FOODS_2_106,CA_4,11609,5.44
FOODS_2_109,CA_4,11609,2.98
FOODS_2_111,CA_4,11609,5.97
FOODS_2_115,CA_4,11609,8.74
FOODS_2_119,CA_4,11609,2.67
FOODS_2_130,CA_4,11609,1.58
FOODS_2_145,CA_4,11609,2.38
FOODS_2_169,CA_4,11609,6.24
FOODS_2_174,CA_4,11609,2.98
FOODS_2_175,CA_4,11609,2.48
FOODS_2_183,CA_4,11609,8.98
FOODS_2_196,CA_4,11609,3.94
FOODS_2_214,CA_4,11609,2.5
FOODS_2_230,CA_4,11609,2.18
FOODS_2_233,CA_4,11609,4.48
FOODS_2_234,CA_4,11609,2.5
FOODS_2_249,CA_4,11609,3.28
FOODS_2_270,CA_4,11609,3.28
FOODS_2_289,CA_4,11609,2.5
FOODS_2_291,CA_4,11609,6.98
FOODS_2_299,CA_4,11609,2.24
FOODS_2_296,CA_4,11609,3.44
FOODS_2_307,CA_4,11609,2.57
FOODS_2_318,CA_4,11609,4.97
FOODS_2_330,CA_4,11609,4.33
FOODS_2_338,CA_4,11609,2.97
FOODS_2_347,CA_4,11609,2.24
FOODS_2_351,CA_4,11609,2.98
FOODS_2_346,CA_4,11609,2.38
FOODS_2_359,CA_4,11609,2.24
FOODS_2_363,CA_4,11609,2.5
FOODS_2_362,CA_4,11609,6.98
FOODS_2_369,CA_4,11609,4.87
FOODS_2_385,CA_4,11609,2.38
FOODS_2_387,CA_4,11609,12.97
FOODS_2_391,CA_4,11609,2.0
FOODS_3_001,CA_4,11609,2.5
FOODS_3_009,CA_4,11609,2.28
FOODS_3_020,CA_4,11609,0.94
FOODS_3_016,CA_4,11609,2.98
FOODS_3_026,CA_4,11609,1.98
FOODS_3_021,CA_4,11609,2.48
FOODS_3_029,CA_4,11609,1.6
FOODS_3_024,CA_4,11609,1.0
FOODS_3_048,CA_4,11609,1.5
FOODS_3_079,CA_4,11609,5.98
FOODS_3_075,CA_4,11609,2.88
FOODS_3_089,CA_4,11609,1.0
FOODS_3_081,CA_4,11609,4.74
FOODS_3_087,CA_4,11609,2.56
FOODS_3_103,CA_4,11609,3.28
FOODS_3_100,CA_4,11609,3.98
FOODS_3_106,CA_4,11609,1.0
FOODS_3_105,CA_4,11609,2.88
FOODS_3_127,CA_4,11609,3.78
FOODS_3_130,CA_4,11609,2.68
FOODS_3_151,CA_4,11609,2.5
FOODS_3_154,CA_4,11609,2.98
FOODS_3_160,CA_4,11609,2.68
FOODS_3_158,CA_4,11609,6.24
FOODS_3_172,CA_4,11609,1.78
FOODS_3_184,CA_4,11609,3.43
FOODS_3_192,CA_4,11609,5.48
FOODS_3_202,CA_4,11609,4.68
FOODS_3_210,CA_4,11609,2.18
FOODS_3_224,CA_4,11609,3.98
FOODS_3_225,CA_4,11609,1.98
FOODS_3_220,CA_4,11609,2.98
FOODS_3_265,CA_4,11609,3.98
FOODS_3_268,CA_4,11609,2.18
FOODS_3_264,CA_4,11609,3.98
FOODS_3_270,CA_4,11609,2.98
FOODS_3_280,CA_4,11609,4.28
FOODS_3_285,CA_4,11609,1.25
FOODS_3_287,CA_4,11609,7.48
FOODS_3_299,CA_4,11609,1.5
FOODS_3_311,CA_4,11609,2.98
FOODS_3_327,CA_4,11609,3.28
FOODS_3_352,CA_4,11609,3.64
FOODS_3_353,CA_4,11609,8.98
FOODS_3_363,CA_4,11609,2.77
FOODS_3_359,CA_4,11609,2.78
FOODS_3_390,CA_4,11609,1.78
FOODS_3_402,CA_4,11609,6.48
FOODS_3_411,CA_4,11609,2.98
FOODS_3_424,CA_4,11609,3.88
FOODS_3_423,CA_4,11609,2.98
FOODS_3_435,CA_4,11609,1.48
FOODS_3_437,CA_4,11609,1.0
FOODS_3_440,CA_4,11609,5.22
FOODS_3_446,CA_4,11609,1.18
FOODS_3_449,CA_4,11609,1.98
FOODS_3_450,CA_4,11609,3.0
FOODS_3_452,CA_4,11609,4.98
FOODS_3_451,CA_4,11609,1.48
FOODS_3_456,CA_4,11609,3.98
FOODS_3_462,CA_4,11609,1.0
FOODS_3_464,CA_4,11609,3.48
FOODS_3_483,CA_4,11609,2.98
FOODS_3_494,CA_4,11609,2.98
FOODS_3_510,CA_4,11609,2.0
FOODS_3_538,CA_4,11609,1.38
FOODS_3_547,CA_4,11609,0.25
FOODS_3_549,CA_4,11609,2.68
FOODS_3_545,CA_4,11609,1.0
FOODS_3_556,CA_4,11609,2.5
FOODS_3_554,CA_4,11609,3.48
FOODS_3_574,CA_4,11609,5.98
FOODS_3_580,CA_4,11609,0.2
FOODS_3_593,CA_4,11609,6.98
FOODS_3_606,CA_4,11609,2.88
FOODS_3_610,CA_4,11609,1.98
FOODS_3_614,CA_4,11609,1.0
FOODS_3_624,CA_4,11609,2.48
FOODS_3_634,CA_4,11609,3.98
FOODS_3_637,CA_4,11609,2.98
FOODS_3_638,CA_4,11609,1.5
FOODS_3_649,CA_4,11609,6.44
FOODS_3_647,CA_4,11609,1.28
FOODS_3_668,CA_4,11609,1.68
FOODS_3_670,CA_4,11609,1.98
FOODS_3_673,CA_4,11609,5.98
FOODS_3_684,CA_4,11609,1.88
FOODS_3_695,CA_4,11609,3.98
FOODS_3_709,CA_4,11609,2.42
FOODS_3_714,CA_4,11609,1.58
FOODS_3_717,CA_4,11609,1.98
FOODS_3_715,CA_4,11609,3.98
FOODS_3_719,CA_4,11609,2.5
FOODS_3_720,CA_4,11609,4.54
FOODS_3_738,CA_4,11609,1.6
HOUSEHOLD_2_234,WI_1,11609,5.73
HOUSEHOLD_2_247,WI_1,11609,3.97
HOUSEHOLD_2_255,WI_1,11609,9.97
HOUSEHOLD_2_268,WI_1,11609,5.47
HOUSEHOLD_2_272,WI_1,11609,5.47
HOUSEHOLD_2_282,WI_1,11609,5.84
HOUSEHOLD_2_290,WI_1,11609,6.24
HOUSEHOLD_2_286,WI_1,11609,2.14
HOUSEHOLD_2_307,WI_1,11609,5.98
HOUSEHOLD_2_319,WI_1,11609,1.98
HOUSEHOLD_2_331,WI_1,11609,3.97
HOUSEHOLD_2_335,WI_1,11609,6.24
HOUSEHOLD_2_340,WI_1,11609,4.98
HOUSEHOLD_2_344,WI_1,11609,5.74
HOUSEHOLD_2_355,WI_1,11609,11.67
HOUSEHOLD_2_367,WI_1,11609,7.47
HOUSEHOLD_2_371,WI_1,11609,0.78
HOUSEHOLD_2_366,WI_1,11609,4.17
HOUSEHOLD_2_377,WI_1,11609,4.97
HOUSEHOLD_2_385,WI_1,11609,7.47
HOUSEHOLD_2_382,WI_1,11609,3.48
HOUSEHOLD_2_398,WI_1,11609,7.97
HOUSEHOLD_2_400,WI_1,11609,3.88
HOUSEHOLD_2_412,WI_1,11609,5.94
HOUSEHOLD_2_421,WI_1,11609,4.97
HOUSEHOLD_2_424,WI_1,11609,2.88
HOUSEHOLD_2_431,WI_1,11609,9.47
HOUSEHOLD_2_432,WI_1,11609,5.47
HOUSEHOLD_2_435,WI_1,11609,5.97
HOUSEHOLD_2_439,WI_1,11609,5.84
HOUSEHOLD_2_443,WI_1,11609,4.66
HOUSEHOLD_2_453,WI_1,11609,6.47
HOUSEHOLD_2_463,WI_1,11609,5.47
HOUSEHOLD_2_470,WI_1,11609,0.88
HOUSEHOLD_2_482,WI_1,11609,5.73
HOUSEHOLD_2_486,WI_1,11609,5.97
HOUSEHOLD_2_488,WI_1,11609,4.97
HOUSEHOLD_2_487,WI_1,11609,4.0
HOUSEHOLD_2_495,WI_1,11609,5.84
HOUSEHOLD_2_502,WI_1,11609,8.86
HOUSEHOLD_2_513,WI_1,11609,2.78
HOUSEHOLD_2_515,WI_1,11609,1.97
FOODS_1_026,WI_1,11609,6.98
FOODS_1_046,WI_1,11609,0.98
FOODS_1_047,WI_1,11609,3.54
FOODS_1_055,WI_1,11609,3.78
FOODS_1_061,WI_1,11609,2.24
FOODS_1_067,WI_1,11609,2.0
FOODS_1_068,WI_1,11609,3.58
FOODS_1_077,WI_1,11609,3.28
FOODS_1_079,WI_1,11609,6.03
FOODS_1_097,WI_1,11609,0.98
FOODS_1_099,WI_1,11609,0.98
FOODS_1_122,WI_1,11609,1.98
FOODS_1_136,WI_1,11609,4.86
FOODS_1_138,WI_1,11609,2.68
FOODS_1_135,WI_1,11609,2.68
FOODS_1_140,WI_1,11609,6.98
FOODS_1_142,WI_1,11609,1.5
FOODS_1_143,WI_1,11609,2.0
FOODS_1_146,WI_1,11609,2.24
FOODS_1_139,WI_1,11609,0.98
FOODS_1_177,WI_1,11609,8.98
FOODS_1_187,WI_1,11609,9.94
FOODS_1_211,WI_1,11609,6.77
FOODS_2_011,WI_1,11609,2.5
FOODS_2_008,WI_1,11609,2.5
FOODS_2_024,WI_1,11609,2.5
FOODS_2_044,WI_1,11609,2.5
FOODS_2_049,WI_1,11609,2.67
FOODS_2_054,WI_1,11609,2.97
FOODS_2_069,WI_1,11609,8.98
FOODS_2_074,WI_1,11609,2.57
FOODS_2_067,WI_1,11609,2.18
FOODS_2_081,WI_1,11609,2.38
FOODS_2_083,WI_1,11609,6.72
FOODS_2_090,WI_1,11609,8.96
FOODS_2_106,WI_1,11609,5.44
FOODS_2_109,WI_1,11609,2.98
FOODS_2_111,WI_1,11609,5.97
FOODS_2_119,WI_1,11609,2.67
FOODS_2_115,WI_1,11609,8.74
FOODS_2_130,WI_1,11609,1.58
FOODS_2_145,WI_1,11609,2.38
FOODS_2_169,WI_1,11609,6.24
FOODS_2_174,WI_1,11609,2.98
FOODS_2_175,WI_1,11609,2.48
FOODS_2_183,WI_1,11609,8.98
FOODS_2_196,WI_1,11609,3.94
FOODS_2_214,WI_1,11609,2.5
FOODS_2_233,WI_1,11609,4.48
FOODS_2_230,WI_1,11609,2.18
FOODS_2_234,WI_1,11609,2.5
FOODS_2_249,WI_1,11609,3.28
FOODS_2_270,WI_1,11609,3.28
FOODS_2_289,WI_1,11609,2.5
FOODS_2_291,WI_1,11609,6.98
FOODS_2_299,WI_1,11609,1.78
FOODS_2_296,WI_1,11609,3.44
FOODS_2_307,WI_1,11609,2.57
FOODS_2_318,WI_1,11609,4.97
FOODS_2_338,WI_1,11609,2.97
FOODS_2_330,WI_1,11609,4.33
FOODS_2_347,WI_1,11609,2.24
FOODS_2_346,WI_1,11609,2.38
FOODS_2_359,WI_1,11609,2.24
FOODS_2_351,WI_1,11609,2.98
FOODS_2_363,WI_1,11609,2.5
FOODS_2_362,WI_1,11609,6.98
FOODS_2_369,WI_1,11609,4.87
FOODS_2_391,WI_1,11609,2.0
FOODS_2_385,WI_1,11609,2.38
FOODS_2_387,WI_1,11609,12.97
FOODS_3_001,WI_1,11609,2.5
FOODS_3_016,WI_1,11609,2.98
FOODS_3_009,WI_1,11609,2.28
FOODS_3_020,WI_1,11609,0.94
FOODS_3_021,WI_1,11609,2.48
FOODS_3_026,WI_1,11609,1.98
FOODS_3_024,WI_1,11609,0.94
FOODS_3_029,WI_1,11609,1.5
FOODS_3_048,WI_1,11609,1.5
FOODS_3_081,WI_1,11609,4.74
FOODS_3_079,WI_1,11609,5.98
FOODS_3_075,WI_1,11609,2.88
FOODS_3_089,WI_1,11609,1.0
FOODS_3_087,WI_1,11609,2.56
FOODS_3_100,WI_1,11609,3.98
FOODS_3_103,WI_1,11609,3.28
FOODS_3_106,WI_1,11609,1.0
FOODS_3_105,WI_1,11609,2.88
FOODS_3_127,WI_1,11609,3.78
FOODS_3_130,WI_1,11609,2.68
FOODS_3_154,WI_1,11609,2.98
FOODS_3_151,WI_1,11609,2.5
FOODS_3_160,WI_1,11609,2.68
FOODS_3_158,WI_1,11609,6.24
FOODS_3_172,WI_1,11609,1.78
FOODS_3_184,WI_1,11609,3.43
FOODS_3_192,WI_1,11609,5.48
FOODS_3_202,WI_1,11609,4.44
FOODS_3_210,WI_1,11609,2.18
FOODS_3_224,WI_1,11609,3.98
FOODS_3_225,WI_1,11609,1.98
FOODS_3_220,WI_1,11609,2.98
FOODS_3_264,WI_1,11609,3.98
FOODS_3_265,WI_1,11609,3.98
FOODS_3_268,WI_1,11609,2.18
FOODS_3_270,WI_1,11609,2.98
FOODS_3_280,WI_1,11609,4.28
FOODS_3_285,WI_1,11609,1.25
FOODS_3_287,WI_1,11609,7.48
FOODS_3_299,WI_1,11609,1.45
FOODS_3_311,WI_1,11609,2.98
FOODS_3_327,WI_1,11609,3.28
FOODS_3_352,WI_1,11609,3.64
FOODS_3_353,WI_1,11609,8.98
FOODS_3_363,WI_1,11609,2.77
FOODS_3_359,WI_1,11609,2.78
FOODS_3_390,WI_1,11609,1.78
HOUSEHOLD_2_224,WI_3,11609,3.97
HOUSEHOLD_2_242,WI_3,11609,12.97
HOUSEHOLD_2_240,WI_3,11609,4.97
HOUSEHOLD_2_250,WI_3,11609,6.96
HOUSEHOLD_2_267,WI_3,11609,1.93
HOUSEHOLD_2_274,WI_3,11609,6.78
HOUSEHOLD_2_283,WI_3,11609,5.84
HOUSEHOLD_2_322,WI_3,11609,2.22
HOUSEHOLD_2_325,WI_3,11609,3.82
HOUSEHOLD_2_332,WI_3,11609,6.77
HOUSEHOLD_2_341,WI_3,11609,5.32
HOUSEHOLD_2_348,WI_3,11609,7.44
HOUSEHOLD_2_368,WI_3,11609,5.48
HOUSEHOLD_2_369,WI_3,11609,6.47
HOUSEHOLD_2_378,WI_3,11609,6.98
HOUSEHOLD_2_379,WI_3,11609,4.44
HOUSEHOLD_2_395,WI_3,11609,3.67
HOUSEHOLD_2_401,WI_3,11609,3.33
HOUSEHOLD_2_410,WI_3,11609,1.38
HOUSEHOLD_2_414,WI_3,11609,5.74
HOUSEHOLD_2_423,WI_3,11609,3.87
HOUSEHOLD_2_449,WI_3,11609,5.64
HOUSEHOLD_2_457,WI_3,11609,6.47
HOUSEHOLD_2_456,WI_3,11609,8.86
HOUSEHOLD_2_460,WI_3,11609,5.94
HOUSEHOLD_2_465,WI_3,11609,7.24
HOUSEHOLD_2_473,WI_3,11609,7.97
HOUSEHOLD_2_475,WI_3,11609,4.96
HOUSEHOLD_2_478,WI_3,11609,4.94
HOUSEHOLD_2_476,WI_3,11609,3.97
HOUSEHOLD_2_484,WI_3,11609,6.97
HOUSEHOLD_2_494,WI_3,11609,5.94
HOUSEHOLD_2_509,WI_3,11609,8.97
FOODS_1_006,WI_3,11609,2.48
FOODS_1_011,WI_3,11609,2.68
FOODS_1_009,WI_3,11609,2.24
FOODS_1_019,WI_3,11609,0.88
FOODS_1_025,WI_3,11609,4.27
FOODS_1_036,WI_3,11609,1.78
FOODS_1_049,WI_3,11609,2.24
FOODS_1_053,WI_3,11609,6.72
FOODS_1_058,WI_3,11609,1.96
FOODS_1_062,WI_3,11609,4.27
FOODS_1_066,WI_3,11609,1.36
FOODS_1_073,WI_3,11609,2.12
FOODS_1_074,WI_3,11609,2.24
FOODS_1_071,WI_3,11609,2.0
FOODS_1_080,WI_3,11609,7.58
FOODS_1_081,WI_3,11609,7.27
FOODS_1_096,WI_3,11609,7.23
FOODS_1_098,WI_3,11609,6.1
FOODS_1_106,WI_3,11609,3.54
FOODS_1_109,WI_3,11609,2.24
FOODS_1_114,WI_3,11609,3.54
FOODS_1_110,WI_3,11609,1.96
FOODS_1_137,WI_3,11609,2.0
FOODS_1_155,WI_3,11609,0.98
FOODS_1_157,WI_3,11609,6.47
FOODS_1_163,WI_3,11609,0.98
FOODS_1_188,WI_3,11609,2.98
FOODS_1_191,WI_3,11609,6.77
FOODS_1_190,WI_3,11609,0.98
FOODS_1_202,WI_3,11609,0.98
FOODS_1_213,WI_3,11609,2.24
FOODS_1_207,WI_3,11609,3.32
FOODS_1_214,WI_3,11609,3.14
FOODS_2_002,WI_3,11609,1.87
FOODS_2_007,WI_3,11609,2.98
FOODS_2_014,WI_3,11609,2.96
FOODS_2_019,WI_3,11609,3.42
FOODS_2_021,WI_3,11609,0.94
FOODS_2_026,WI_3,11609,2.48
FOODS_2_031,WI_3,11609,1.87
FOODS_2_087,WI_3,11609,10.97
FOODS_2_100,WI_3,11609,2.5
FOODS_2_094,WI_3,11609,1.28
FOODS_2_107,WI_3,11609,2.0
FOODS_2_110,WI_3,11609,2.38
FOODS_2_122,WI_3,11609,4.93
FOODS_2_150,WI_3,11609,2.96
FOODS_2_158,WI_3,11609,1.28
FOODS_2_172,WI_3,11609,2.5
FOODS_2_176,WI_3,11609,2.98
FOODS_2_179,WI_3,11609,4.97
FOODS_2_192,WI_3,11609,1.97
FOODS_2_193,WI_3,11609,4.98
FOODS_2_191,WI_3,11609,8.98
FOODS_2_211,WI_3,11609,2.5
FOODS_2_205,WI_3,11609,2.5
FOODS_2_203,WI_3,11609,3.62
FOODS_2_228,WI_3,11609,4.93
FOODS_2_245,WI_3,11609,2.98
FOODS_2_247,WI_3,11609,2.25
FOODS_2_253,WI_3,11609,7.82
FOODS_2_261,WI_3,11609,10.0
FOODS_2_263,WI_3,11609,6.48
FOODS_2_260,WI_3,11609,2.5
FOODS_2_257,WI_3,11609,1.0
FOODS_2_280,WI_3,11609,3.97
FOODS_2_290,WI_3,11609,2.5
FOODS_2_293,WI_3,11609,4.22
FOODS_2_303,WI_3,11609,2.18
FOODS_2_311,WI_3,11609,2.96
FOODS_2_315,WI_3,11609,2.5
FOODS_2_317,WI_3,11609,13.97
FOODS_2_323,WI_3,11609,3.97
FOODS_2_329,WI_3,11609,3.76
FOODS_2_332,WI_3,11609,3.67
FOODS_2_333,WI_3,11609,2.87
FOODS_2_356,WI_3,11609,2.5
FOODS_2_358,WI_3,11609,2.5
FOODS_2_352,WI_3,11609,9.98
FOODS_2_354,WI_3,11609,5.08
FOODS_2_355,WI_3,11609,2.5
FOODS_2_364,WI_3,11609,2.74
FOODS_2_380,WI_3,11609,4.97
FOODS_2_394,WI_3,11609,2.97
FOODS_2_396,WI_3,11609,2.98
FOODS_3_015,WI_3,11609,1.78
FOODS_3_028,WI_3,11609,3.88
FOODS_3_035,WI_3,11609,4.18
FOODS_3_036,WI_3,11609,2.88
FOODS_3_051,WI_3,11609,1.98
FOODS_3_064,WI_3,11609,1.18
FOODS_3_066,WI_3,11609,2.98
FOODS_3_072,WI_3,11609,2.5
FOODS_3_121,WI_3,11609,2.98
FOODS_3_125,WI_3,11609,4.98
FOODS_3_136,WI_3,11609,4.44
FOODS_3_134,WI_3,11609,6.98
FOODS_3_140,WI_3,11609,3.0
FOODS_3_155,WI_3,11609,1.98
FOODS_3_156,WI_3,11609,4.18
FOODS_3_161,WI_3,11609,1.98
FOODS_3_169,WI_3,11609,3.98
FOODS_3_173,WI_3,11609,11.82
FOODS_3_218,WI_3,11609,2.0
FOODS_3_233,WI_3,11609,2.56
FOODS_3_247,WI_3,11609,4.94
FOODS_3_248,WI_3,11609,1.98
FOODS_3_249,WI_3,11609,2.68
FOODS_3_267,WI_3,11609,2.28
FOODS_3_274,WI_3,11609,1.5
FOODS_3_272,WI_3,11609,9.98
FOODS_3_275,WI_3,11609,2.5
FOODS_3_279,WI_3,11609,2.98
FOODS_3_277,WI_3,11609,1.78
FOODS_3_193,TX_2,11609,2.5
FOODS_3_206,TX_2,11609,2.58
FOODS_3_207,TX_2,11609,1.98
FOODS_3_212,TX_2,11609,2.98
FOODS_3_208,TX_2,11609,4.88
FOODS_3_219,TX_2,11609,1.48
FOODS_3_239,TX_2,11609,1.98
FOODS_3_244,TX_2,11609,9.86
FOODS_3_246,TX_2,11609,1.98
FOODS_3_251,TX_2,11609,2.98
FOODS_3_271,TX_2,11609,4.48
FOODS_3_273,TX_2,11609,2.24
FOODS_3_278,TX_2,11609,1.0
FOODS_3_305,TX_2,11609,4.68
FOODS_3_317,TX_2,11609,0.94
FOODS_3_321,TX_2,11609,1.48
FOODS_3_331,TX_2,11609,1.32
FOODS_3_341,TX_2,11609,3.98
FOODS_3_368,TX_2,11609,5.98
FOODS_3_370,TX_2,11609,6.98
FOODS_3_386,TX_2,11609,2.56
FOODS_3_381,TX_2,11609,2.98
FOODS_3_405,TX_2,11609,3.56
FOODS_3_406,TX_2,11609,0.8
FOODS_3_403,TX_2,11609,1.5
FOODS_3_432,TX_2,11609,3.98
FOODS_3_428,TX_2,11609,1.98
FOODS_3_443,TX_2,11609,2.5
FOODS_3_468,TX_2,11609,1.18
FOODS_3_466,TX_2,11609,3.78
FOODS_3_470,TX_2,11609,1.74
FOODS_3_475,TX_2,11609,1.0
FOODS_3_476,TX_2,11609,5.98
HOUSEHOLD_1_260,WI_2,11609,2.97
HOUSEHOLD_1_269,WI_2,11609,3.12
HOUSEHOLD_1_270,WI_2,11609,9.92
HOUSEHOLD_1_310,WI_2,11609,6.97
HOUSEHOLD_1_311,WI_2,11609,3.88
HOUSEHOLD_1_321,WI_2,11609,2.97
HOUSEHOLD_1_319,WI_2,11609,1.94
HOUSEHOLD_1_315,WI_2,11609,9.48
HOUSEHOLD_1_320,WI_2,11609,4.47
HOUSEHOLD_1_317,WI_2,11609,1.96
HOUSEHOLD_1_328,WI_2,11609,4.94
HOUSEHOLD_1_338,WI_2,11609,3.94
HOUSEHOLD_1_343,WI_2,11609,5.27
HOUSEHOLD_1_348,WI_2,11609,1.86
HOUSEHOLD_1_357,WI_2,11609,11.97
HOUSEHOLD_1_356,WI_2,11609,5.96
HOUSEHOLD_1_364,WI_2,11609,7.48
HOUSEHOLD_1_390,WI_2,11609,1.88
HOUSEHOLD_1_403,WI_2,11609,3.93
HOUSEHOLD_1_402,WI_2,11609,6.97
HOUSEHOLD_1_427,WI_2,11609,5.96
HOUSEHOLD_1_419,WI_2,11609,8.94
HOUSEHOLD_1_453,WI_2,11609,2.36
HOUSEHOLD_1_481,WI_2,11609,4.94
HOUSEHOLD_1_492,WI_2,11609,3.96
HOUSEHOLD_1_487,WI_2,11609,1.84
HOUSEHOLD_1_484,WI_2,11609,9.97
HOUSEHOLD_1_495,WI_2,11609,2.74
HOUSEHOLD_1_508,WI_2,11609,4.88
HOUSEHOLD_1_520,WI_2,11609,5.48
HOUSEHOLD_1_515,WI_2,11609,2.47
HOUSEHOLD_1_536,WI_2,11609,2.88
HOUSEHOLD_2_007,WI_2,11609,2.58
HOUSEHOLD_2_010,WI_2,11609,6.97
HOUSEHOLD_2_038,WI_2,11609,5.94
HOUSEHOLD_2_041,WI_2,11609,4.97
HOUSEHOLD_2_046,WI_2,11609,6.94
HOUSEHOLD_2_068,WI_2,11609,2.88
HOUSEHOLD_2_090,WI_2,11609,5.97
HOUSEHOLD_2_097,WI_2,11609,5.48
HOUSEHOLD_2_105,WI_2,11609,4.94
HOUSEHOLD_2_099,WI_2,11609,5.94
HOUSEHOLD_2_132,WI_2,11609,1.97
HOUSEHOLD_2_130,WI_2,11609,7.97
HOUSEHOLD_2_138,WI_2,11609,5.97
HOUSEHOLD_2_139,WI_2,11609,5.84
HOUSEHOLD_2_143,WI_2,11609,6.46
HOUSEHOLD_2_144,WI_2,11609,4.44
HOUSEHOLD_2_147,WI_2,11609,3.97
HOUSEHOLD_2_154,WI_2,11609,1.88
HOUSEHOLD_2_152,WI_2,11609,13.94
HOUSEHOLD_2_150,WI_2,11609,6.97
HOUSEHOLD_2_157,WI_2,11609,5.47
HOUSEHOLD_2_166,WI_2,11609,9.47
HOUSEHOLD_2_170,WI_2,11609,1.44
HOUSEHOLD_2_171,WI_2,11609,3.87
HOUSEHOLD_2_196,WI_2,11609,2.27
HOUSEHOLD_2_207,WI_2,11609,7.46
HOUSEHOLD_2_211,WI_2,11609,19.98
HOUSEHOLD_2_215,WI_2,11609,1.88
HOUSEHOLD_2_227,WI_2,11609,3.96
HOUSEHOLD_2_237,WI_2,11609,5.94
HOUSEHOLD_2_270,WI_2,11609,5.84
HOUSEHOLD_2_276,WI_2,11609,5.47
HOUSEHOLD_2_297,WI_2,11609,6.54
HOUSEHOLD_2_299,WI_2,11609,1.24
HOUSEHOLD_2_327,WI_2,11609,2.98
HOUSEHOLD_2_330,WI_2,11609,3.72
HOUSEHOLD_2_336,WI_2,11609,8.97
HOUSEHOLD_2_334,WI_2,11609,2.98
HOUSEHOLD_2_345,WI_2,11609,5.84
HOUSEHOLD_2_342,WI_2,11609,0.97
HOUSEHOLD_2_346,WI_2,11609,3.33
HOUSEHOLD_2_356,WI_2,11609,9.88
HOUSEHOLD_2_351,WI_2,11609,5.94
HOUSEHOLD_2_362,WI_2,11609,3.94
HOUSEHOLD_2_360,WI_2,11609,7.97
HOUSEHOLD_2_372,WI_2,11609,8.48
HOUSEHOLD_2_386,WI_2,11609,3.97
HOUSEHOLD_2_396,WI_2,11609,8.44
HOUSEHOLD_2_404,WI_2,11609,2.97
HOUSEHOLD_2_422,WI_2,11609,4.97
HOUSEHOLD_2_427,WI_2,11609,3.48
HOUSEHOLD_2_426,WI_2,11609,4.37
HOUSEHOLD_2_429,WI_2,11609,5.94
HOUSEHOLD_2_436,WI_2,11609,1.97
HOUSEHOLD_2_445,WI_2,11609,5.97
HOUSEHOLD_2_444,WI_2,11609,6.47
HOUSEHOLD_2_464,WI_2,11609,2.88
HOUSEHOLD_2_480,WI_2,11609,5.24
HOUSEHOLD_2_481,WI_2,11609,7.97
HOUSEHOLD_2_496,WI_2,11609,1.48
HOUSEHOLD_2_501,WI_2,11609,7.97
HOUSEHOLD_2_498,WI_2,11609,2.98
HOUSEHOLD_2_514,WI_2,11609,19.54
HOUSEHOLD_2_516,WI_2,11609,5.94
FOODS_1_015,WI_2,11609,3.48
FOODS_1_008,WI_2,11609,3.54
FOODS_1_014,WI_2,11609,0.98
FOODS_1_034,WI_2,11609,6.72
FOODS_1_050,WI_2,11609,5.98
FOODS_1_051,WI_2,11609,3.87
FOODS_1_059,WI_2,11609,6.32
FOODS_1_070,WI_2,11609,0.98
FOODS_1_078,WI_2,11609,3.48
FOODS_1_085,WI_2,11609,0.98
FOODS_1_101,WI_2,11609,2.0
FOODS_1_108,WI_2,11609,2.5
FOODS_1_116,WI_2,11609,2.68
FOODS_1_115,WI_2,11609,2.98
FOODS_1_141,WI_2,11609,3.54
FOODS_1_149,WI_2,11609,0.98
FOODS_1_153,WI_2,11609,1.98
FOODS_1_160,WI_2,11609,2.24
FOODS_1_168,WI_2,11609,2.24
FOODS_1_162,WI_2,11609,1.96
FOODS_1_185,WI_2,11609,1.98
FOODS_1_179,WI_2,11609,3.58
FOODS_1_197,WI_2,11609,5.28
FOODS_1_206,WI_2,11609,2.23
FOODS_1_209,WI_2,11609,2.24
FOODS_1_212,WI_2,11609,5.98
FOODS_1_219,WI_2,11609,2.24
FOODS_2_023,WI_2,11609,1.28
FOODS_2_030,WI_2,11609,4.48
FOODS_2_033,WI_2,11609,2.38
FOODS_2_041,WI_2,11609,3.97
FOODS_2_037,WI_2,11609,7.98
FOODS_2_043,WI_2,11609,2.5
FOODS_2_040,WI_2,11609,2.5
FOODS_2_051,WI_2,11609,2.5
FOODS_2_045,WI_2,11609,6.98
FOODS_2_048,WI_2,11609,7.98
FOODS_2_058,WI_2,11609,4.97
FOODS_2_059,WI_2,11609,5.98
FOODS_2_079,WI_2,11609,3.94
FOODS_2_091,WI_2,11609,2.5
FOODS_2_095,WI_2,11609,4.42
FOODS_2_099,WI_2,11609,2.0
FOODS_2_097,WI_2,11609,6.98
HOBBIES_2_062,CA_2,11609,5.88
HOBBIES_2_070,CA_2,11609,9.97
HOBBIES_2_077,CA_2,11609,9.97
HOBBIES_2_087,CA_2,11609,0.97
HOBBIES_2_110,CA_2,11609,5.97
HOBBIES_2_113,CA_2,11609,5.97
HOBBIES_2_117,CA_2,11609,2.88
HOBBIES_2_114,CA_2,11609,1.97
HOBBIES_2_130,CA_2,11609,6.97
HOBBIES_2_137,CA_2,11609,2.97
HOBBIES_2_146,CA_2,11609,1.97
HOBBIES_2_145,CA_2,11609,2.88
HOBBIES_2_143,CA_2,11609,0.97
HOBBIES_2_141,CA_2,11609,0.5
HOUSEHOLD_1_003,CA_2,11609,8.97
HOUSEHOLD_1_011,CA_2,11609,4.63
HOUSEHOLD_1_025,CA_2,11609,2.98
HOUSEHOLD_1_017,CA_2,11609,4.94
HOUSEHOLD_1_048,CA_2,11609,2.84
HOUSEHOLD_1_054,CA_2,11609,3.92
HOUSEHOLD_1_061,CA_2,11609,1.88
HOUSEHOLD_1_074,CA_2,11609,4.94
HOUSEHOLD_1_075,CA_2,11609,2.73
HOUSEHOLD_1_088,CA_2,11609,5.97
HOUSEHOLD_1_089,CA_2,11609,5.22
HOUSEHOLD_1_106,CA_2,11609,9.46
HOUSEHOLD_1_114,CA_2,11609,0.97
HOUSEHOLD_1_121,CA_2,11609,2.48
HOUSEHOLD_1_113,CA_2,11609,5.74
HOUSEHOLD_1_133,CA_2,11609,3.12
HOUSEHOLD_1_176,CA_2,11609,3.87
HOUSEHOLD_1_170,CA_2,11609,1.98
HOUSEHOLD_1_178,CA_2,11609,4.47
HOUSEHOLD_1_184,CA_2,11609,11.97
HOUSEHOLD_1_186,CA_2,11609,2.97
HOUSEHOLD_1_194,CA_2,11609,4.98
HOUSEHOLD_1_234,CA_2,11609,0.97
HOUSEHOLD_1_231,CA_2,11609,2.97
HOUSEHOLD_1_235,CA_2,11609,3.88
HOUSEHOLD_1_244,CA_2,11609,2.96
HOUSEHOLD_1_254,CA_2,11609,0.97
HOUSEHOLD_1_268,CA_2,11609,8.37
HOUSEHOLD_1_262,CA_2,11609,0.97
HOUSEHOLD_1_277,CA_2,11609,0.97
HOUSEHOLD_1_274,CA_2,11609,4.94
HOUSEHOLD_1_280,CA_2,11609,4.97
HOUSEHOLD_1_282,CA_2,11609,3.98
HOUSEHOLD_1_302,CA_2,11609,7.93
HOUSEHOLD_1_325,CA_2,11609,3.88
HOUSEHOLD_1_331,CA_2,11609,4.88
HOUSEHOLD_1_333,CA_2,11609,2.97
HOUSEHOLD_1_336,CA_2,11609,4.87
HOUSEHOLD_1_334,CA_2,11609,0.97
HOUSEHOLD_1_344,CA_2,11609,7.93
HOUSEHOLD_1_362,CA_2,11609,7.97
HOUSEHOLD_1_381,CA_2,11609,4.97
HOUSEHOLD_1_383,CA_2,11609,3.48
HOUSEHOLD_1_382,CA_2,11609,2.28
HOUSEHOLD_1_398,CA_2,11609,2.87
HOUSEHOLD_1_400,CA_2,11609,6.97
HOUSEHOLD_1_396,CA_2,11609,3.97
HOUSEHOLD_1_412,CA_2,11609,18.87
HOUSEHOLD_1_421,CA_2,11609,5.88
HOUSEHOLD_1_418,CA_2,11609,0.97
HOUSEHOLD_1_415,CA_2,11609,12.58
HOUSEHOLD_1_432,CA_2,11609,3.88
HOUSEHOLD_1_426,CA_2,11609,2.62
HOUSEHOLD_1_431,CA_2,11609,7.48
HOUSEHOLD_1_441,CA_2,11609,2.77
HOUSEHOLD_1_452,CA_2,11609,2.97
HOUSEHOLD_1_458,CA_2,11609,2.27
HOUSEHOLD_1_461,CA_2,11609,0.97
HOUSEHOLD_1_462,CA_2,11609,2.36
HOUSEHOLD_1_463,CA_2,11609,2.98
HOUSEHOLD_1_475,CA_2,11609,2.67
HOUSEHOLD_1_476,CA_2,11609,4.84
HOUSEHOLD_1_488,CA_2,11609,9.98
HOUSEHOLD_1_498,CA_2,11609,3.28
HOUSEHOLD_1_496,CA_2,11609,7.93
HOUSEHOLD_1_517,CA_2,11609,0.88
HOUSEHOLD_1_530,CA_2,11609,1.88
HOUSEHOLD_1_529,CA_2,11609,2.97
HOUSEHOLD_2_001,CA_2,11609,6.77
HOUSEHOLD_2_004,CA_2,11609,5.67
HOUSEHOLD_2_028,CA_2,11609,5.94
HOUSEHOLD_2_042,CA_2,11609,4.28
HOUSEHOLD_2_059,CA_2,11609,3.48
HOUSEHOLD_2_062,CA_2,11609,2.94
HOUSEHOLD_2_060,CA_2,11609,7.96
HOUSEHOLD_2_073,CA_2,11609,20.97
HOUSEHOLD_2_066,CA_2,11609,6.94
HOUSEHOLD_2_084,CA_2,11609,4.27
HOUSEHOLD_2_083,CA_2,11609,9.97
HOUSEHOLD_2_124,CA_2,11609,5.28
HOUSEHOLD_2_137,CA_2,11609,2.94
HOUSEHOLD_2_141,CA_2,11609,4.98
HOUSEHOLD_2_159,CA_2,11609,3.93
HOUSEHOLD_2_156,CA_2,11609,7.43
HOUSEHOLD_2_179,CA_2,11609,5.97
HOUSEHOLD_2_173,CA_2,11609,6.46
HOUSEHOLD_2_184,CA_2,11609,1.97
HOUSEHOLD_2_202,CA_2,11609,8.86
HOUSEHOLD_2_212,CA_2,11609,2.67
HOUSEHOLD_2_219,CA_2,11609,3.48
HOUSEHOLD_2_220,CA_2,11609,6.96
HOUSEHOLD_2_218,CA_2,11609,10.97
HOUSEHOLD_2_216,CA_2,11609,6.94
HOUSEHOLD_2_223,CA_2,11609,14.97
HOUSEHOLD_2_229,CA_2,11609,4.78
HOUSEHOLD_2_233,CA_2,11609,12.47
HOUSEHOLD_2_235,CA_2,11609,7.47
HOUSEHOLD_2_248,CA_2,11609,8.97
HOUSEHOLD_2_259,CA_2,11609,7.97
HOUSEHOLD_2_261,CA_2,11609,6.96
HOUSEHOLD_2_266,CA_2,11609,2.97
HOUSEHOLD_2_263,CA_2,11609,5.47
HOUSEHOLD_2_273,CA_2,11609,5.24
HOUSEHOLD_2_275,CA_2,11609,5.27
HOUSEHOLD_2_288,CA_2,11609,3.97
HOUSEHOLD_2_293,CA_2,11609,7.47
HOUSEHOLD_2_296,CA_2,11609,4.78
HOUSEHOLD_2_303,CA_2,11609,6.94
HOUSEHOLD_2_308,CA_2,11609,3.94
HOUSEHOLD_2_309,CA_2,11609,2.46
HOUSEHOLD_2_347,CA_2,11609,8.94
HOUSEHOLD_2_350,CA_2,11609,2.94
HOUSEHOLD_2_354,CA_2,11609,0.97
HOUSEHOLD_2_353,CA_2,11609,4.78
HOUSEHOLD_2_358,CA_2,11609,4.97
HOUSEHOLD_2_359,CA_2,11609,9.94
HOUSEHOLD_2_380,CA_2,11609,5.27
HOUSEHOLD_2_384,CA_2,11609,5.84
HOUSEHOLD_2_381,CA_2,11609,5.94
HOUSEHOLD_2_388,CA_2,11609,6.94
HOUSEHOLD_2_393,CA_2,11609,5.88
HOUSEHOLD_2_409,CA_2,11609,3.93
HOUSEHOLD_2_416,CA_2,11609,3.24
HOUSEHOLD_2_433,CA_2,11609,6.27
HOUSEHOLD_2_452,CA_2,11609,5.94
HOUSEHOLD_2_446,CA_2,11609,25.97
HOUSEHOLD_2_448,CA_2,11609,4.97
HOUSEHOLD_2_469,CA_2,11609,2.97
HOUSEHOLD_2_472,CA_2,11609,8.48
HOUSEHOLD_2_477,CA_2,11609,5.92
HOBBIES_1_398,TX_2,11609,0.57
HOBBIES_1_406,TX_2,11609,3.88
HOBBIES_1_401,TX_2,11609,1.97
HOBBIES_1_416,TX_2,11609,4.47
HOBBIES_1_412,TX_2,11609,1.98
HOBBIES_2_001,TX_2,11609,5.47
HOBBIES_2_013,TX_2,11609,6.97
HOBBIES_2_048,TX_2,11609,2.88
HOBBIES_2_044,TX_2,11609,4.47
HOBBIES_2_047,TX_2,11609,0.5
HOBBIES_2_055,TX_2,11609,2.5
HOBBIES_2_053,TX_2,11609,4.97
HOBBIES_2_056,TX_2,11609,1.94
HOBBIES_2_068,TX_2,11609,1.97
HOBBIES_2_084,TX_2,11609,5.97
HOBBIES_2_096,TX_2,11609,2.77
HOBBIES_2_102,TX_2,11609,5.97
HOBBIES_2_112,TX_2,11609,2.47
HOBBIES_2_105,TX_2,11609,2.47
HOBBIES_2_107,TX_2,11609,0.5
HOBBIES_2_118,TX_2,11609,3.97
HOBBIES_2_128,TX_2,11609,4.97
HOBBIES_2_127,TX_2,11609,3.97
HOBBIES_2_134,TX_2,11609,4.97
HOBBIES_2_135,TX_2,11609,0.5
HOBBIES_2_138,TX_2,11609,0.97
HOUSEHOLD_1_002,TX_2,11609,5.97
HOUSEHOLD_1_013,TX_2,11609,4.94
HOUSEHOLD_1_027,TX_2,11609,5.97
HOUSEHOLD_1_019,TX_2,11609,0.96
HOUSEHOLD_1_020,TX_2,11609,6.97
HOUSEHOLD_1_037,TX_2,11609,4.23
HOUSEHOLD_1_066,TX_2,11609,2.96
HOUSEHOLD_1_073,TX_2,11609,8.88
HOUSEHOLD_1_082,TX_2,11609,3.48
HOUSEHOLD_1_080,TX_2,11609,10.47
HOUSEHOLD_1_087,TX_2,11609,4.47
HOUSEHOLD_1_091,TX_2,11609,6.88
HOUSEHOLD_1_085,TX_2,11609,16.67
HOUSEHOLD_1_090,TX_2,11609,2.86
HOUSEHOLD_1_099,TX_2,11609,2.37
HOUSEHOLD_1_102,TX_2,11609,17.92
HOUSEHOLD_1_128,TX_2,11609,2.67
HOUSEHOLD_1_124,TX_2,11609,3.98
HOUSEHOLD_1_136,TX_2,11609,3.97
HOUSEHOLD_1_137,TX_2,11609,12.98
HOUSEHOLD_1_145,TX_2,11609,2.24
HOUSEHOLD_1_144,TX_2,11609,2.97
HOUSEHOLD_1_143,TX_2,11609,1.97
HOUSEHOLD_1_153,TX_2,11609,1.97
HOUSEHOLD_1_163,TX_2,11609,9.98
HOUSEHOLD_1_164,TX_2,11609,2.97
HOUSEHOLD_1_188,TX_2,11609,3.98
HOUSEHOLD_1_192,TX_2,11609,3.62
HOUSEHOLD_1_208,TX_2,11609,0.93
HOUSEHOLD_1_215,TX_2,11609,2.18
HOUSEHOLD_1_228,TX_2,11609,9.47
HOUSEHOLD_1_238,TX_2,11609,2.48
HOUSEHOLD_1_250,TX_2,11609,2.68
HOUSEHOLD_1_255,TX_2,11609,9.47
HOUSEHOLD_1_265,TX_2,11609,4.74
HOUSEHOLD_1_279,TX_2,11609,0.97
HOUSEHOLD_1_281,TX_2,11609,4.94
HOUSEHOLD_1_284,TX_2,11609,4.94
HOUSEHOLD_1_299,TX_2,11609,5.27
HOUSEHOLD_1_293,TX_2,11609,12.47
HOUSEHOLD_1_296,TX_2,11609,4.97
HOUSEHOLD_1_316,TX_2,11609,3.96
HOUSEHOLD_1_318,TX_2,11609,2.92
HOUSEHOLD_1_326,TX_2,11609,4.87
HOUSEHOLD_1_340,TX_2,11609,4.98
HOUSEHOLD_1_358,TX_2,11609,9.97
HOUSEHOLD_1_355,TX_2,11609,7.98
HOUSEHOLD_1_349,TX_2,11609,2.94
HOUSEHOLD_1_370,TX_2,11609,6.43
HOUSEHOLD_1_372,TX_2,11609,1.97
HOUSEHOLD_1_376,TX_2,11609,5.44
HOUSEHOLD_1_379,TX_2,11609,0.97
HOUSEHOLD_1_395,TX_2,11609,4.87
HOUSEHOLD_1_401,TX_2,11609,9.47
HOUSEHOLD_1_404,TX_2,11609,2.67
HOUSEHOLD_1_433,TX_2,11609,8.97
HOUSEHOLD_1_440,TX_2,11609,14.97
HOUSEHOLD_1_445,TX_2,11609,1.97
HOUSEHOLD_1_460,TX_2,11609,3.84
HOUSEHOLD_1_459,TX_2,11609,0.96
HOUSEHOLD_1_474,TX_2,11609,0.97
HOUSEHOLD_1_473,TX_2,11609,2.36
HOUSEHOLD_1_493,TX_2,11609,2.87
HOUSEHOLD_1_500,TX_2,11609,4.44
HOUSEHOLD_1_506,TX_2,11609,3.47
HOUSEHOLD_1_501,TX_2,11609,3.96
HOUSEHOLD_1_502,TX_2,11609,4.23
HOUSEHOLD_1_516,TX_2,11609,1.87
HOUSEHOLD_1_510,TX_2,11609,4.64
HOUSEHOLD_1_518,TX_2,11609,6.97
HOUSEHOLD_1_512,TX_2,11609,1.87
HOUSEHOLD_1_525,TX_2,11609,4.23
HOUSEHOLD_2_009,TX_2,11609,5.73
HOUSEHOLD_2_025,TX_2,11609,5.47
HOUSEHOLD_2_026,TX_2,11609,3.97
HOUSEHOLD_2_023,TX_2,11609,3.97
HOUSEHOLD_2_036,TX_2,11609,3.97
HOUSEHOLD_2_039,TX_2,11609,10.72
HOUSEHOLD_2_032,TX_2,11609,9.43
HOUSEHOLD_2_043,TX_2,11609,4.97
HOUSEHOLD_2_040,TX_2,11609,3.97
HOUSEHOLD_2_070,TX_2,11609,2.97
HOUSEHOLD_2_074,TX_2,11609,0.96
HOUSEHOLD_2_067,TX_2,11609,0.97
HOUSEHOLD_2_076,TX_2,11609,8.97
HOUSEHOLD_2_089,TX_2,11609,3.48
HOUSEHOLD_2_108,TX_2,11609,8.88
HOUSEHOLD_2_107,TX_2,11609,11.97
HOUSEHOLD_2_109,TX_2,11609,3.87
HOUSEHOLD_2_127,TX_2,11609,5.73
HOUSEHOLD_2_123,TX_2,11609,1.98
HOUSEHOLD_2_135,TX_2,11609,9.98
HOUSEHOLD_2_149,TX_2,11609,3.96
HOUSEHOLD_2_155,TX_2,11609,6.77
HOUSEHOLD_2_164,TX_2,11609,8.47
HOUSEHOLD_2_204,TX_2,11609,12.97
HOUSEHOLD_2_210,TX_2,11609,8.86
HOUSEHOLD_2_225,TX_2,11609,0.93
HOUSEHOLD_2_232,TX_2,11609,4.78
HOUSEHOLD_2_230,TX_2,11609,2.46
HOUSEHOLD_2_245,TX_2,11609,1.97
HOUSEHOLD_2_258,TX_2,11609,3.97
HOUSEHOLD_2_279,TX_2,11609,4.44
HOUSEHOLD_2_277,TX_2,11609,3.33
HOUSEHOLD_2_291,TX_2,11609,4.97
HOUSEHOLD_2_295,TX_2,11609,5.97
HOUSEHOLD_2_292,TX_2,11609,9.97
HOUSEHOLD_2_302,TX_2,11609,2.98
HOUSEHOLD_2_328,TX_2,11609,7.47
HOUSEHOLD_2_339,TX_2,11609,6.46
HOUSEHOLD_2_363,TX_2,11609,5.98
HOUSEHOLD_2_364,TX_2,11609,5.68
HOUSEHOLD_2_373,TX_2,11609,4.66
HOUSEHOLD_2_375,TX_2,11609,6.77
HOUSEHOLD_2_387,TX_2,11609,5.97
FOODS_2_103,WI_2,11609,6.98
FOODS_2_123,WI_2,11609,2.97
FOODS_2_134,WI_2,11609,2.98
FOODS_2_124,WI_2,11609,2.98
FOODS_2_125,WI_2,11609,2.67
FOODS_2_143,WI_2,11609,4.33
FOODS_2_136,WI_2,11609,3.37
FOODS_2_148,WI_2,11609,2.5
FOODS_2_146,WI_2,11609,2.0
FOODS_2_151,WI_2,11609,1.87
FOODS_2_167,WI_2,11609,2.5
FOODS_2_165,WI_2,11609,3.78
FOODS_2_168,WI_2,11609,3.98
FOODS_2_194,WI_2,11609,6.72
FOODS_2_185,WI_2,11609,2.0
FOODS_2_198,WI_2,11609,8.98
FOODS_2_204,WI_2,11609,1.0
FOODS_2_206,WI_2,11609,9.98
FOODS_2_212,WI_2,11609,4.88
FOODS_2_209,WI_2,11609,5.97
FOODS_2_213,WI_2,11609,3.78
FOODS_2_224,WI_2,11609,5.98
FOODS_2_242,WI_2,11609,2.5
FOODS_2_238,WI_2,11609,1.58
FOODS_2_239,WI_2,11609,13.98
FOODS_2_254,WI_2,11609,5.92
FOODS_2_252,WI_2,11609,3.78
FOODS_2_276,WI_2,11609,3.42
FOODS_2_275,WI_2,11609,2.48
FOODS_2_278,WI_2,11609,2.5
FOODS_2_271,WI_2,11609,10.98
FOODS_2_306,WI_2,11609,3.98
FOODS_2_314,WI_2,11609,4.97
FOODS_2_316,WI_2,11609,9.98
FOODS_2_312,WI_2,11609,4.98
FOODS_2_324,WI_2,11609,2.5
FOODS_2_334,WI_2,11609,9.98
FOODS_2_340,WI_2,11609,2.98
FOODS_2_344,WI_2,11609,2.5
FOODS_2_341,WI_2,11609,2.5
FOODS_2_357,WI_2,11609,1.78
FOODS_2_360,WI_2,11609,0.94
FOODS_2_374,WI_2,11609,2.0
FOODS_2_373,WI_2,11609,5.98
FOODS_2_375,WI_2,11609,4.58
FOODS_2_372,WI_2,11609,8.98
FOODS_2_382,WI_2,11609,3.88
FOODS_3_007,WI_2,11609,0.2
FOODS_3_008,WI_2,11609,0.74
FOODS_3_004,WI_2,11609,5.98
FOODS_3_027,WI_2,11609,2.0
FOODS_3_041,WI_2,11609,2.98
FOODS_3_040,WI_2,11609,2.56
FOODS_3_049,WI_2,11609,4.74
FOODS_3_056,WI_2,11609,1.74
FOODS_3_062,WI_2,11609,2.94
FOODS_3_057,WI_2,11609,2.98
FOODS_3_055,WI_2,11609,2.98
FOODS_3_060,WI_2,11609,2.98
FOODS_3_053,WI_2,11609,3.98
FOODS_3_068,WI_2,11609,1.98
FOODS_3_077,WI_2,11609,2.88
FOODS_3_093,WI_2,11609,1.88
FOODS_3_104,WI_2,11609,2.98
FOODS_3_122,WI_2,11609,2.5
FOODS_3_128,WI_2,11609,2.98
FOODS_3_143,WI_2,11609,2.56
FOODS_3_153,WI_2,11609,1.74
FOODS_3_183,WI_2,11609,3.0
FOODS_3_176,WI_2,11609,1.64
FOODS_3_179,WI_2,11609,4.98
FOODS_3_180,WI_2,11609,2.98
FOODS_3_191,WI_2,11609,1.0
FOODS_3_185,WI_2,11609,2.48
FOODS_3_195,WI_2,11609,2.68
FOODS_3_203,WI_2,11609,4.98
FOODS_3_205,WI_2,11609,1.28
FOODS_3_228,WI_2,11609,1.68
FOODS_3_221,WI_2,11609,4.98
FOODS_3_231,WI_2,11609,5.44
FOODS_3_234,WI_2,11609,0.25
FOODS_3_237,WI_2,11609,1.0
FOODS_3_241,WI_2,11609,2.98
FOODS_3_245,WI_2,11609,2.48
FOODS_3_240,WI_2,11609,1.0
FOODS_3_255,WI_2,11609,3.98
FOODS_3_283,WI_2,11609,2.98
FOODS_3_282,WI_2,11609,2.56
FOODS_3_291,WI_2,11609,2.78
FOODS_3_292,WI_2,11609,3.56
FOODS_3_284,WI_2,11609,1.98
FOODS_3_295,WI_2,11609,0.8
FOODS_3_307,WI_2,11609,3.98
FOODS_3_325,WI_2,11609,2.56
FOODS_3_330,WI_2,11609,3.98
FOODS_3_336,WI_2,11609,2.68
FOODS_3_345,WI_2,11609,2.68
FOODS_3_343,WI_2,11609,3.54
FOODS_3_338,WI_2,11609,3.68
FOODS_3_340,WI_2,11609,3.32
FOODS_3_347,WI_2,11609,1.88
FOODS_3_365,WI_2,11609,5.24
FOODS_3_364,WI_2,11609,2.78
FOODS_3_371,WI_2,11609,2.5
FOODS_3_392,WI_2,11609,3.98
FOODS_3_412,WI_2,11609,0.25
FOODS_3_415,WI_2,11609,2.56
FOODS_3_414,WI_2,11609,5.18
FOODS_3_419,WI_2,11609,2.88
FOODS_3_421,WI_2,11609,2.48
FOODS_3_427,WI_2,11609,2.48
FOODS_3_434,WI_2,11609,2.88
FOODS_3_433,WI_2,11609,1.0
FOODS_3_438,WI_2,11609,1.0
FOODS_3_445,WI_2,11609,2.48
FOODS_3_448,WI_2,11609,3.0
FOODS_3_439,WI_2,11609,2.98
FOODS_3_461,WI_2,11609,1.68
FOODS_3_469,WI_2,11609,6.24
FOODS_3_491,WI_2,11609,1.38
FOODS_3_488,WI_2,11609,4.98
FOODS_3_493,WI_2,11609,6.98
FOODS_3_504,WI_2,11609,1.48
FOODS_3_508,WI_2,11609,1.0
FOODS_3_503,WI_2,11609,2.48
FOODS_3_513,WI_2,11609,4.48
FOODS_3_511,WI_2,11609,6.98
FOODS_3_514,WI_2,11609,4.98
FOODS_3_540,WI_2,11609,2.98
FOODS_3_544,WI_2,11609,2.98
FOODS_3_551,WI_2,11609,4.74
FOODS_3_552,WI_2,11609,1.98
FOODS_3_562,WI_2,11609,4.98
FOODS_3_584,WI_2,11609,1.0
FOODS_3_578,WI_2,11609,3.0
FOODS_3_591,WI_2,11609,3.68
FOODS_3_592,WI_2,11609,6.98
FOODS_3_605,WI_2,11609,2.68
FOODS_3_615,WI_2,11609,4.44
FOODS_3_613,WI_2,11609,2.88
FOODS_3_636,WI_2,11609,3.56
FOODS_3_641,WI_2,11609,2.24
FOODS_3_654,WI_2,11609,1.68
FOODS_3_661,WI_2,11609,3.28
FOODS_3_700,WI_2,11609,2.68
FOODS_3_702,WI_2,11609,3.0
FOODS_3_704,WI_2,11609,4.44
FOODS_3_701,WI_2,11609,1.98
FOODS_3_703,WI_2,11609,1.98
FOODS_3_711,WI_2,11609,0.25
FOODS_3_712,WI_2,11609,4.22
FOODS_3_746,WI_2,11609,1.98
FOODS_3_747,WI_2,11609,1.0
FOODS_3_765,WI_2,11609,3.0
FOODS_3_766,WI_2,11609,2.98
FOODS_3_758,WI_2,11609,2.5
FOODS_3_761,WI_2,11609,2.0
FOODS_3_781,WI_2,11609,2.48
FOODS_3_783,WI_2,11609,5.44
FOODS_3_785,WI_2,11609,3.0
FOODS_3_786,WI_2,11609,1.98
FOODS_3_796,WI_2,11609,2.98
FOODS_3_809,WI_2,11609,1.0
FOODS_3_814,WI_2,11609,1.88
HOBBIES_1_002,WI_3,11609,3.97
FOODS_3_826,WI_2,11609,1.28
HOBBIES_1_012,WI_3,11609,6.52
HOBBIES_1_016,WI_3,11609,0.7
HOBBIES_1_024,WI_3,11609,8.56
HOBBIES_1_035,WI_3,11609,2.12
HOBBIES_1_044,WI_3,11609,1.48
HOBBIES_1_040,WI_3,11609,12.97
HOBBIES_1_045,WI_3,11609,10.58
HOBBIES_1_046,WI_3,11609,18.72
HOBBIES_1_069,WI_3,11609,13.23
HOBBIES_1_070,WI_3,11609,5.88
HOBBIES_1_098,WI_3,11609,13.98
HOBBIES_1_118,WI_3,11609,11.12
HOBBIES_1_120,WI_3,11609,10.98
HOBBIES_1_132,WI_3,11609,3.98
HOBBIES_1_135,WI_3,11609,20.38
HOBBIES_1_143,WI_3,11609,8.77
HOUSEHOLD_2_059,CA_1,11609,3.48
HOUSEHOLD_2_062,CA_1,11609,2.94
HOUSEHOLD_2_060,CA_1,11609,7.96
HOUSEHOLD_2_066,CA_1,11609,6.94
HOUSEHOLD_2_073,CA_1,11609,20.97
HOUSEHOLD_2_084,CA_1,11609,4.27
HOUSEHOLD_2_083,CA_1,11609,9.97
HOUSEHOLD_2_124,CA_1,11609,5.28
HOUSEHOLD_2_137,CA_1,11609,2.94
HOUSEHOLD_2_141,CA_1,11609,4.98
HOUSEHOLD_2_159,CA_1,11609,3.93
HOUSEHOLD_2_156,CA_1,11609,7.43
HOUSEHOLD_2_179,CA_1,11609,5.97
HOUSEHOLD_2_173,CA_1,11609,6.46
HOUSEHOLD_2_184,CA_1,11609,1.97
HOUSEHOLD_2_202,CA_1,11609,8.86
HOUSEHOLD_2_212,CA_1,11609,2.67
HOUSEHOLD_2_218,CA_1,11609,10.97
HOUSEHOLD_2_219,CA_1,11609,3.48
HOUSEHOLD_2_220,CA_1,11609,6.96
HOUSEHOLD_2_223,CA_1,11609,14.97
HOUSEHOLD_2_216,CA_1,11609,6.94
HOUSEHOLD_2_229,CA_1,11609,4.78
HOUSEHOLD_2_233,CA_1,11609,12.47
HOUSEHOLD_2_235,CA_1,11609,7.47
HOUSEHOLD_2_248,CA_1,11609,8.97
HOUSEHOLD_2_259,CA_1,11609,7.97
HOUSEHOLD_2_261,CA_1,11609,6.96
HOUSEHOLD_2_266,CA_1,11609,2.97
HOUSEHOLD_2_263,CA_1,11609,5.47
HOUSEHOLD_2_273,CA_1,11609,5.24
HOUSEHOLD_2_275,CA_1,11609,5.27
HOUSEHOLD_2_288,CA_1,11609,3.97
HOUSEHOLD_2_293,CA_1,11609,7.47
HOUSEHOLD_2_296,CA_1,11609,4.78
HOUSEHOLD_2_303,CA_1,11609,6.94
HOUSEHOLD_2_308,CA_1,11609,3.94
HOUSEHOLD_2_309,CA_1,11609,2.48
HOUSEHOLD_2_347,CA_1,11609,8.94
HOUSEHOLD_2_350,CA_1,11609,2.94
HOUSEHOLD_2_354,CA_1,11609,0.97
HOUSEHOLD_2_353,CA_1,11609,4.78
HOUSEHOLD_2_358,CA_1,11609,4.97
HOUSEHOLD_2_359,CA_1,11609,9.94
HOUSEHOLD_2_380,CA_1,11609,5.27
HOUSEHOLD_2_384,CA_1,11609,5.84
HOUSEHOLD_2_381,CA_1,11609,5.94
HOUSEHOLD_2_388,CA_1,11609,6.94
HOUSEHOLD_2_393,CA_1,11609,5.88
HOUSEHOLD_2_409,CA_1,11609,3.93
HOUSEHOLD_2_416,CA_1,11609,3.24
HOUSEHOLD_2_433,CA_1,11609,6.27
HOUSEHOLD_2_452,CA_1,11609,5.94
HOUSEHOLD_2_446,CA_1,11609,25.97
HOUSEHOLD_2_448,CA_1,11609,4.97
HOUSEHOLD_2_469,CA_1,11609,2.97
HOUSEHOLD_2_472,CA_1,11609,8.48
HOUSEHOLD_2_477,CA_1,11609,5.74
HOUSEHOLD_2_510,CA_1,11609,3.93
FOODS_1_001,CA_1,11609,2.24
FOODS_1_010,CA_1,11609,5.64
FOODS_1_037,CA_1,11609,3.48
FOODS_1_044,CA_1,11609,2.98
FOODS_1_045,CA_1,11609,1.78
FOODS_1_052,CA_1,11609,0.98
FOODS_1_064,CA_1,11609,2.68
FOODS_1_065,CA_1,11609,3.54
FOODS_1_075,CA_1,11609,3.54
FOODS_1_090,CA_1,11609,3.54
FOODS_1_087,CA_1,11609,5.64
FOODS_1_121,CA_1,11609,1.5
FOODS_1_129,CA_1,11609,5.74
FOODS_1_131,CA_1,11609,2.98
FOODS_1_144,CA_1,11609,6.98
FOODS_1_154,CA_1,11609,1.5
FOODS_1_166,CA_1,11609,2.24
FOODS_1_172,CA_1,11609,1.98
FOODS_1_174,CA_1,11609,5.28
FOODS_1_180,CA_1,11609,9.97
FOODS_1_198,CA_1,11609,2.68
FOODS_1_199,CA_1,11609,5.64
FOODS_1_217,CA_1,11609,3.54
FOODS_2_017,CA_1,11609,3.76
FOODS_2_025,CA_1,11609,3.94
FOODS_2_029,CA_1,11609,9.98
FOODS_2_055,CA_1,11609,2.5
FOODS_2_050,CA_1,11609,1.0
FOODS_2_060,CA_1,11609,7.98
FOODS_2_066,CA_1,11609,5.98
FOODS_2_078,CA_1,11609,9.97
FOODS_2_073,CA_1,11609,5.98
FOODS_2_096,CA_1,11609,7.98
FOODS_2_108,CA_1,11609,3.44
FOODS_2_112,CA_1,11609,3.42
FOODS_2_121,CA_1,11609,1.58
FOODS_2_132,CA_1,11609,2.5
FOODS_2_131,CA_1,11609,5.98
FOODS_2_138,CA_1,11609,1.84
FOODS_2_139,CA_1,11609,2.98
FOODS_2_141,CA_1,11609,6.98
FOODS_2_140,CA_1,11609,9.98
FOODS_2_147,CA_1,11609,3.76
FOODS_2_152,CA_1,11609,2.42
FOODS_2_155,CA_1,11609,2.5
FOODS_2_173,CA_1,11609,8.98
FOODS_2_186,CA_1,11609,4.98
FOODS_2_202,CA_1,11609,2.98
FOODS_2_218,CA_1,11609,3.94
FOODS_2_225,CA_1,11609,2.5
FOODS_2_231,CA_1,11609,2.5
FOODS_2_232,CA_1,11609,2.56
FOODS_2_241,CA_1,11609,2.38
FOODS_2_248,CA_1,11609,5.98
FOODS_2_264,CA_1,11609,3.97
FOODS_2_266,CA_1,11609,8.92
FOODS_2_265,CA_1,11609,3.76
FOODS_2_269,CA_1,11609,2.5
FOODS_2_310,CA_1,11609,3.78
FOODS_2_319,CA_1,11609,2.98
FOODS_2_313,CA_1,11609,9.88
FOODS_2_331,CA_1,11609,2.5
FOODS_2_343,CA_1,11609,3.97
FOODS_2_353,CA_1,11609,2.98
FOODS_2_345,CA_1,11609,7.98
FOODS_2_365,CA_1,11609,10.97
FOODS_2_377,CA_1,11609,2.5
FOODS_2_389,CA_1,11609,13.97
FOODS_2_386,CA_1,11609,2.5
FOODS_3_003,CA_1,11609,3.64
FOODS_3_022,CA_1,11609,1.98
FOODS_3_037,CA_1,11609,2.56
FOODS_3_063,CA_1,11609,2.48
FOODS_3_067,CA_1,11609,3.98
FOODS_3_073,CA_1,11609,2.98
HOBBIES_2_148,CA_4,11609,0.88
HOUSEHOLD_1_004,CA_4,11609,2.36
HOUSEHOLD_1_007,CA_4,11609,1.48
HOUSEHOLD_1_009,CA_4,11609,17.97
HOUSEHOLD_1_032,CA_4,11609,10.48
HOUSEHOLD_1_051,CA_4,11609,2.96
HOUSEHOLD_1_049,CA_4,11609,5.97
HOUSEHOLD_1_062,CA_4,11609,4.98
HOUSEHOLD_1_094,CA_4,11609,3.48
HOUSEHOLD_1_120,CA_4,11609,4.47
HOUSEHOLD_1_129,CA_4,11609,3.88
HOUSEHOLD_1_139,CA_4,11609,4.98
HOUSEHOLD_1_149,CA_4,11609,0.97
HOUSEHOLD_1_148,CA_4,11609,5.92
HOUSEHOLD_1_155,CA_4,11609,3.47
HOUSEHOLD_1_166,CA_4,11609,4.94
HOUSEHOLD_1_174,CA_4,11609,5.27
HOUSEHOLD_1_173,CA_4,11609,0.97
HOUSEHOLD_1_182,CA_4,11609,3.97
HOUSEHOLD_1_191,CA_4,11609,2.96
HOUSEHOLD_1_199,CA_4,11609,1.77
HOUSEHOLD_1_200,CA_4,11609,2.08
HOUSEHOLD_1_210,CA_4,11609,4.68
HOUSEHOLD_1_260,CA_4,11609,2.97
HOUSEHOLD_1_270,CA_4,11609,9.92
HOUSEHOLD_1_269,CA_4,11609,3.12
HOUSEHOLD_1_310,CA_4,11609,6.97
HOUSEHOLD_1_315,CA_4,11609,9.48
HOUSEHOLD_1_311,CA_4,11609,3.88
HOUSEHOLD_1_319,CA_4,11609,1.94
HOUSEHOLD_1_321,CA_4,11609,2.97
HOUSEHOLD_1_320,CA_4,11609,4.47
HOUSEHOLD_1_317,CA_4,11609,1.96
HOUSEHOLD_1_328,CA_4,11609,4.94
HOUSEHOLD_1_343,CA_4,11609,5.27
HOUSEHOLD_1_338,CA_4,11609,3.94
HOUSEHOLD_1_348,CA_4,11609,1.86
HOUSEHOLD_1_357,CA_4,11609,11.97
HOUSEHOLD_1_356,CA_4,11609,5.96
HOUSEHOLD_1_364,CA_4,11609,7.48
HOUSEHOLD_1_402,CA_4,11609,6.97
HOUSEHOLD_1_390,CA_4,11609,1.88
HOUSEHOLD_1_403,CA_4,11609,3.93
HOUSEHOLD_1_419,CA_4,11609,8.94
HOUSEHOLD_1_427,CA_4,11609,5.96
HOUSEHOLD_1_453,CA_4,11609,2.36
HOUSEHOLD_1_487,CA_4,11609,1.84
HOUSEHOLD_1_481,CA_4,11609,4.94
HOUSEHOLD_1_484,CA_4,11609,9.97
HOUSEHOLD_1_492,CA_4,11609,3.96
HOUSEHOLD_1_495,CA_4,11609,2.74
HOUSEHOLD_1_508,CA_4,11609,4.88
HOUSEHOLD_1_515,CA_4,11609,2.47
HOUSEHOLD_1_520,CA_4,11609,5.48
HOUSEHOLD_1_536,CA_4,11609,2.88
HOUSEHOLD_2_010,CA_4,11609,6.97
HOUSEHOLD_2_007,CA_4,11609,2.58
HOUSEHOLD_2_041,CA_4,11609,4.97
HOUSEHOLD_2_038,CA_4,11609,5.94
HOUSEHOLD_2_046,CA_4,11609,6.94
HOUSEHOLD_2_068,CA_4,11609,2.88
HOUSEHOLD_2_090,CA_4,11609,5.97
HOUSEHOLD_2_097,CA_4,11609,5.48
HOUSEHOLD_2_099,CA_4,11609,5.94
HOUSEHOLD_2_105,CA_4,11609,4.94
HOUSEHOLD_2_132,CA_4,11609,1.97
HOUSEHOLD_2_130,CA_4,11609,7.97
HOUSEHOLD_2_144,CA_4,11609,4.44
HOUSEHOLD_2_138,CA_4,11609,5.97
HOUSEHOLD_2_143,CA_4,11609,6.46
HOUSEHOLD_2_139,CA_4,11609,5.84
HOUSEHOLD_2_152,CA_4,11609,13.94
HOUSEHOLD_2_154,CA_4,11609,1.88
HOUSEHOLD_2_147,CA_4,11609,3.97
HOUSEHOLD_2_150,CA_4,11609,6.97
HOUSEHOLD_2_157,CA_4,11609,5.47
HOUSEHOLD_2_166,CA_4,11609,9.47
HOUSEHOLD_2_170,CA_4,11609,1.44
HOUSEHOLD_2_171,CA_4,11609,3.87
HOUSEHOLD_2_196,CA_4,11609,2.27
HOUSEHOLD_2_207,CA_4,11609,7.46
HOUSEHOLD_2_215,CA_4,11609,1.88
HOUSEHOLD_2_211,CA_4,11609,19.98
HOUSEHOLD_2_227,CA_4,11609,3.98
HOUSEHOLD_2_237,CA_4,11609,5.94
HOUSEHOLD_2_270,CA_4,11609,5.84
HOUSEHOLD_2_276,CA_4,11609,5.47
HOUSEHOLD_2_297,CA_4,11609,6.54
HOUSEHOLD_2_299,CA_4,11609,1.23
HOUSEHOLD_2_327,CA_4,11609,2.98
HOUSEHOLD_2_336,CA_4,11609,8.97
HOUSEHOLD_2_334,CA_4,11609,2.98
HOUSEHOLD_2_330,CA_4,11609,3.72
HOUSEHOLD_2_345,CA_4,11609,5.84
HOUSEHOLD_2_346,CA_4,11609,3.33
HOUSEHOLD_2_342,CA_4,11609,0.97
HOUSEHOLD_2_356,CA_4,11609,9.88
HOUSEHOLD_2_351,CA_4,11609,5.94
HOUSEHOLD_2_362,CA_4,11609,3.94
HOUSEHOLD_2_360,CA_4,11609,7.97
HOUSEHOLD_2_372,CA_4,11609,8.48
HOUSEHOLD_2_386,CA_4,11609,3.97
HOUSEHOLD_2_396,CA_4,11609,8.48
HOUSEHOLD_2_404,CA_4,11609,2.97
HOUSEHOLD_2_422,CA_4,11609,4.97
HOUSEHOLD_2_429,CA_4,11609,5.94
HOUSEHOLD_2_427,CA_4,11609,3.48
HOUSEHOLD_2_426,CA_4,11609,4.37
HOUSEHOLD_2_436,CA_4,11609,1.97
HOUSEHOLD_2_444,CA_4,11609,6.47
HOUSEHOLD_2_445,CA_4,11609,5.97
HOUSEHOLD_2_464,CA_4,11609,2.88
HOUSEHOLD_2_481,CA_4,11609,7.97
HOUSEHOLD_2_480,CA_4,11609,5.24
HOUSEHOLD_2_501,CA_4,11609,7.97
HOUSEHOLD_2_496,CA_4,11609,1.48
HOUSEHOLD_2_498,CA_4,11609,2.98
HOUSEHOLD_2_514,CA_4,11609,19.54
HOUSEHOLD_2_516,CA_4,11609,5.94
FOODS_1_008,CA_4,11609,3.54
FOODS_1_015,CA_4,11609,3.48
FOODS_1_014,CA_4,11609,0.98
FOODS_1_034,CA_4,11609,5.14
FOODS_1_050,CA_4,11609,5.98
FOODS_1_051,CA_4,11609,3.87
FOODS_1_059,CA_4,11609,4.89
FOODS_1_070,CA_4,11609,0.98
FOODS_2_152,TX_3,11609,2.22
FOODS_2_147,TX_3,11609,3.76
FOODS_2_155,TX_3,11609,2.5
FOODS_2_173,TX_3,11609,8.98
FOODS_2_186,TX_3,11609,4.98
FOODS_2_202,TX_3,11609,2.98
FOODS_2_218,TX_3,11609,3.86
FOODS_2_225,TX_3,11609,2.47
FOODS_2_231,TX_3,11609,2.5
FOODS_2_232,TX_3,11609,2.16
FOODS_2_241,TX_3,11609,2.28
FOODS_2_248,TX_3,11609,5.96
FOODS_2_264,TX_3,11609,3.97
FOODS_2_266,TX_3,11609,8.92
FOODS_2_265,TX_3,11609,3.76
FOODS_2_269,TX_3,11609,2.5
FOODS_2_313,TX_3,11609,9.88
FOODS_2_310,TX_3,11609,3.48
FOODS_2_319,TX_3,11609,2.82
FOODS_2_331,TX_3,11609,2.5
FOODS_2_343,TX_3,11609,3.97
FOODS_2_345,TX_3,11609,8.47
FOODS_2_353,TX_3,11609,2.98
FOODS_2_365,TX_3,11609,10.97
FOODS_2_377,TX_3,11609,2.73
FOODS_2_386,TX_3,11609,2.5
FOODS_2_389,TX_3,11609,13.97
FOODS_3_003,TX_3,11609,3.64
FOODS_3_022,TX_3,11609,1.98
FOODS_3_037,TX_3,11609,2.56
FOODS_3_063,TX_3,11609,2.48
FOODS_3_067,TX_3,11609,3.98
FOODS_3_076,TX_3,11609,1.0
FOODS_3_073,TX_3,11609,2.98
FOODS_3_084,TX_3,11609,1.98
FOODS_3_094,TX_3,11609,2.98
FOODS_3_099,TX_3,11609,2.56
FOODS_3_107,TX_3,11609,2.48
FOODS_3_108,TX_3,11609,1.0
FOODS_3_110,TX_3,11609,11.98
FOODS_3_123,TX_3,11609,2.68
FOODS_3_132,TX_3,11609,2.68
FOODS_3_147,TX_3,11609,2.98
FOODS_3_178,TX_3,11609,1.64
FOODS_3_187,TX_3,11609,2.5
FOODS_3_190,TX_3,11609,1.0
FOODS_3_199,TX_3,11609,2.56
FOODS_3_209,TX_3,11609,3.98
FOODS_3_226,TX_3,11609,1.68
FOODS_3_227,TX_3,11609,2.68
FOODS_3_223,TX_3,11609,1.98
FOODS_3_229,TX_3,11609,3.78
FOODS_3_243,TX_3,11609,1.32
FOODS_3_250,TX_3,11609,3.98
FOODS_3_256,TX_3,11609,2.56
FOODS_3_263,TX_3,11609,2.5
FOODS_3_260,TX_3,11609,1.97
FOODS_3_254,TX_3,11609,1.74
FOODS_3_266,TX_3,11609,3.48
FOODS_3_294,TX_3,11609,2.48
FOODS_3_300,TX_3,11609,3.98
FOODS_3_296,TX_3,11609,2.0
FOODS_3_314,TX_3,11609,2.48
FOODS_3_310,TX_3,11609,1.0
FOODS_3_318,TX_3,11609,1.48
FOODS_3_333,TX_3,11609,1.98
FOODS_3_342,TX_3,11609,1.25
FOODS_3_337,TX_3,11609,3.98
FOODS_3_356,TX_3,11609,3.0
FOODS_3_357,TX_3,11609,3.64
FOODS_3_361,TX_3,11609,1.98
FOODS_3_366,TX_3,11609,1.74
FOODS_3_373,TX_3,11609,1.74
FOODS_3_378,TX_3,11609,4.68
FOODS_3_372,TX_3,11609,3.28
FOODS_3_385,TX_3,11609,2.98
FOODS_3_382,TX_3,11609,1.98
FOODS_3_395,TX_3,11609,3.98
FOODS_3_397,TX_3,11609,1.98
FOODS_3_396,TX_3,11609,11.48
FOODS_3_389,TX_3,11609,1.68
FOODS_3_407,TX_3,11609,2.98
FOODS_3_410,TX_3,11609,2.68
FOODS_3_420,TX_3,11609,8.48
FOODS_3_431,TX_3,11609,1.0
FOODS_3_425,TX_3,11609,2.48
FOODS_3_430,TX_3,11609,5.98
FOODS_3_441,TX_3,11609,6.98
FOODS_3_444,TX_3,11609,6.98
FOODS_3_458,TX_3,11609,1.98
FOODS_3_457,TX_3,11609,2.5
FOODS_3_467,TX_3,11609,1.98
FOODS_3_486,TX_3,11609,2.88
FOODS_3_499,TX_3,11609,2.56
FOODS_3_522,TX_3,11609,2.68
FOODS_3_521,TX_3,11609,2.54
FOODS_3_519,TX_3,11609,1.0
FOODS_3_517,TX_3,11609,2.94
FOODS_3_531,TX_3,11609,2.48
FOODS_3_541,TX_3,11609,0.94
FOODS_3_563,TX_3,11609,3.78
FOODS_3_589,TX_3,11609,1.28
FOODS_3_595,TX_3,11609,1.98
FOODS_3_607,TX_3,11609,2.48
FOODS_3_609,TX_3,11609,2.98
FOODS_3_603,TX_3,11609,1.0
FOODS_3_601,TX_3,11609,1.98
FOODS_3_620,TX_3,11609,6.98
FOODS_3_625,TX_3,11609,3.0
FOODS_3_631,TX_3,11609,3.37
FOODS_3_629,TX_3,11609,4.98
FOODS_3_648,TX_3,11609,1.0
FOODS_3_665,TX_3,11609,2.98
FOODS_3_658,TX_3,11609,2.84
FOODS_3_659,TX_3,11609,2.98
FOODS_3_671,TX_3,11609,2.28
FOODS_3_677,TX_3,11609,3.98
FOODS_3_682,TX_3,11609,3.56
FOODS_3_689,TX_3,11609,2.98
FOODS_3_691,TX_3,11609,7.48
FOODS_3_708,TX_3,11609,2.78
FOODS_3_730,TX_3,11609,4.98
FOODS_3_748,TX_3,11609,3.98
FOODS_3_756,TX_3,11609,2.5
FOODS_3_774,TX_3,11609,6.94
FOODS_3_770,TX_3,11609,3.98
FOODS_3_804,TX_3,11609,1.88
FOODS_3_802,TX_3,11609,1.68
FOODS_3_795,TX_3,11609,2.98
FOODS_3_803,TX_3,11609,1.0
FOODS_3_819,TX_3,11609,1.98
HOBBIES_1_004,WI_1,11609,4.64
HOBBIES_1_018,WI_1,11609,11.88
HOBBIES_1_027,WI_1,11609,19.98
HOBBIES_1_031,WI_1,11609,10.98
HOBBIES_1_048,WI_1,11609,0.48
HOBBIES_1_051,WI_1,11609,5.98
HOBBIES_1_065,WI_1,11609,4.88
HOBBIES_1_062,WI_1,11609,0.97
HOBBIES_1_088,WI_1,11609,2.57
HOBBIES_1_100,WI_1,11609,11.28
HOBBIES_1_103,WI_1,11609,0.7
HOBBIES_1_106,WI_1,11609,2.57
HOBBIES_1_104,WI_1,11609,23.98
HOBBIES_1_112,WI_1,11609,2.72
HOBBIES_1_119,WI_1,11609,1.77
HOBBIES_1_123,WI_1,11609,7.98
HOBBIES_1_138,WI_1,11609,5.88
HOBBIES_1_141,WI_1,11609,13.98
HOBBIES_1_149,WI_1,11609,1.56
HOBBIES_1_156,WI_1,11609,1.77
HOBBIES_1_159,WI_1,11609,3.24
HOBBIES_1_160,WI_1,11609,19.96
HOBBIES_1_168,WI_1,11609,4.83
HOBBIES_1_189,WI_1,11609,0.48
FOODS_3_294,WI_3,11609,2.48
FOODS_3_300,WI_3,11609,3.98
FOODS_3_296,WI_3,11609,2.0
FOODS_3_314,WI_3,11609,2.68
FOODS_3_310,WI_3,11609,1.0
FOODS_3_318,WI_3,11609,1.48
FOODS_3_333,WI_3,11609,1.98
FOODS_3_342,WI_3,11609,1.25
FOODS_3_337,WI_3,11609,3.98
FOODS_3_356,WI_3,11609,3.0
FOODS_3_357,WI_3,11609,3.64
FOODS_3_361,WI_3,11609,1.98
FOODS_3_373,WI_3,11609,1.74
FOODS_3_372,WI_3,11609,3.28
FOODS_3_366,WI_3,11609,1.74
FOODS_3_378,WI_3,11609,4.68
FOODS_3_382,WI_3,11609,1.78
FOODS_3_385,WI_3,11609,2.98
FOODS_3_389,WI_3,11609,1.68
FOODS_3_395,WI_3,11609,3.98
FOODS_3_397,WI_3,11609,1.98
FOODS_3_396,WI_3,11609,10.84
FOODS_3_407,WI_3,11609,2.98
FOODS_3_410,WI_3,11609,2.68
FOODS_3_420,WI_3,11609,8.48
FOODS_3_425,WI_3,11609,2.48
FOODS_3_431,WI_3,11609,1.0
FOODS_3_430,WI_3,11609,5.98
FOODS_3_441,WI_3,11609,6.98
FOODS_3_444,WI_3,11609,6.98
FOODS_3_458,WI_3,11609,1.98
FOODS_3_457,WI_3,11609,2.5
FOODS_3_467,WI_3,11609,1.98
FOODS_3_486,WI_3,11609,2.88
FOODS_3_499,WI_3,11609,2.56
FOODS_3_522,WI_3,11609,2.68
FOODS_3_519,WI_3,11609,1.0
FOODS_3_521,WI_3,11609,2.54
FOODS_3_517,WI_3,11609,2.94
FOODS_3_531,WI_3,11609,2.48
FOODS_3_541,WI_3,11609,0.94
FOODS_3_563,WI_3,11609,3.78
FOODS_3_589,WI_3,11609,1.28
FOODS_3_595,WI_3,11609,1.98
FOODS_3_607,WI_3,11609,2.48
FOODS_3_609,WI_3,11609,2.98
FOODS_3_603,WI_3,11609,1.0
FOODS_3_601,WI_3,11609,1.98
FOODS_3_620,WI_3,11609,6.98
FOODS_3_629,WI_3,11609,4.98
FOODS_3_625,WI_3,11609,3.0
FOODS_3_631,WI_3,11609,3.78
FOODS_3_648,WI_3,11609,1.0
FOODS_3_659,WI_3,11609,3.48
FOODS_3_665,WI_3,11609,2.98
FOODS_3_658,WI_3,11609,2.84
FOODS_3_671,WI_3,11609,2.28
FOODS_3_677,WI_3,11609,3.98
FOODS_3_682,WI_3,11609,3.56
FOODS_3_689,WI_3,11609,2.98
FOODS_3_691,WI_3,11609,7.48
FOODS_3_708,WI_3,11609,2.78
FOODS_3_730,WI_3,11609,4.98
FOODS_3_748,WI_3,11609,3.98
FOODS_3_756,WI_3,11609,2.5
FOODS_3_774,WI_3,11609,7.48
FOODS_3_770,WI_3,11609,3.98
FOODS_3_795,WI_3,11609,2.98
FOODS_3_804,WI_3,11609,1.88
FOODS_3_802,WI_3,11609,1.68
FOODS_3_803,WI_3,11609,1.0
FOODS_3_819,WI_3,11609,1.98
HOUSEHOLD_2_510,CA_2,11609,3.93
FOODS_1_001,CA_2,11609,2.24
FOODS_1_010,CA_2,11609,5.64
FOODS_1_044,CA_2,11609,2.98
FOODS_1_037,CA_2,11609,3.48
FOODS_1_045,CA_2,11609,1.78
FOODS_1_052,CA_2,11609,0.98
FOODS_1_064,CA_2,11609,2.68
FOODS_1_065,CA_2,11609,3.54
FOODS_1_075,CA_2,11609,3.54
FOODS_1_090,CA_2,11609,3.54
FOODS_1_087,CA_2,11609,5.64
FOODS_1_121,CA_2,11609,1.5
FOODS_1_129,CA_2,11609,5.74
FOODS_1_131,CA_2,11609,2.98
FOODS_1_144,CA_2,11609,6.98
FOODS_1_154,CA_2,11609,1.5
FOODS_1_166,CA_2,11609,2.24
FOODS_1_172,CA_2,11609,1.98
FOODS_1_174,CA_2,11609,5.28
FOODS_1_180,CA_2,11609,9.97
FOODS_1_198,CA_2,11609,2.68
FOODS_1_199,CA_2,11609,5.64
FOODS_1_217,CA_2,11609,3.54
FOODS_2_017,CA_2,11609,3.76
FOODS_2_025,CA_2,11609,3.94
FOODS_2_029,CA_2,11609,9.98
FOODS_2_050,CA_2,11609,1.0
FOODS_2_055,CA_2,11609,2.5
FOODS_2_060,CA_2,11609,7.98
FOODS_2_066,CA_2,11609,5.98
FOODS_2_073,CA_2,11609,5.98
FOODS_2_078,CA_2,11609,9.97
FOODS_2_096,CA_2,11609,7.98
FOODS_2_121,CA_2,11609,1.58
FOODS_2_108,CA_2,11609,3.44
FOODS_2_112,CA_2,11609,3.42
FOODS_2_139,CA_2,11609,2.98
FOODS_2_131,CA_2,11609,5.98
FOODS_2_138,CA_2,11609,1.84
FOODS_2_147,CA_2,11609,3.76
FOODS_2_141,CA_2,11609,6.98
FOODS_2_132,CA_2,11609,2.5
FOODS_2_140,CA_2,11609,9.98
FOODS_2_152,CA_2,11609,2.42
FOODS_2_155,CA_2,11609,2.0
FOODS_2_173,CA_2,11609,8.98
FOODS_2_186,CA_2,11609,4.98
FOODS_2_218,CA_2,11609,3.94
FOODS_2_202,CA_2,11609,2.98
FOODS_2_231,CA_2,11609,2.5
FOODS_2_232,CA_2,11609,2.56
FOODS_2_225,CA_2,11609,2.5
FOODS_2_241,CA_2,11609,2.38
FOODS_2_248,CA_2,11609,5.98
FOODS_2_264,CA_2,11609,3.97
FOODS_2_266,CA_2,11609,8.92
FOODS_2_269,CA_2,11609,2.5
FOODS_2_265,CA_2,11609,3.76
FOODS_2_310,CA_2,11609,3.78
FOODS_2_313,CA_2,11609,9.88
FOODS_2_319,CA_2,11609,2.98
FOODS_2_331,CA_2,11609,2.5
FOODS_2_353,CA_2,11609,2.98
FOODS_2_343,CA_2,11609,3.97
FOODS_2_345,CA_2,11609,7.98
FOODS_2_365,CA_2,11609,10.97
FOODS_2_389,CA_2,11609,13.97
FOODS_2_386,CA_2,11609,2.5
FOODS_2_377,CA_2,11609,2.5
FOODS_3_003,CA_2,11609,3.64
FOODS_3_022,CA_2,11609,1.98
FOODS_3_037,CA_2,11609,2.56
FOODS_3_063,CA_2,11609,2.48
FOODS_3_067,CA_2,11609,3.98
FOODS_3_073,CA_2,11609,2.5
FOODS_3_076,CA_2,11609,1.0
FOODS_3_084,CA_2,11609,1.98
FOODS_3_099,CA_2,11609,2.56
FOODS_3_094,CA_2,11609,2.98
FOODS_3_107,CA_2,11609,2.48
FOODS_3_108,CA_2,11609,1.0
FOODS_3_110,CA_2,11609,11.98
FOODS_3_123,CA_2,11609,2.48
FOODS_3_132,CA_2,11609,2.68
FOODS_3_147,CA_2,11609,2.98
FOODS_3_178,CA_2,11609,2.13
FOODS_3_187,CA_2,11609,2.5
FOODS_3_199,CA_2,11609,2.56
FOODS_3_190,CA_2,11609,1.0
FOODS_3_209,CA_2,11609,3.98
FOODS_3_226,CA_2,11609,1.68
FOODS_3_227,CA_2,11609,2.68
FOODS_3_223,CA_2,11609,1.98
FOODS_3_229,CA_2,11609,3.78
FOODS_3_243,CA_2,11609,1.58
FOODS_3_250,CA_2,11609,3.98
FOODS_3_254,CA_2,11609,1.74
FOODS_3_256,CA_2,11609,2.58
FOODS_3_263,CA_2,11609,2.5
FOODS_3_260,CA_2,11609,1.97
FOODS_3_266,CA_2,11609,3.48
FOODS_3_300,CA_2,11609,3.98
FOODS_3_294,CA_2,11609,2.48
FOODS_3_296,CA_2,11609,2.0
FOODS_3_310,CA_2,11609,1.0
FOODS_3_314,CA_2,11609,2.48
FOODS_3_318,CA_2,11609,1.48
FOODS_3_333,CA_2,11609,1.98
FOODS_3_337,CA_2,11609,3.98
FOODS_3_342,CA_2,11609,1.25
FOODS_3_356,CA_2,11609,3.0
FOODS_3_357,CA_2,11609,3.64
FOODS_3_361,CA_2,11609,1.98
FOODS_3_366,CA_2,11609,1.74
FOODS_3_373,CA_2,11609,1.74
FOODS_3_378,CA_2,11609,4.68
FOODS_3_372,CA_2,11609,3.28
FOODS_3_385,CA_2,11609,2.98
FOODS_3_382,CA_2,11609,1.98
FOODS_3_389,CA_2,11609,1.68
FOODS_3_397,CA_2,11609,1.98
FOODS_3_395,CA_2,11609,3.98
FOODS_3_396,CA_2,11609,11.48
FOODS_3_407,CA_2,11609,2.98
FOODS_3_410,CA_2,11609,2.68
FOODS_3_420,CA_2,11609,8.48
FOODS_3_431,CA_2,11609,1.0
FOODS_3_425,CA_2,11609,2.48
FOODS_3_430,CA_2,11609,5.98
FOODS_3_441,CA_2,11609,6.98
FOODS_3_444,CA_2,11609,6.98
FOODS_3_458,CA_2,11609,1.98
FOODS_3_457,CA_2,11609,2.5
FOODS_3_467,CA_2,11609,1.98
FOODS_3_486,CA_2,11609,2.88
FOODS_3_499,CA_2,11609,2.56
FOODS_3_522,CA_2,11609,2.48
FOODS_3_519,CA_2,11609,1.0
FOODS_3_521,CA_2,11609,2.54
FOODS_3_517,CA_2,11609,2.94
FOODS_3_531,CA_2,11609,2.48
FOODS_3_541,CA_2,11609,1.0
FOODS_3_563,CA_2,11609,3.78
FOODS_3_589,CA_2,11609,1.28
FOODS_3_595,CA_2,11609,1.98
FOODS_3_607,CA_2,11609,2.48
FOODS_3_609,CA_2,11609,2.98
FOODS_3_603,CA_2,11609,1.0
FOODS_3_601,CA_2,11609,1.98
FOODS_3_629,CA_2,11609,4.98
FOODS_3_620,CA_2,11609,6.98
FOODS_3_625,CA_2,11609,3.0
FOODS_3_631,CA_2,11609,3.78
FOODS_3_648,CA_2,11609,1.0
FOODS_3_659,CA_2,11609,2.98
FOODS_3_665,CA_2,11609,2.98
FOODS_3_658,CA_2,11609,2.84
FOODS_3_671,CA_2,11609,2.28
FOODS_3_682,CA_2,11609,3.56
FOODS_3_677,CA_2,11609,3.98
FOODS_3_689,CA_2,11609,2.98
FOODS_3_691,CA_2,11609,7.48
FOODS_3_708,CA_2,11609,2.78
FOODS_3_730,CA_2,11609,4.98
FOODS_3_748,CA_2,11609,3.98
FOODS_3_756,CA_2,11609,2.5
FOODS_3_770,CA_2,11609,3.98
FOODS_3_774,CA_2,11609,7.48
FOODS_3_795,CA_2,11609,2.98
FOODS_3_804,CA_2,11609,1.88
FOODS_3_802,CA_2,11609,1.68
FOODS_3_803,CA_2,11609,1.0
FOODS_3_819,CA_2,11609,1.98
HOBBIES_1_008,CA_3,11609,0.48
HOBBIES_1_015,CA_3,11609,0.7
HOBBIES_1_017,CA_3,11609,1.98
HOBBIES_1_025,CA_3,11609,3.98
HOBBIES_1_030,CA_3,11609,0.7
FOODS_1_078,CA_4,11609,3.48
FOODS_1_085,CA_4,11609,0.98
FOODS_1_101,CA_4,11609,2.0
FOODS_1_108,CA_4,11609,2.5
FOODS_1_115,CA_4,11609,3.58
FOODS_1_116,CA_4,11609,2.68
FOODS_1_141,CA_4,11609,3.54
FOODS_1_149,CA_4,11609,0.98
FOODS_1_153,CA_4,11609,1.98
FOODS_1_160,CA_4,11609,2.24
FOODS_1_168,CA_4,11609,2.24
FOODS_1_162,CA_4,11609,1.96
FOODS_1_185,CA_4,11609,2.28
FOODS_1_179,CA_4,11609,3.58
FOODS_1_197,CA_4,11609,5.28
FOODS_1_206,CA_4,11609,2.23
FOODS_1_209,CA_4,11609,2.24
FOODS_1_212,CA_4,11609,5.98
FOODS_1_219,CA_4,11609,2.24
FOODS_2_030,CA_4,11609,4.48
FOODS_2_023,CA_4,11609,1.28
FOODS_2_037,CA_4,11609,7.98
FOODS_2_041,CA_4,11609,3.97
FOODS_2_040,CA_4,11609,2.5
FOODS_2_033,CA_4,11609,2.38
FOODS_2_043,CA_4,11609,2.5
FOODS_2_045,CA_4,11609,6.98
FOODS_2_048,CA_4,11609,7.97
FOODS_2_058,CA_4,11609,4.97
FOODS_2_051,CA_4,11609,2.5
FOODS_2_059,CA_4,11609,5.98
FOODS_2_079,CA_4,11609,3.94
FOODS_2_091,CA_4,11609,2.5
FOODS_2_103,CA_4,11609,6.98
FOODS_2_099,CA_4,11609,2.0
FOODS_2_095,CA_4,11609,4.42
FOODS_2_097,CA_4,11609,6.98
FOODS_2_124,CA_4,11609,2.98
FOODS_2_123,CA_4,11609,2.97
FOODS_2_125,CA_4,11609,2.67
FOODS_2_134,CA_4,11609,2.98
FOODS_2_143,CA_4,11609,4.33
FOODS_2_136,CA_4,11609,2.87
FOODS_2_146,CA_4,11609,2.0
FOODS_2_148,CA_4,11609,2.5
FOODS_2_151,CA_4,11609,2.0
FOODS_2_167,CA_4,11609,2.5
FOODS_2_165,CA_4,11609,3.78
FOODS_2_168,CA_4,11609,3.98
FOODS_2_185,CA_4,11609,2.0
FOODS_2_198,CA_4,11609,8.98
FOODS_2_194,CA_4,11609,6.72
FOODS_2_204,CA_4,11609,1.0
FOODS_2_206,CA_4,11609,9.98
FOODS_2_212,CA_4,11609,4.88
FOODS_2_209,CA_4,11609,5.97
FOODS_2_213,CA_4,11609,3.48
FOODS_2_224,CA_4,11609,5.44
FOODS_2_242,CA_4,11609,2.5
FOODS_2_238,CA_4,11609,1.58
FOODS_2_239,CA_4,11609,13.98
FOODS_2_254,CA_4,11609,5.92
FOODS_2_252,CA_4,11609,3.78
FOODS_2_275,CA_4,11609,2.48
FOODS_2_271,CA_4,11609,10.98
FOODS_2_276,CA_4,11609,3.42
FOODS_2_278,CA_4,11609,2.5
FOODS_2_306,CA_4,11609,3.98
FOODS_2_314,CA_4,11609,4.97
FOODS_2_316,CA_4,11609,9.98
FOODS_2_312,CA_4,11609,4.98
FOODS_2_324,CA_4,11609,2.5
FOODS_2_334,CA_4,11609,9.98
FOODS_2_340,CA_4,11609,2.98
FOODS_2_341,CA_4,11609,2.5
FOODS_2_344,CA_4,11609,2.5
FOODS_2_357,CA_4,11609,2.0
FOODS_2_360,CA_4,11609,0.94
FOODS_2_374,CA_4,11609,2.0
FOODS_2_375,CA_4,11609,4.98
FOODS_2_373,CA_4,11609,5.44
FOODS_2_372,CA_4,11609,8.98
FOODS_2_382,CA_4,11609,3.88
FOODS_3_007,CA_4,11609,0.25
FOODS_3_008,CA_4,11609,0.74
FOODS_3_004,CA_4,11609,5.98
FOODS_3_027,CA_4,11609,2.0
FOODS_3_041,CA_4,11609,2.98
FOODS_3_040,CA_4,11609,2.56
FOODS_3_049,CA_4,11609,4.74
FOODS_3_056,CA_4,11609,1.74
FOODS_3_057,CA_4,11609,2.98
FOODS_3_055,CA_4,11609,2.98
FOODS_3_053,CA_4,11609,3.98
FOODS_3_068,CA_4,11609,1.98
FOODS_3_062,CA_4,11609,2.94
FOODS_3_060,CA_4,11609,2.98
FOODS_3_077,CA_4,11609,2.88
FOODS_3_093,CA_4,11609,1.98
FOODS_3_104,CA_4,11609,2.98
FOODS_3_122,CA_4,11609,2.5
FOODS_3_128,CA_4,11609,2.98
FOODS_3_143,CA_4,11609,2.56
FOODS_3_153,CA_4,11609,1.74
FOODS_3_179,CA_4,11609,4.98
FOODS_3_176,CA_4,11609,1.64
FOODS_3_180,CA_4,11609,2.98
FOODS_3_183,CA_4,11609,3.0
FOODS_3_185,CA_4,11609,2.48
FOODS_3_191,CA_4,11609,1.0
FOODS_3_195,CA_4,11609,2.68
FOODS_3_203,CA_4,11609,4.98
FOODS_3_205,CA_4,11609,1.28
FOODS_3_221,CA_4,11609,4.98
FOODS_3_228,CA_4,11609,1.68
FOODS_3_231,CA_4,11609,5.44
FOODS_3_234,CA_4,11609,0.25
FOODS_3_241,CA_4,11609,2.98
FOODS_3_237,CA_4,11609,1.0
FOODS_3_240,CA_4,11609,1.0
FOODS_3_245,CA_4,11609,2.48
FOODS_3_255,CA_4,11609,3.98
FOODS_3_283,CA_4,11609,2.98
FOODS_3_282,CA_4,11609,2.56
FOODS_3_284,CA_4,11609,1.98
FOODS_3_295,CA_4,11609,0.8
FOODS_3_291,CA_4,11609,2.78
FOODS_3_292,CA_4,11609,3.56
FOODS_3_307,CA_4,11609,3.98
FOODS_3_330,CA_4,11609,3.98
FOODS_3_325,CA_4,11609,2.56
FOODS_3_336,CA_4,11609,2.48
FOODS_3_338,CA_4,11609,3.68
FOODS_3_343,CA_4,11609,3.87
FOODS_3_345,CA_4,11609,2.68
FOODS_3_347,CA_4,11609,1.98
FOODS_3_340,CA_4,11609,3.32
FOODS_3_365,CA_4,11609,5.24
FOODS_3_364,CA_4,11609,2.78
FOODS_3_371,CA_4,11609,2.5
FOODS_3_392,CA_4,11609,3.98
FOODS_3_412,CA_4,11609,0.25
FOODS_3_415,CA_4,11609,2.56
FOODS_3_414,CA_4,11609,5.18
FOODS_3_421,CA_4,11609,2.48
FOODS_3_419,CA_4,11609,2.88
FOODS_3_427,CA_4,11609,2.48
FOODS_3_434,CA_4,11609,2.88
FOODS_3_433,CA_4,11609,1.0
FOODS_3_438,CA_4,11609,1.0
FOODS_3_439,CA_4,11609,2.98
FOODS_3_448,CA_4,11609,3.0
FOODS_3_445,CA_4,11609,2.48
FOODS_3_461,CA_4,11609,1.68
FOODS_3_469,CA_4,11609,6.24
FOODS_3_491,CA_4,11609,1.6
FOODS_3_493,CA_4,11609,6.98
FOODS_3_488,CA_4,11609,4.98
FOODS_3_504,CA_4,11609,1.48
FOODS_3_508,CA_4,11609,1.0
FOODS_3_503,CA_4,11609,2.48
FOODS_3_511,CA_4,11609,6.98
FOODS_3_513,CA_4,11609,4.48
FOODS_3_514,CA_4,11609,4.98
FOODS_3_540,CA_4,11609,2.98
FOODS_3_544,CA_4,11609,2.98
FOODS_3_551,CA_4,11609,4.74
FOODS_3_552,CA_4,11609,1.98
FOODS_3_562,CA_4,11609,4.98
FOODS_3_578,CA_4,11609,3.0
FOODS_3_584,CA_4,11609,1.0
FOODS_3_591,CA_4,11609,3.68
FOODS_3_592,CA_4,11609,6.98
FOODS_3_605,CA_4,11609,2.68
FOODS_3_615,CA_4,11609,4.68
FOODS_3_613,CA_4,11609,2.88
FOODS_3_636,CA_4,11609,3.56
FOODS_3_641,CA_4,11609,2.24
FOODS_3_661,CA_4,11609,3.28
FOODS_3_654,CA_4,11609,1.68
FOODS_3_700,CA_4,11609,2.68
FOODS_3_702,CA_4,11609,3.0
FOODS_3_704,CA_4,11609,4.68
FOODS_3_703,CA_4,11609,1.98
FOODS_3_701,CA_4,11609,1.98
FOODS_3_711,CA_4,11609,0.25
FOODS_3_712,CA_4,11609,4.22
HOUSEHOLD_2_237,WI_1,11609,5.94
HOUSEHOLD_2_270,WI_1,11609,5.84
HOUSEHOLD_2_276,WI_1,11609,5.47
HOUSEHOLD_2_297,WI_1,11609,6.54
HOUSEHOLD_2_299,WI_1,11609,1.23
HOUSEHOLD_2_327,WI_1,11609,2.98
HOUSEHOLD_2_334,WI_1,11609,2.98
HOUSEHOLD_2_336,WI_1,11609,8.97
HOUSEHOLD_2_330,WI_1,11609,3.72
HOUSEHOLD_2_345,WI_1,11609,5.84
HOUSEHOLD_2_346,WI_1,11609,3.33
HOUSEHOLD_2_342,WI_1,11609,0.97
HOUSEHOLD_2_351,WI_1,11609,5.94
HOUSEHOLD_2_362,WI_1,11609,3.94
HOUSEHOLD_2_356,WI_1,11609,9.88
HOUSEHOLD_2_360,WI_1,11609,7.97
HOUSEHOLD_2_372,WI_1,11609,8.44
HOUSEHOLD_2_386,WI_1,11609,3.97
HOUSEHOLD_2_396,WI_1,11609,8.44
HOUSEHOLD_2_404,WI_1,11609,2.97
HOUSEHOLD_2_422,WI_1,11609,4.97
HOUSEHOLD_2_427,WI_1,11609,3.48
HOUSEHOLD_2_429,WI_1,11609,5.94
HOUSEHOLD_2_426,WI_1,11609,4.37
HOUSEHOLD_2_436,WI_1,11609,1.97
HOUSEHOLD_2_444,WI_1,11609,6.47
HOUSEHOLD_2_445,WI_1,11609,5.97
HOUSEHOLD_2_464,WI_1,11609,2.88
HOUSEHOLD_2_480,WI_1,11609,5.24
HOUSEHOLD_2_481,WI_1,11609,7.97
HOUSEHOLD_2_501,WI_1,11609,7.97
HOUSEHOLD_2_496,WI_1,11609,1.48
HOUSEHOLD_2_498,WI_1,11609,2.96
HOUSEHOLD_2_514,WI_1,11609,19.54
HOUSEHOLD_2_516,WI_1,11609,5.94
FOODS_1_008,WI_1,11609,3.54
FOODS_1_015,WI_1,11609,3.48
FOODS_1_014,WI_1,11609,0.98
FOODS_1_034,WI_1,11609,6.72
FOODS_1_050,WI_1,11609,5.98
FOODS_1_051,WI_1,11609,3.87
FOODS_1_059,WI_1,11609,6.32
FOODS_1_070,WI_1,11609,0.98
FOODS_1_085,WI_1,11609,0.98
FOODS_1_078,WI_1,11609,3.48
FOODS_1_101,WI_1,11609,2.0
FOODS_1_108,WI_1,11609,2.5
FOODS_1_116,WI_1,11609,2.68
FOODS_1_115,WI_1,11609,2.98
FOODS_1_141,WI_1,11609,3.54
FOODS_1_153,WI_1,11609,1.98
FOODS_1_149,WI_1,11609,0.98
FOODS_1_162,WI_1,11609,1.96
FOODS_1_160,WI_1,11609,2.24
FOODS_1_168,WI_1,11609,2.24
FOODS_1_179,WI_1,11609,3.58
FOODS_1_185,WI_1,11609,1.98
FOODS_1_197,WI_1,11609,5.28
FOODS_1_206,WI_1,11609,2.23
FOODS_1_209,WI_1,11609,2.24
FOODS_1_212,WI_1,11609,5.98
FOODS_1_219,WI_1,11609,2.24
FOODS_2_030,WI_1,11609,4.48
FOODS_2_023,WI_1,11609,1.28
FOODS_2_041,WI_1,11609,3.97
FOODS_2_037,WI_1,11609,7.98
FOODS_2_040,WI_1,11609,2.5
FOODS_2_033,WI_1,11609,2.38
FOODS_2_043,WI_1,11609,2.5
FOODS_2_051,WI_1,11609,2.5
FOODS_2_045,WI_1,11609,6.98
FOODS_2_048,WI_1,11609,7.98
FOODS_2_058,WI_1,11609,4.97
FOODS_2_059,WI_1,11609,5.98
FOODS_2_079,WI_1,11609,3.94
FOODS_2_099,WI_1,11609,2.0
FOODS_2_095,WI_1,11609,4.42
FOODS_2_091,WI_1,11609,2.5
FOODS_2_097,WI_1,11609,6.98
FOODS_2_103,WI_1,11609,6.98
FOODS_2_123,WI_1,11609,2.97
FOODS_2_134,WI_1,11609,2.98
FOODS_2_124,WI_1,11609,2.98
FOODS_2_125,WI_1,11609,2.67
FOODS_2_136,WI_1,11609,3.37
FOODS_2_143,WI_1,11609,4.33
FOODS_2_146,WI_1,11609,2.0
FOODS_2_148,WI_1,11609,2.5
FOODS_2_151,WI_1,11609,1.87
FOODS_2_167,WI_1,11609,2.5
FOODS_2_165,WI_1,11609,3.78
FOODS_2_168,WI_1,11609,3.98
FOODS_2_185,WI_1,11609,2.0
FOODS_2_194,WI_1,11609,6.72
FOODS_2_198,WI_1,11609,8.98
FOODS_2_212,WI_1,11609,4.88
FOODS_2_204,WI_1,11609,1.0
FOODS_2_209,WI_1,11609,5.97
FOODS_2_206,WI_1,11609,9.98
FOODS_2_213,WI_1,11609,3.78
FOODS_2_224,WI_1,11609,5.98
FOODS_2_242,WI_1,11609,2.5
FOODS_2_238,WI_1,11609,1.58
FOODS_2_239,WI_1,11609,13.98
FOODS_2_254,WI_1,11609,5.92
FOODS_2_252,WI_1,11609,3.78
FOODS_2_271,WI_1,11609,10.98
FOODS_2_276,WI_1,11609,3.42
FOODS_2_275,WI_1,11609,2.48
FOODS_2_278,WI_1,11609,2.5
FOODS_2_306,WI_1,11609,3.98
FOODS_2_314,WI_1,11609,4.97
FOODS_2_312,WI_1,11609,4.98
FOODS_2_316,WI_1,11609,9.98
FOODS_2_324,WI_1,11609,2.5
FOODS_2_334,WI_1,11609,9.98
FOODS_2_340,WI_1,11609,2.98
FOODS_2_344,WI_1,11609,2.5
FOODS_2_341,WI_1,11609,2.5
FOODS_2_360,WI_1,11609,0.94
FOODS_2_357,WI_1,11609,1.78
FOODS_2_372,WI_1,11609,8.98
FOODS_2_373,WI_1,11609,5.98
FOODS_2_375,WI_1,11609,4.98
FOODS_2_382,WI_1,11609,3.88
FOODS_2_374,WI_1,11609,2.0
FOODS_3_007,WI_1,11609,0.25
FOODS_3_008,WI_1,11609,0.74
FOODS_3_004,WI_1,11609,5.98
FOODS_3_027,WI_1,11609,2.0
FOODS_3_041,WI_1,11609,2.98
FOODS_3_049,WI_1,11609,4.74
FOODS_3_040,WI_1,11609,2.56
FOODS_3_056,WI_1,11609,1.74
FOODS_3_057,WI_1,11609,2.98
FOODS_3_055,WI_1,11609,2.98
FOODS_3_060,WI_1,11609,2.98
FOODS_3_053,WI_1,11609,3.98
FOODS_3_068,WI_1,11609,1.98
FOODS_3_062,WI_1,11609,2.94
FOODS_3_077,WI_1,11609,2.88
FOODS_3_093,WI_1,11609,1.88
FOODS_3_104,WI_1,11609,2.98
FOODS_3_128,WI_1,11609,2.98
FOODS_3_122,WI_1,11609,2.5
FOODS_3_143,WI_1,11609,2.56
FOODS_3_153,WI_1,11609,1.74
FOODS_3_179,WI_1,11609,4.98
FOODS_3_176,WI_1,11609,1.64
FOODS_3_183,WI_1,11609,3.0
FOODS_3_185,WI_1,11609,2.48
FOODS_3_180,WI_1,11609,2.98
FOODS_3_191,WI_1,11609,1.0
FOODS_3_195,WI_1,11609,2.68
FOODS_3_203,WI_1,11609,4.98
FOODS_3_205,WI_1,11609,1.28
FOODS_3_221,WI_1,11609,4.98
FOODS_3_228,WI_1,11609,1.68
FOODS_3_231,WI_1,11609,5.44
FOODS_3_234,WI_1,11609,0.25
FOODS_3_241,WI_1,11609,2.98
FOODS_3_240,WI_1,11609,1.0
FOODS_3_237,WI_1,11609,1.0
FOODS_3_245,WI_1,11609,2.48
FOODS_3_255,WI_1,11609,3.98
FOODS_3_283,WI_1,11609,2.98
FOODS_3_282,WI_1,11609,2.56
FOODS_3_291,WI_1,11609,2.78
FOODS_3_292,WI_1,11609,3.56
FOODS_3_284,WI_1,11609,1.98
FOODS_3_295,WI_1,11609,0.8
FOODS_3_307,WI_1,11609,3.98
FOODS_3_325,WI_1,11609,2.56
FOODS_3_336,WI_1,11609,2.48
FOODS_3_330,WI_1,11609,3.98
FOODS_3_338,WI_1,11609,3.68
FOODS_3_345,WI_1,11609,2.48
FOODS_3_347,WI_1,11609,1.88
FOODS_3_343,WI_1,11609,3.54
FOODS_3_340,WI_1,11609,3.32
FOODS_3_365,WI_1,11609,5.24
FOODS_3_364,WI_1,11609,2.78
FOODS_3_371,WI_1,11609,2.5
FOODS_3_392,WI_1,11609,3.98
HOUSEHOLD_2_223,WI_3,11609,14.97
HOUSEHOLD_2_229,WI_3,11609,4.78
HOUSEHOLD_2_235,WI_3,11609,7.47
HOUSEHOLD_2_233,WI_3,11609,12.47
HOUSEHOLD_2_248,WI_3,11609,8.97
HOUSEHOLD_2_259,WI_3,11609,7.97
HOUSEHOLD_2_261,WI_3,11609,6.96
HOUSEHOLD_2_266,WI_3,11609,2.97
HOUSEHOLD_2_263,WI_3,11609,5.47
HOUSEHOLD_2_273,WI_3,11609,5.24
HOUSEHOLD_2_275,WI_3,11609,5.27
HOUSEHOLD_2_288,WI_3,11609,3.97
HOUSEHOLD_2_293,WI_3,11609,7.47
HOUSEHOLD_2_296,WI_3,11609,4.78
HOUSEHOLD_2_303,WI_3,11609,6.94
HOUSEHOLD_2_308,WI_3,11609,3.94
HOUSEHOLD_2_309,WI_3,11609,2.46
HOUSEHOLD_2_347,WI_3,11609,8.94
HOUSEHOLD_2_350,WI_3,11609,2.94
HOUSEHOLD_2_354,WI_3,11609,0.97
HOUSEHOLD_2_353,WI_3,11609,4.78
HOUSEHOLD_2_358,WI_3,11609,4.97
HOUSEHOLD_2_359,WI_3,11609,9.94
HOUSEHOLD_2_380,WI_3,11609,5.27
HOUSEHOLD_2_384,WI_3,11609,5.84
HOUSEHOLD_2_381,WI_3,11609,5.94
HOUSEHOLD_2_388,WI_3,11609,6.94
HOUSEHOLD_2_393,WI_3,11609,5.88
HOUSEHOLD_2_409,WI_3,11609,3.93
HOUSEHOLD_2_416,WI_3,11609,3.24
HOUSEHOLD_2_433,WI_3,11609,6.27
HOUSEHOLD_2_446,WI_3,11609,25.97
HOUSEHOLD_2_452,WI_3,11609,5.94
HOUSEHOLD_2_448,WI_3,11609,4.97
HOUSEHOLD_2_469,WI_3,11609,2.97
HOUSEHOLD_2_472,WI_3,11609,8.48
HOUSEHOLD_2_477,WI_3,11609,5.74
HOUSEHOLD_2_510,WI_3,11609,3.93
FOODS_1_001,WI_3,11609,2.24
FOODS_1_010,WI_3,11609,6.77
FOODS_1_037,WI_3,11609,3.48
FOODS_1_044,WI_3,11609,2.48
FOODS_1_045,WI_3,11609,1.78
FOODS_1_052,WI_3,11609,0.98
FOODS_1_064,WI_3,11609,2.68
FOODS_1_065,WI_3,11609,3.54
FOODS_1_075,WI_3,11609,3.54
FOODS_1_090,WI_3,11609,3.54
FOODS_1_087,WI_3,11609,7.27
FOODS_1_121,WI_3,11609,1.5
FOODS_1_129,WI_3,11609,7.23
FOODS_1_131,WI_3,11609,2.98
FOODS_1_144,WI_3,11609,6.98
FOODS_1_154,WI_3,11609,1.5
FOODS_1_172,WI_3,11609,1.98
FOODS_1_166,WI_3,11609,2.24
FOODS_1_174,WI_3,11609,5.28
FOODS_1_180,WI_3,11609,9.97
FOODS_1_198,WI_3,11609,2.68
FOODS_1_199,WI_3,11609,7.27
FOODS_1_217,WI_3,11609,3.54
FOODS_2_017,WI_3,11609,3.76
FOODS_2_025,WI_3,11609,3.94
FOODS_2_029,WI_3,11609,9.98
FOODS_2_055,WI_3,11609,2.5
FOODS_2_050,WI_3,11609,1.0
FOODS_2_060,WI_3,11609,7.98
FOODS_2_066,WI_3,11609,5.98
FOODS_2_073,WI_3,11609,5.98
FOODS_2_078,WI_3,11609,9.97
FOODS_2_096,WI_3,11609,7.98
FOODS_2_108,WI_3,11609,3.44
FOODS_2_112,WI_3,11609,3.42
FOODS_2_121,WI_3,11609,1.58
FOODS_2_131,WI_3,11609,5.98
FOODS_2_138,WI_3,11609,1.84
FOODS_2_139,WI_3,11609,2.98
FOODS_2_132,WI_3,11609,2.5
FOODS_2_141,WI_3,11609,6.98
FOODS_2_140,WI_3,11609,9.98
FOODS_2_147,WI_3,11609,3.76
FOODS_2_152,WI_3,11609,2.42
FOODS_2_155,WI_3,11609,2.5
FOODS_2_173,WI_3,11609,8.98
FOODS_2_186,WI_3,11609,4.98
FOODS_2_202,WI_3,11609,2.98
FOODS_2_218,WI_3,11609,3.94
FOODS_2_225,WI_3,11609,2.5
FOODS_2_231,WI_3,11609,2.5
FOODS_2_232,WI_3,11609,2.56
FOODS_2_241,WI_3,11609,2.38
FOODS_2_248,WI_3,11609,5.98
FOODS_2_264,WI_3,11609,3.97
FOODS_2_269,WI_3,11609,2.5
FOODS_2_266,WI_3,11609,8.92
FOODS_2_265,WI_3,11609,3.76
FOODS_2_313,WI_3,11609,9.88
FOODS_2_310,WI_3,11609,3.78
FOODS_2_319,WI_3,11609,2.82
FOODS_2_331,WI_3,11609,2.5
FOODS_2_343,WI_3,11609,3.97
FOODS_2_345,WI_3,11609,7.98
FOODS_2_353,WI_3,11609,2.98
FOODS_2_365,WI_3,11609,10.97
FOODS_2_377,WI_3,11609,2.5
FOODS_2_386,WI_3,11609,2.5
FOODS_2_389,WI_3,11609,13.97
FOODS_3_003,WI_3,11609,3.64
FOODS_3_022,WI_3,11609,1.98
FOODS_3_037,WI_3,11609,2.56
FOODS_3_063,WI_3,11609,2.48
FOODS_3_067,WI_3,11609,3.98
FOODS_3_076,WI_3,11609,1.0
FOODS_3_073,WI_3,11609,2.88
FOODS_3_084,WI_3,11609,1.98
FOODS_3_094,WI_3,11609,2.98
FOODS_3_099,WI_3,11609,2.56
FOODS_3_107,WI_3,11609,2.48
FOODS_3_108,WI_3,11609,1.0
FOODS_3_110,WI_3,11609,11.98
FOODS_3_123,WI_3,11609,2.68
FOODS_3_132,WI_3,11609,2.68
FOODS_3_147,WI_3,11609,2.98
FOODS_3_178,WI_3,11609,1.98
FOODS_3_187,WI_3,11609,2.5
FOODS_3_190,WI_3,11609,1.0
FOODS_3_199,WI_3,11609,2.56
FOODS_3_209,WI_3,11609,3.98
FOODS_3_226,WI_3,11609,1.68
FOODS_3_227,WI_3,11609,2.68
FOODS_3_223,WI_3,11609,1.98
FOODS_3_229,WI_3,11609,3.78
FOODS_3_243,WI_3,11609,1.58
FOODS_3_256,WI_3,11609,2.58
FOODS_3_250,WI_3,11609,3.98
FOODS_3_254,WI_3,11609,1.74
FOODS_3_266,WI_3,11609,3.48
FOODS_3_263,WI_3,11609,2.5
FOODS_3_260,WI_3,11609,1.97
FOODS_3_214,TX_2,11609,0.94
FOODS_3_215,TX_2,11609,1.18
FOODS_3_222,TX_2,11609,4.54
FOODS_3_232,TX_2,11609,3.0
FOODS_3_238,TX_2,11609,3.27
FOODS_3_236,TX_2,11609,2.56
FOODS_3_257,TX_2,11609,3.98
FOODS_3_261,TX_2,11609,3.98
FOODS_3_259,TX_2,11609,1.78
FOODS_3_269,TX_2,11609,2.98
FOODS_3_281,TX_2,11609,1.25
FOODS_3_289,TX_2,11609,2.98
FOODS_3_293,TX_2,11609,1.98
FOODS_3_309,TX_2,11609,1.98
FOODS_3_306,TX_2,11609,1.58
FOODS_3_315,TX_2,11609,1.74
FOODS_3_320,TX_2,11609,1.98
FOODS_3_335,TX_2,11609,2.48
FOODS_3_346,TX_2,11609,1.98
FOODS_3_351,TX_2,11609,0.94
FOODS_3_362,TX_2,11609,2.56
FOODS_3_358,TX_2,11609,2.88
FOODS_3_354,TX_2,11609,2.98
FOODS_3_387,TX_2,11609,2.68
FOODS_3_388,TX_2,11609,3.98
FOODS_3_384,TX_2,11609,2.98
FOODS_3_404,TX_2,11609,0.94
FOODS_3_408,TX_2,11609,2.98
FOODS_3_418,TX_2,11609,3.98
FOODS_3_426,TX_2,11609,2.98
FOODS_3_429,TX_2,11609,5.98
FOODS_3_442,TX_2,11609,2.48
FOODS_3_455,TX_2,11609,2.48
FOODS_3_477,TX_2,11609,1.68
FOODS_3_471,TX_2,11609,2.5
HOUSEHOLD_1_236,WI_2,11609,2.47
HOUSEHOLD_1_233,WI_2,11609,11.52
HOUSEHOLD_1_252,WI_2,11609,9.47
HOUSEHOLD_1_248,WI_2,11609,8.97
HOUSEHOLD_1_246,WI_2,11609,3.98
HOUSEHOLD_1_257,WI_2,11609,5.24
HOUSEHOLD_1_266,WI_2,11609,1.0
HOUSEHOLD_1_291,WI_2,11609,3.72
HOUSEHOLD_1_294,WI_2,11609,2.27
HOUSEHOLD_1_300,WI_2,11609,4.88
HOUSEHOLD_1_304,WI_2,11609,2.36
HOUSEHOLD_1_306,WI_2,11609,1.97
HOUSEHOLD_1_324,WI_2,11609,5.97
HOUSEHOLD_1_327,WI_2,11609,0.98
HOUSEHOLD_1_341,WI_2,11609,4.88
HOUSEHOLD_1_347,WI_2,11609,7.97
HOUSEHOLD_1_353,WI_2,11609,3.44
HOUSEHOLD_1_374,WI_2,11609,3.97
HOUSEHOLD_1_386,WI_2,11609,2.96
HOUSEHOLD_1_385,WI_2,11609,1.97
HOUSEHOLD_1_380,WI_2,11609,4.57
HOUSEHOLD_1_384,WI_2,11609,4.84
HOUSEHOLD_1_414,WI_2,11609,0.98
HOUSEHOLD_1_420,WI_2,11609,6.42
HOUSEHOLD_1_430,WI_2,11609,0.98
HOUSEHOLD_1_438,WI_2,11609,7.33
HOUSEHOLD_1_451,WI_2,11609,6.98
HOUSEHOLD_1_465,WI_2,11609,0.97
HOUSEHOLD_1_477,WI_2,11609,13.48
HOUSEHOLD_1_483,WI_2,11609,4.54
HOUSEHOLD_1_499,WI_2,11609,3.88
HOUSEHOLD_1_494,WI_2,11609,7.97
HOUSEHOLD_1_505,WI_2,11609,2.47
HOUSEHOLD_1_514,WI_2,11609,3.97
HOUSEHOLD_1_540,WI_2,11609,1.88
HOUSEHOLD_2_014,WI_2,11609,5.97
HOUSEHOLD_2_019,WI_2,11609,9.47
HOUSEHOLD_2_020,WI_2,11609,8.47
HOUSEHOLD_2_033,WI_2,11609,6.97
HOUSEHOLD_2_054,WI_2,11609,4.87
HOUSEHOLD_2_055,WI_2,11609,8.97
HOUSEHOLD_2_065,WI_2,11609,5.47
HOUSEHOLD_2_087,WI_2,11609,7.94
HOUSEHOLD_2_085,WI_2,11609,7.94
HOUSEHOLD_2_081,WI_2,11609,2.57
HOUSEHOLD_2_094,WI_2,11609,5.94
HOUSEHOLD_2_098,WI_2,11609,3.47
HOUSEHOLD_2_104,WI_2,11609,4.97
HOUSEHOLD_2_102,WI_2,11609,2.48
HOUSEHOLD_2_115,WI_2,11609,3.87
HOUSEHOLD_2_122,WI_2,11609,6.96
HOUSEHOLD_2_148,WI_2,11609,5.94
HOUSEHOLD_2_162,WI_2,11609,3.97
HOUSEHOLD_2_182,WI_2,11609,6.98
HOUSEHOLD_2_186,WI_2,11609,9.98
HOUSEHOLD_2_189,WI_2,11609,14.48
HOUSEHOLD_2_188,WI_2,11609,7.24
HOUSEHOLD_2_194,WI_2,11609,6.27
HOUSEHOLD_2_224,WI_2,11609,3.97
HOUSEHOLD_2_242,WI_2,11609,12.97
HOUSEHOLD_2_240,WI_2,11609,4.97
HOUSEHOLD_2_250,WI_2,11609,6.96
HOUSEHOLD_2_267,WI_2,11609,1.98
HOUSEHOLD_2_274,WI_2,11609,6.78
HOUSEHOLD_2_283,WI_2,11609,5.84
HOUSEHOLD_2_322,WI_2,11609,2.22
HOUSEHOLD_2_325,WI_2,11609,3.82
HOUSEHOLD_2_332,WI_2,11609,6.77
HOUSEHOLD_2_341,WI_2,11609,5.32
HOUSEHOLD_2_348,WI_2,11609,7.44
HOUSEHOLD_2_368,WI_2,11609,5.48
HOUSEHOLD_2_369,WI_2,11609,6.47
HOUSEHOLD_2_378,WI_2,11609,6.98
HOUSEHOLD_2_379,WI_2,11609,4.44
HOUSEHOLD_2_395,WI_2,11609,3.67
HOUSEHOLD_2_401,WI_2,11609,3.33
HOUSEHOLD_2_410,WI_2,11609,1.38
HOUSEHOLD_2_414,WI_2,11609,5.74
HOUSEHOLD_2_423,WI_2,11609,3.87
HOUSEHOLD_2_449,WI_2,11609,5.64
HOUSEHOLD_2_456,WI_2,11609,8.86
HOUSEHOLD_2_457,WI_2,11609,6.47
HOUSEHOLD_2_460,WI_2,11609,5.94
HOUSEHOLD_2_465,WI_2,11609,7.24
HOUSEHOLD_2_473,WI_2,11609,7.97
HOUSEHOLD_2_475,WI_2,11609,4.96
HOUSEHOLD_2_478,WI_2,11609,4.94
HOUSEHOLD_2_476,WI_2,11609,3.97
HOUSEHOLD_2_484,WI_2,11609,6.97
HOUSEHOLD_2_494,WI_2,11609,5.94
HOUSEHOLD_2_509,WI_2,11609,8.97
FOODS_1_006,WI_2,11609,2.48
FOODS_1_011,WI_2,11609,2.68
FOODS_1_009,WI_2,11609,2.24
FOODS_1_019,WI_2,11609,0.88
FOODS_1_025,WI_2,11609,4.27
FOODS_1_036,WI_2,11609,1.78
FOODS_1_049,WI_2,11609,2.24
FOODS_1_053,WI_2,11609,6.72
FOODS_1_062,WI_2,11609,4.27
FOODS_1_058,WI_2,11609,1.96
FOODS_1_066,WI_2,11609,1.36
FOODS_1_073,WI_2,11609,2.12
FOODS_1_074,WI_2,11609,2.24
FOODS_1_071,WI_2,11609,2.0
FOODS_1_080,WI_2,11609,7.58
FOODS_1_081,WI_2,11609,7.27
FOODS_1_096,WI_2,11609,7.23
FOODS_1_098,WI_2,11609,6.1
FOODS_1_106,WI_2,11609,3.54
FOODS_1_114,WI_2,11609,3.54
FOODS_1_110,WI_2,11609,1.96
FOODS_1_109,WI_2,11609,2.24
FOODS_1_137,WI_2,11609,2.0
FOODS_1_155,WI_2,11609,0.98
FOODS_1_157,WI_2,11609,6.47
FOODS_1_163,WI_2,11609,0.98
FOODS_1_188,WI_2,11609,2.98
FOODS_1_191,WI_2,11609,6.77
FOODS_1_190,WI_2,11609,0.98
FOODS_1_202,WI_2,11609,0.98
FOODS_1_207,WI_2,11609,3.32
FOODS_1_213,WI_2,11609,2.24
FOODS_1_214,WI_2,11609,3.14
FOODS_2_002,WI_2,11609,1.87
FOODS_2_014,WI_2,11609,2.96
FOODS_2_007,WI_2,11609,2.98
FOODS_2_021,WI_2,11609,0.94
FOODS_2_019,WI_2,11609,3.42
FOODS_2_026,WI_2,11609,2.48
FOODS_2_031,WI_2,11609,1.87
FOODS_2_087,WI_2,11609,10.97
FOODS_2_094,WI_2,11609,1.28
FOODS_2_100,WI_2,11609,2.5
HOBBIES_2_076,CA_2,11609,2.88
HOBBIES_2_090,CA_2,11609,1.77
HOBBIES_2_098,CA_2,11609,0.88
HOBBIES_2_095,CA_2,11609,0.88
HOBBIES_2_129,CA_2,11609,0.23
HOBBIES_2_144,CA_2,11609,0.5
HOUSEHOLD_1_006,CA_2,11609,6.97
HOBBIES_2_149,CA_2,11609,0.97
HOUSEHOLD_1_018,CA_2,11609,9.97
HOUSEHOLD_1_023,CA_2,11609,8.97
HOUSEHOLD_1_030,CA_2,11609,4.94
HOUSEHOLD_1_038,CA_2,11609,5.22
HOUSEHOLD_1_040,CA_2,11609,4.94
HOUSEHOLD_1_044,CA_2,11609,17.97
HOUSEHOLD_1_043,CA_2,11609,2.97
HOUSEHOLD_1_055,CA_2,11609,3.88
HOUSEHOLD_1_070,CA_2,11609,3.93
HOUSEHOLD_1_071,CA_2,11609,2.36
HOUSEHOLD_1_076,CA_2,11609,4.88
HOUSEHOLD_1_095,CA_2,11609,5.97
HOUSEHOLD_1_103,CA_2,11609,4.94
HOUSEHOLD_1_110,CA_2,11609,3.97
HOUSEHOLD_1_126,CA_2,11609,8.96
HOUSEHOLD_1_132,CA_2,11609,1.97
HOUSEHOLD_1_134,CA_2,11609,4.23
HOUSEHOLD_1_189,CA_2,11609,5.88
HOUSEHOLD_1_190,CA_2,11609,4.94
HOUSEHOLD_1_196,CA_2,11609,1.97
HOUSEHOLD_1_203,CA_2,11609,4.94
HOUSEHOLD_1_207,CA_2,11609,7.97
HOUSEHOLD_1_213,CA_2,11609,4.48
HOUSEHOLD_1_209,CA_2,11609,3.47
HOUSEHOLD_1_219,CA_2,11609,6.48
HOUSEHOLD_1_217,CA_2,11609,1.83
HOUSEHOLD_1_216,CA_2,11609,11.97
HOUSEHOLD_1_230,CA_2,11609,3.28
HOUSEHOLD_1_225,CA_2,11609,1.88
HOUSEHOLD_1_226,CA_2,11609,2.88
HOUSEHOLD_1_237,CA_2,11609,5.88
HOUSEHOLD_1_249,CA_2,11609,7.97
HOUSEHOLD_1_253,CA_2,11609,3.47
HOUSEHOLD_1_264,CA_2,11609,7.47
HOUSEHOLD_1_285,CA_2,11609,2.76
HOUSEHOLD_1_283,CA_2,11609,1.48
HOUSEHOLD_1_286,CA_2,11609,4.93
HOUSEHOLD_1_305,CA_2,11609,2.97
HOUSEHOLD_1_298,CA_2,11609,3.72
HOUSEHOLD_1_308,CA_2,11609,6.94
HOUSEHOLD_1_314,CA_2,11609,7.98
HOUSEHOLD_1_323,CA_2,11609,5.24
HOUSEHOLD_1_322,CA_2,11609,2.97
HOUSEHOLD_1_332,CA_2,11609,9.74
HOUSEHOLD_1_354,CA_2,11609,1.93
HOUSEHOLD_1_361,CA_2,11609,1.88
HOUSEHOLD_1_363,CA_2,11609,2.97
HOUSEHOLD_1_367,CA_2,11609,3.97
HOUSEHOLD_1_366,CA_2,11609,5.96
HOUSEHOLD_1_375,CA_2,11609,7.97
HOUSEHOLD_1_387,CA_2,11609,2.88
HOUSEHOLD_1_388,CA_2,11609,2.97
HOUSEHOLD_1_406,CA_2,11609,4.97
HOUSEHOLD_1_417,CA_2,11609,5.48
HOUSEHOLD_1_429,CA_2,11609,2.88
HOUSEHOLD_1_437,CA_2,11609,2.96
HOUSEHOLD_1_457,CA_2,11609,10.47
HOUSEHOLD_1_464,CA_2,11609,9.47
HOUSEHOLD_1_472,CA_2,11609,4.82
HOUSEHOLD_1_482,CA_2,11609,2.96
HOUSEHOLD_1_491,CA_2,11609,6.42
HOUSEHOLD_1_523,CA_2,11609,20.53
HOUSEHOLD_1_526,CA_2,11609,4.94
HOUSEHOLD_1_535,CA_2,11609,6.97
HOUSEHOLD_1_532,CA_2,11609,2.48
HOUSEHOLD_1_541,CA_2,11609,6.97
HOUSEHOLD_2_002,CA_2,11609,2.67
HOUSEHOLD_2_006,CA_2,11609,3.44
HOUSEHOLD_2_008,CA_2,11609,2.46
HOUSEHOLD_2_011,CA_2,11609,5.62
HOUSEHOLD_2_034,CA_2,11609,11.78
HOUSEHOLD_2_037,CA_2,11609,11.84
HOUSEHOLD_2_031,CA_2,11609,5.94
HOUSEHOLD_2_045,CA_2,11609,8.64
HOUSEHOLD_2_044,CA_2,11609,3.48
HOUSEHOLD_2_047,CA_2,11609,3.67
HOUSEHOLD_2_048,CA_2,11609,3.94
HOUSEHOLD_2_064,CA_2,11609,3.87
HOUSEHOLD_2_088,CA_2,11609,6.97
HOUSEHOLD_2_086,CA_2,11609,3.97
HOUSEHOLD_2_092,CA_2,11609,5.94
HOUSEHOLD_2_093,CA_2,11609,3.24
HOUSEHOLD_2_111,CA_2,11609,6.44
HOUSEHOLD_2_113,CA_2,11609,1.88
HOUSEHOLD_2_118,CA_2,11609,3.42
HOUSEHOLD_2_128,CA_2,11609,5.94
HOUSEHOLD_2_131,CA_2,11609,11.97
HOUSEHOLD_2_134,CA_2,11609,5.94
HOUSEHOLD_2_129,CA_2,11609,5.73
HOUSEHOLD_2_142,CA_2,11609,1.97
HOUSEHOLD_2_146,CA_2,11609,6.47
HOUSEHOLD_2_168,CA_2,11609,6.94
HOUSEHOLD_2_169,CA_2,11609,5.84
HOUSEHOLD_2_167,CA_2,11609,2.88
HOUSEHOLD_2_191,CA_2,11609,5.44
HOUSEHOLD_2_193,CA_2,11609,4.94
HOUSEHOLD_2_197,CA_2,11609,3.97
HOUSEHOLD_2_201,CA_2,11609,6.54
HOUSEHOLD_2_205,CA_2,11609,5.84
HOUSEHOLD_2_221,CA_2,11609,2.77
HOUSEHOLD_2_234,CA_2,11609,5.73
HOUSEHOLD_2_247,CA_2,11609,3.97
HOUSEHOLD_2_255,CA_2,11609,9.97
HOUSEHOLD_2_268,CA_2,11609,5.47
HOUSEHOLD_2_272,CA_2,11609,5.47
HOUSEHOLD_2_282,CA_2,11609,5.84
HOUSEHOLD_2_286,CA_2,11609,2.14
HOUSEHOLD_2_290,CA_2,11609,6.24
HOUSEHOLD_2_307,CA_2,11609,5.98
HOUSEHOLD_2_319,CA_2,11609,1.98
HOUSEHOLD_2_331,CA_2,11609,3.97
HOUSEHOLD_2_340,CA_2,11609,4.98
HOUSEHOLD_2_335,CA_2,11609,6.24
HOUSEHOLD_2_344,CA_2,11609,5.92
HOUSEHOLD_2_355,CA_2,11609,11.67
HOUSEHOLD_2_366,CA_2,11609,4.17
HOUSEHOLD_2_367,CA_2,11609,7.47
HOUSEHOLD_2_371,CA_2,11609,0.78
HOUSEHOLD_2_377,CA_2,11609,4.97
HOUSEHOLD_2_382,CA_2,11609,3.48
HOUSEHOLD_2_385,CA_2,11609,7.47
HOUSEHOLD_2_398,CA_2,11609,7.97
HOUSEHOLD_2_400,CA_2,11609,3.88
HOUSEHOLD_2_412,CA_2,11609,5.94
HOUSEHOLD_2_421,CA_2,11609,4.97
HOUSEHOLD_2_424,CA_2,11609,2.88
HOUSEHOLD_2_431,CA_2,11609,9.47
HOUSEHOLD_2_435,CA_2,11609,5.97
HOUSEHOLD_2_432,CA_2,11609,5.47
HOUSEHOLD_2_439,CA_2,11609,5.84
HOUSEHOLD_2_443,CA_2,11609,4.66
HOUSEHOLD_2_453,CA_2,11609,6.47
HOUSEHOLD_2_470,CA_2,11609,0.88
HOUSEHOLD_2_463,CA_2,11609,5.47
HOUSEHOLD_2_482,CA_2,11609,5.73
HOBBIES_1_391,TX_2,11609,3.88
HOBBIES_1_423,TX_2,11609,7.78
HOBBIES_2_035,TX_2,11609,4.47
HOBBIES_2_046,TX_2,11609,2.97
HOBBIES_2_041,TX_2,11609,1.97
HOBBIES_2_061,TX_2,11609,1.97
HOBBIES_2_075,TX_2,11609,2.88
HOBBIES_2_081,TX_2,11609,1.97
HOBBIES_2_097,TX_2,11609,1.97
HOBBIES_2_103,TX_2,11609,2.5
HOBBIES_2_104,TX_2,11609,2.97
HOBBIES_2_106,TX_2,11609,0.97
HOBBIES_2_109,TX_2,11609,0.97
HOBBIES_2_116,TX_2,11609,2.97
HOBBIES_2_125,TX_2,11609,0.97
HOBBIES_2_126,TX_2,11609,0.5
HOBBIES_2_142,TX_2,11609,0.23
HOUSEHOLD_1_001,TX_2,11609,5.97
HOUSEHOLD_1_016,TX_2,11609,4.87
HOUSEHOLD_1_012,TX_2,11609,3.92
HOUSEHOLD_1_014,TX_2,11609,17.97
HOUSEHOLD_1_026,TX_2,11609,2.97
HOUSEHOLD_1_034,TX_2,11609,3.93
HOUSEHOLD_1_029,TX_2,11609,6.94
HOUSEHOLD_1_039,TX_2,11609,2.97
HOUSEHOLD_1_056,TX_2,11609,11.97
HOUSEHOLD_1_063,TX_2,11609,9.97
HOUSEHOLD_1_064,TX_2,11609,5.78
HOUSEHOLD_1_067,TX_2,11609,3.97
HOUSEHOLD_1_097,TX_2,11609,3.97
HOUSEHOLD_1_101,TX_2,11609,2.37
HOUSEHOLD_1_093,TX_2,11609,3.94
HOUSEHOLD_1_104,TX_2,11609,2.97
HOUSEHOLD_1_118,TX_2,11609,0.97
HOUSEHOLD_1_135,TX_2,11609,1.48
HOUSEHOLD_1_147,TX_2,11609,0.96
HOUSEHOLD_1_165,TX_2,11609,17.97
HOUSEHOLD_1_167,TX_2,11609,2.74
HOUSEHOLD_1_198,TX_2,11609,0.97
HOUSEHOLD_1_195,TX_2,11609,3.88
HOUSEHOLD_1_206,TX_2,11609,4.92
HOUSEHOLD_1_222,TX_2,11609,9.97
HOUSEHOLD_1_227,TX_2,11609,2.73
HOUSEHOLD_1_241,TX_2,11609,7.94
HOUSEHOLD_1_247,TX_2,11609,0.97
HOUSEHOLD_1_251,TX_2,11609,1.98
HOUSEHOLD_1_245,TX_2,11609,2.67
HOUSEHOLD_1_259,TX_2,11609,7.48
HOUSEHOLD_1_278,TX_2,11609,5.97
HOUSEHOLD_1_275,TX_2,11609,2.97
HOUSEHOLD_1_276,TX_2,11609,17.97
HOUSEHOLD_1_287,TX_2,11609,4.63
HOUSEHOLD_1_290,TX_2,11609,9.84
HOUSEHOLD_1_313,TX_2,11609,3.97
HOUSEHOLD_1_359,TX_2,11609,6.88
HOUSEHOLD_1_369,TX_2,11609,3.72
HOUSEHOLD_1_389,TX_2,11609,0.94
HOUSEHOLD_1_397,TX_2,11609,2.78
HOUSEHOLD_1_394,TX_2,11609,4.88
HOUSEHOLD_1_422,TX_2,11609,3.62
HOUSEHOLD_1_434,TX_2,11609,3.97
HOUSEHOLD_1_436,TX_2,11609,9.97
HOUSEHOLD_1_435,TX_2,11609,7.93
HOUSEHOLD_1_456,TX_2,11609,6.97
HOUSEHOLD_1_455,TX_2,11609,2.97
HOUSEHOLD_1_468,TX_2,11609,4.98
HOUSEHOLD_1_470,TX_2,11609,2.98
HOUSEHOLD_1_471,TX_2,11609,2.74
HOUSEHOLD_1_480,TX_2,11609,2.73
HOUSEHOLD_1_489,TX_2,11609,9.97
HOUSEHOLD_1_521,TX_2,11609,0.94
HOUSEHOLD_1_527,TX_2,11609,5.24
HOUSEHOLD_1_537,TX_2,11609,15.97
HOUSEHOLD_2_016,TX_2,11609,1.62
HOUSEHOLD_2_018,TX_2,11609,7.94
HOUSEHOLD_2_022,TX_2,11609,5.64
HOUSEHOLD_2_051,TX_2,11609,9.97
HOUSEHOLD_2_050,TX_2,11609,8.48
HOUSEHOLD_2_049,TX_2,11609,3.42
HOUSEHOLD_2_056,TX_2,11609,5.97
HOUSEHOLD_2_063,TX_2,11609,4.97
HOUSEHOLD_2_058,TX_2,11609,9.97
HOUSEHOLD_2_057,TX_2,11609,4.97
HOUSEHOLD_2_071,TX_2,11609,6.47
HOUSEHOLD_2_075,TX_2,11609,1.84
HOUSEHOLD_2_080,TX_2,11609,8.98
HOUSEHOLD_2_100,TX_2,11609,8.64
HOUSEHOLD_2_096,TX_2,11609,3.47
HOUSEHOLD_2_112,TX_2,11609,3.97
HOUSEHOLD_2_121,TX_2,11609,1.97
HOUSEHOLD_2_133,TX_2,11609,4.97
HOUSEHOLD_2_140,TX_2,11609,6.97
HOUSEHOLD_2_145,TX_2,11609,3.97
HOUSEHOLD_2_151,TX_2,11609,4.44
HOUSEHOLD_2_158,TX_2,11609,11.47
HOUSEHOLD_2_183,TX_2,11609,4.97
HOUSEHOLD_2_185,TX_2,11609,3.48
HOUSEHOLD_2_195,TX_2,11609,14.97
HOUSEHOLD_2_198,TX_2,11609,7.97
HOUSEHOLD_2_200,TX_2,11609,6.94
HOUSEHOLD_2_206,TX_2,11609,2.87
HOUSEHOLD_2_203,TX_2,11609,2.97
HOUSEHOLD_2_222,TX_2,11609,4.97
HOUSEHOLD_2_231,TX_2,11609,3.96
HOUSEHOLD_2_246,TX_2,11609,7.87
HOUSEHOLD_2_249,TX_2,11609,8.64
HOUSEHOLD_2_253,TX_2,11609,5.97
HOUSEHOLD_2_265,TX_2,11609,4.97
HOUSEHOLD_2_269,TX_2,11609,10.97
HOUSEHOLD_2_298,TX_2,11609,3.42
HOUSEHOLD_2_304,TX_2,11609,5.94
HOUSEHOLD_2_300,TX_2,11609,7.97
HOUSEHOLD_2_310,TX_2,11609,1.42
HOUSEHOLD_2_315,TX_2,11609,7.67
HOUSEHOLD_2_311,TX_2,11609,5.94
HOUSEHOLD_2_324,TX_2,11609,14.26
HOUSEHOLD_2_337,TX_2,11609,6.77
HOUSEHOLD_2_343,TX_2,11609,2.78
HOUSEHOLD_2_338,TX_2,11609,4.92
HOUSEHOLD_2_352,TX_2,11609,2.97
HOUSEHOLD_2_357,TX_2,11609,7.97
HOUSEHOLD_2_383,TX_2,11609,3.88
HOUSEHOLD_2_390,TX_2,11609,5.98
HOUSEHOLD_2_394,TX_2,11609,6.27
HOUSEHOLD_2_392,TX_2,11609,4.97
FOODS_2_107,WI_2,11609,2.0
FOODS_2_110,WI_2,11609,2.38
FOODS_2_122,WI_2,11609,4.93
FOODS_2_150,WI_2,11609,2.96
FOODS_2_158,WI_2,11609,1.28
FOODS_2_172,WI_2,11609,2.5
FOODS_2_176,WI_2,11609,2.98
FOODS_2_179,WI_2,11609,4.97
FOODS_2_192,WI_2,11609,1.97
FOODS_2_193,WI_2,11609,4.98
FOODS_2_191,WI_2,11609,8.98
FOODS_2_205,WI_2,11609,2.5
FOODS_2_203,WI_2,11609,3.62
FOODS_2_211,WI_2,11609,2.5
FOODS_2_228,WI_2,11609,4.93
FOODS_2_247,WI_2,11609,2.25
FOODS_2_245,WI_2,11609,2.98
FOODS_2_257,WI_2,11609,1.0
FOODS_2_253,WI_2,11609,7.82
FOODS_2_261,WI_2,11609,10.0
FOODS_2_263,WI_2,11609,6.48
FOODS_2_260,WI_2,11609,2.5
FOODS_2_280,WI_2,11609,3.97
FOODS_2_293,WI_2,11609,4.22
FOODS_2_290,WI_2,11609,2.5
FOODS_2_303,WI_2,11609,2.18
FOODS_2_317,WI_2,11609,13.97
FOODS_2_315,WI_2,11609,2.5
FOODS_2_311,WI_2,11609,2.96
FOODS_2_323,WI_2,11609,3.97
FOODS_2_329,WI_2,11609,3.76
FOODS_2_333,WI_2,11609,2.87
FOODS_2_332,WI_2,11609,3.67
FOODS_2_358,WI_2,11609,2.5
FOODS_2_356,WI_2,11609,2.5
FOODS_2_352,WI_2,11609,9.98
FOODS_2_354,WI_2,11609,5.08
FOODS_2_355,WI_2,11609,2.5
FOODS_2_364,WI_2,11609,2.74
FOODS_2_380,WI_2,11609,4.97
FOODS_2_394,WI_2,11609,2.97
FOODS_2_396,WI_2,11609,2.98
FOODS_3_015,WI_2,11609,1.78
FOODS_3_028,WI_2,11609,3.88
FOODS_3_035,WI_2,11609,3.98
FOODS_3_036,WI_2,11609,2.88
FOODS_3_051,WI_2,11609,1.98
FOODS_3_066,WI_2,11609,2.98
FOODS_3_064,WI_2,11609,1.18
FOODS_3_072,WI_2,11609,2.5
FOODS_3_121,WI_2,11609,2.98
FOODS_3_125,WI_2,11609,4.98
FOODS_3_136,WI_2,11609,4.44
FOODS_3_134,WI_2,11609,6.98
FOODS_3_140,WI_2,11609,3.0
FOODS_3_161,WI_2,11609,1.98
FOODS_3_155,WI_2,11609,1.98
FOODS_3_156,WI_2,11609,4.18
FOODS_3_169,WI_2,11609,3.98
FOODS_3_173,WI_2,11609,11.82
FOODS_3_218,WI_2,11609,2.0
FOODS_3_233,WI_2,11609,2.56
FOODS_3_248,WI_2,11609,1.98
FOODS_3_249,WI_2,11609,2.68
FOODS_3_247,WI_2,11609,4.94
FOODS_3_267,WI_2,11609,2.28
FOODS_3_272,WI_2,11609,9.98
FOODS_3_279,WI_2,11609,2.98
FOODS_3_274,WI_2,11609,1.5
FOODS_3_275,WI_2,11609,2.5
FOODS_3_277,WI_2,11609,1.78
FOODS_3_290,WI_2,11609,1.0
FOODS_3_298,WI_2,11609,18.73
FOODS_3_297,WI_2,11609,2.88
FOODS_3_304,WI_2,11609,4.48
FOODS_3_302,WI_2,11609,1.5
FOODS_3_326,WI_2,11609,1.48
FOODS_3_323,WI_2,11609,2.48
FOODS_3_328,WI_2,11609,3.88
FOODS_3_344,WI_2,11609,2.24
FOODS_3_348,WI_2,11609,0.8
FOODS_3_360,WI_2,11609,2.24
FOODS_3_375,WI_2,11609,1.74
FOODS_3_380,WI_2,11609,1.98
FOODS_3_383,WI_2,11609,1.25
FOODS_3_391,WI_2,11609,2.98
FOODS_3_398,WI_2,11609,5.62
FOODS_3_409,WI_2,11609,2.78
FOODS_3_417,WI_2,11609,4.54
FOODS_3_436,WI_2,11609,2.5
FOODS_3_460,WI_2,11609,1.98
FOODS_3_489,WI_2,11609,1.78
FOODS_3_498,WI_2,11609,0.25
FOODS_3_496,WI_2,11609,3.98
FOODS_3_501,WI_2,11609,0.8
FOODS_3_505,WI_2,11609,3.62
FOODS_3_509,WI_2,11609,1.98
FOODS_3_518,WI_2,11609,2.88
FOODS_3_523,WI_2,11609,1.98
FOODS_3_535,WI_2,11609,6.24
FOODS_3_557,WI_2,11609,2.5
FOODS_3_566,WI_2,11609,1.0
FOODS_3_561,WI_2,11609,2.98
FOODS_3_569,WI_2,11609,3.98
FOODS_3_575,WI_2,11609,6.72
FOODS_3_590,WI_2,11609,2.68
FOODS_3_611,WI_2,11609,2.48
FOODS_3_612,WI_2,11609,4.54
FOODS_3_622,WI_2,11609,2.58
FOODS_3_623,WI_2,11609,2.98
FOODS_3_619,WI_2,11609,2.98
FOODS_3_632,WI_2,11609,3.98
FOODS_3_644,WI_2,11609,1.68
FOODS_3_664,WI_2,11609,1.88
FOODS_3_674,WI_2,11609,2.98
FOODS_3_676,WI_2,11609,6.98
FOODS_3_679,WI_2,11609,3.88
FOODS_3_678,WI_2,11609,4.98
FOODS_3_707,WI_2,11609,1.28
FOODS_3_716,WI_2,11609,1.48
FOODS_3_713,WI_2,11609,3.48
FOODS_3_727,WI_2,11609,3.98
FOODS_3_732,WI_2,11609,2.18
FOODS_3_736,WI_2,11609,1.74
FOODS_3_729,WI_2,11609,3.98
FOODS_3_737,WI_2,11609,3.48
FOODS_3_741,WI_2,11609,1.35
FOODS_3_742,WI_2,11609,1.25
FOODS_3_752,WI_2,11609,0.25
FOODS_3_760,WI_2,11609,2.88
FOODS_3_769,WI_2,11609,1.25
FOODS_3_772,WI_2,11609,5.44
FOODS_3_768,WI_2,11609,1.78
FOODS_3_784,WI_2,11609,1.48
FOODS_3_779,WI_2,11609,2.48
FOODS_3_791,WI_2,11609,2.5
FOODS_3_799,WI_2,11609,2.18
FOODS_3_812,WI_2,11609,2.94
FOODS_3_806,WI_2,11609,2.56
HOBBIES_1_003,WI_3,11609,2.97
HOBBIES_1_009,WI_3,11609,1.77
HOBBIES_1_022,WI_3,11609,7.18
HOBBIES_1_064,WI_3,11609,12.97
HOBBIES_1_068,WI_3,11609,7.0
HOBBIES_1_086,WI_3,11609,8.26
HOBBIES_1_095,WI_3,11609,7.68
HOBBIES_1_109,WI_3,11609,6.12
HOBBIES_1_121,WI_3,11609,1.12
HOBBIES_1_126,WI_3,11609,9.58
HOBBIES_1_137,WI_3,11609,8.98
HOBBIES_1_139,WI_3,11609,2.74
HOBBIES_1_150,WI_3,11609,1.77
HOBBIES_1_153,WI_3,11609,6.38
HOBBIES_1_163,WI_3,11609,9.42
HOBBIES_1_162,WI_3,11609,3.98
HOBBIES_1_161,WI_3,11609,0.7
HOBBIES_1_169,WI_3,11609,0.57
HOBBIES_1_173,WI_3,11609,10.97
HOUSEHOLD_2_047,CA_1,11609,3.67
HOUSEHOLD_2_048,CA_1,11609,3.94
HOUSEHOLD_2_064,CA_1,11609,3.87
HOUSEHOLD_2_088,CA_1,11609,6.97
HOUSEHOLD_2_086,CA_1,11609,3.97
HOUSEHOLD_2_092,CA_1,11609,5.94
HOUSEHOLD_2_093,CA_1,11609,3.24
HOUSEHOLD_2_111,CA_1,11609,6.44
HOUSEHOLD_2_113,CA_1,11609,1.88
HOUSEHOLD_2_118,CA_1,11609,3.42
HOUSEHOLD_2_128,CA_1,11609,5.94
HOUSEHOLD_2_134,CA_1,11609,5.94
HOUSEHOLD_2_131,CA_1,11609,11.97
HOUSEHOLD_2_129,CA_1,11609,5.73
HOUSEHOLD_2_142,CA_1,11609,1.97
HOUSEHOLD_2_146,CA_1,11609,6.47
HOUSEHOLD_2_168,CA_1,11609,6.94
HOUSEHOLD_2_169,CA_1,11609,5.84
HOUSEHOLD_2_167,CA_1,11609,2.88
HOUSEHOLD_2_191,CA_1,11609,5.44
HOUSEHOLD_2_193,CA_1,11609,4.94
HOUSEHOLD_2_197,CA_1,11609,3.97
HOUSEHOLD_2_201,CA_1,11609,6.54
HOUSEHOLD_2_205,CA_1,11609,5.84
HOUSEHOLD_2_221,CA_1,11609,2.77
HOUSEHOLD_2_234,CA_1,11609,5.73
HOUSEHOLD_2_247,CA_1,11609,3.97
HOUSEHOLD_2_255,CA_1,11609,9.97
HOUSEHOLD_2_268,CA_1,11609,5.47
HOUSEHOLD_2_272,CA_1,11609,5.47
HOUSEHOLD_2_282,CA_1,11609,5.84
HOUSEHOLD_2_286,CA_1,11609,2.14
HOUSEHOLD_2_290,CA_1,11609,6.24
HOUSEHOLD_2_307,CA_1,11609,5.98
HOUSEHOLD_2_319,CA_1,11609,1.98
HOUSEHOLD_2_331,CA_1,11609,3.97
HOUSEHOLD_2_340,CA_1,11609,4.98
HOUSEHOLD_2_335,CA_1,11609,6.24
HOUSEHOLD_2_344,CA_1,11609,5.74
HOUSEHOLD_2_355,CA_1,11609,11.67
HOUSEHOLD_2_366,CA_1,11609,4.17
HOUSEHOLD_2_367,CA_1,11609,7.47
HOUSEHOLD_2_371,CA_1,11609,0.78
HOUSEHOLD_2_377,CA_1,11609,4.97
HOUSEHOLD_2_385,CA_1,11609,7.47
HOUSEHOLD_2_382,CA_1,11609,3.48
HOUSEHOLD_2_398,CA_1,11609,7.97
HOUSEHOLD_2_400,CA_1,11609,3.88
HOUSEHOLD_2_412,CA_1,11609,5.94
HOUSEHOLD_2_421,CA_1,11609,4.97
HOUSEHOLD_2_424,CA_1,11609,2.88
HOUSEHOLD_2_435,CA_1,11609,5.97
HOUSEHOLD_2_431,CA_1,11609,9.47
HOUSEHOLD_2_432,CA_1,11609,5.47
HOUSEHOLD_2_439,CA_1,11609,5.84
HOUSEHOLD_2_443,CA_1,11609,4.66
HOUSEHOLD_2_453,CA_1,11609,6.47
HOUSEHOLD_2_470,CA_1,11609,0.88
HOUSEHOLD_2_463,CA_1,11609,5.47
HOUSEHOLD_2_486,CA_1,11609,5.97
HOUSEHOLD_2_482,CA_1,11609,5.73
HOUSEHOLD_2_487,CA_1,11609,9.98
HOUSEHOLD_2_488,CA_1,11609,4.97
HOUSEHOLD_2_495,CA_1,11609,5.84
HOUSEHOLD_2_502,CA_1,11609,8.86
HOUSEHOLD_2_513,CA_1,11609,2.78
HOUSEHOLD_2_515,CA_1,11609,1.97
FOODS_1_026,CA_1,11609,6.98
FOODS_1_046,CA_1,11609,0.98
FOODS_1_047,CA_1,11609,3.54
FOODS_1_055,CA_1,11609,4.38
FOODS_1_061,CA_1,11609,2.24
FOODS_1_067,CA_1,11609,2.0
FOODS_1_068,CA_1,11609,3.58
FOODS_1_079,CA_1,11609,4.58
FOODS_1_077,CA_1,11609,3.28
FOODS_1_099,CA_1,11609,0.98
FOODS_1_097,CA_1,11609,0.98
FOODS_1_122,CA_1,11609,1.98
FOODS_1_135,CA_1,11609,2.68
FOODS_1_136,CA_1,11609,4.86
FOODS_1_138,CA_1,11609,2.68
FOODS_1_140,CA_1,11609,6.98
FOODS_1_143,CA_1,11609,2.0
FOODS_1_142,CA_1,11609,1.5
FOODS_1_139,CA_1,11609,0.98
FOODS_1_146,CA_1,11609,2.24
FOODS_1_177,CA_1,11609,8.98
FOODS_1_187,CA_1,11609,9.94
FOODS_1_211,CA_1,11609,5.64
FOODS_2_011,CA_1,11609,2.5
FOODS_2_008,CA_1,11609,2.5
FOODS_2_024,CA_1,11609,2.5
FOODS_2_044,CA_1,11609,2.5
FOODS_2_049,CA_1,11609,2.67
FOODS_2_054,CA_1,11609,2.97
FOODS_2_067,CA_1,11609,2.18
FOODS_2_069,CA_1,11609,8.98
FOODS_2_081,CA_1,11609,2.38
FOODS_2_074,CA_1,11609,2.57
FOODS_2_083,CA_1,11609,6.72
FOODS_2_090,CA_1,11609,8.96
FOODS_2_109,CA_1,11609,2.98
FOODS_2_111,CA_1,11609,5.97
FOODS_2_106,CA_1,11609,5.44
FOODS_2_119,CA_1,11609,2.67
FOODS_2_115,CA_1,11609,8.74
FOODS_2_130,CA_1,11609,1.58
FOODS_2_145,CA_1,11609,2.38
FOODS_2_174,CA_1,11609,2.98
FOODS_2_169,CA_1,11609,6.24
FOODS_2_175,CA_1,11609,2.48
FOODS_2_183,CA_1,11609,8.98
FOODS_2_196,CA_1,11609,3.94
FOODS_2_214,CA_1,11609,2.5
FOODS_2_230,CA_1,11609,2.18
FOODS_2_233,CA_1,11609,4.48
FOODS_2_234,CA_1,11609,2.5
FOODS_2_249,CA_1,11609,3.28
FOODS_2_270,CA_1,11609,3.28
FOODS_2_289,CA_1,11609,2.5
FOODS_2_291,CA_1,11609,6.98
FOODS_2_299,CA_1,11609,2.24
FOODS_2_296,CA_1,11609,3.44
FOODS_2_307,CA_1,11609,2.57
FOODS_2_318,CA_1,11609,4.97
FOODS_2_330,CA_1,11609,4.33
FOODS_2_338,CA_1,11609,2.97
FOODS_2_347,CA_1,11609,2.24
FOODS_2_351,CA_1,11609,2.98
FOODS_2_346,CA_1,11609,2.38
FOODS_2_359,CA_1,11609,2.24
FOODS_2_363,CA_1,11609,2.5
FOODS_2_362,CA_1,11609,6.98
FOODS_2_369,CA_1,11609,4.87
FOODS_2_385,CA_1,11609,2.38
FOODS_2_387,CA_1,11609,12.97
FOODS_2_391,CA_1,11609,2.0
FOODS_3_001,CA_1,11609,2.5
FOODS_3_009,CA_1,11609,2.28
FOODS_3_020,CA_1,11609,0.94
FOODS_3_016,CA_1,11609,2.98
FOODS_3_026,CA_1,11609,1.98
FOODS_3_021,CA_1,11609,2.48
FOODS_3_024,CA_1,11609,1.0
FOODS_3_029,CA_1,11609,1.6
FOODS_3_048,CA_1,11609,1.5
FOODS_3_075,CA_1,11609,2.88
HOBBIES_2_147,CA_4,11609,0.97
HOUSEHOLD_1_005,CA_4,11609,9.97
HOUSEHOLD_1_015,CA_4,11609,5.88
HOUSEHOLD_1_028,CA_4,11609,2.97
HOUSEHOLD_1_022,CA_4,11609,4.84
HOUSEHOLD_1_036,CA_4,11609,2.98
HOUSEHOLD_1_045,CA_4,11609,2.67
HOUSEHOLD_1_050,CA_4,11609,3.97
HOUSEHOLD_1_059,CA_4,11609,3.12
HOUSEHOLD_1_057,CA_4,11609,1.77
HOUSEHOLD_1_060,CA_4,11609,29.97
HOUSEHOLD_1_058,CA_4,11609,6.48
HOUSEHOLD_1_068,CA_4,11609,6.97
HOUSEHOLD_1_072,CA_4,11609,7.98
HOUSEHOLD_1_092,CA_4,11609,1.77
HOUSEHOLD_1_100,CA_4,11609,7.97
HOUSEHOLD_1_105,CA_4,11609,3.94
HOUSEHOLD_1_107,CA_4,11609,3.48
HOUSEHOLD_1_109,CA_4,11609,3.97
HOUSEHOLD_1_108,CA_4,11609,4.88
HOUSEHOLD_1_115,CA_4,11609,4.94
HOUSEHOLD_1_122,CA_4,11609,2.26
HOUSEHOLD_1_140,CA_4,11609,14.97
HOUSEHOLD_1_146,CA_4,11609,5.98
HOUSEHOLD_1_151,CA_4,11609,0.88
HOUSEHOLD_1_160,CA_4,11609,9.97
HOUSEHOLD_1_158,CA_4,11609,3.97
HOUSEHOLD_1_159,CA_4,11609,7.93
HOUSEHOLD_1_171,CA_4,11609,8.97
HOUSEHOLD_1_168,CA_4,11609,2.97
HOUSEHOLD_1_169,CA_4,11609,2.94
HOUSEHOLD_1_177,CA_4,11609,6.97
HOUSEHOLD_1_179,CA_4,11609,0.98
HOUSEHOLD_1_175,CA_4,11609,4.88
HOUSEHOLD_1_183,CA_4,11609,4.88
HOUSEHOLD_1_193,CA_4,11609,2.42
HOUSEHOLD_1_202,CA_4,11609,1.98
HOUSEHOLD_1_212,CA_4,11609,4.47
HOUSEHOLD_1_236,CA_4,11609,2.47
HOUSEHOLD_1_233,CA_4,11609,11.52
HOUSEHOLD_1_252,CA_4,11609,9.47
HOUSEHOLD_1_248,CA_4,11609,8.97
HOUSEHOLD_1_246,CA_4,11609,3.98
HOUSEHOLD_1_257,CA_4,11609,5.24
HOUSEHOLD_1_266,CA_4,11609,1.0
HOUSEHOLD_1_294,CA_4,11609,2.27
HOUSEHOLD_1_291,CA_4,11609,3.72
HOUSEHOLD_1_304,CA_4,11609,2.36
HOUSEHOLD_1_300,CA_4,11609,4.88
HOUSEHOLD_1_306,CA_4,11609,1.97
HOUSEHOLD_1_324,CA_4,11609,5.97
HOUSEHOLD_1_327,CA_4,11609,0.98
HOUSEHOLD_1_341,CA_4,11609,4.88
HOUSEHOLD_1_347,CA_4,11609,7.97
HOUSEHOLD_1_353,CA_4,11609,3.44
HOUSEHOLD_1_374,CA_4,11609,3.97
HOUSEHOLD_1_386,CA_4,11609,2.96
HOUSEHOLD_1_385,CA_4,11609,1.97
HOUSEHOLD_1_380,CA_4,11609,4.57
HOUSEHOLD_1_384,CA_4,11609,4.84
HOUSEHOLD_1_414,CA_4,11609,0.98
HOUSEHOLD_1_420,CA_4,11609,6.42
HOUSEHOLD_1_438,CA_4,11609,7.33
HOUSEHOLD_1_430,CA_4,11609,0.98
HOUSEHOLD_1_451,CA_4,11609,6.98
HOUSEHOLD_1_465,CA_4,11609,0.97
HOUSEHOLD_1_477,CA_4,11609,13.48
HOUSEHOLD_1_483,CA_4,11609,4.54
HOUSEHOLD_1_494,CA_4,11609,7.97
HOUSEHOLD_1_505,CA_4,11609,2.47
HOUSEHOLD_1_499,CA_4,11609,3.88
HOUSEHOLD_1_514,CA_4,11609,3.97
HOUSEHOLD_1_540,CA_4,11609,1.88
HOUSEHOLD_2_014,CA_4,11609,5.97
HOUSEHOLD_2_019,CA_4,11609,9.47
HOUSEHOLD_2_020,CA_4,11609,8.47
HOUSEHOLD_2_033,CA_4,11609,6.97
HOUSEHOLD_2_054,CA_4,11609,4.87
HOUSEHOLD_2_055,CA_4,11609,8.97
HOUSEHOLD_2_065,CA_4,11609,5.47
HOUSEHOLD_2_081,CA_4,11609,2.57
HOUSEHOLD_2_087,CA_4,11609,7.94
HOUSEHOLD_2_085,CA_4,11609,7.94
HOUSEHOLD_2_098,CA_4,11609,3.47
HOUSEHOLD_2_094,CA_4,11609,5.94
HOUSEHOLD_2_104,CA_4,11609,4.97
HOUSEHOLD_2_102,CA_4,11609,2.48
HOUSEHOLD_2_115,CA_4,11609,3.87
HOUSEHOLD_2_122,CA_4,11609,6.97
HOUSEHOLD_2_148,CA_4,11609,5.94
HOUSEHOLD_2_162,CA_4,11609,3.97
HOUSEHOLD_2_182,CA_4,11609,6.98
HOUSEHOLD_2_189,CA_4,11609,14.48
HOUSEHOLD_2_188,CA_4,11609,7.24
HOUSEHOLD_2_186,CA_4,11609,9.98
HOUSEHOLD_2_194,CA_4,11609,6.27
HOUSEHOLD_2_224,CA_4,11609,3.97
HOUSEHOLD_2_242,CA_4,11609,12.97
HOUSEHOLD_2_240,CA_4,11609,4.97
HOUSEHOLD_2_250,CA_4,11609,6.96
HOUSEHOLD_2_267,CA_4,11609,1.93
HOUSEHOLD_2_274,CA_4,11609,5.98
HOUSEHOLD_2_283,CA_4,11609,5.84
HOUSEHOLD_2_325,CA_4,11609,3.82
HOUSEHOLD_2_322,CA_4,11609,2.22
HOUSEHOLD_2_332,CA_4,11609,6.77
HOUSEHOLD_2_341,CA_4,11609,5.32
HOUSEHOLD_2_348,CA_4,11609,7.44
HOUSEHOLD_2_368,CA_4,11609,5.48
HOUSEHOLD_2_369,CA_4,11609,6.47
HOUSEHOLD_2_378,CA_4,11609,6.98
HOUSEHOLD_2_379,CA_4,11609,4.44
HOUSEHOLD_2_395,CA_4,11609,3.67
HOUSEHOLD_2_401,CA_4,11609,3.33
HOUSEHOLD_2_410,CA_4,11609,1.38
HOUSEHOLD_2_414,CA_4,11609,5.74
HOUSEHOLD_2_423,CA_4,11609,3.87
HOUSEHOLD_2_449,CA_4,11609,5.64
HOUSEHOLD_2_456,CA_4,11609,8.86
HOUSEHOLD_2_457,CA_4,11609,6.47
HOUSEHOLD_2_460,CA_4,11609,5.94
HOUSEHOLD_2_473,CA_4,11609,7.97
HOUSEHOLD_2_465,CA_4,11609,7.24
HOUSEHOLD_2_475,CA_4,11609,4.96
HOUSEHOLD_2_478,CA_4,11609,4.94
HOUSEHOLD_2_476,CA_4,11609,3.97
HOUSEHOLD_2_484,CA_4,11609,6.97
HOUSEHOLD_2_494,CA_4,11609,5.94
HOUSEHOLD_2_509,CA_4,11609,8.97
FOODS_1_006,CA_4,11609,2.48
FOODS_1_011,CA_4,11609,2.68
FOODS_1_009,CA_4,11609,2.24
FOODS_1_019,CA_4,11609,0.98
FOODS_1_025,CA_4,11609,4.27
FOODS_1_036,CA_4,11609,1.78
FOODS_1_049,CA_4,11609,2.24
FOODS_1_053,CA_4,11609,5.14
FOODS_1_062,CA_4,11609,4.27
FOODS_1_058,CA_4,11609,1.96
FOODS_1_066,CA_4,11609,1.36
FOODS_1_071,CA_4,11609,2.0
FOODS_2_145,TX_3,11609,2.38
FOODS_2_169,TX_3,11609,5.97
FOODS_2_174,TX_3,11609,2.98
FOODS_2_175,TX_3,11609,2.0
FOODS_2_183,TX_3,11609,8.98
FOODS_2_196,TX_3,11609,3.94
FOODS_2_214,TX_3,11609,2.5
FOODS_2_230,TX_3,11609,2.18
FOODS_2_233,TX_3,11609,4.0
FOODS_2_234,TX_3,11609,2.5
FOODS_2_249,TX_3,11609,2.83
FOODS_2_270,TX_3,11609,2.98
FOODS_2_289,TX_3,11609,2.47
FOODS_2_291,TX_3,11609,6.98
FOODS_2_296,TX_3,11609,3.44
FOODS_2_299,TX_3,11609,1.78
FOODS_2_307,TX_3,11609,2.47
FOODS_2_318,TX_3,11609,4.97
FOODS_2_330,TX_3,11609,3.76
FOODS_2_338,TX_3,11609,2.97
FOODS_2_347,TX_3,11609,1.78
FOODS_2_351,TX_3,11609,2.98
FOODS_2_346,TX_3,11609,2.38
FOODS_2_359,TX_3,11609,1.78
FOODS_2_362,TX_3,11609,6.98
FOODS_2_363,TX_3,11609,2.5
FOODS_2_369,TX_3,11609,4.87
FOODS_2_385,TX_3,11609,2.28
FOODS_2_387,TX_3,11609,12.97
FOODS_2_391,TX_3,11609,2.0
FOODS_3_001,TX_3,11609,2.5
FOODS_3_009,TX_3,11609,2.28
FOODS_3_016,TX_3,11609,2.98
FOODS_3_020,TX_3,11609,0.94
FOODS_3_026,TX_3,11609,1.98
FOODS_3_021,TX_3,11609,2.48
FOODS_3_024,TX_3,11609,1.0
FOODS_3_029,TX_3,11609,1.5
FOODS_3_048,TX_3,11609,1.5
FOODS_3_075,TX_3,11609,2.88
FOODS_3_079,TX_3,11609,5.98
FOODS_3_081,TX_3,11609,4.74
FOODS_3_089,TX_3,11609,1.0
FOODS_3_087,TX_3,11609,2.56
FOODS_3_100,TX_3,11609,3.98
FOODS_3_103,TX_3,11609,3.28
FOODS_3_105,TX_3,11609,2.88
FOODS_3_106,TX_3,11609,1.0
FOODS_3_127,TX_3,11609,3.78
FOODS_3_130,TX_3,11609,2.68
FOODS_3_151,TX_3,11609,2.5
FOODS_3_154,TX_3,11609,2.98
FOODS_3_160,TX_3,11609,2.68
FOODS_3_158,TX_3,11609,6.24
FOODS_3_172,TX_3,11609,1.78
FOODS_3_184,TX_3,11609,3.43
FOODS_3_192,TX_3,11609,5.48
FOODS_3_202,TX_3,11609,4.48
FOODS_3_210,TX_3,11609,2.18
FOODS_3_220,TX_3,11609,2.98
FOODS_3_224,TX_3,11609,3.98
FOODS_3_225,TX_3,11609,1.98
FOODS_3_265,TX_3,11609,3.98
FOODS_3_264,TX_3,11609,3.98
FOODS_3_268,TX_3,11609,2.18
FOODS_3_270,TX_3,11609,2.98
FOODS_3_280,TX_3,11609,4.18
FOODS_3_285,TX_3,11609,1.25
FOODS_3_287,TX_3,11609,7.48
FOODS_3_299,TX_3,11609,1.5
FOODS_3_311,TX_3,11609,2.98
FOODS_3_327,TX_3,11609,3.28
FOODS_3_352,TX_3,11609,3.64
FOODS_3_359,TX_3,11609,2.78
FOODS_3_353,TX_3,11609,8.98
FOODS_3_363,TX_3,11609,2.77
FOODS_3_390,TX_3,11609,1.78
FOODS_3_402,TX_3,11609,6.48
FOODS_3_411,TX_3,11609,2.98
FOODS_3_424,TX_3,11609,3.88
FOODS_3_423,TX_3,11609,2.98
FOODS_3_435,TX_3,11609,1.48
FOODS_3_437,TX_3,11609,1.0
FOODS_3_440,TX_3,11609,5.22
FOODS_3_446,TX_3,11609,1.18
FOODS_3_449,TX_3,11609,1.98
FOODS_3_450,TX_3,11609,3.0
FOODS_3_452,TX_3,11609,4.98
FOODS_3_451,TX_3,11609,1.48
FOODS_3_456,TX_3,11609,3.98
FOODS_3_462,TX_3,11609,1.0
FOODS_3_464,TX_3,11609,3.48
FOODS_3_483,TX_3,11609,2.98
FOODS_3_494,TX_3,11609,2.98
FOODS_3_510,TX_3,11609,2.0
FOODS_3_538,TX_3,11609,1.38
FOODS_3_547,TX_3,11609,0.25
FOODS_3_549,TX_3,11609,2.18
FOODS_3_545,TX_3,11609,1.0
FOODS_3_556,TX_3,11609,2.56
FOODS_3_554,TX_3,11609,3.48
FOODS_3_574,TX_3,11609,5.98
FOODS_3_580,TX_3,11609,0.25
FOODS_3_593,TX_3,11609,6.98
FOODS_3_606,TX_3,11609,2.88
FOODS_3_610,TX_3,11609,1.98
FOODS_3_614,TX_3,11609,0.94
FOODS_3_624,TX_3,11609,2.48
FOODS_3_634,TX_3,11609,3.98
FOODS_3_637,TX_3,11609,2.98
FOODS_3_638,TX_3,11609,1.5
FOODS_3_649,TX_3,11609,6.44
FOODS_3_647,TX_3,11609,1.28
FOODS_3_668,TX_3,11609,1.68
FOODS_3_670,TX_3,11609,1.98
FOODS_3_673,TX_3,11609,5.98
FOODS_3_684,TX_3,11609,1.88
FOODS_3_695,TX_3,11609,3.98
FOODS_3_709,TX_3,11609,2.42
FOODS_3_714,TX_3,11609,1.58
FOODS_3_717,TX_3,11609,1.98
FOODS_3_715,TX_3,11609,3.98
FOODS_3_719,TX_3,11609,2.5
FOODS_3_720,TX_3,11609,4.54
FOODS_3_738,TX_3,11609,1.5
FOODS_3_743,TX_3,11609,2.98
FOODS_3_754,TX_3,11609,6.24
FOODS_3_762,TX_3,11609,3.27
FOODS_3_763,TX_3,11609,3.48
FOODS_3_759,TX_3,11609,2.98
FOODS_3_782,TX_3,11609,2.68
FOODS_3_780,TX_3,11609,2.98
FOODS_3_792,TX_3,11609,1.0
FOODS_3_801,TX_3,11609,1.0
HOBBIES_1_010,WI_1,11609,2.97
HOBBIES_1_007,WI_1,11609,7.88
HOBBIES_1_014,WI_1,11609,1.16
HOBBIES_1_026,WI_1,11609,17.97
HOBBIES_1_043,WI_1,11609,0.7
HOBBIES_1_050,WI_1,11609,10.98
HOBBIES_1_061,WI_1,11609,2.83
HOBBIES_1_076,WI_1,11609,3.43
HOBBIES_1_083,WI_1,11609,15.92
HOBBIES_1_093,WI_1,11609,19.96
HOBBIES_1_108,WI_1,11609,12.98
HOBBIES_1_110,WI_1,11609,3.67
HOBBIES_1_130,WI_1,11609,2.73
HOBBIES_1_164,WI_1,11609,8.97
HOBBIES_1_167,WI_1,11609,0.68
HOBBIES_1_176,WI_1,11609,5.94
HOBBIES_1_171,WI_1,11609,2.88
HOBBIES_1_187,WI_1,11609,7.0
HOBBIES_1_183,WI_1,11609,7.98
HOBBIES_1_186,WI_1,11609,15.92
FOODS_3_285,WI_3,11609,1.25
FOODS_3_287,WI_3,11609,7.48
FOODS_3_299,WI_3,11609,1.45
FOODS_3_311,WI_3,11609,2.98
FOODS_3_327,WI_3,11609,3.28
FOODS_3_352,WI_3,11609,3.64
FOODS_3_353,WI_3,11609,8.98
FOODS_3_363,WI_3,11609,2.77
FOODS_3_359,WI_3,11609,2.78
FOODS_3_390,WI_3,11609,1.78
FOODS_3_402,WI_3,11609,6.48
FOODS_3_411,WI_3,11609,2.98
FOODS_3_424,WI_3,11609,3.88
FOODS_3_423,WI_3,11609,2.98
FOODS_3_435,WI_3,11609,1.48
FOODS_3_446,WI_3,11609,1.18
FOODS_3_437,WI_3,11609,1.0
FOODS_3_440,WI_3,11609,5.22
FOODS_3_449,WI_3,11609,1.98
FOODS_3_450,WI_3,11609,3.0
FOODS_3_452,WI_3,11609,4.98
FOODS_3_451,WI_3,11609,1.48
FOODS_3_462,WI_3,11609,1.0
FOODS_3_456,WI_3,11609,3.98
FOODS_3_464,WI_3,11609,3.48
FOODS_3_483,WI_3,11609,2.98
FOODS_3_494,WI_3,11609,2.98
FOODS_3_510,WI_3,11609,1.97
FOODS_3_538,WI_3,11609,1.34
FOODS_3_547,WI_3,11609,0.25
FOODS_3_554,WI_3,11609,3.48
FOODS_3_549,WI_3,11609,2.48
FOODS_3_545,WI_3,11609,1.0
FOODS_3_556,WI_3,11609,2.49
FOODS_3_574,WI_3,11609,5.98
FOODS_3_580,WI_3,11609,0.25
FOODS_3_593,WI_3,11609,6.98
FOODS_3_610,WI_3,11609,1.98
FOODS_3_606,WI_3,11609,2.88
FOODS_3_614,WI_3,11609,0.94
FOODS_3_624,WI_3,11609,2.48
FOODS_3_634,WI_3,11609,3.98
FOODS_3_637,WI_3,11609,2.98
FOODS_3_638,WI_3,11609,1.45
FOODS_3_647,WI_3,11609,1.28
FOODS_3_649,WI_3,11609,6.44
FOODS_3_668,WI_3,11609,1.68
FOODS_3_670,WI_3,11609,1.98
FOODS_3_673,WI_3,11609,5.98
FOODS_3_684,WI_3,11609,1.88
FOODS_3_695,WI_3,11609,3.98
FOODS_3_709,WI_3,11609,2.42
FOODS_3_714,WI_3,11609,1.58
FOODS_3_717,WI_3,11609,1.98
FOODS_3_715,WI_3,11609,3.98
FOODS_3_719,WI_3,11609,2.5
FOODS_3_720,WI_3,11609,4.54
FOODS_3_738,WI_3,11609,1.5
FOODS_3_743,WI_3,11609,2.98
FOODS_3_754,WI_3,11609,6.24
FOODS_3_762,WI_3,11609,3.27
FOODS_3_763,WI_3,11609,3.48
FOODS_3_759,WI_3,11609,2.98
FOODS_3_782,WI_3,11609,2.68
FOODS_3_780,WI_3,11609,2.98
FOODS_3_792,WI_3,11609,1.0
FOODS_3_801,WI_3,11609,1.0
HOUSEHOLD_2_486,CA_2,11609,5.97
HOUSEHOLD_2_488,CA_2,11609,4.97
HOUSEHOLD_2_487,CA_2,11609,9.98
HOUSEHOLD_2_495,CA_2,11609,5.84
HOUSEHOLD_2_502,CA_2,11609,8.86
HOUSEHOLD_2_513,CA_2,11609,2.78
HOUSEHOLD_2_515,CA_2,11609,1.97
FOODS_1_026,CA_2,11609,6.98
FOODS_1_046,CA_2,11609,0.98
FOODS_1_047,CA_2,11609,3.54
FOODS_1_055,CA_2,11609,4.38
FOODS_1_061,CA_2,11609,2.24
FOODS_1_067,CA_2,11609,2.0
FOODS_1_068,CA_2,11609,3.58
FOODS_1_077,CA_2,11609,3.28
FOODS_1_079,CA_2,11609,4.58
FOODS_1_099,CA_2,11609,0.98
FOODS_1_097,CA_2,11609,0.98
FOODS_1_122,CA_2,11609,1.98
FOODS_1_136,CA_2,11609,4.86
FOODS_1_138,CA_2,11609,2.68
FOODS_1_135,CA_2,11609,2.68
FOODS_1_139,CA_2,11609,0.98
FOODS_1_140,CA_2,11609,6.98
FOODS_1_142,CA_2,11609,1.5
FOODS_1_143,CA_2,11609,2.0
FOODS_1_146,CA_2,11609,2.24
FOODS_1_177,CA_2,11609,8.98
FOODS_1_187,CA_2,11609,9.94
FOODS_1_211,CA_2,11609,5.64
FOODS_2_008,CA_2,11609,2.5
FOODS_2_011,CA_2,11609,2.5
FOODS_2_024,CA_2,11609,2.5
FOODS_2_049,CA_2,11609,2.67
FOODS_2_054,CA_2,11609,2.97
FOODS_2_044,CA_2,11609,2.5
FOODS_2_074,CA_2,11609,2.57
FOODS_2_069,CA_2,11609,8.98
FOODS_2_067,CA_2,11609,1.98
FOODS_2_083,CA_2,11609,6.72
FOODS_2_090,CA_2,11609,8.96
FOODS_2_081,CA_2,11609,2.38
FOODS_2_119,CA_2,11609,2.67
FOODS_2_106,CA_2,11609,5.44
FOODS_2_109,CA_2,11609,2.98
FOODS_2_111,CA_2,11609,5.97
FOODS_2_115,CA_2,11609,8.74
FOODS_2_145,CA_2,11609,2.38
FOODS_2_130,CA_2,11609,1.58
FOODS_2_169,CA_2,11609,6.24
FOODS_2_174,CA_2,11609,2.98
FOODS_2_175,CA_2,11609,2.48
FOODS_2_183,CA_2,11609,8.98
FOODS_2_196,CA_2,11609,3.94
FOODS_2_214,CA_2,11609,2.0
FOODS_2_234,CA_2,11609,2.5
FOODS_2_233,CA_2,11609,4.48
FOODS_2_230,CA_2,11609,2.18
FOODS_2_249,CA_2,11609,3.28
FOODS_2_270,CA_2,11609,3.28
FOODS_2_291,CA_2,11609,6.98
FOODS_2_289,CA_2,11609,2.5
FOODS_2_296,CA_2,11609,3.44
FOODS_2_299,CA_2,11609,2.24
FOODS_2_318,CA_2,11609,4.97
FOODS_2_307,CA_2,11609,2.57
FOODS_2_330,CA_2,11609,4.33
FOODS_2_338,CA_2,11609,2.97
FOODS_2_351,CA_2,11609,2.98
FOODS_2_346,CA_2,11609,2.38
FOODS_2_347,CA_2,11609,2.24
FOODS_2_363,CA_2,11609,2.5
FOODS_2_359,CA_2,11609,2.24
FOODS_2_362,CA_2,11609,6.98
FOODS_2_369,CA_2,11609,4.87
FOODS_2_387,CA_2,11609,12.97
FOODS_2_385,CA_2,11609,2.38
FOODS_2_391,CA_2,11609,2.0
FOODS_3_001,CA_2,11609,2.5
FOODS_3_009,CA_2,11609,2.28
FOODS_3_020,CA_2,11609,0.94
FOODS_3_021,CA_2,11609,2.48
FOODS_3_016,CA_2,11609,2.98
FOODS_3_024,CA_2,11609,1.0
FOODS_3_029,CA_2,11609,1.6
FOODS_3_026,CA_2,11609,1.98
FOODS_3_048,CA_2,11609,1.5
FOODS_3_081,CA_2,11609,4.74
FOODS_3_079,CA_2,11609,5.98
FOODS_3_075,CA_2,11609,2.88
FOODS_3_089,CA_2,11609,1.0
FOODS_3_087,CA_2,11609,2.56
FOODS_3_100,CA_2,11609,3.98
FOODS_3_103,CA_2,11609,3.28
FOODS_3_106,CA_2,11609,1.0
FOODS_3_105,CA_2,11609,2.88
FOODS_3_127,CA_2,11609,3.78
FOODS_3_130,CA_2,11609,2.68
FOODS_3_151,CA_2,11609,2.5
FOODS_3_154,CA_2,11609,2.98
FOODS_3_158,CA_2,11609,6.24
FOODS_3_160,CA_2,11609,2.48
FOODS_3_172,CA_2,11609,1.78
FOODS_3_184,CA_2,11609,3.43
FOODS_3_192,CA_2,11609,5.48
FOODS_3_202,CA_2,11609,4.68
FOODS_3_210,CA_2,11609,2.18
FOODS_3_224,CA_2,11609,3.98
FOODS_3_220,CA_2,11609,2.98
FOODS_3_225,CA_2,11609,1.98
FOODS_3_265,CA_2,11609,3.98
FOODS_3_264,CA_2,11609,3.98
FOODS_3_268,CA_2,11609,2.18
FOODS_3_270,CA_2,11609,2.98
FOODS_3_285,CA_2,11609,1.25
FOODS_3_280,CA_2,11609,4.28
FOODS_3_287,CA_2,11609,7.48
FOODS_3_299,CA_2,11609,1.5
FOODS_3_311,CA_2,11609,2.98
FOODS_3_327,CA_2,11609,3.28
FOODS_3_352,CA_2,11609,3.64
FOODS_3_359,CA_2,11609,2.78
FOODS_3_353,CA_2,11609,8.98
FOODS_3_363,CA_2,11609,2.77
FOODS_3_390,CA_2,11609,1.78
FOODS_3_402,CA_2,11609,6.48
FOODS_3_411,CA_2,11609,2.98
FOODS_3_423,CA_2,11609,2.98
FOODS_3_424,CA_2,11609,3.88
FOODS_3_435,CA_2,11609,1.48
FOODS_3_437,CA_2,11609,1.0
FOODS_3_440,CA_2,11609,5.22
FOODS_3_446,CA_2,11609,1.18
FOODS_3_449,CA_2,11609,1.98
FOODS_3_450,CA_2,11609,3.0
FOODS_3_452,CA_2,11609,4.98
FOODS_3_451,CA_2,11609,1.48
FOODS_3_456,CA_2,11609,3.98
FOODS_3_462,CA_2,11609,1.0
FOODS_3_464,CA_2,11609,3.48
FOODS_3_483,CA_2,11609,2.48
FOODS_3_494,CA_2,11609,2.98
FOODS_3_510,CA_2,11609,2.0
FOODS_3_538,CA_2,11609,1.38
FOODS_3_547,CA_2,11609,0.25
FOODS_3_549,CA_2,11609,2.48
FOODS_3_545,CA_2,11609,1.0
FOODS_3_554,CA_2,11609,3.48
FOODS_3_556,CA_2,11609,2.56
FOODS_3_574,CA_2,11609,5.98
FOODS_3_580,CA_2,11609,0.25
FOODS_3_593,CA_2,11609,6.98
FOODS_3_610,CA_2,11609,1.98
FOODS_3_606,CA_2,11609,2.88
FOODS_3_614,CA_2,11609,1.0
FOODS_3_624,CA_2,11609,2.48
FOODS_3_634,CA_2,11609,3.98
FOODS_3_637,CA_2,11609,2.98
FOODS_3_638,CA_2,11609,1.5
FOODS_3_649,CA_2,11609,5.48
FOODS_3_647,CA_2,11609,1.28
FOODS_3_668,CA_2,11609,1.68
FOODS_3_670,CA_2,11609,1.98
FOODS_3_673,CA_2,11609,5.98
FOODS_3_684,CA_2,11609,1.88
FOODS_3_695,CA_2,11609,3.98
FOODS_3_714,CA_2,11609,1.58
FOODS_3_709,CA_2,11609,2.42
FOODS_3_715,CA_2,11609,3.98
FOODS_3_717,CA_2,11609,1.98
FOODS_3_719,CA_2,11609,2.5
FOODS_3_720,CA_2,11609,4.54
FOODS_3_738,CA_2,11609,1.6
FOODS_3_743,CA_2,11609,2.98
FOODS_3_762,CA_2,11609,3.27
FOODS_3_763,CA_2,11609,3.48
FOODS_3_754,CA_2,11609,6.24
FOODS_3_759,CA_2,11609,2.98
FOODS_3_782,CA_2,11609,2.68
FOODS_3_780,CA_2,11609,2.98
FOODS_3_792,CA_2,11609,1.0
FOODS_3_801,CA_2,11609,1.0
HOBBIES_1_011,CA_3,11609,3.48
HOBBIES_1_023,CA_3,11609,2.97
HOBBIES_1_019,CA_3,11609,0.48
HOBBIES_1_028,CA_3,11609,7.98
FOODS_1_074,CA_4,11609,2.24
FOODS_1_080,CA_4,11609,7.58
FOODS_1_073,CA_4,11609,2.12
FOODS_1_081,CA_4,11609,5.64
FOODS_1_096,CA_4,11609,5.74
FOODS_1_106,CA_4,11609,3.54
FOODS_1_098,CA_4,11609,4.43
FOODS_1_114,CA_4,11609,3.54
FOODS_1_110,CA_4,11609,1.96
FOODS_1_109,CA_4,11609,2.24
FOODS_1_137,CA_4,11609,2.0
FOODS_1_155,CA_4,11609,0.98
FOODS_1_157,CA_4,11609,4.89
FOODS_1_163,CA_4,11609,0.98
FOODS_1_188,CA_4,11609,2.98
FOODS_1_191,CA_4,11609,5.64
FOODS_1_190,CA_4,11609,0.98
FOODS_1_202,CA_4,11609,0.98
FOODS_1_207,CA_4,11609,3.32
FOODS_1_213,CA_4,11609,2.24
FOODS_1_214,CA_4,11609,3.14
FOODS_2_002,CA_4,11609,2.0
FOODS_2_007,CA_4,11609,2.82
FOODS_2_014,CA_4,11609,2.96
FOODS_2_019,CA_4,11609,3.42
FOODS_2_021,CA_4,11609,0.94
FOODS_2_026,CA_4,11609,2.48
FOODS_2_031,CA_4,11609,2.18
FOODS_2_087,CA_4,11609,10.97
FOODS_2_100,CA_4,11609,2.5
FOODS_2_094,CA_4,11609,1.28
FOODS_2_107,CA_4,11609,2.0
FOODS_2_110,CA_4,11609,2.38
FOODS_2_122,CA_4,11609,4.93
FOODS_2_150,CA_4,11609,2.96
FOODS_2_158,CA_4,11609,1.28
FOODS_2_176,CA_4,11609,2.98
FOODS_2_179,CA_4,11609,4.97
FOODS_2_172,CA_4,11609,2.5
FOODS_2_192,CA_4,11609,1.97
FOODS_2_193,CA_4,11609,4.98
FOODS_2_191,CA_4,11609,8.98
FOODS_2_205,CA_4,11609,2.5
FOODS_2_203,CA_4,11609,3.62
FOODS_2_211,CA_4,11609,2.28
FOODS_2_228,CA_4,11609,4.93
FOODS_2_245,CA_4,11609,2.98
FOODS_2_247,CA_4,11609,2.25
FOODS_2_253,CA_4,11609,7.82
FOODS_2_263,CA_4,11609,6.48
FOODS_2_260,CA_4,11609,2.5
FOODS_2_261,CA_4,11609,10.0
FOODS_2_257,CA_4,11609,1.0
FOODS_2_280,CA_4,11609,3.97
FOODS_2_293,CA_4,11609,4.22
FOODS_2_290,CA_4,11609,2.5
FOODS_2_303,CA_4,11609,2.18
FOODS_2_311,CA_4,11609,2.96
FOODS_2_315,CA_4,11609,2.5
FOODS_2_317,CA_4,11609,13.97
FOODS_2_323,CA_4,11609,3.97
FOODS_2_329,CA_4,11609,3.76
FOODS_2_332,CA_4,11609,3.67
FOODS_2_333,CA_4,11609,3.24
FOODS_2_352,CA_4,11609,9.98
FOODS_2_356,CA_4,11609,2.5
FOODS_2_358,CA_4,11609,2.5
FOODS_2_354,CA_4,11609,5.08
FOODS_2_355,CA_4,11609,2.5
FOODS_2_364,CA_4,11609,2.74
FOODS_2_380,CA_4,11609,4.97
FOODS_2_394,CA_4,11609,2.97
FOODS_2_396,CA_4,11609,2.98
FOODS_3_015,CA_4,11609,1.78
FOODS_3_028,CA_4,11609,3.88
FOODS_3_035,CA_4,11609,4.18
FOODS_3_036,CA_4,11609,2.88
FOODS_3_051,CA_4,11609,1.98
FOODS_3_064,CA_4,11609,1.18
FOODS_3_066,CA_4,11609,2.98
FOODS_3_072,CA_4,11609,2.5
FOODS_3_121,CA_4,11609,2.98
FOODS_3_125,CA_4,11609,4.98
FOODS_3_136,CA_4,11609,4.68
FOODS_3_140,CA_4,11609,3.0
FOODS_3_134,CA_4,11609,6.98
FOODS_3_155,CA_4,11609,1.98
FOODS_3_156,CA_4,11609,4.18
FOODS_3_161,CA_4,11609,1.98
FOODS_3_169,CA_4,11609,3.98
FOODS_3_173,CA_4,11609,11.82
FOODS_3_218,CA_4,11609,2.0
FOODS_3_233,CA_4,11609,2.56
FOODS_3_248,CA_4,11609,1.98
FOODS_3_249,CA_4,11609,2.68
FOODS_3_247,CA_4,11609,4.94
FOODS_3_267,CA_4,11609,2.28
FOODS_3_274,CA_4,11609,1.6
FOODS_3_279,CA_4,11609,2.98
FOODS_3_272,CA_4,11609,9.98
FOODS_3_275,CA_4,11609,2.5
FOODS_3_277,CA_4,11609,1.98
FOODS_3_290,CA_4,11609,1.0
FOODS_3_298,CA_4,11609,18.73
FOODS_3_304,CA_4,11609,4.48
FOODS_3_302,CA_4,11609,1.5
FOODS_3_297,CA_4,11609,2.88
FOODS_3_326,CA_4,11609,1.48
FOODS_3_328,CA_4,11609,3.88
FOODS_3_323,CA_4,11609,2.48
FOODS_3_348,CA_4,11609,0.8
FOODS_3_344,CA_4,11609,2.24
FOODS_3_360,CA_4,11609,2.24
FOODS_3_375,CA_4,11609,1.74
FOODS_3_383,CA_4,11609,1.48
FOODS_3_380,CA_4,11609,1.98
FOODS_3_391,CA_4,11609,2.98
FOODS_3_398,CA_4,11609,5.62
FOODS_3_409,CA_4,11609,2.78
FOODS_3_417,CA_4,11609,4.54
FOODS_3_436,CA_4,11609,2.5
FOODS_3_460,CA_4,11609,1.98
FOODS_3_489,CA_4,11609,1.98
FOODS_3_498,CA_4,11609,0.25
FOODS_3_501,CA_4,11609,0.8
FOODS_3_496,CA_4,11609,3.98
FOODS_3_505,CA_4,11609,3.62
FOODS_3_509,CA_4,11609,1.98
FOODS_3_518,CA_4,11609,2.88
FOODS_3_523,CA_4,11609,1.98
FOODS_3_535,CA_4,11609,6.24
FOODS_3_557,CA_4,11609,2.5
FOODS_3_569,CA_4,11609,3.98
FOODS_3_566,CA_4,11609,1.0
FOODS_3_561,CA_4,11609,2.98
FOODS_3_575,CA_4,11609,6.72
FOODS_3_590,CA_4,11609,2.68
FOODS_3_611,CA_4,11609,2.48
FOODS_3_612,CA_4,11609,4.54
FOODS_3_622,CA_4,11609,2.58
FOODS_3_623,CA_4,11609,2.98
FOODS_3_619,CA_4,11609,2.98
FOODS_3_632,CA_4,11609,3.98
FOODS_3_644,CA_4,11609,1.68
FOODS_3_664,CA_4,11609,1.98
FOODS_3_674,CA_4,11609,2.98
FOODS_3_679,CA_4,11609,3.88
FOODS_3_676,CA_4,11609,6.98
FOODS_3_678,CA_4,11609,4.98
FOODS_3_707,CA_4,11609,1.28
FOODS_3_716,CA_4,11609,1.28
FOODS_3_713,CA_4,11609,3.48
FOODS_3_727,CA_4,11609,3.98
FOODS_3_729,CA_4,11609,3.98
FOODS_3_732,CA_4,11609,2.18
FOODS_3_736,CA_4,11609,1.74
FOODS_3_737,CA_4,11609,3.48
HOUSEHOLD_2_240,WI_1,11609,4.97
HOUSEHOLD_2_242,WI_1,11609,12.97
HOUSEHOLD_2_250,WI_1,11609,6.96
HOUSEHOLD_2_267,WI_1,11609,1.93
HOUSEHOLD_2_274,WI_1,11609,6.78
HOUSEHOLD_2_283,WI_1,11609,5.84
HOUSEHOLD_2_325,WI_1,11609,3.82
HOUSEHOLD_2_322,WI_1,11609,2.22
HOUSEHOLD_2_332,WI_1,11609,6.77
HOUSEHOLD_2_341,WI_1,11609,5.32
HOUSEHOLD_2_348,WI_1,11609,7.44
HOUSEHOLD_2_368,WI_1,11609,5.48
HOUSEHOLD_2_369,WI_1,11609,6.47
HOUSEHOLD_2_379,WI_1,11609,4.44
HOUSEHOLD_2_378,WI_1,11609,6.98
HOUSEHOLD_2_395,WI_1,11609,3.67
HOUSEHOLD_2_401,WI_1,11609,3.33
HOUSEHOLD_2_410,WI_1,11609,1.38
HOUSEHOLD_2_414,WI_1,11609,5.74
HOUSEHOLD_2_423,WI_1,11609,3.87
HOUSEHOLD_2_457,WI_1,11609,6.47
HOUSEHOLD_2_449,WI_1,11609,5.64
HOUSEHOLD_2_456,WI_1,11609,8.86
HOUSEHOLD_2_465,WI_1,11609,7.24
HOUSEHOLD_2_460,WI_1,11609,5.94
HOUSEHOLD_2_473,WI_1,11609,7.97
HOUSEHOLD_2_475,WI_1,11609,4.96
HOUSEHOLD_2_478,WI_1,11609,4.94
HOUSEHOLD_2_476,WI_1,11609,3.97
HOUSEHOLD_2_484,WI_1,11609,6.97
HOUSEHOLD_2_494,WI_1,11609,5.94
HOUSEHOLD_2_509,WI_1,11609,8.97
FOODS_1_006,WI_1,11609,2.48
FOODS_1_011,WI_1,11609,2.68
FOODS_1_009,WI_1,11609,2.24
FOODS_1_019,WI_1,11609,0.88
FOODS_1_025,WI_1,11609,4.27
FOODS_1_036,WI_1,11609,1.78
FOODS_1_049,WI_1,11609,2.24
FOODS_1_053,WI_1,11609,6.72
FOODS_1_058,WI_1,11609,1.96
FOODS_1_062,WI_1,11609,4.27
FOODS_1_066,WI_1,11609,1.36
FOODS_1_073,WI_1,11609,2.12
FOODS_1_074,WI_1,11609,2.24
FOODS_1_071,WI_1,11609,2.0
FOODS_1_080,WI_1,11609,7.58
FOODS_1_081,WI_1,11609,7.27
FOODS_1_096,WI_1,11609,7.23
FOODS_1_098,WI_1,11609,6.1
FOODS_1_106,WI_1,11609,3.54
FOODS_1_110,WI_1,11609,1.96
FOODS_1_109,WI_1,11609,2.24
FOODS_1_114,WI_1,11609,3.54
FOODS_1_137,WI_1,11609,2.0
FOODS_1_155,WI_1,11609,0.98
FOODS_1_157,WI_1,11609,6.47
FOODS_1_163,WI_1,11609,0.98
FOODS_1_191,WI_1,11609,6.77
FOODS_1_190,WI_1,11609,0.98
FOODS_1_188,WI_1,11609,2.98
FOODS_1_207,WI_1,11609,3.32
FOODS_1_202,WI_1,11609,0.98
FOODS_1_213,WI_1,11609,2.24
FOODS_1_214,WI_1,11609,3.14
FOODS_2_002,WI_1,11609,1.87
FOODS_2_007,WI_1,11609,2.98
FOODS_2_019,WI_1,11609,3.42
FOODS_2_014,WI_1,11609,2.96
FOODS_2_026,WI_1,11609,2.48
FOODS_2_021,WI_1,11609,0.94
FOODS_2_031,WI_1,11609,1.87
FOODS_2_087,WI_1,11609,10.97
FOODS_2_094,WI_1,11609,1.28
FOODS_2_100,WI_1,11609,2.5
FOODS_2_107,WI_1,11609,2.0
FOODS_2_110,WI_1,11609,2.38
FOODS_2_122,WI_1,11609,4.93
FOODS_2_150,WI_1,11609,2.96
FOODS_2_158,WI_1,11609,1.28
FOODS_2_176,WI_1,11609,2.98
FOODS_2_179,WI_1,11609,4.97
FOODS_2_172,WI_1,11609,2.5
FOODS_2_191,WI_1,11609,8.98
FOODS_2_192,WI_1,11609,1.97
FOODS_2_193,WI_1,11609,4.98
FOODS_2_203,WI_1,11609,3.62
FOODS_2_211,WI_1,11609,2.5
FOODS_2_205,WI_1,11609,2.5
FOODS_2_228,WI_1,11609,4.93
FOODS_2_245,WI_1,11609,2.98
FOODS_2_247,WI_1,11609,2.25
FOODS_2_260,WI_1,11609,2.5
FOODS_2_257,WI_1,11609,1.0
FOODS_2_253,WI_1,11609,7.82
FOODS_2_263,WI_1,11609,6.48
FOODS_2_261,WI_1,11609,10.0
FOODS_2_280,WI_1,11609,3.97
FOODS_2_293,WI_1,11609,4.22
FOODS_2_290,WI_1,11609,2.5
FOODS_2_303,WI_1,11609,2.18
FOODS_2_315,WI_1,11609,2.5
FOODS_2_311,WI_1,11609,2.96
FOODS_2_317,WI_1,11609,13.97
FOODS_2_323,WI_1,11609,3.97
FOODS_2_333,WI_1,11609,2.87
FOODS_2_332,WI_1,11609,3.67
FOODS_2_329,WI_1,11609,3.76
FOODS_2_358,WI_1,11609,2.5
FOODS_2_356,WI_1,11609,2.5
FOODS_2_352,WI_1,11609,9.98
FOODS_2_354,WI_1,11609,5.08
FOODS_2_355,WI_1,11609,2.5
FOODS_2_364,WI_1,11609,2.74
FOODS_2_380,WI_1,11609,4.97
FOODS_2_394,WI_1,11609,2.97
FOODS_2_396,WI_1,11609,2.98
FOODS_3_015,WI_1,11609,1.78
FOODS_3_028,WI_1,11609,3.88
FOODS_3_035,WI_1,11609,4.18
FOODS_3_036,WI_1,11609,2.88
FOODS_3_051,WI_1,11609,1.98
FOODS_3_066,WI_1,11609,2.98
FOODS_3_064,WI_1,11609,1.18
FOODS_3_072,WI_1,11609,2.5
FOODS_3_121,WI_1,11609,2.98
FOODS_3_125,WI_1,11609,4.98
FOODS_3_136,WI_1,11609,4.44
FOODS_3_134,WI_1,11609,6.98
FOODS_3_140,WI_1,11609,3.0
FOODS_3_155,WI_1,11609,1.98
FOODS_3_156,WI_1,11609,4.18
FOODS_3_161,WI_1,11609,1.98
FOODS_3_173,WI_1,11609,11.82
FOODS_3_169,WI_1,11609,3.98
FOODS_3_218,WI_1,11609,2.0
FOODS_3_233,WI_1,11609,2.56
FOODS_3_249,WI_1,11609,2.68
FOODS_3_248,WI_1,11609,1.98
FOODS_3_247,WI_1,11609,4.94
FOODS_3_267,WI_1,11609,2.28
FOODS_3_272,WI_1,11609,9.98
FOODS_3_274,WI_1,11609,1.5
FOODS_3_279,WI_1,11609,2.98
FOODS_3_275,WI_1,11609,2.5
FOODS_3_277,WI_1,11609,1.78
FOODS_3_290,WI_1,11609,1.0
FOODS_3_298,WI_1,11609,18.73
FOODS_3_302,WI_1,11609,1.5
FOODS_3_297,WI_1,11609,2.88
FOODS_3_304,WI_1,11609,4.48
FOODS_3_326,WI_1,11609,1.48
FOODS_3_328,WI_1,11609,3.88
FOODS_3_323,WI_1,11609,2.48
FOODS_3_348,WI_1,11609,0.8
FOODS_3_344,WI_1,11609,2.24
FOODS_3_360,WI_1,11609,2.24
FOODS_3_380,WI_1,11609,1.98
FOODS_3_375,WI_1,11609,1.74
FOODS_3_383,WI_1,11609,1.25
FOODS_3_391,WI_1,11609,2.98
HOUSEHOLD_2_234,WI_3,11609,5.73
HOUSEHOLD_2_247,WI_3,11609,3.97
HOUSEHOLD_2_255,WI_3,11609,9.97
HOUSEHOLD_2_268,WI_3,11609,5.47
HOUSEHOLD_2_272,WI_3,11609,5.47
HOUSEHOLD_2_282,WI_3,11609,5.84
HOUSEHOLD_2_286,WI_3,11609,2.14
HOUSEHOLD_2_290,WI_3,11609,6.24
HOUSEHOLD_2_307,WI_3,11609,5.98
HOUSEHOLD_2_319,WI_3,11609,1.98
HOUSEHOLD_2_331,WI_3,11609,3.97
HOUSEHOLD_2_340,WI_3,11609,4.98
HOUSEHOLD_2_335,WI_3,11609,6.24
HOUSEHOLD_2_344,WI_3,11609,5.74
HOUSEHOLD_2_355,WI_3,11609,11.67
HOUSEHOLD_2_366,WI_3,11609,4.17
HOUSEHOLD_2_367,WI_3,11609,7.47
HOUSEHOLD_2_371,WI_3,11609,0.78
HOUSEHOLD_2_377,WI_3,11609,4.97
HOUSEHOLD_2_385,WI_3,11609,7.47
HOUSEHOLD_2_382,WI_3,11609,3.48
HOUSEHOLD_2_398,WI_3,11609,7.97
HOUSEHOLD_2_400,WI_3,11609,3.88
HOUSEHOLD_2_412,WI_3,11609,5.94
HOUSEHOLD_2_421,WI_3,11609,4.97
HOUSEHOLD_2_424,WI_3,11609,2.88
HOUSEHOLD_2_431,WI_3,11609,9.47
HOUSEHOLD_2_435,WI_3,11609,5.97
HOUSEHOLD_2_432,WI_3,11609,5.47
HOUSEHOLD_2_439,WI_3,11609,5.84
HOUSEHOLD_2_443,WI_3,11609,4.66
HOUSEHOLD_2_453,WI_3,11609,6.47
HOUSEHOLD_2_470,WI_3,11609,0.88
HOUSEHOLD_2_463,WI_3,11609,5.47
HOUSEHOLD_2_486,WI_3,11609,5.97
HOUSEHOLD_2_488,WI_3,11609,4.97
HOUSEHOLD_2_482,WI_3,11609,5.73
HOUSEHOLD_2_487,WI_3,11609,9.98
HOUSEHOLD_2_495,WI_3,11609,5.84
HOUSEHOLD_2_502,WI_3,11609,8.86
HOUSEHOLD_2_513,WI_3,11609,2.78
HOUSEHOLD_2_515,WI_3,11609,1.97
FOODS_1_026,WI_3,11609,6.98
FOODS_1_046,WI_3,11609,0.98
FOODS_1_047,WI_3,11609,3.54
FOODS_1_055,WI_3,11609,3.78
FOODS_1_067,WI_3,11609,2.0
FOODS_1_061,WI_3,11609,2.24
FOODS_1_068,WI_3,11609,3.58
FOODS_1_079,WI_3,11609,6.03
FOODS_1_077,WI_3,11609,3.28
FOODS_1_097,WI_3,11609,0.98
FOODS_1_099,WI_3,11609,0.98
FOODS_1_122,WI_3,11609,1.98
FOODS_1_135,WI_3,11609,2.68
FOODS_1_136,WI_3,11609,4.86
FOODS_1_140,WI_3,11609,6.98
FOODS_1_143,WI_3,11609,2.0
FOODS_1_138,WI_3,11609,2.68
FOODS_1_142,WI_3,11609,1.5
FOODS_1_139,WI_3,11609,0.98
FOODS_1_146,WI_3,11609,2.24
FOODS_1_177,WI_3,11609,8.98
FOODS_1_187,WI_3,11609,9.94
FOODS_1_211,WI_3,11609,7.19
FOODS_2_011,WI_3,11609,2.5
FOODS_2_008,WI_3,11609,2.5
FOODS_2_024,WI_3,11609,2.5
FOODS_2_044,WI_3,11609,2.5
FOODS_2_049,WI_3,11609,2.67
FOODS_2_054,WI_3,11609,2.97
FOODS_2_069,WI_3,11609,8.98
FOODS_2_067,WI_3,11609,2.18
FOODS_2_081,WI_3,11609,2.38
FOODS_2_074,WI_3,11609,2.57
FOODS_2_083,WI_3,11609,6.72
FOODS_2_090,WI_3,11609,8.96
FOODS_2_109,WI_3,11609,2.98
FOODS_2_111,WI_3,11609,5.97
FOODS_2_106,WI_3,11609,5.44
FOODS_2_119,WI_3,11609,2.67
FOODS_2_115,WI_3,11609,8.74
FOODS_2_130,WI_3,11609,1.58
FOODS_2_145,WI_3,11609,2.38
FOODS_2_174,WI_3,11609,2.98
FOODS_2_169,WI_3,11609,6.24
FOODS_2_183,WI_3,11609,8.98
FOODS_2_175,WI_3,11609,2.48
FOODS_2_196,WI_3,11609,3.94
FOODS_2_214,WI_3,11609,2.5
FOODS_2_230,WI_3,11609,2.18
FOODS_2_233,WI_3,11609,4.48
FOODS_2_234,WI_3,11609,2.5
FOODS_2_249,WI_3,11609,3.28
FOODS_2_270,WI_3,11609,3.28
FOODS_2_289,WI_3,11609,2.5
FOODS_2_291,WI_3,11609,6.98
FOODS_2_299,WI_3,11609,1.78
FOODS_2_296,WI_3,11609,3.44
FOODS_2_307,WI_3,11609,2.57
FOODS_2_318,WI_3,11609,4.97
FOODS_2_330,WI_3,11609,4.33
FOODS_2_338,WI_3,11609,2.97
FOODS_2_347,WI_3,11609,2.24
FOODS_2_351,WI_3,11609,2.98
FOODS_2_346,WI_3,11609,2.38
FOODS_2_359,WI_3,11609,2.24
FOODS_2_363,WI_3,11609,2.5
FOODS_2_362,WI_3,11609,6.98
FOODS_2_369,WI_3,11609,4.87
FOODS_2_385,WI_3,11609,2.38
FOODS_2_387,WI_3,11609,12.97
FOODS_2_391,WI_3,11609,2.0
FOODS_3_001,WI_3,11609,2.5
FOODS_3_016,WI_3,11609,2.98
FOODS_3_009,WI_3,11609,2.28
FOODS_3_020,WI_3,11609,0.94
FOODS_3_026,WI_3,11609,1.98
FOODS_3_021,WI_3,11609,2.48
FOODS_3_024,WI_3,11609,0.94
FOODS_3_029,WI_3,11609,1.5
FOODS_3_048,WI_3,11609,1.5
FOODS_3_075,WI_3,11609,2.88
FOODS_3_081,WI_3,11609,4.74
FOODS_3_079,WI_3,11609,5.98
FOODS_3_089,WI_3,11609,1.0
FOODS_3_087,WI_3,11609,2.56
FOODS_3_100,WI_3,11609,3.98
FOODS_3_103,WI_3,11609,3.28
FOODS_3_106,WI_3,11609,1.0
FOODS_3_105,WI_3,11609,2.88
FOODS_3_127,WI_3,11609,3.78
FOODS_3_130,WI_3,11609,2.68
FOODS_3_154,WI_3,11609,2.98
FOODS_3_151,WI_3,11609,2.5
FOODS_3_160,WI_3,11609,2.48
FOODS_3_158,WI_3,11609,6.24
FOODS_3_172,WI_3,11609,1.78
FOODS_3_184,WI_3,11609,3.43
FOODS_3_192,WI_3,11609,5.48
FOODS_3_202,WI_3,11609,4.44
FOODS_3_210,WI_3,11609,2.18
FOODS_3_220,WI_3,11609,2.98
FOODS_3_224,WI_3,11609,3.98
FOODS_3_225,WI_3,11609,1.98
FOODS_3_265,WI_3,11609,3.98
FOODS_3_264,WI_3,11609,3.98
FOODS_3_268,WI_3,11609,2.18
FOODS_3_270,WI_3,11609,2.98
FOODS_3_280,WI_3,11609,4.28
FOODS_3_363,TX_2,11609,2.77
FOODS_3_390,TX_2,11609,1.78
FOODS_3_402,TX_2,11609,6.48
FOODS_3_411,TX_2,11609,2.98
FOODS_3_424,TX_2,11609,3.88
FOODS_3_423,TX_2,11609,2.98
FOODS_3_435,TX_2,11609,1.48
FOODS_3_437,TX_2,11609,1.0
FOODS_3_440,TX_2,11609,5.22
FOODS_3_449,TX_2,11609,1.98
FOODS_3_450,TX_2,11609,3.0
FOODS_3_452,TX_2,11609,4.98
FOODS_3_446,TX_2,11609,1.18
FOODS_3_451,TX_2,11609,1.48
FOODS_3_456,TX_2,11609,3.98
FOODS_3_462,TX_2,11609,1.0
FOODS_3_464,TX_2,11609,3.48
HOUSEHOLD_1_232,WI_2,11609,4.23
HOUSEHOLD_1_242,WI_2,11609,4.88
HOUSEHOLD_1_256,WI_2,11609,5.97
HOUSEHOLD_1_261,WI_2,11609,5.97
HOUSEHOLD_1_272,WI_2,11609,9.97
HOUSEHOLD_1_267,WI_2,11609,9.74
HOUSEHOLD_1_292,WI_2,11609,6.48
HOUSEHOLD_1_295,WI_2,11609,2.98
HOUSEHOLD_1_303,WI_2,11609,0.98
HOUSEHOLD_1_301,WI_2,11609,4.94
HOUSEHOLD_1_312,WI_2,11609,2.37
HOUSEHOLD_1_307,WI_2,11609,2.97
HOUSEHOLD_1_329,WI_2,11609,4.94
HOUSEHOLD_1_337,WI_2,11609,4.97
HOUSEHOLD_1_335,WI_2,11609,5.0
HOUSEHOLD_1_345,WI_2,11609,4.22
HOUSEHOLD_1_346,WI_2,11609,3.94
HOUSEHOLD_1_342,WI_2,11609,17.97
HOUSEHOLD_1_360,WI_2,11609,3.96
HOUSEHOLD_1_351,WI_2,11609,0.97
HOUSEHOLD_1_368,WI_2,11609,8.48
HOUSEHOLD_1_373,WI_2,11609,3.42
HOUSEHOLD_1_371,WI_2,11609,4.94
HOUSEHOLD_1_378,WI_2,11609,21.78
HOUSEHOLD_1_393,WI_2,11609,1.98
HOUSEHOLD_1_410,WI_2,11609,3.97
HOUSEHOLD_1_413,WI_2,11609,17.97
HOUSEHOLD_1_411,WI_2,11609,3.28
HOUSEHOLD_1_443,WI_2,11609,2.47
HOUSEHOLD_1_450,WI_2,11609,3.42
HOUSEHOLD_1_469,WI_2,11609,17.97
HOUSEHOLD_1_478,WI_2,11609,2.67
HOUSEHOLD_1_479,WI_2,11609,7.56
HOUSEHOLD_1_485,WI_2,11609,2.97
HOUSEHOLD_1_486,WI_2,11609,18.87
HOUSEHOLD_1_503,WI_2,11609,1.28
HOUSEHOLD_1_511,WI_2,11609,6.27
HOUSEHOLD_1_519,WI_2,11609,4.88
HOUSEHOLD_1_528,WI_2,11609,2.97
HOUSEHOLD_1_539,WI_2,11609,3.97
HOUSEHOLD_1_533,WI_2,11609,4.97
HOUSEHOLD_1_534,WI_2,11609,9.97
HOUSEHOLD_2_012,WI_2,11609,4.78
HOUSEHOLD_2_029,WI_2,11609,10.43
HOUSEHOLD_2_030,WI_2,11609,3.97
HOUSEHOLD_2_027,WI_2,11609,4.97
HOUSEHOLD_2_052,WI_2,11609,4.97
HOUSEHOLD_2_078,WI_2,11609,5.84
HOUSEHOLD_2_072,WI_2,11609,2.58
HOUSEHOLD_2_077,WI_2,11609,3.48
HOUSEHOLD_2_082,WI_2,11609,5.92
HOUSEHOLD_2_091,WI_2,11609,8.97
HOUSEHOLD_2_095,WI_2,11609,6.47
HOUSEHOLD_2_101,WI_2,11609,4.49
HOUSEHOLD_2_106,WI_2,11609,8.44
HOUSEHOLD_2_114,WI_2,11609,5.94
HOUSEHOLD_2_117,WI_2,11609,2.46
HOUSEHOLD_2_119,WI_2,11609,5.84
HOUSEHOLD_2_125,WI_2,11609,8.88
HOUSEHOLD_2_126,WI_2,11609,6.97
HOUSEHOLD_2_172,WI_2,11609,5.94
HOUSEHOLD_2_175,WI_2,11609,5.97
HOUSEHOLD_2_178,WI_2,11609,6.96
HOUSEHOLD_2_187,WI_2,11609,3.33
HOUSEHOLD_2_190,WI_2,11609,0.98
HOUSEHOLD_2_209,WI_2,11609,7.97
HOUSEHOLD_2_208,WI_2,11609,12.97
HOUSEHOLD_2_214,WI_2,11609,6.94
HOUSEHOLD_2_217,WI_2,11609,2.87
HOUSEHOLD_2_213,WI_2,11609,0.93
HOUSEHOLD_2_226,WI_2,11609,6.97
HOUSEHOLD_2_228,WI_2,11609,5.47
HOUSEHOLD_2_238,WI_2,11609,9.93
HOUSEHOLD_2_236,WI_2,11609,8.48
HOUSEHOLD_2_241,WI_2,11609,4.94
HOUSEHOLD_2_243,WI_2,11609,2.97
HOUSEHOLD_2_251,WI_2,11609,3.97
HOUSEHOLD_2_260,WI_2,11609,6.97
HOUSEHOLD_2_264,WI_2,11609,3.48
HOUSEHOLD_2_287,WI_2,11609,1.94
HOUSEHOLD_2_284,WI_2,11609,5.94
HOUSEHOLD_2_285,WI_2,11609,4.67
HOUSEHOLD_2_280,WI_2,11609,5.97
HOUSEHOLD_2_294,WI_2,11609,4.77
HOUSEHOLD_2_301,WI_2,11609,1.97
HOUSEHOLD_2_305,WI_2,11609,5.47
HOUSEHOLD_2_313,WI_2,11609,1.97
HOUSEHOLD_2_314,WI_2,11609,1.97
HOUSEHOLD_2_320,WI_2,11609,8.47
HOUSEHOLD_2_318,WI_2,11609,3.97
HOUSEHOLD_2_326,WI_2,11609,5.94
HOUSEHOLD_2_323,WI_2,11609,3.97
HOUSEHOLD_2_333,WI_2,11609,4.98
HOUSEHOLD_2_349,WI_2,11609,4.97
HOUSEHOLD_2_365,WI_2,11609,4.87
HOUSEHOLD_2_370,WI_2,11609,6.27
HOUSEHOLD_2_389,WI_2,11609,1.97
HOUSEHOLD_2_403,WI_2,11609,5.44
HOUSEHOLD_2_411,WI_2,11609,5.84
HOUSEHOLD_2_420,WI_2,11609,5.64
HOUSEHOLD_2_428,WI_2,11609,7.94
HOUSEHOLD_2_430,WI_2,11609,3.97
HOUSEHOLD_2_442,WI_2,11609,1.48
HOUSEHOLD_2_447,WI_2,11609,1.97
HOUSEHOLD_2_450,WI_2,11609,10.43
HOUSEHOLD_2_467,WI_2,11609,3.97
HOUSEHOLD_2_503,WI_2,11609,6.94
HOUSEHOLD_2_505,WI_2,11609,4.97
HOUSEHOLD_2_504,WI_2,11609,1.97
HOUSEHOLD_2_508,WI_2,11609,15.94
FOODS_1_002,WI_2,11609,9.48
FOODS_1_005,WI_2,11609,3.54
FOODS_1_021,WI_2,11609,0.98
FOODS_1_022,WI_2,11609,6.47
FOODS_1_031,WI_2,11609,3.54
FOODS_1_030,WI_2,11609,3.48
FOODS_1_027,WI_2,11609,1.96
FOODS_1_033,WI_2,11609,7.27
FOODS_1_039,WI_2,11609,2.48
FOODS_1_042,WI_2,11609,0.94
FOODS_1_063,WI_2,11609,2.48
FOODS_1_076,WI_2,11609,6.72
FOODS_1_082,WI_2,11609,0.98
FOODS_1_084,WI_2,11609,6.03
FOODS_1_086,WI_2,11609,1.83
FOODS_1_095,WI_2,11609,4.79
FOODS_1_092,WI_2,11609,1.96
FOODS_1_102,WI_2,11609,1.78
FOODS_1_107,WI_2,11609,6.03
FOODS_1_126,WI_2,11609,2.24
FOODS_1_127,WI_2,11609,2.12
FOODS_1_133,WI_2,11609,3.48
FOODS_1_151,WI_2,11609,11.84
FOODS_1_147,WI_2,11609,6.47
FOODS_1_158,WI_2,11609,4.68
FOODS_1_156,WI_2,11609,2.24
FOODS_1_173,WI_2,11609,2.0
FOODS_1_192,WI_2,11609,2.24
FOODS_1_195,WI_2,11609,2.24
FOODS_1_196,WI_2,11609,2.0
FOODS_1_216,WI_2,11609,5.28
FOODS_1_215,WI_2,11609,1.84
FOODS_2_012,WI_2,11609,2.96
FOODS_2_018,WI_2,11609,6.98
FOODS_2_038,WI_2,11609,6.08
FOODS_2_052,WI_2,11609,13.97
FOODS_2_063,WI_2,11609,2.96
FOODS_2_062,WI_2,11609,5.77
FOODS_2_082,WI_2,11609,5.98
FOODS_2_092,WI_2,11609,3.5
HOBBIES_2_061,CA_2,11609,1.97
HOBBIES_2_075,CA_2,11609,2.88
HOBBIES_2_081,CA_2,11609,1.97
HOBBIES_2_097,CA_2,11609,1.97
HOBBIES_2_103,CA_2,11609,2.5
HOBBIES_2_106,CA_2,11609,0.97
HOBBIES_2_104,CA_2,11609,2.97
HOBBIES_2_109,CA_2,11609,0.97
HOBBIES_2_116,CA_2,11609,2.97
HOBBIES_2_125,CA_2,11609,0.97
HOBBIES_2_126,CA_2,11609,0.5
HOBBIES_2_142,CA_2,11609,0.23
HOUSEHOLD_1_001,CA_2,11609,5.97
HOUSEHOLD_1_012,CA_2,11609,3.92
HOUSEHOLD_1_014,CA_2,11609,17.97
HOUSEHOLD_1_016,CA_2,11609,4.88
HOUSEHOLD_1_034,CA_2,11609,3.93
HOUSEHOLD_1_029,CA_2,11609,7.48
HOUSEHOLD_1_026,CA_2,11609,2.97
HOUSEHOLD_1_039,CA_2,11609,2.97
HOUSEHOLD_1_056,CA_2,11609,11.97
HOUSEHOLD_1_063,CA_2,11609,9.97
HOUSEHOLD_1_064,CA_2,11609,5.78
HOUSEHOLD_1_067,CA_2,11609,3.97
HOUSEHOLD_1_097,CA_2,11609,3.97
HOUSEHOLD_1_101,CA_2,11609,2.37
HOUSEHOLD_1_093,CA_2,11609,3.94
HOUSEHOLD_1_104,CA_2,11609,2.97
HOUSEHOLD_1_118,CA_2,11609,0.97
HOUSEHOLD_1_135,CA_2,11609,1.48
HOUSEHOLD_1_147,CA_2,11609,0.96
HOUSEHOLD_1_165,CA_2,11609,17.97
HOUSEHOLD_1_167,CA_2,11609,2.74
HOUSEHOLD_1_195,CA_2,11609,3.88
HOUSEHOLD_1_198,CA_2,11609,0.97
HOUSEHOLD_1_206,CA_2,11609,4.92
HOUSEHOLD_1_222,CA_2,11609,9.97
HOUSEHOLD_1_227,CA_2,11609,2.73
HOUSEHOLD_1_247,CA_2,11609,0.97
HOUSEHOLD_1_241,CA_2,11609,7.94
HOUSEHOLD_1_245,CA_2,11609,2.67
HOUSEHOLD_1_251,CA_2,11609,1.98
HOUSEHOLD_1_259,CA_2,11609,7.48
HOUSEHOLD_1_278,CA_2,11609,5.97
HOUSEHOLD_1_275,CA_2,11609,2.97
HOUSEHOLD_1_276,CA_2,11609,17.97
HOUSEHOLD_1_287,CA_2,11609,4.63
HOUSEHOLD_1_290,CA_2,11609,9.84
HOUSEHOLD_1_313,CA_2,11609,3.97
HOUSEHOLD_1_359,CA_2,11609,6.88
HOUSEHOLD_1_369,CA_2,11609,3.72
HOUSEHOLD_1_389,CA_2,11609,0.98
HOUSEHOLD_1_394,CA_2,11609,4.88
HOUSEHOLD_1_397,CA_2,11609,2.78
HOUSEHOLD_1_422,CA_2,11609,3.62
HOUSEHOLD_1_434,CA_2,11609,3.97
HOUSEHOLD_1_436,CA_2,11609,9.97
HOUSEHOLD_1_435,CA_2,11609,7.93
HOUSEHOLD_1_456,CA_2,11609,6.97
HOUSEHOLD_1_455,CA_2,11609,2.97
HOUSEHOLD_1_468,CA_2,11609,4.98
HOUSEHOLD_1_470,CA_2,11609,2.98
HOUSEHOLD_1_471,CA_2,11609,2.74
HOUSEHOLD_1_480,CA_2,11609,2.73
HOUSEHOLD_1_489,CA_2,11609,9.97
HOUSEHOLD_1_521,CA_2,11609,0.98
HOUSEHOLD_1_537,CA_2,11609,15.97
HOUSEHOLD_1_527,CA_2,11609,5.24
HOUSEHOLD_2_016,CA_2,11609,1.62
HOUSEHOLD_2_018,CA_2,11609,7.94
HOUSEHOLD_2_022,CA_2,11609,5.64
HOUSEHOLD_2_051,CA_2,11609,9.97
HOUSEHOLD_2_050,CA_2,11609,8.48
HOUSEHOLD_2_049,CA_2,11609,3.42
HOUSEHOLD_2_056,CA_2,11609,5.97
HOUSEHOLD_2_063,CA_2,11609,4.97
HOUSEHOLD_2_058,CA_2,11609,9.97
HOUSEHOLD_2_057,CA_2,11609,4.97
HOUSEHOLD_2_071,CA_2,11609,6.47
HOUSEHOLD_2_075,CA_2,11609,1.84
HOUSEHOLD_2_080,CA_2,11609,8.98
HOUSEHOLD_2_096,CA_2,11609,3.47
HOUSEHOLD_2_100,CA_2,11609,8.64
HOUSEHOLD_2_112,CA_2,11609,3.97
HOUSEHOLD_2_121,CA_2,11609,1.97
HOUSEHOLD_2_133,CA_2,11609,4.97
HOUSEHOLD_2_140,CA_2,11609,6.97
HOUSEHOLD_2_145,CA_2,11609,3.97
HOUSEHOLD_2_151,CA_2,11609,4.44
HOUSEHOLD_2_158,CA_2,11609,11.47
HOUSEHOLD_2_183,CA_2,11609,4.97
HOUSEHOLD_2_185,CA_2,11609,3.48
HOUSEHOLD_2_195,CA_2,11609,14.97
HOUSEHOLD_2_198,CA_2,11609,7.97
HOUSEHOLD_2_200,CA_2,11609,6.94
HOUSEHOLD_2_206,CA_2,11609,2.87
HOUSEHOLD_2_203,CA_2,11609,2.97
HOUSEHOLD_2_222,CA_2,11609,4.97
HOUSEHOLD_2_231,CA_2,11609,3.96
HOUSEHOLD_2_246,CA_2,11609,7.87
HOUSEHOLD_2_249,CA_2,11609,8.64
HOUSEHOLD_2_253,CA_2,11609,5.97
HOUSEHOLD_2_269,CA_2,11609,10.97
HOUSEHOLD_2_265,CA_2,11609,4.97
HOUSEHOLD_2_304,CA_2,11609,5.94
HOUSEHOLD_2_298,CA_2,11609,3.42
HOUSEHOLD_2_300,CA_2,11609,7.97
HOUSEHOLD_2_310,CA_2,11609,1.42
HOUSEHOLD_2_315,CA_2,11609,7.67
HOUSEHOLD_2_311,CA_2,11609,5.94
HOUSEHOLD_2_324,CA_2,11609,14.26
HOUSEHOLD_2_337,CA_2,11609,6.77
HOUSEHOLD_2_338,CA_2,11609,4.92
HOUSEHOLD_2_343,CA_2,11609,2.78
HOUSEHOLD_2_352,CA_2,11609,2.97
HOUSEHOLD_2_357,CA_2,11609,7.97
HOUSEHOLD_2_383,CA_2,11609,3.88
HOUSEHOLD_2_390,CA_2,11609,5.98
HOUSEHOLD_2_392,CA_2,11609,4.97
HOUSEHOLD_2_394,CA_2,11609,6.27
HOUSEHOLD_2_397,CA_2,11609,6.98
HOUSEHOLD_2_399,CA_2,11609,2.67
HOUSEHOLD_2_407,CA_2,11609,4.94
HOUSEHOLD_2_408,CA_2,11609,8.48
HOUSEHOLD_2_413,CA_2,11609,3.68
HOUSEHOLD_2_434,CA_2,11609,1.88
HOUSEHOLD_2_437,CA_2,11609,7.97
HOUSEHOLD_2_438,CA_2,11609,8.87
HOUSEHOLD_2_458,CA_2,11609,3.96
HOUSEHOLD_2_471,CA_2,11609,3.48
HOUSEHOLD_2_483,CA_2,11609,4.97
HOBBIES_1_400,TX_2,11609,1.14
HOBBIES_1_396,TX_2,11609,1.88
HOBBIES_1_402,TX_2,11609,9.94
HOBBIES_1_409,TX_2,11609,5.76
HOBBIES_1_415,TX_2,11609,6.68
HOBBIES_1_417,TX_2,11609,0.57
HOBBIES_1_424,TX_2,11609,1.63
HOBBIES_2_006,TX_2,11609,3.97
HOBBIES_2_021,TX_2,11609,0.97
HOBBIES_2_052,TX_2,11609,2.47
HOBBIES_2_076,TX_2,11609,2.88
HOBBIES_2_090,TX_2,11609,1.77
HOBBIES_2_098,TX_2,11609,0.88
HOBBIES_2_095,TX_2,11609,0.88
HOBBIES_2_129,TX_2,11609,0.23
HOBBIES_2_144,TX_2,11609,0.5
HOBBIES_2_149,TX_2,11609,0.97
HOUSEHOLD_1_006,TX_2,11609,6.97
HOUSEHOLD_1_018,TX_2,11609,9.97
HOUSEHOLD_1_023,TX_2,11609,8.97
HOUSEHOLD_1_038,TX_2,11609,5.22
HOUSEHOLD_1_030,TX_2,11609,4.64
HOUSEHOLD_1_040,TX_2,11609,4.94
HOUSEHOLD_1_044,TX_2,11609,17.97
HOUSEHOLD_1_043,TX_2,11609,2.97
HOUSEHOLD_1_055,TX_2,11609,3.88
HOUSEHOLD_1_070,TX_2,11609,3.93
HOUSEHOLD_1_071,TX_2,11609,2.36
HOUSEHOLD_1_076,TX_2,11609,4.88
HOUSEHOLD_1_095,TX_2,11609,5.97
HOUSEHOLD_1_103,TX_2,11609,4.64
HOUSEHOLD_1_110,TX_2,11609,3.97
HOUSEHOLD_1_126,TX_2,11609,8.96
HOUSEHOLD_1_132,TX_2,11609,1.97
HOUSEHOLD_1_134,TX_2,11609,4.23
HOUSEHOLD_1_189,TX_2,11609,5.88
HOUSEHOLD_1_190,TX_2,11609,4.94
HOUSEHOLD_1_196,TX_2,11609,1.97
HOUSEHOLD_1_203,TX_2,11609,4.94
HOUSEHOLD_1_207,TX_2,11609,7.97
HOUSEHOLD_1_209,TX_2,11609,3.47
HOUSEHOLD_1_219,TX_2,11609,6.48
HOUSEHOLD_1_217,TX_2,11609,1.83
HOUSEHOLD_1_213,TX_2,11609,4.48
HOUSEHOLD_1_216,TX_2,11609,11.97
HOUSEHOLD_1_230,TX_2,11609,3.28
HOUSEHOLD_1_225,TX_2,11609,1.88
HOUSEHOLD_1_226,TX_2,11609,2.92
HOUSEHOLD_1_237,TX_2,11609,5.88
HOUSEHOLD_1_249,TX_2,11609,7.97
HOUSEHOLD_1_253,TX_2,11609,3.47
HOUSEHOLD_1_264,TX_2,11609,7.47
HOUSEHOLD_1_285,TX_2,11609,2.76
HOUSEHOLD_1_283,TX_2,11609,1.48
HOUSEHOLD_1_286,TX_2,11609,4.93
HOUSEHOLD_1_298,TX_2,11609,3.72
HOUSEHOLD_1_305,TX_2,11609,2.97
HOUSEHOLD_1_308,TX_2,11609,6.94
HOUSEHOLD_1_314,TX_2,11609,7.98
HOUSEHOLD_1_323,TX_2,11609,4.68
HOUSEHOLD_1_322,TX_2,11609,2.97
HOUSEHOLD_1_332,TX_2,11609,9.74
HOUSEHOLD_1_354,TX_2,11609,1.93
HOUSEHOLD_1_367,TX_2,11609,3.97
HOUSEHOLD_1_366,TX_2,11609,5.96
HOUSEHOLD_1_361,TX_2,11609,1.88
HOUSEHOLD_1_363,TX_2,11609,2.97
HOUSEHOLD_1_375,TX_2,11609,7.97
HOUSEHOLD_1_387,TX_2,11609,2.88
HOUSEHOLD_1_388,TX_2,11609,3.47
HOUSEHOLD_1_406,TX_2,11609,4.97
HOUSEHOLD_1_417,TX_2,11609,5.48
HOUSEHOLD_1_429,TX_2,11609,2.92
HOUSEHOLD_1_437,TX_2,11609,2.96
HOUSEHOLD_1_457,TX_2,11609,10.47
HOUSEHOLD_1_464,TX_2,11609,9.47
HOUSEHOLD_1_472,TX_2,11609,4.82
HOUSEHOLD_1_482,TX_2,11609,2.96
HOUSEHOLD_1_491,TX_2,11609,6.42
HOUSEHOLD_1_523,TX_2,11609,20.53
HOUSEHOLD_1_526,TX_2,11609,4.94
HOUSEHOLD_1_535,TX_2,11609,6.97
HOUSEHOLD_1_532,TX_2,11609,2.48
HOUSEHOLD_1_541,TX_2,11609,6.97
HOUSEHOLD_2_002,TX_2,11609,2.67
HOUSEHOLD_2_006,TX_2,11609,3.44
HOUSEHOLD_2_008,TX_2,11609,2.46
HOUSEHOLD_2_011,TX_2,11609,5.62
HOUSEHOLD_2_031,TX_2,11609,5.94
HOUSEHOLD_2_034,TX_2,11609,11.84
HOUSEHOLD_2_037,TX_2,11609,11.84
HOUSEHOLD_2_045,TX_2,11609,8.64
HOUSEHOLD_2_047,TX_2,11609,3.67
HOUSEHOLD_2_048,TX_2,11609,3.94
HOUSEHOLD_2_044,TX_2,11609,3.48
HOUSEHOLD_2_064,TX_2,11609,3.87
HOUSEHOLD_2_092,TX_2,11609,5.94
HOUSEHOLD_2_088,TX_2,11609,6.97
HOUSEHOLD_2_086,TX_2,11609,3.97
HOUSEHOLD_2_093,TX_2,11609,3.24
HOUSEHOLD_2_113,TX_2,11609,1.88
HOUSEHOLD_2_111,TX_2,11609,6.44
HOUSEHOLD_2_118,TX_2,11609,3.42
HOUSEHOLD_2_128,TX_2,11609,5.94
HOUSEHOLD_2_131,TX_2,11609,11.97
HOUSEHOLD_2_134,TX_2,11609,5.94
HOUSEHOLD_2_129,TX_2,11609,5.73
HOUSEHOLD_2_142,TX_2,11609,1.97
HOUSEHOLD_2_146,TX_2,11609,6.47
HOUSEHOLD_2_168,TX_2,11609,6.94
HOUSEHOLD_2_169,TX_2,11609,5.84
HOUSEHOLD_2_167,TX_2,11609,2.88
HOUSEHOLD_2_191,TX_2,11609,5.44
HOUSEHOLD_2_193,TX_2,11609,4.94
HOUSEHOLD_2_197,TX_2,11609,3.97
HOUSEHOLD_2_201,TX_2,11609,6.54
HOUSEHOLD_2_205,TX_2,11609,5.84
HOUSEHOLD_2_221,TX_2,11609,2.77
HOUSEHOLD_2_234,TX_2,11609,5.73
HOUSEHOLD_2_247,TX_2,11609,3.97
HOUSEHOLD_2_255,TX_2,11609,9.97
HOUSEHOLD_2_268,TX_2,11609,5.47
HOUSEHOLD_2_272,TX_2,11609,5.47
HOUSEHOLD_2_282,TX_2,11609,5.84
HOUSEHOLD_2_290,TX_2,11609,6.24
HOUSEHOLD_2_286,TX_2,11609,2.14
HOUSEHOLD_2_307,TX_2,11609,5.98
HOUSEHOLD_2_319,TX_2,11609,1.98
HOUSEHOLD_2_331,TX_2,11609,3.97
HOUSEHOLD_2_340,TX_2,11609,4.98
HOUSEHOLD_2_344,TX_2,11609,5.74
HOUSEHOLD_2_335,TX_2,11609,6.24
HOUSEHOLD_2_355,TX_2,11609,11.67
HOUSEHOLD_2_366,TX_2,11609,4.17
HOUSEHOLD_2_367,TX_2,11609,7.47
HOUSEHOLD_2_371,TX_2,11609,0.78
HOUSEHOLD_2_377,TX_2,11609,4.97
HOUSEHOLD_2_385,TX_2,11609,7.47
HOUSEHOLD_2_382,TX_2,11609,3.48
FOODS_2_104,WI_2,11609,7.48
FOODS_2_113,WI_2,11609,2.5
FOODS_2_126,WI_2,11609,4.88
FOODS_2_149,WI_2,11609,6.98
FOODS_2_160,WI_2,11609,2.88
FOODS_2_159,WI_2,11609,3.97
FOODS_2_177,WI_2,11609,3.33
FOODS_2_188,WI_2,11609,2.5
FOODS_2_200,WI_2,11609,4.32
FOODS_2_215,WI_2,11609,1.84
FOODS_2_220,WI_2,11609,2.0
FOODS_2_223,WI_2,11609,2.18
FOODS_2_221,WI_2,11609,1.0
FOODS_2_240,WI_2,11609,1.87
FOODS_2_255,WI_2,11609,2.56
FOODS_2_272,WI_2,11609,1.87
FOODS_2_288,WI_2,11609,2.5
FOODS_2_287,WI_2,11609,2.5
FOODS_2_304,WI_2,11609,3.97
FOODS_2_302,WI_2,11609,9.98
FOODS_2_328,WI_2,11609,4.42
FOODS_2_339,WI_2,11609,3.5
FOODS_2_336,WI_2,11609,2.5
FOODS_2_371,WI_2,11609,1.68
FOODS_2_388,WI_2,11609,2.98
FOODS_2_399,WI_2,11609,2.0
FOODS_3_002,WI_2,11609,2.56
FOODS_3_013,WI_2,11609,2.58
FOODS_3_039,WI_2,11609,3.98
FOODS_3_059,WI_2,11609,1.88
FOODS_3_080,WI_2,11609,1.68
FOODS_3_090,WI_2,11609,1.38
FOODS_3_098,WI_2,11609,4.44
FOODS_3_109,WI_2,11609,1.0
FOODS_3_113,WI_2,11609,1.18
FOODS_3_114,WI_2,11609,2.68
FOODS_3_111,WI_2,11609,4.98
FOODS_3_124,WI_2,11609,5.44
FOODS_3_120,WI_2,11609,4.98
FOODS_3_133,WI_2,11609,0.8
FOODS_3_131,WI_2,11609,1.0
FOODS_3_135,WI_2,11609,1.48
FOODS_3_139,WI_2,11609,4.98
FOODS_3_146,WI_2,11609,5.44
FOODS_3_181,WI_2,11609,2.98
FOODS_3_196,WI_2,11609,4.48
FOODS_3_201,WI_2,11609,2.56
FOODS_3_204,WI_2,11609,2.48
FOODS_3_216,WI_2,11609,2.56
FOODS_3_235,WI_2,11609,1.74
FOODS_3_230,WI_2,11609,3.78
FOODS_3_242,WI_2,11609,9.86
FOODS_3_262,WI_2,11609,6.72
FOODS_3_276,WI_2,11609,4.48
FOODS_3_288,WI_2,11609,1.45
FOODS_3_303,WI_2,11609,2.98
FOODS_3_308,WI_2,11609,4.98
FOODS_3_319,WI_2,11609,0.94
FOODS_3_322,WI_2,11609,2.56
FOODS_3_334,WI_2,11609,2.98
FOODS_3_332,WI_2,11609,1.98
FOODS_3_339,WI_2,11609,0.8
FOODS_3_349,WI_2,11609,1.68
FOODS_3_369,WI_2,11609,3.98
FOODS_3_367,WI_2,11609,2.68
FOODS_3_374,WI_2,11609,2.5
FOODS_3_377,WI_2,11609,1.68
FOODS_3_454,WI_2,11609,0.25
FOODS_3_465,WI_2,11609,1.74
FOODS_3_459,WI_2,11609,1.88
FOODS_3_474,WI_2,11609,1.88
FOODS_3_473,WI_2,11609,4.18
FOODS_3_482,WI_2,11609,2.98
FOODS_3_485,WI_2,11609,3.56
FOODS_3_507,WI_2,11609,1.98
FOODS_3_529,WI_2,11609,3.98
FOODS_3_533,WI_2,11609,4.98
FOODS_3_536,WI_2,11609,2.98
FOODS_3_532,WI_2,11609,2.98
FOODS_3_548,WI_2,11609,2.58
FOODS_3_558,WI_2,11609,2.98
FOODS_3_559,WI_2,11609,3.0
FOODS_3_567,WI_2,11609,1.74
FOODS_3_577,WI_2,11609,3.43
FOODS_3_572,WI_2,11609,2.5
FOODS_3_573,WI_2,11609,1.0
FOODS_3_579,WI_2,11609,1.98
FOODS_3_594,WI_2,11609,0.94
FOODS_3_617,WI_2,11609,2.78
FOODS_3_630,WI_2,11609,2.68
FOODS_3_643,WI_2,11609,1.74
FOODS_3_650,WI_2,11609,2.98
FOODS_3_655,WI_2,11609,1.98
FOODS_3_656,WI_2,11609,3.48
FOODS_3_669,WI_2,11609,0.75
FOODS_3_681,WI_2,11609,1.0
FOODS_3_685,WI_2,11609,2.5
FOODS_3_687,WI_2,11609,3.0
FOODS_3_694,WI_2,11609,1.68
FOODS_3_696,WI_2,11609,4.54
FOODS_3_723,WI_2,11609,1.5
FOODS_3_724,WI_2,11609,6.48
FOODS_3_725,WI_2,11609,2.88
FOODS_3_731,WI_2,11609,2.98
FOODS_3_744,WI_2,11609,2.28
FOODS_3_749,WI_2,11609,1.74
FOODS_3_767,WI_2,11609,0.94
FOODS_3_778,WI_2,11609,2.28
FOODS_3_787,WI_2,11609,2.48
FOODS_3_797,WI_2,11609,3.98
FOODS_3_805,WI_2,11609,1.0
FOODS_3_816,WI_2,11609,0.25
FOODS_3_825,WI_2,11609,3.98
HOBBIES_1_011,WI_3,11609,3.48
HOBBIES_1_019,WI_3,11609,0.48
HOBBIES_1_023,WI_3,11609,2.97
HOBBIES_1_028,WI_3,11609,7.98
HOBBIES_1_054,WI_3,11609,2.97
HOBBIES_1_067,WI_3,11609,0.57
HOBBIES_1_073,WI_3,11609,5.47
HOBBIES_1_072,WI_3,11609,1.97
HOBBIES_1_066,WI_3,11609,1.25
HOBBIES_1_085,WI_3,11609,14.72
HOBBIES_1_099,WI_3,11609,13.98
HOBBIES_1_094,WI_3,11609,12.97
HOBBIES_1_091,WI_3,11609,0.7
HOBBIES_1_114,WI_3,11609,5.97
HOBBIES_1_115,WI_3,11609,0.68
HOBBIES_1_113,WI_3,11609,1.47
HOBBIES_1_125,WI_3,11609,4.32
HOBBIES_1_136,WI_3,11609,4.88
HOBBIES_1_129,WI_3,11609,4.88
HOBBIES_1_133,WI_3,11609,12.88
HOBBIES_1_146,WI_3,11609,4.86
HOBBIES_1_147,WI_3,11609,9.97
HOBBIES_1_157,WI_3,11609,11.28
HOBBIES_1_155,WI_3,11609,18.98
HOBBIES_1_158,WI_3,11609,22.98
HOBBIES_1_174,WI_3,11609,4.88
HOBBIES_1_177,WI_3,11609,4.24
HOBBIES_1_180,WI_3,11609,19.98
HOBBIES_1_188,WI_3,11609,12.88
HOUSEHOLD_2_051,CA_1,11609,9.97
HOUSEHOLD_2_050,CA_1,11609,8.48
HOUSEHOLD_2_049,CA_1,11609,3.42
HOUSEHOLD_2_063,CA_1,11609,4.97
HOUSEHOLD_2_056,CA_1,11609,5.97
HOUSEHOLD_2_058,CA_1,11609,9.97
HOUSEHOLD_2_057,CA_1,11609,4.97
HOUSEHOLD_2_071,CA_1,11609,6.47
HOUSEHOLD_2_075,CA_1,11609,1.84
HOUSEHOLD_2_080,CA_1,11609,8.98
HOUSEHOLD_2_096,CA_1,11609,3.47
HOUSEHOLD_2_100,CA_1,11609,8.64
HOUSEHOLD_2_112,CA_1,11609,3.97
HOUSEHOLD_2_121,CA_1,11609,1.97
HOUSEHOLD_2_133,CA_1,11609,4.97
HOUSEHOLD_2_140,CA_1,11609,6.97
HOUSEHOLD_2_145,CA_1,11609,3.97
HOUSEHOLD_2_151,CA_1,11609,4.44
HOUSEHOLD_2_158,CA_1,11609,11.47
HOUSEHOLD_2_183,CA_1,11609,4.97
HOUSEHOLD_2_185,CA_1,11609,3.48
HOUSEHOLD_2_198,CA_1,11609,7.97
HOUSEHOLD_2_195,CA_1,11609,14.97
HOUSEHOLD_2_200,CA_1,11609,6.94
HOUSEHOLD_2_206,CA_1,11609,2.87
HOUSEHOLD_2_203,CA_1,11609,2.97
HOUSEHOLD_2_222,CA_1,11609,4.97
HOUSEHOLD_2_231,CA_1,11609,3.96
HOUSEHOLD_2_246,CA_1,11609,7.87
HOUSEHOLD_2_249,CA_1,11609,8.64
HOUSEHOLD_2_253,CA_1,11609,5.97
HOUSEHOLD_2_269,CA_1,11609,10.97
HOUSEHOLD_2_265,CA_1,11609,4.97
HOUSEHOLD_2_304,CA_1,11609,5.94
HOUSEHOLD_2_298,CA_1,11609,3.42
HOUSEHOLD_2_300,CA_1,11609,7.97
HOUSEHOLD_2_310,CA_1,11609,1.42
HOUSEHOLD_2_315,CA_1,11609,7.67
HOUSEHOLD_2_311,CA_1,11609,5.94
HOUSEHOLD_2_324,CA_1,11609,14.26
HOUSEHOLD_2_337,CA_1,11609,6.77
HOUSEHOLD_2_338,CA_1,11609,4.92
HOUSEHOLD_2_343,CA_1,11609,2.78
HOUSEHOLD_2_352,CA_1,11609,2.97
HOUSEHOLD_2_357,CA_1,11609,7.97
HOUSEHOLD_2_383,CA_1,11609,3.88
HOUSEHOLD_2_390,CA_1,11609,5.98
HOUSEHOLD_2_394,CA_1,11609,6.27
HOUSEHOLD_2_392,CA_1,11609,4.97
HOUSEHOLD_2_397,CA_1,11609,6.98
HOUSEHOLD_2_399,CA_1,11609,2.67
HOUSEHOLD_2_407,CA_1,11609,4.94
HOUSEHOLD_2_408,CA_1,11609,8.48
HOUSEHOLD_2_413,CA_1,11609,3.68
HOUSEHOLD_2_434,CA_1,11609,1.88
HOUSEHOLD_2_438,CA_1,11609,8.87
HOUSEHOLD_2_437,CA_1,11609,7.97
HOUSEHOLD_2_458,CA_1,11609,3.96
HOUSEHOLD_2_471,CA_1,11609,3.48
HOUSEHOLD_2_483,CA_1,11609,4.97
HOUSEHOLD_2_492,CA_1,11609,5.92
HOUSEHOLD_2_489,CA_1,11609,14.47
HOUSEHOLD_2_490,CA_1,11609,3.48
HOUSEHOLD_2_500,CA_1,11609,5.84
FOODS_1_012,CA_1,11609,5.64
FOODS_1_018,CA_1,11609,0.98
FOODS_1_020,CA_1,11609,2.68
FOODS_1_023,CA_1,11609,5.64
FOODS_1_032,CA_1,11609,0.98
FOODS_1_038,CA_1,11609,9.94
FOODS_1_041,CA_1,11609,2.24
FOODS_1_043,CA_1,11609,1.96
FOODS_1_054,CA_1,11609,1.98
FOODS_1_060,CA_1,11609,1.68
FOODS_1_072,CA_1,11609,5.28
FOODS_1_083,CA_1,11609,2.0
FOODS_1_089,CA_1,11609,3.48
FOODS_1_094,CA_1,11609,3.54
FOODS_1_093,CA_1,11609,5.64
FOODS_1_103,CA_1,11609,4.27
FOODS_1_104,CA_1,11609,3.54
FOODS_1_112,CA_1,11609,1.98
FOODS_1_113,CA_1,11609,0.98
FOODS_1_111,CA_1,11609,5.98
FOODS_1_124,CA_1,11609,2.24
FOODS_1_120,CA_1,11609,1.96
FOODS_1_130,CA_1,11609,1.78
FOODS_1_132,CA_1,11609,1.96
FOODS_1_150,CA_1,11609,5.28
FOODS_1_148,CA_1,11609,4.84
FOODS_1_159,CA_1,11609,4.89
FOODS_1_170,CA_1,11609,5.64
FOODS_1_175,CA_1,11609,2.98
FOODS_1_184,CA_1,11609,1.0
FOODS_1_193,CA_1,11609,4.89
FOODS_1_201,CA_1,11609,2.24
FOODS_1_203,CA_1,11609,2.24
FOODS_1_205,CA_1,11609,5.28
FOODS_1_208,CA_1,11609,1.96
FOODS_1_210,CA_1,11609,1.96
FOODS_2_009,CA_1,11609,1.48
FOODS_2_006,CA_1,11609,10.97
FOODS_2_027,CA_1,11609,2.64
FOODS_2_028,CA_1,11609,3.94
FOODS_2_034,CA_1,11609,2.5
FOODS_2_047,CA_1,11609,2.96
FOODS_2_046,CA_1,11609,3.94
FOODS_2_056,CA_1,11609,6.98
FOODS_2_071,CA_1,11609,4.48
FOODS_2_077,CA_1,11609,5.92
FOODS_2_086,CA_1,11609,2.67
FOODS_2_088,CA_1,11609,7.47
FOODS_2_089,CA_1,11609,3.98
FOODS_2_118,CA_1,11609,3.28
FOODS_2_114,CA_1,11609,2.5
FOODS_2_128,CA_1,11609,0.94
FOODS_2_137,CA_1,11609,2.5
FOODS_2_144,CA_1,11609,2.5
FOODS_2_142,CA_1,11609,3.98
FOODS_2_153,CA_1,11609,2.96
FOODS_2_157,CA_1,11609,3.94
FOODS_2_171,CA_1,11609,2.97
FOODS_2_201,CA_1,11609,4.98
FOODS_2_207,CA_1,11609,7.98
FOODS_2_216,CA_1,11609,5.98
FOODS_2_229,CA_1,11609,2.18
FOODS_2_237,CA_1,11609,2.5
FOODS_2_235,CA_1,11609,2.5
FOODS_2_244,CA_1,11609,5.94
FOODS_2_251,CA_1,11609,7.87
FOODS_2_246,CA_1,11609,2.18
FOODS_2_250,CA_1,11609,10.97
FOODS_2_262,CA_1,11609,2.0
FOODS_2_259,CA_1,11609,3.67
FOODS_2_282,CA_1,11609,6.72
FOODS_2_286,CA_1,11609,1.58
FOODS_2_295,CA_1,11609,13.97
FOODS_2_298,CA_1,11609,13.97
FOODS_2_300,CA_1,11609,5.92
FOODS_2_301,CA_1,11609,3.18
FOODS_2_309,CA_1,11609,2.74
FOODS_2_322,CA_1,11609,2.97
FOODS_2_327,CA_1,11609,2.0
FOODS_2_321,CA_1,11609,2.98
FOODS_2_320,CA_1,11609,1.86
FOODS_2_361,CA_1,11609,3.94
FOODS_2_368,CA_1,11609,7.87
FOODS_2_370,CA_1,11609,4.97
FOODS_2_367,CA_1,11609,4.97
FOODS_2_366,CA_1,11609,2.5
FOODS_2_376,CA_1,11609,2.0
FOODS_2_381,CA_1,11609,2.5
FOODS_2_379,CA_1,11609,6.98
FOODS_2_384,CA_1,11609,2.28
FOODS_3_005,CA_1,11609,2.28
FOODS_3_010,CA_1,11609,2.84
FOODS_3_006,CA_1,11609,7.88
FOODS_3_019,CA_1,11609,1.98
FOODS_3_012,CA_1,11609,2.68
FOODS_3_018,CA_1,11609,4.54
FOODS_3_023,CA_1,11609,3.98
FOODS_3_032,CA_1,11609,2.98
FOODS_3_034,CA_1,11609,2.56
FOODS_3_033,CA_1,11609,2.5
FOODS_3_038,CA_1,11609,4.98
FOODS_3_042,CA_1,11609,1.68
FOODS_3_046,CA_1,11609,1.98
FOODS_3_047,CA_1,11609,1.0
FOODS_3_058,CA_1,11609,1.98
FOODS_3_061,CA_1,11609,2.98
FOODS_3_070,CA_1,11609,0.25
FOODS_3_071,CA_1,11609,1.34
HOUSEHOLD_1_008,CA_4,11609,5.47
HOUSEHOLD_1_033,CA_4,11609,3.97
HOUSEHOLD_1_035,CA_4,11609,4.63
HOUSEHOLD_1_052,CA_4,11609,4.23
HOUSEHOLD_1_053,CA_4,11609,14.97
HOUSEHOLD_1_069,CA_4,11609,1.97
HOUSEHOLD_1_078,CA_4,11609,2.84
HOUSEHOLD_1_077,CA_4,11609,6.42
HOUSEHOLD_1_086,CA_4,11609,5.27
HOUSEHOLD_1_083,CA_4,11609,0.97
HOUSEHOLD_1_079,CA_4,11609,4.47
HOUSEHOLD_1_117,CA_4,11609,7.97
HOUSEHOLD_1_112,CA_4,11609,2.97
HOUSEHOLD_1_116,CA_4,11609,2.97
HOUSEHOLD_1_119,CA_4,11609,3.74
HOUSEHOLD_1_123,CA_4,11609,8.97
HOUSEHOLD_1_131,CA_4,11609,4.94
HOUSEHOLD_1_141,CA_4,11609,1.77
HOUSEHOLD_1_161,CA_4,11609,11.93
HOUSEHOLD_1_156,CA_4,11609,2.73
HOUSEHOLD_1_181,CA_4,11609,3.94
HOUSEHOLD_1_185,CA_4,11609,2.97
HOUSEHOLD_1_187,CA_4,11609,6.48
HOUSEHOLD_1_197,CA_4,11609,4.97
HOUSEHOLD_1_205,CA_4,11609,5.94
HOUSEHOLD_1_211,CA_4,11609,3.87
HOUSEHOLD_1_218,CA_4,11609,1.94
HOUSEHOLD_1_221,CA_4,11609,12.57
HOUSEHOLD_1_232,CA_4,11609,4.23
HOUSEHOLD_1_242,CA_4,11609,4.88
HOUSEHOLD_1_256,CA_4,11609,5.97
HOUSEHOLD_1_261,CA_4,11609,5.97
HOUSEHOLD_1_272,CA_4,11609,9.97
HOUSEHOLD_1_267,CA_4,11609,9.74
HOUSEHOLD_1_292,CA_4,11609,6.48
HOUSEHOLD_1_303,CA_4,11609,0.98
HOUSEHOLD_1_295,CA_4,11609,2.98
HOUSEHOLD_1_301,CA_4,11609,4.94
HOUSEHOLD_1_312,CA_4,11609,2.37
HOUSEHOLD_1_307,CA_4,11609,2.97
HOUSEHOLD_1_329,CA_4,11609,4.94
HOUSEHOLD_1_337,CA_4,11609,4.97
HOUSEHOLD_1_335,CA_4,11609,9.42
HOUSEHOLD_1_342,CA_4,11609,17.97
HOUSEHOLD_1_345,CA_4,11609,4.22
HOUSEHOLD_1_346,CA_4,11609,3.94
HOUSEHOLD_1_351,CA_4,11609,0.97
HOUSEHOLD_1_360,CA_4,11609,3.96
HOUSEHOLD_1_368,CA_4,11609,8.48
HOUSEHOLD_1_373,CA_4,11609,3.42
HOUSEHOLD_1_378,CA_4,11609,21.78
HOUSEHOLD_1_371,CA_4,11609,4.94
HOUSEHOLD_1_393,CA_4,11609,1.98
HOUSEHOLD_1_410,CA_4,11609,3.97
HOUSEHOLD_1_411,CA_4,11609,3.28
HOUSEHOLD_1_413,CA_4,11609,17.97
HOUSEHOLD_1_443,CA_4,11609,2.47
HOUSEHOLD_1_450,CA_4,11609,3.42
HOUSEHOLD_1_469,CA_4,11609,17.97
HOUSEHOLD_1_478,CA_4,11609,2.67
HOUSEHOLD_1_485,CA_4,11609,2.97
HOUSEHOLD_1_479,CA_4,11609,7.56
HOUSEHOLD_1_486,CA_4,11609,18.87
HOUSEHOLD_1_503,CA_4,11609,1.28
HOUSEHOLD_1_511,CA_4,11609,6.27
HOUSEHOLD_1_519,CA_4,11609,4.88
HOUSEHOLD_1_528,CA_4,11609,2.97
HOUSEHOLD_1_533,CA_4,11609,4.97
HOUSEHOLD_1_534,CA_4,11609,9.97
HOUSEHOLD_1_539,CA_4,11609,3.97
HOUSEHOLD_2_012,CA_4,11609,4.78
HOUSEHOLD_2_029,CA_4,11609,10.43
HOUSEHOLD_2_027,CA_4,11609,4.97
HOUSEHOLD_2_030,CA_4,11609,3.97
HOUSEHOLD_2_052,CA_4,11609,4.97
HOUSEHOLD_2_072,CA_4,11609,2.58
HOUSEHOLD_2_078,CA_4,11609,5.84
HOUSEHOLD_2_082,CA_4,11609,5.92
HOUSEHOLD_2_077,CA_4,11609,3.48
HOUSEHOLD_2_091,CA_4,11609,8.97
HOUSEHOLD_2_095,CA_4,11609,6.47
HOUSEHOLD_2_106,CA_4,11609,8.44
HOUSEHOLD_2_101,CA_4,11609,4.49
HOUSEHOLD_2_117,CA_4,11609,2.46
HOUSEHOLD_2_114,CA_4,11609,5.94
HOUSEHOLD_2_119,CA_4,11609,5.84
HOUSEHOLD_2_125,CA_4,11609,8.88
HOUSEHOLD_2_126,CA_4,11609,6.97
HOUSEHOLD_2_172,CA_4,11609,5.94
HOUSEHOLD_2_178,CA_4,11609,6.96
HOUSEHOLD_2_175,CA_4,11609,5.97
HOUSEHOLD_2_190,CA_4,11609,0.98
HOUSEHOLD_2_187,CA_4,11609,3.33
HOUSEHOLD_2_209,CA_4,11609,7.97
HOUSEHOLD_2_208,CA_4,11609,12.97
HOUSEHOLD_2_214,CA_4,11609,6.94
HOUSEHOLD_2_217,CA_4,11609,2.87
HOUSEHOLD_2_213,CA_4,11609,0.93
HOUSEHOLD_2_226,CA_4,11609,6.97
HOUSEHOLD_2_228,CA_4,11609,5.47
HOUSEHOLD_2_236,CA_4,11609,8.48
HOUSEHOLD_2_241,CA_4,11609,4.94
HOUSEHOLD_2_238,CA_4,11609,9.93
HOUSEHOLD_2_243,CA_4,11609,2.56
HOUSEHOLD_2_251,CA_4,11609,3.97
HOUSEHOLD_2_260,CA_4,11609,6.97
HOUSEHOLD_2_264,CA_4,11609,3.48
HOUSEHOLD_2_284,CA_4,11609,5.94
HOUSEHOLD_2_280,CA_4,11609,5.97
HOUSEHOLD_2_285,CA_4,11609,4.67
HOUSEHOLD_2_287,CA_4,11609,1.94
HOUSEHOLD_2_294,CA_4,11609,4.77
HOUSEHOLD_2_301,CA_4,11609,1.97
HOUSEHOLD_2_305,CA_4,11609,5.47
HOUSEHOLD_2_320,CA_4,11609,8.47
HOUSEHOLD_2_314,CA_4,11609,1.97
HOUSEHOLD_2_313,CA_4,11609,1.97
HOUSEHOLD_2_318,CA_4,11609,3.97
HOUSEHOLD_2_326,CA_4,11609,5.94
HOUSEHOLD_2_323,CA_4,11609,3.97
HOUSEHOLD_2_333,CA_4,11609,4.98
HOUSEHOLD_2_349,CA_4,11609,4.97
HOUSEHOLD_2_365,CA_4,11609,4.87
HOUSEHOLD_2_370,CA_4,11609,6.27
HOUSEHOLD_2_389,CA_4,11609,1.97
HOUSEHOLD_2_403,CA_4,11609,5.44
HOUSEHOLD_2_411,CA_4,11609,5.84
HOUSEHOLD_2_420,CA_4,11609,5.64
HOUSEHOLD_2_428,CA_4,11609,7.94
HOUSEHOLD_2_430,CA_4,11609,3.97
HOUSEHOLD_2_447,CA_4,11609,1.97
HOUSEHOLD_2_442,CA_4,11609,1.48
HOUSEHOLD_2_450,CA_4,11609,10.43
HOUSEHOLD_2_467,CA_4,11609,3.97
HOUSEHOLD_2_503,CA_4,11609,6.94
HOUSEHOLD_2_505,CA_4,11609,4.97
HOUSEHOLD_2_508,CA_4,11609,15.94
HOUSEHOLD_2_504,CA_4,11609,1.97
FOODS_1_002,CA_4,11609,9.48
FOODS_1_005,CA_4,11609,3.54
FOODS_1_030,CA_4,11609,3.48
FOODS_1_021,CA_4,11609,0.98
FOODS_1_027,CA_4,11609,1.96
FOODS_1_022,CA_4,11609,4.84
FOODS_1_031,CA_4,11609,3.54
FOODS_1_033,CA_4,11609,5.64
FOODS_1_039,CA_4,11609,2.48
FOODS_1_042,CA_4,11609,0.98
FOODS_1_063,CA_4,11609,2.48
FOODS_2_144,TX_3,11609,2.47
FOODS_2_153,TX_3,11609,2.42
FOODS_2_157,TX_3,11609,3.86
FOODS_2_171,TX_3,11609,2.74
FOODS_2_207,TX_3,11609,7.98
FOODS_2_201,TX_3,11609,4.98
FOODS_2_216,TX_3,11609,5.96
FOODS_2_229,TX_3,11609,2.18
FOODS_2_237,TX_3,11609,2.47
FOODS_2_235,TX_3,11609,2.5
FOODS_2_244,TX_3,11609,5.58
FOODS_2_246,TX_3,11609,2.18
FOODS_2_251,TX_3,11609,7.87
FOODS_2_250,TX_3,11609,10.97
FOODS_2_259,TX_3,11609,3.14
FOODS_2_262,TX_3,11609,2.0
FOODS_2_282,TX_3,11609,6.72
FOODS_2_286,TX_3,11609,1.58
FOODS_2_295,TX_3,11609,13.97
FOODS_2_298,TX_3,11609,13.97
FOODS_2_300,TX_3,11609,5.92
FOODS_2_301,TX_3,11609,2.22
FOODS_2_309,TX_3,11609,2.74
FOODS_2_322,TX_3,11609,2.74
FOODS_2_321,TX_3,11609,2.68
FOODS_2_320,TX_3,11609,1.86
FOODS_2_327,TX_3,11609,1.97
FOODS_2_368,TX_3,11609,7.87
FOODS_2_370,TX_3,11609,4.97
FOODS_2_361,TX_3,11609,3.94
FOODS_2_367,TX_3,11609,4.97
FOODS_2_366,TX_3,11609,2.5
FOODS_2_376,TX_3,11609,1.74
FOODS_2_379,TX_3,11609,6.98
FOODS_2_381,TX_3,11609,2.5
FOODS_2_384,TX_3,11609,2.28
FOODS_3_005,TX_3,11609,2.28
FOODS_3_010,TX_3,11609,2.84
FOODS_3_006,TX_3,11609,7.88
FOODS_3_019,TX_3,11609,1.98
FOODS_3_012,TX_3,11609,2.68
FOODS_3_018,TX_3,11609,4.54
FOODS_3_023,TX_3,11609,3.98
FOODS_3_032,TX_3,11609,2.98
FOODS_3_034,TX_3,11609,2.56
FOODS_3_033,TX_3,11609,2.5
FOODS_3_042,TX_3,11609,1.68
FOODS_3_046,TX_3,11609,1.98
FOODS_3_047,TX_3,11609,1.0
FOODS_3_038,TX_3,11609,4.98
FOODS_3_061,TX_3,11609,2.98
FOODS_3_058,TX_3,11609,1.98
FOODS_3_070,TX_3,11609,0.25
FOODS_3_071,TX_3,11609,1.34
FOODS_3_078,TX_3,11609,2.97
FOODS_3_091,TX_3,11609,5.98
FOODS_3_092,TX_3,11609,3.98
FOODS_3_096,TX_3,11609,4.48
FOODS_3_101,TX_3,11609,1.0
FOODS_3_117,TX_3,11609,1.88
FOODS_3_119,TX_3,11609,4.28
FOODS_3_138,TX_3,11609,1.98
FOODS_3_145,TX_3,11609,2.98
FOODS_3_152,TX_3,11609,2.88
FOODS_3_164,TX_3,11609,2.94
FOODS_3_188,TX_3,11609,1.98
FOODS_3_194,TX_3,11609,2.98
FOODS_3_186,TX_3,11609,2.28
FOODS_3_200,TX_3,11609,2.0
FOODS_3_198,TX_3,11609,6.44
FOODS_3_211,TX_3,11609,4.58
FOODS_3_213,TX_3,11609,2.24
FOODS_3_214,TX_3,11609,0.94
FOODS_3_215,TX_3,11609,1.18
FOODS_3_222,TX_3,11609,4.54
FOODS_3_232,TX_3,11609,3.0
FOODS_3_236,TX_3,11609,2.56
FOODS_3_238,TX_3,11609,3.27
FOODS_3_257,TX_3,11609,3.98
FOODS_3_261,TX_3,11609,3.98
FOODS_3_259,TX_3,11609,1.78
FOODS_3_269,TX_3,11609,2.98
FOODS_3_281,TX_3,11609,1.25
FOODS_3_289,TX_3,11609,2.98
FOODS_3_293,TX_3,11609,1.98
FOODS_3_306,TX_3,11609,1.58
FOODS_3_309,TX_3,11609,1.98
FOODS_3_315,TX_3,11609,1.74
FOODS_3_320,TX_3,11609,1.98
FOODS_3_335,TX_3,11609,2.48
FOODS_3_346,TX_3,11609,1.98
FOODS_3_351,TX_3,11609,0.94
FOODS_3_358,TX_3,11609,2.88
FOODS_3_354,TX_3,11609,2.98
FOODS_3_362,TX_3,11609,2.56
FOODS_3_387,TX_3,11609,2.68
FOODS_3_388,TX_3,11609,3.98
FOODS_3_384,TX_3,11609,2.98
FOODS_3_404,TX_3,11609,0.94
FOODS_3_408,TX_3,11609,2.98
FOODS_3_418,TX_3,11609,3.98
FOODS_3_426,TX_3,11609,2.98
FOODS_3_429,TX_3,11609,5.98
FOODS_3_442,TX_3,11609,2.48
FOODS_3_455,TX_3,11609,2.48
FOODS_3_477,TX_3,11609,1.68
FOODS_3_471,TX_3,11609,2.5
FOODS_3_484,TX_3,11609,1.98
FOODS_3_480,TX_3,11609,2.98
FOODS_3_478,TX_3,11609,1.74
FOODS_3_495,TX_3,11609,1.64
FOODS_3_490,TX_3,11609,3.48
FOODS_3_497,TX_3,11609,2.5
FOODS_3_500,TX_3,11609,2.5
FOODS_3_506,TX_3,11609,3.98
FOODS_3_524,TX_3,11609,0.94
FOODS_3_526,TX_3,11609,1.98
FOODS_3_528,TX_3,11609,4.98
FOODS_3_534,TX_3,11609,4.88
FOODS_3_568,TX_3,11609,1.0
FOODS_3_586,TX_3,11609,1.68
FOODS_3_587,TX_3,11609,2.48
FOODS_3_588,TX_3,11609,3.94
FOODS_3_583,TX_3,11609,1.5
FOODS_3_608,TX_3,11609,1.74
FOODS_3_599,TX_3,11609,1.98
FOODS_3_628,TX_3,11609,3.98
FOODS_3_627,TX_3,11609,2.88
FOODS_3_635,TX_3,11609,0.94
FOODS_3_646,TX_3,11609,2.68
FOODS_3_642,TX_3,11609,2.98
FOODS_3_640,TX_3,11609,1.5
FOODS_3_657,TX_3,11609,3.98
FOODS_3_666,TX_3,11609,2.48
FOODS_3_667,TX_3,11609,1.98
FOODS_3_680,TX_3,11609,2.56
FOODS_3_692,TX_3,11609,0.8
FOODS_3_683,TX_3,11609,2.56
FOODS_3_698,TX_3,11609,1.0
FOODS_3_705,TX_3,11609,3.88
FOODS_3_710,TX_3,11609,2.98
FOODS_3_706,TX_3,11609,1.98
FOODS_3_722,TX_3,11609,2.56
FOODS_3_734,TX_3,11609,1.78
FOODS_3_739,TX_3,11609,1.5
FOODS_3_764,TX_3,11609,2.98
FOODS_3_771,TX_3,11609,2.56
FOODS_3_794,TX_3,11609,2.98
FOODS_3_789,TX_3,11609,1.5
FOODS_3_790,TX_3,11609,2.18
FOODS_3_800,TX_3,11609,1.88
FOODS_3_798,TX_3,11609,1.98
FOODS_3_807,TX_3,11609,1.98
FOODS_3_822,TX_3,11609,3.98
FOODS_3_823,TX_3,11609,2.98
HOBBIES_1_001,WI_1,11609,8.26
FOODS_3_827,TX_3,11609,1.0
HOBBIES_1_005,WI_1,11609,2.88
HOBBIES_1_020,WI_1,11609,12.68
HOBBIES_1_021,WI_1,11609,11.88
HOBBIES_1_029,WI_1,11609,8.98
HOBBIES_1_038,WI_1,11609,3.22
HOBBIES_1_037,WI_1,11609,12.97
HOBBIES_1_041,WI_1,11609,4.22
HOBBIES_1_042,WI_1,11609,7.83
HOBBIES_1_052,WI_1,11609,5.88
HOBBIES_1_055,WI_1,11609,8.98
HOBBIES_1_056,WI_1,11609,0.94
HOBBIES_1_074,WI_1,11609,3.67
HOBBIES_1_089,WI_1,11609,7.97
HOBBIES_1_111,WI_1,11609,2.92
HOBBIES_1_140,WI_1,11609,1.12
HOBBIES_1_142,WI_1,11609,0.94
HOBBIES_1_154,WI_1,11609,2.88
HOBBIES_1_166,WI_1,11609,9.98
HOBBIES_1_170,WI_1,11609,17.97
HOBBIES_1_179,WI_1,11609,6.87
FOODS_3_289,WI_3,11609,2.98
FOODS_3_293,WI_3,11609,1.98
FOODS_3_309,WI_3,11609,1.98
FOODS_3_306,WI_3,11609,1.58
FOODS_3_315,WI_3,11609,1.74
FOODS_3_320,WI_3,11609,1.98
FOODS_3_335,WI_3,11609,2.48
FOODS_3_346,WI_3,11609,1.98
FOODS_3_351,WI_3,11609,0.94
FOODS_3_354,WI_3,11609,2.98
FOODS_3_362,WI_3,11609,2.56
FOODS_3_358,WI_3,11609,2.88
FOODS_3_387,WI_3,11609,2.68
FOODS_3_388,WI_3,11609,3.98
FOODS_3_384,WI_3,11609,2.98
FOODS_3_404,WI_3,11609,0.94
FOODS_3_408,WI_3,11609,2.98
FOODS_3_418,WI_3,11609,3.98
FOODS_3_426,WI_3,11609,2.98
FOODS_3_429,WI_3,11609,5.98
FOODS_3_442,WI_3,11609,2.48
FOODS_3_455,WI_3,11609,2.48
FOODS_3_471,WI_3,11609,2.5
FOODS_3_477,WI_3,11609,1.68
FOODS_3_478,WI_3,11609,1.74
FOODS_3_480,WI_3,11609,2.98
FOODS_3_484,WI_3,11609,1.98
FOODS_3_495,WI_3,11609,1.98
FOODS_3_490,WI_3,11609,3.48
FOODS_3_497,WI_3,11609,2.5
FOODS_3_506,WI_3,11609,3.98
FOODS_3_500,WI_3,11609,2.5
FOODS_3_524,WI_3,11609,0.94
FOODS_3_526,WI_3,11609,1.98
FOODS_3_528,WI_3,11609,4.98
FOODS_3_534,WI_3,11609,4.88
FOODS_3_568,WI_3,11609,1.0
FOODS_3_586,WI_3,11609,1.68
FOODS_3_587,WI_3,11609,2.48
FOODS_3_583,WI_3,11609,1.45
FOODS_3_588,WI_3,11609,3.94
FOODS_3_599,WI_3,11609,1.38
FOODS_3_608,WI_3,11609,1.74
FOODS_3_628,WI_3,11609,3.98
FOODS_3_627,WI_3,11609,2.88
FOODS_3_635,WI_3,11609,0.94
FOODS_3_646,WI_3,11609,2.68
FOODS_3_642,WI_3,11609,2.98
FOODS_3_640,WI_3,11609,1.5
FOODS_3_657,WI_3,11609,3.98
FOODS_3_666,WI_3,11609,2.68
FOODS_3_667,WI_3,11609,1.98
FOODS_3_680,WI_3,11609,2.56
FOODS_3_692,WI_3,11609,0.8
FOODS_3_683,WI_3,11609,2.56
FOODS_3_698,WI_3,11609,1.0
FOODS_3_705,WI_3,11609,3.88
FOODS_3_710,WI_3,11609,2.98
FOODS_3_706,WI_3,11609,1.98
FOODS_3_722,WI_3,11609,2.56
FOODS_3_734,WI_3,11609,1.78
FOODS_3_739,WI_3,11609,1.45
FOODS_3_764,WI_3,11609,2.98
FOODS_3_771,WI_3,11609,2.56
FOODS_3_794,WI_3,11609,2.98
FOODS_3_789,WI_3,11609,1.45
FOODS_3_790,WI_3,11609,2.68
FOODS_3_800,WI_3,11609,1.88
FOODS_3_798,WI_3,11609,1.98
FOODS_3_807,WI_3,11609,1.98
FOODS_3_822,WI_3,11609,3.98
FOODS_3_823,WI_3,11609,2.98
FOODS_3_827,WI_3,11609,1.0
HOUSEHOLD_2_492,CA_2,11609,5.92
HOUSEHOLD_2_489,CA_2,11609,14.47
HOUSEHOLD_2_490,CA_2,11609,3.48
HOUSEHOLD_2_500,CA_2,11609,5.84
FOODS_1_018,CA_2,11609,0.98
FOODS_1_012,CA_2,11609,5.64
FOODS_1_020,CA_2,11609,2.68
FOODS_1_023,CA_2,11609,5.64
FOODS_1_032,CA_2,11609,0.98
FOODS_1_038,CA_2,11609,9.94
FOODS_1_041,CA_2,11609,2.24
FOODS_1_043,CA_2,11609,1.96
FOODS_1_054,CA_2,11609,1.98
FOODS_1_060,CA_2,11609,1.68
FOODS_1_072,CA_2,11609,5.28
FOODS_1_083,CA_2,11609,2.0
FOODS_1_094,CA_2,11609,3.54
FOODS_1_093,CA_2,11609,5.64
FOODS_1_089,CA_2,11609,3.48
FOODS_1_103,CA_2,11609,4.27
FOODS_1_104,CA_2,11609,3.54
FOODS_1_112,CA_2,11609,1.98
FOODS_1_111,CA_2,11609,5.98
FOODS_1_120,CA_2,11609,1.96
FOODS_1_113,CA_2,11609,0.98
FOODS_1_130,CA_2,11609,1.78
FOODS_1_124,CA_2,11609,2.24
FOODS_1_132,CA_2,11609,1.96
FOODS_1_150,CA_2,11609,5.28
FOODS_1_148,CA_2,11609,4.84
FOODS_1_159,CA_2,11609,4.89
FOODS_1_170,CA_2,11609,5.64
FOODS_1_175,CA_2,11609,2.98
FOODS_1_184,CA_2,11609,1.0
FOODS_1_193,CA_2,11609,4.89
FOODS_1_201,CA_2,11609,2.24
FOODS_1_203,CA_2,11609,2.24
FOODS_1_208,CA_2,11609,1.96
FOODS_1_210,CA_2,11609,1.5
FOODS_1_205,CA_2,11609,5.28
FOODS_2_009,CA_2,11609,1.48
FOODS_2_006,CA_2,11609,10.97
FOODS_2_034,CA_2,11609,2.5
FOODS_2_028,CA_2,11609,3.94
FOODS_2_027,CA_2,11609,2.64
FOODS_2_056,CA_2,11609,6.98
FOODS_2_046,CA_2,11609,3.94
FOODS_2_047,CA_2,11609,2.96
FOODS_2_071,CA_2,11609,4.48
FOODS_2_086,CA_2,11609,2.67
FOODS_2_089,CA_2,11609,3.98
FOODS_2_077,CA_2,11609,5.92
FOODS_2_088,CA_2,11609,7.47
FOODS_2_118,CA_2,11609,3.28
FOODS_2_114,CA_2,11609,2.5
FOODS_2_142,CA_2,11609,3.98
FOODS_2_128,CA_2,11609,0.94
FOODS_2_137,CA_2,11609,2.5
FOODS_2_144,CA_2,11609,2.5
FOODS_2_153,CA_2,11609,2.96
FOODS_2_157,CA_2,11609,3.94
FOODS_2_171,CA_2,11609,2.97
FOODS_2_207,CA_2,11609,7.98
FOODS_2_201,CA_2,11609,4.98
FOODS_2_216,CA_2,11609,5.98
FOODS_2_229,CA_2,11609,2.18
FOODS_2_235,CA_2,11609,2.5
FOODS_2_244,CA_2,11609,5.94
FOODS_2_237,CA_2,11609,2.5
FOODS_2_246,CA_2,11609,2.18
FOODS_2_250,CA_2,11609,10.97
FOODS_2_251,CA_2,11609,7.87
FOODS_2_259,CA_2,11609,3.67
FOODS_2_262,CA_2,11609,2.0
FOODS_2_282,CA_2,11609,6.72
FOODS_2_286,CA_2,11609,1.58
FOODS_2_295,CA_2,11609,13.97
FOODS_2_298,CA_2,11609,13.97
FOODS_2_320,CA_2,11609,1.86
FOODS_2_301,CA_2,11609,3.18
FOODS_2_309,CA_2,11609,2.74
FOODS_2_300,CA_2,11609,5.92
FOODS_2_322,CA_2,11609,2.97
FOODS_2_321,CA_2,11609,2.98
FOODS_2_327,CA_2,11609,2.0
FOODS_2_368,CA_2,11609,7.87
FOODS_2_361,CA_2,11609,3.94
FOODS_2_367,CA_2,11609,4.97
FOODS_2_370,CA_2,11609,4.97
FOODS_2_366,CA_2,11609,2.5
FOODS_2_376,CA_2,11609,2.0
FOODS_2_381,CA_2,11609,2.5
FOODS_2_384,CA_2,11609,2.28
FOODS_2_379,CA_2,11609,6.98
FOODS_3_005,CA_2,11609,2.28
FOODS_3_012,CA_2,11609,2.68
FOODS_3_010,CA_2,11609,2.84
FOODS_3_006,CA_2,11609,7.88
FOODS_3_019,CA_2,11609,1.98
FOODS_3_023,CA_2,11609,3.98
FOODS_3_018,CA_2,11609,4.54
FOODS_3_032,CA_2,11609,2.98
FOODS_3_034,CA_2,11609,2.56
FOODS_3_033,CA_2,11609,2.5
FOODS_3_042,CA_2,11609,1.68
FOODS_3_038,CA_2,11609,4.98
FOODS_3_046,CA_2,11609,1.98
FOODS_3_047,CA_2,11609,1.0
FOODS_3_061,CA_2,11609,2.98
FOODS_3_058,CA_2,11609,1.98
FOODS_3_070,CA_2,11609,0.25
FOODS_3_071,CA_2,11609,1.34
FOODS_3_078,CA_2,11609,2.97
FOODS_3_091,CA_2,11609,5.98
FOODS_3_092,CA_2,11609,3.98
FOODS_3_096,CA_2,11609,4.68
FOODS_3_101,CA_2,11609,1.0
FOODS_3_117,CA_2,11609,1.98
FOODS_3_119,CA_2,11609,4.28
FOODS_3_138,CA_2,11609,1.98
FOODS_3_145,CA_2,11609,2.98
FOODS_3_152,CA_2,11609,2.88
FOODS_3_164,CA_2,11609,2.94
FOODS_3_188,CA_2,11609,1.98
FOODS_3_186,CA_2,11609,2.28
FOODS_3_194,CA_2,11609,2.98
FOODS_3_200,CA_2,11609,2.0
FOODS_3_198,CA_2,11609,5.48
FOODS_3_213,CA_2,11609,2.24
FOODS_3_214,CA_2,11609,0.94
FOODS_3_215,CA_2,11609,1.24
FOODS_3_211,CA_2,11609,4.58
FOODS_3_222,CA_2,11609,4.54
FOODS_3_232,CA_2,11609,3.0
FOODS_3_238,CA_2,11609,3.27
FOODS_3_236,CA_2,11609,2.56
FOODS_3_257,CA_2,11609,3.98
FOODS_3_261,CA_2,11609,3.98
FOODS_3_259,CA_2,11609,1.78
FOODS_3_269,CA_2,11609,2.98
FOODS_3_281,CA_2,11609,1.25
FOODS_3_289,CA_2,11609,2.98
FOODS_3_293,CA_2,11609,1.98
FOODS_3_309,CA_2,11609,1.98
FOODS_3_306,CA_2,11609,1.58
FOODS_3_315,CA_2,11609,1.74
FOODS_3_320,CA_2,11609,1.98
FOODS_3_335,CA_2,11609,2.48
FOODS_3_346,CA_2,11609,1.98
FOODS_3_351,CA_2,11609,0.94
FOODS_3_358,CA_2,11609,2.88
FOODS_3_354,CA_2,11609,2.98
FOODS_3_362,CA_2,11609,2.56
FOODS_3_387,CA_2,11609,2.68
FOODS_3_388,CA_2,11609,3.98
FOODS_3_384,CA_2,11609,2.98
FOODS_3_404,CA_2,11609,1.0
FOODS_3_408,CA_2,11609,2.98
FOODS_3_418,CA_2,11609,3.98
FOODS_3_426,CA_2,11609,2.98
FOODS_3_429,CA_2,11609,5.98
FOODS_3_442,CA_2,11609,2.48
FOODS_3_455,CA_2,11609,2.48
FOODS_3_477,CA_2,11609,1.68
FOODS_3_478,CA_2,11609,1.74
FOODS_3_471,CA_2,11609,2.5
FOODS_3_480,CA_2,11609,2.98
FOODS_3_484,CA_2,11609,1.98
FOODS_3_490,CA_2,11609,3.48
FOODS_3_495,CA_2,11609,2.13
FOODS_3_497,CA_2,11609,2.5
FOODS_3_500,CA_2,11609,2.5
FOODS_3_506,CA_2,11609,3.98
FOODS_3_524,CA_2,11609,1.0
FOODS_3_526,CA_2,11609,1.98
FOODS_3_528,CA_2,11609,4.98
FOODS_3_534,CA_2,11609,4.88
FOODS_3_568,CA_2,11609,1.0
FOODS_3_586,CA_2,11609,1.68
FOODS_3_587,CA_2,11609,2.48
FOODS_3_588,CA_2,11609,3.94
FOODS_3_583,CA_2,11609,1.5
FOODS_3_608,CA_2,11609,1.74
FOODS_3_599,CA_2,11609,1.98
FOODS_3_628,CA_2,11609,3.98
FOODS_3_627,CA_2,11609,2.88
FOODS_3_635,CA_2,11609,1.0
FOODS_3_646,CA_2,11609,2.68
FOODS_3_642,CA_2,11609,2.98
FOODS_3_640,CA_2,11609,1.5
FOODS_3_657,CA_2,11609,3.98
FOODS_3_666,CA_2,11609,2.48
FOODS_3_667,CA_2,11609,1.98
FOODS_3_680,CA_2,11609,2.56
FOODS_3_683,CA_2,11609,2.56
FOODS_3_692,CA_2,11609,0.8
FOODS_3_705,CA_2,11609,3.88
FOODS_3_698,CA_2,11609,1.0
FOODS_3_710,CA_2,11609,2.98
FOODS_3_706,CA_2,11609,1.98
FOODS_3_722,CA_2,11609,2.56
FOODS_3_734,CA_2,11609,1.78
FOODS_3_739,CA_2,11609,1.5
FOODS_3_764,CA_2,11609,2.98
FOODS_3_771,CA_2,11609,2.56
FOODS_3_789,CA_2,11609,1.5
FOODS_3_790,CA_2,11609,2.68
FOODS_3_794,CA_2,11609,2.98
FOODS_3_800,CA_2,11609,1.98
FOODS_3_798,CA_2,11609,1.98
FOODS_3_807,CA_2,11609,1.98
FOODS_3_822,CA_2,11609,3.98
FOODS_3_823,CA_2,11609,2.98
FOODS_3_827,CA_2,11609,1.0
HOBBIES_1_009,CA_3,11609,1.77
HOBBIES_1_003,CA_3,11609,2.97
HOBBIES_1_022,CA_3,11609,7.18
FOODS_1_076,CA_4,11609,5.14
FOODS_1_086,CA_4,11609,1.83
FOODS_1_084,CA_4,11609,4.58
FOODS_1_082,CA_4,11609,0.98
FOODS_1_095,CA_4,11609,3.13
FOODS_1_092,CA_4,11609,1.96
FOODS_1_102,CA_4,11609,1.78
FOODS_1_107,CA_4,11609,4.58
FOODS_1_127,CA_4,11609,2.12
FOODS_1_133,CA_4,11609,3.48
FOODS_1_126,CA_4,11609,2.24
FOODS_1_147,CA_4,11609,4.84
FOODS_1_158,CA_4,11609,4.68
FOODS_1_156,CA_4,11609,2.24
FOODS_1_151,CA_4,11609,11.84
FOODS_1_173,CA_4,11609,2.0
FOODS_1_192,CA_4,11609,2.24
FOODS_1_195,CA_4,11609,2.24
FOODS_1_196,CA_4,11609,2.0
FOODS_1_216,CA_4,11609,5.28
FOODS_1_215,CA_4,11609,1.84
FOODS_2_012,CA_4,11609,3.34
FOODS_2_018,CA_4,11609,6.98
FOODS_2_038,CA_4,11609,6.08
FOODS_2_052,CA_4,11609,13.97
FOODS_2_062,CA_4,11609,5.77
FOODS_2_063,CA_4,11609,2.96
FOODS_2_082,CA_4,11609,5.98
FOODS_2_092,CA_4,11609,3.5
FOODS_2_104,CA_4,11609,7.48
FOODS_2_113,CA_4,11609,2.5
FOODS_2_126,CA_4,11609,4.88
FOODS_2_149,CA_4,11609,6.98
FOODS_2_160,CA_4,11609,2.88
FOODS_2_159,CA_4,11609,3.97
FOODS_2_177,CA_4,11609,3.33
FOODS_2_188,CA_4,11609,2.5
FOODS_2_200,CA_4,11609,3.97
FOODS_2_215,CA_4,11609,1.84
FOODS_2_220,CA_4,11609,2.0
FOODS_2_221,CA_4,11609,1.0
FOODS_2_223,CA_4,11609,2.18
FOODS_2_240,CA_4,11609,2.18
FOODS_2_255,CA_4,11609,2.68
FOODS_2_272,CA_4,11609,2.0
FOODS_2_288,CA_4,11609,2.5
FOODS_2_287,CA_4,11609,2.5
FOODS_2_302,CA_4,11609,9.98
FOODS_2_304,CA_4,11609,3.97
FOODS_2_328,CA_4,11609,4.42
FOODS_2_339,CA_4,11609,3.5
FOODS_2_336,CA_4,11609,2.5
FOODS_2_371,CA_4,11609,2.0
FOODS_2_388,CA_4,11609,2.98
FOODS_2_399,CA_4,11609,2.0
FOODS_3_002,CA_4,11609,2.56
FOODS_3_013,CA_4,11609,2.58
FOODS_3_039,CA_4,11609,3.98
FOODS_3_059,CA_4,11609,1.98
FOODS_3_080,CA_4,11609,1.68
FOODS_3_090,CA_4,11609,1.6
FOODS_3_098,CA_4,11609,4.68
FOODS_3_109,CA_4,11609,1.0
FOODS_3_113,CA_4,11609,1.28
FOODS_3_114,CA_4,11609,2.68
FOODS_3_111,CA_4,11609,4.98
FOODS_3_120,CA_4,11609,4.98
FOODS_3_124,CA_4,11609,5.44
FOODS_3_131,CA_4,11609,1.0
FOODS_3_133,CA_4,11609,0.8
FOODS_3_139,CA_4,11609,4.98
FOODS_3_135,CA_4,11609,1.48
FOODS_3_146,CA_4,11609,5.44
FOODS_3_181,CA_4,11609,2.98
FOODS_3_196,CA_4,11609,4.48
FOODS_3_201,CA_4,11609,2.56
FOODS_3_204,CA_4,11609,2.48
FOODS_3_216,CA_4,11609,2.56
FOODS_3_230,CA_4,11609,3.78
FOODS_3_242,CA_4,11609,9.86
FOODS_3_235,CA_4,11609,1.74
FOODS_3_262,CA_4,11609,6.72
FOODS_3_276,CA_4,11609,4.48
FOODS_3_288,CA_4,11609,1.5
FOODS_3_303,CA_4,11609,2.98
FOODS_3_308,CA_4,11609,4.98
FOODS_3_319,CA_4,11609,1.0
FOODS_3_322,CA_4,11609,2.56
FOODS_3_339,CA_4,11609,0.8
FOODS_3_334,CA_4,11609,2.98
FOODS_3_332,CA_4,11609,1.98
FOODS_3_349,CA_4,11609,1.68
FOODS_3_367,CA_4,11609,2.68
FOODS_3_369,CA_4,11609,3.98
FOODS_3_374,CA_4,11609,2.5
FOODS_3_377,CA_4,11609,1.68
FOODS_3_454,CA_4,11609,0.25
FOODS_3_465,CA_4,11609,1.74
FOODS_3_459,CA_4,11609,1.88
FOODS_3_473,CA_4,11609,4.18
FOODS_3_474,CA_4,11609,1.88
FOODS_3_482,CA_4,11609,2.98
FOODS_3_485,CA_4,11609,3.56
FOODS_3_507,CA_4,11609,1.98
FOODS_3_533,CA_4,11609,4.98
FOODS_3_532,CA_4,11609,2.98
FOODS_3_529,CA_4,11609,3.98
FOODS_3_536,CA_4,11609,2.98
FOODS_3_548,CA_4,11609,2.58
FOODS_3_558,CA_4,11609,2.98
FOODS_3_559,CA_4,11609,3.0
FOODS_3_567,CA_4,11609,1.74
FOODS_3_572,CA_4,11609,2.5
FOODS_3_577,CA_4,11609,3.43
FOODS_3_573,CA_4,11609,1.0
FOODS_3_579,CA_4,11609,1.98
FOODS_3_594,CA_4,11609,1.0
FOODS_3_617,CA_4,11609,2.78
FOODS_3_630,CA_4,11609,2.68
FOODS_3_643,CA_4,11609,1.74
FOODS_3_650,CA_4,11609,2.98
FOODS_3_655,CA_4,11609,1.98
FOODS_3_656,CA_4,11609,3.48
FOODS_3_669,CA_4,11609,0.75
FOODS_3_681,CA_4,11609,1.0
FOODS_3_685,CA_4,11609,2.5
FOODS_3_687,CA_4,11609,3.0
FOODS_3_694,CA_4,11609,1.68
FOODS_3_696,CA_4,11609,4.54
FOODS_3_723,CA_4,11609,1.6
FOODS_3_724,CA_4,11609,6.48
FOODS_3_725,CA_4,11609,2.88
FOODS_3_731,CA_4,11609,2.98
HOUSEHOLD_2_228,WI_1,11609,5.47
HOUSEHOLD_2_238,WI_1,11609,9.93
HOUSEHOLD_2_241,WI_1,11609,4.94
HOUSEHOLD_2_236,WI_1,11609,8.48
HOUSEHOLD_2_243,WI_1,11609,2.97
HOUSEHOLD_2_251,WI_1,11609,3.97
HOUSEHOLD_2_260,WI_1,11609,6.97
HOUSEHOLD_2_264,WI_1,11609,3.48
HOUSEHOLD_2_284,WI_1,11609,5.94
HOUSEHOLD_2_280,WI_1,11609,5.97
HOUSEHOLD_2_285,WI_1,11609,4.67
HOUSEHOLD_2_287,WI_1,11609,1.94
HOUSEHOLD_2_301,WI_1,11609,1.97
HOUSEHOLD_2_294,WI_1,11609,4.77
HOUSEHOLD_2_305,WI_1,11609,5.47
HOUSEHOLD_2_314,WI_1,11609,1.97
HOUSEHOLD_2_318,WI_1,11609,3.97
HOUSEHOLD_2_313,WI_1,11609,1.97
HOUSEHOLD_2_326,WI_1,11609,5.94
HOUSEHOLD_2_320,WI_1,11609,8.47
HOUSEHOLD_2_323,WI_1,11609,3.97
HOUSEHOLD_2_333,WI_1,11609,4.98
HOUSEHOLD_2_349,WI_1,11609,4.97
HOUSEHOLD_2_370,WI_1,11609,6.27
HOUSEHOLD_2_365,WI_1,11609,4.87
HOUSEHOLD_2_389,WI_1,11609,1.97
HOUSEHOLD_2_403,WI_1,11609,5.44
HOUSEHOLD_2_411,WI_1,11609,5.84
HOUSEHOLD_2_420,WI_1,11609,5.64
HOUSEHOLD_2_428,WI_1,11609,7.94
HOUSEHOLD_2_430,WI_1,11609,3.97
HOUSEHOLD_2_442,WI_1,11609,1.48
HOUSEHOLD_2_447,WI_1,11609,1.97
HOUSEHOLD_2_450,WI_1,11609,10.43
HOUSEHOLD_2_467,WI_1,11609,3.97
HOUSEHOLD_2_503,WI_1,11609,6.94
HOUSEHOLD_2_505,WI_1,11609,4.97
HOUSEHOLD_2_504,WI_1,11609,1.97
HOUSEHOLD_2_508,WI_1,11609,15.94
FOODS_1_002,WI_1,11609,9.48
FOODS_1_005,WI_1,11609,3.54
FOODS_1_027,WI_1,11609,1.96
FOODS_1_021,WI_1,11609,0.98
FOODS_1_022,WI_1,11609,6.47
FOODS_1_031,WI_1,11609,3.54
FOODS_1_030,WI_1,11609,3.48
FOODS_1_033,WI_1,11609,7.27
FOODS_1_042,WI_1,11609,0.94
FOODS_1_039,WI_1,11609,2.48
FOODS_1_063,WI_1,11609,2.48
FOODS_1_076,WI_1,11609,6.72
FOODS_1_084,WI_1,11609,6.03
FOODS_1_086,WI_1,11609,1.83
FOODS_1_082,WI_1,11609,0.98
FOODS_1_092,WI_1,11609,1.96
FOODS_1_095,WI_1,11609,4.79
FOODS_1_102,WI_1,11609,1.78
FOODS_1_107,WI_1,11609,6.03
FOODS_1_127,WI_1,11609,2.12
FOODS_1_126,WI_1,11609,2.24
FOODS_1_133,WI_1,11609,3.48
FOODS_1_147,WI_1,11609,6.47
FOODS_1_151,WI_1,11609,11.84
FOODS_1_158,WI_1,11609,4.68
FOODS_1_156,WI_1,11609,2.24
FOODS_1_173,WI_1,11609,2.0
FOODS_1_192,WI_1,11609,2.24
FOODS_1_195,WI_1,11609,2.24
FOODS_1_196,WI_1,11609,2.0
FOODS_1_216,WI_1,11609,5.28
FOODS_1_215,WI_1,11609,1.84
FOODS_2_012,WI_1,11609,3.34
FOODS_2_018,WI_1,11609,6.98
FOODS_2_038,WI_1,11609,6.08
FOODS_2_052,WI_1,11609,13.97
FOODS_2_062,WI_1,11609,5.77
FOODS_2_063,WI_1,11609,2.96
FOODS_2_082,WI_1,11609,5.98
FOODS_2_092,WI_1,11609,3.5
FOODS_2_104,WI_1,11609,7.48
FOODS_2_113,WI_1,11609,2.5
FOODS_2_126,WI_1,11609,4.88
FOODS_2_149,WI_1,11609,6.98
FOODS_2_160,WI_1,11609,2.88
FOODS_2_159,WI_1,11609,3.97
FOODS_2_177,WI_1,11609,3.33
FOODS_2_188,WI_1,11609,2.5
FOODS_2_200,WI_1,11609,4.32
FOODS_2_223,WI_1,11609,2.18
FOODS_2_220,WI_1,11609,2.0
FOODS_2_221,WI_1,11609,1.0
FOODS_2_215,WI_1,11609,1.84
FOODS_2_240,WI_1,11609,1.87
FOODS_2_255,WI_1,11609,2.56
FOODS_2_272,WI_1,11609,1.87
FOODS_2_288,WI_1,11609,2.5
FOODS_2_287,WI_1,11609,2.5
FOODS_2_304,WI_1,11609,3.97
FOODS_2_302,WI_1,11609,9.98
FOODS_2_336,WI_1,11609,2.5
FOODS_2_328,WI_1,11609,4.42
FOODS_2_339,WI_1,11609,3.5
FOODS_2_371,WI_1,11609,1.68
FOODS_2_388,WI_1,11609,2.98
FOODS_2_399,WI_1,11609,2.0
FOODS_3_002,WI_1,11609,2.5
FOODS_3_013,WI_1,11609,2.58
FOODS_3_039,WI_1,11609,3.98
FOODS_3_059,WI_1,11609,1.88
FOODS_3_080,WI_1,11609,1.68
FOODS_3_090,WI_1,11609,1.38
FOODS_3_098,WI_1,11609,4.44
FOODS_3_109,WI_1,11609,1.0
FOODS_3_113,WI_1,11609,1.18
FOODS_3_114,WI_1,11609,2.68
FOODS_3_111,WI_1,11609,4.98
FOODS_3_124,WI_1,11609,5.44
FOODS_3_120,WI_1,11609,4.98
FOODS_3_133,WI_1,11609,0.8
FOODS_3_131,WI_1,11609,1.0
FOODS_3_135,WI_1,11609,1.48
FOODS_3_139,WI_1,11609,4.98
FOODS_3_146,WI_1,11609,5.44
FOODS_3_181,WI_1,11609,2.98
FOODS_3_196,WI_1,11609,4.48
FOODS_3_201,WI_1,11609,2.56
FOODS_3_204,WI_1,11609,2.48
FOODS_3_216,WI_1,11609,2.56
FOODS_3_230,WI_1,11609,3.78
FOODS_3_235,WI_1,11609,1.74
FOODS_3_242,WI_1,11609,9.86
FOODS_3_262,WI_1,11609,6.72
FOODS_3_276,WI_1,11609,4.48
FOODS_3_288,WI_1,11609,1.45
FOODS_3_303,WI_1,11609,2.98
FOODS_3_308,WI_1,11609,4.98
FOODS_3_319,WI_1,11609,0.94
FOODS_3_322,WI_1,11609,2.56
FOODS_3_339,WI_1,11609,0.8
FOODS_3_334,WI_1,11609,2.98
FOODS_3_332,WI_1,11609,1.98
FOODS_3_349,WI_1,11609,1.68
FOODS_3_369,WI_1,11609,3.98
FOODS_3_367,WI_1,11609,2.68
FOODS_3_377,WI_1,11609,1.68
FOODS_3_374,WI_1,11609,2.5
HOUSEHOLD_2_222,WI_3,11609,4.97
HOUSEHOLD_2_231,WI_3,11609,3.96
HOUSEHOLD_2_246,WI_3,11609,7.87
HOUSEHOLD_2_253,WI_3,11609,5.97
HOUSEHOLD_2_249,WI_3,11609,8.64
HOUSEHOLD_2_269,WI_3,11609,10.97
HOUSEHOLD_2_265,WI_3,11609,4.97
HOUSEHOLD_2_304,WI_3,11609,5.94
HOUSEHOLD_2_300,WI_3,11609,7.97
HOUSEHOLD_2_298,WI_3,11609,3.42
HOUSEHOLD_2_310,WI_3,11609,1.42
HOUSEHOLD_2_311,WI_3,11609,5.94
HOUSEHOLD_2_315,WI_3,11609,7.67
HOUSEHOLD_2_324,WI_3,11609,14.26
HOUSEHOLD_2_337,WI_3,11609,6.77
HOUSEHOLD_2_338,WI_3,11609,4.92
HOUSEHOLD_2_343,WI_3,11609,2.78
HOUSEHOLD_2_352,WI_3,11609,2.97
HOUSEHOLD_2_357,WI_3,11609,7.97
HOUSEHOLD_2_383,WI_3,11609,3.88
HOUSEHOLD_2_390,WI_3,11609,5.98
HOUSEHOLD_2_392,WI_3,11609,4.97
HOUSEHOLD_2_394,WI_3,11609,6.27
HOUSEHOLD_2_397,WI_3,11609,6.98
HOUSEHOLD_2_399,WI_3,11609,2.67
HOUSEHOLD_2_407,WI_3,11609,4.94
HOUSEHOLD_2_408,WI_3,11609,8.48
HOUSEHOLD_2_413,WI_3,11609,3.68
HOUSEHOLD_2_437,WI_3,11609,7.97
HOUSEHOLD_2_438,WI_3,11609,8.87
HOUSEHOLD_2_434,WI_3,11609,1.88
HOUSEHOLD_2_458,WI_3,11609,3.96
HOUSEHOLD_2_471,WI_3,11609,3.48
HOUSEHOLD_2_483,WI_3,11609,4.97
HOUSEHOLD_2_492,WI_3,11609,5.92
HOUSEHOLD_2_489,WI_3,11609,14.47
HOUSEHOLD_2_490,WI_3,11609,3.48
HOUSEHOLD_2_500,WI_3,11609,5.84
FOODS_1_012,WI_3,11609,7.27
FOODS_1_018,WI_3,11609,0.98
FOODS_1_020,WI_3,11609,2.68
FOODS_1_023,WI_3,11609,7.27
FOODS_1_032,WI_3,11609,0.98
FOODS_1_041,WI_3,11609,2.24
FOODS_1_038,WI_3,11609,9.94
FOODS_1_043,WI_3,11609,1.96
FOODS_1_054,WI_3,11609,1.98
FOODS_1_060,WI_3,11609,1.68
FOODS_1_072,WI_3,11609,5.28
FOODS_1_083,WI_3,11609,2.0
FOODS_1_089,WI_3,11609,3.48
FOODS_1_094,WI_3,11609,3.54
FOODS_1_093,WI_3,11609,6.77
FOODS_1_103,WI_3,11609,3.88
FOODS_1_104,WI_3,11609,3.54
FOODS_1_112,WI_3,11609,1.98
FOODS_1_113,WI_3,11609,0.98
FOODS_1_111,WI_3,11609,5.98
FOODS_1_124,WI_3,11609,2.24
FOODS_1_120,WI_3,11609,1.96
FOODS_1_130,WI_3,11609,1.78
FOODS_1_132,WI_3,11609,1.96
FOODS_1_150,WI_3,11609,5.28
FOODS_1_148,WI_3,11609,6.47
FOODS_1_159,WI_3,11609,6.47
FOODS_1_170,WI_3,11609,7.27
FOODS_1_175,WI_3,11609,2.98
FOODS_1_184,WI_3,11609,1.0
FOODS_1_193,WI_3,11609,6.32
FOODS_1_201,WI_3,11609,2.24
FOODS_1_203,WI_3,11609,2.24
FOODS_1_205,WI_3,11609,5.28
FOODS_1_208,WI_3,11609,1.96
FOODS_1_210,WI_3,11609,1.96
FOODS_2_009,WI_3,11609,1.48
FOODS_2_006,WI_3,11609,10.97
FOODS_2_027,WI_3,11609,2.64
FOODS_2_028,WI_3,11609,3.94
FOODS_2_034,WI_3,11609,2.5
FOODS_2_047,WI_3,11609,2.96
FOODS_2_046,WI_3,11609,3.94
FOODS_2_056,WI_3,11609,6.98
FOODS_2_071,WI_3,11609,4.48
FOODS_2_077,WI_3,11609,5.92
FOODS_2_086,WI_3,11609,2.67
FOODS_2_088,WI_3,11609,7.47
FOODS_2_089,WI_3,11609,3.98
FOODS_2_118,WI_3,11609,3.28
FOODS_2_114,WI_3,11609,2.5
FOODS_2_128,WI_3,11609,0.94
FOODS_2_137,WI_3,11609,2.5
FOODS_2_144,WI_3,11609,2.5
FOODS_2_142,WI_3,11609,3.98
FOODS_2_153,WI_3,11609,2.96
FOODS_2_157,WI_3,11609,3.94
FOODS_2_171,WI_3,11609,2.97
FOODS_2_201,WI_3,11609,4.98
FOODS_2_207,WI_3,11609,7.98
FOODS_2_216,WI_3,11609,5.98
FOODS_2_229,WI_3,11609,2.18
FOODS_2_235,WI_3,11609,2.5
FOODS_2_237,WI_3,11609,2.5
FOODS_2_244,WI_3,11609,5.94
FOODS_2_251,WI_3,11609,7.87
FOODS_2_246,WI_3,11609,1.87
FOODS_2_250,WI_3,11609,10.97
FOODS_2_262,WI_3,11609,2.0
FOODS_2_259,WI_3,11609,3.67
FOODS_2_282,WI_3,11609,6.72
FOODS_2_286,WI_3,11609,1.58
FOODS_2_295,WI_3,11609,13.97
FOODS_2_298,WI_3,11609,13.97
FOODS_2_300,WI_3,11609,5.92
FOODS_2_309,WI_3,11609,2.74
FOODS_2_301,WI_3,11609,3.18
FOODS_2_322,WI_3,11609,2.97
FOODS_2_321,WI_3,11609,2.98
FOODS_2_320,WI_3,11609,1.86
FOODS_2_327,WI_3,11609,2.0
FOODS_2_361,WI_3,11609,3.94
FOODS_2_367,WI_3,11609,4.97
FOODS_2_368,WI_3,11609,7.87
FOODS_2_370,WI_3,11609,4.97
FOODS_2_366,WI_3,11609,2.5
FOODS_2_376,WI_3,11609,2.0
FOODS_2_381,WI_3,11609,2.5
FOODS_2_384,WI_3,11609,2.28
FOODS_2_379,WI_3,11609,6.98
FOODS_3_005,WI_3,11609,2.28
FOODS_3_006,WI_3,11609,7.88
FOODS_3_012,WI_3,11609,2.68
FOODS_3_019,WI_3,11609,1.98
FOODS_3_023,WI_3,11609,3.98
FOODS_3_018,WI_3,11609,4.54
FOODS_3_032,WI_3,11609,2.98
FOODS_3_034,WI_3,11609,2.56
FOODS_3_033,WI_3,11609,2.5
FOODS_3_042,WI_3,11609,1.68
FOODS_3_046,WI_3,11609,1.98
FOODS_3_038,WI_3,11609,4.98
FOODS_3_047,WI_3,11609,1.0
FOODS_3_061,WI_3,11609,2.98
FOODS_3_058,WI_3,11609,1.98
FOODS_3_070,WI_3,11609,0.25
FOODS_3_071,WI_3,11609,1.34
FOODS_3_078,WI_3,11609,2.97
FOODS_3_092,WI_3,11609,3.98
FOODS_3_091,WI_3,11609,5.98
FOODS_3_096,WI_3,11609,4.44
FOODS_3_101,WI_3,11609,1.0
FOODS_3_117,WI_3,11609,1.88
FOODS_3_119,WI_3,11609,4.28
FOODS_3_138,WI_3,11609,1.98
FOODS_3_145,WI_3,11609,2.98
FOODS_3_152,WI_3,11609,2.88
FOODS_3_164,WI_3,11609,2.94
FOODS_3_186,WI_3,11609,2.28
FOODS_3_188,WI_3,11609,1.98
FOODS_3_194,WI_3,11609,2.98
FOODS_3_200,WI_3,11609,2.0
FOODS_3_198,WI_3,11609,6.44
FOODS_3_213,WI_3,11609,2.24
FOODS_3_211,WI_3,11609,4.58
FOODS_3_214,WI_3,11609,0.94
FOODS_3_215,WI_3,11609,0.78
FOODS_3_222,WI_3,11609,4.54
FOODS_3_232,WI_3,11609,3.0
FOODS_3_238,WI_3,11609,3.27
FOODS_3_236,WI_3,11609,2.56
FOODS_3_257,WI_3,11609,3.98
FOODS_3_261,WI_3,11609,3.98
FOODS_3_259,WI_3,11609,1.34
FOODS_3_269,WI_3,11609,2.98
FOODS_3_281,WI_3,11609,1.25
FOODS_3_010,WI_3,11609,2.84
FOODS_2_206,TX_2,11609,9.98
FOODS_2_212,TX_2,11609,4.88
FOODS_2_213,TX_2,11609,3.78
FOODS_2_209,TX_2,11609,5.97
FOODS_2_224,TX_2,11609,5.76
FOODS_2_242,TX_2,11609,2.47
FOODS_2_238,TX_2,11609,1.58
FOODS_2_239,TX_2,11609,13.98
FOODS_2_254,TX_2,11609,5.92
FOODS_2_252,TX_2,11609,3.97
FOODS_2_275,TX_2,11609,2.0
FOODS_2_276,TX_2,11609,2.98
FOODS_2_278,TX_2,11609,2.47
FOODS_2_271,TX_2,11609,10.98
FOODS_2_306,TX_2,11609,3.98
FOODS_2_314,TX_2,11609,4.97
FOODS_2_312,TX_2,11609,4.98
FOODS_2_316,TX_2,11609,9.98
FOODS_2_324,TX_2,11609,2.5
FOODS_2_334,TX_2,11609,9.98
FOODS_2_340,TX_2,11609,2.98
FOODS_2_344,TX_2,11609,2.5
FOODS_2_341,TX_2,11609,2.5
FOODS_2_357,TX_2,11609,1.78
FOODS_2_360,TX_2,11609,0.94
FOODS_2_374,TX_2,11609,1.78
FOODS_2_375,TX_2,11609,4.88
FOODS_2_373,TX_2,11609,5.76
FOODS_2_372,TX_2,11609,8.98
FOODS_2_382,TX_2,11609,3.88
FOODS_3_004,TX_2,11609,5.98
FOODS_3_007,TX_2,11609,0.25
FOODS_3_008,TX_2,11609,0.74
FOODS_3_027,TX_2,11609,2.0
FOODS_3_041,TX_2,11609,2.98
FOODS_3_040,TX_2,11609,2.56
FOODS_3_049,TX_2,11609,4.74
FOODS_3_053,TX_2,11609,3.98
FOODS_3_056,TX_2,11609,1.74
FOODS_3_057,TX_2,11609,2.98
FOODS_3_062,TX_2,11609,2.94
FOODS_3_055,TX_2,11609,2.98
FOODS_3_060,TX_2,11609,2.98
FOODS_3_068,TX_2,11609,1.98
FOODS_3_077,TX_2,11609,2.88
FOODS_3_093,TX_2,11609,1.88
FOODS_3_104,TX_2,11609,2.98
FOODS_3_122,TX_2,11609,2.5
FOODS_3_128,TX_2,11609,2.98
FOODS_3_143,TX_2,11609,2.56
FOODS_3_153,TX_2,11609,1.74
FOODS_3_179,TX_2,11609,4.98
FOODS_3_176,TX_2,11609,1.64
FOODS_3_183,TX_2,11609,3.0
FOODS_3_185,TX_2,11609,2.48
FOODS_3_180,TX_2,11609,2.98
FOODS_3_191,TX_2,11609,1.0
FOODS_3_195,TX_2,11609,2.68
FOODS_3_203,TX_2,11609,4.98
FOODS_3_205,TX_2,11609,1.28
FOODS_3_221,TX_2,11609,4.98
FOODS_3_228,TX_2,11609,1.68
FOODS_3_231,TX_2,11609,5.44
FOODS_3_234,TX_2,11609,0.25
FOODS_3_237,TX_2,11609,1.0
FOODS_3_240,TX_2,11609,1.0
FOODS_3_241,TX_2,11609,2.98
FOODS_3_245,TX_2,11609,2.48
FOODS_3_255,TX_2,11609,3.98
FOODS_3_283,TX_2,11609,2.98
FOODS_3_282,TX_2,11609,2.56
FOODS_3_284,TX_2,11609,1.98
FOODS_3_291,TX_2,11609,2.78
FOODS_3_292,TX_2,11609,3.56
FOODS_3_295,TX_2,11609,0.8
FOODS_3_307,TX_2,11609,3.98
FOODS_3_325,TX_2,11609,2.56
FOODS_3_330,TX_2,11609,3.98
FOODS_3_336,TX_2,11609,2.18
FOODS_3_343,TX_2,11609,3.54
FOODS_3_345,TX_2,11609,2.48
FOODS_3_340,TX_2,11609,3.32
FOODS_3_338,TX_2,11609,3.68
FOODS_3_347,TX_2,11609,1.88
FOODS_3_365,TX_2,11609,5.24
FOODS_3_364,TX_2,11609,2.78
FOODS_3_371,TX_2,11609,2.5
FOODS_3_392,TX_2,11609,3.98
FOODS_3_412,TX_2,11609,0.25
FOODS_3_414,TX_2,11609,5.18
FOODS_3_415,TX_2,11609,2.56
FOODS_3_421,TX_2,11609,2.48
FOODS_3_419,TX_2,11609,2.88
FOODS_3_433,TX_2,11609,1.0
FOODS_3_427,TX_2,11609,2.48
FOODS_3_434,TX_2,11609,2.88
FOODS_3_438,TX_2,11609,1.0
FOODS_3_439,TX_2,11609,2.98
FOODS_3_448,TX_2,11609,3.0
FOODS_3_445,TX_2,11609,2.48
FOODS_3_461,TX_2,11609,1.68
FOODS_3_469,TX_2,11609,6.24
HOUSEHOLD_1_238,WI_2,11609,2.48
HOUSEHOLD_1_250,WI_2,11609,2.68
HOUSEHOLD_1_255,WI_2,11609,9.47
HOUSEHOLD_1_265,WI_2,11609,4.74
HOUSEHOLD_1_279,WI_2,11609,0.97
HOUSEHOLD_1_281,WI_2,11609,4.94
HOUSEHOLD_1_284,WI_2,11609,4.94
HOUSEHOLD_1_293,WI_2,11609,12.47
HOUSEHOLD_1_299,WI_2,11609,5.27
HOUSEHOLD_1_296,WI_2,11609,4.97
HOUSEHOLD_1_316,WI_2,11609,3.96
HOUSEHOLD_1_318,WI_2,11609,2.88
HOUSEHOLD_1_326,WI_2,11609,4.88
HOUSEHOLD_1_340,WI_2,11609,4.98
HOUSEHOLD_1_349,WI_2,11609,2.94
HOUSEHOLD_1_358,WI_2,11609,9.97
HOUSEHOLD_1_355,WI_2,11609,7.98
HOUSEHOLD_1_370,WI_2,11609,7.27
HOUSEHOLD_1_372,WI_2,11609,1.97
HOUSEHOLD_1_376,WI_2,11609,5.44
HOUSEHOLD_1_379,WI_2,11609,0.97
HOUSEHOLD_1_395,WI_2,11609,4.88
HOUSEHOLD_1_401,WI_2,11609,9.47
HOUSEHOLD_1_404,WI_2,11609,2.67
HOUSEHOLD_1_433,WI_2,11609,8.97
HOUSEHOLD_1_440,WI_2,11609,14.97
HOUSEHOLD_1_445,WI_2,11609,1.97
HOUSEHOLD_1_460,WI_2,11609,3.88
HOUSEHOLD_1_459,WI_2,11609,0.97
HOUSEHOLD_1_474,WI_2,11609,0.97
HOUSEHOLD_1_473,WI_2,11609,2.36
HOUSEHOLD_1_493,WI_2,11609,2.87
HOUSEHOLD_1_501,WI_2,11609,3.96
HOUSEHOLD_1_500,WI_2,11609,4.44
HOUSEHOLD_1_502,WI_2,11609,4.23
HOUSEHOLD_1_510,WI_2,11609,4.94
HOUSEHOLD_1_506,WI_2,11609,3.88
HOUSEHOLD_1_516,WI_2,11609,1.94
HOUSEHOLD_1_518,WI_2,11609,6.97
HOUSEHOLD_1_512,WI_2,11609,1.87
HOUSEHOLD_1_525,WI_2,11609,4.23
HOUSEHOLD_2_009,WI_2,11609,5.73
HOUSEHOLD_2_025,WI_2,11609,5.47
HOUSEHOLD_2_026,WI_2,11609,3.97
HOUSEHOLD_2_023,WI_2,11609,3.97
HOUSEHOLD_2_032,WI_2,11609,9.43
HOUSEHOLD_2_043,WI_2,11609,4.97
HOUSEHOLD_2_036,WI_2,11609,3.97
HOUSEHOLD_2_039,WI_2,11609,10.72
HOUSEHOLD_2_040,WI_2,11609,3.97
HOUSEHOLD_2_070,WI_2,11609,2.97
HOUSEHOLD_2_067,WI_2,11609,0.97
HOUSEHOLD_2_074,WI_2,11609,0.96
HOUSEHOLD_2_076,WI_2,11609,8.97
HOUSEHOLD_2_089,WI_2,11609,3.48
HOUSEHOLD_2_108,WI_2,11609,8.88
HOUSEHOLD_2_107,WI_2,11609,11.97
HOUSEHOLD_2_109,WI_2,11609,3.87
HOUSEHOLD_2_123,WI_2,11609,1.98
HOUSEHOLD_2_127,WI_2,11609,5.73
HOUSEHOLD_2_135,WI_2,11609,9.98
HOUSEHOLD_2_155,WI_2,11609,6.77
HOUSEHOLD_2_149,WI_2,11609,3.98
HOUSEHOLD_2_164,WI_2,11609,8.47
HOUSEHOLD_2_204,WI_2,11609,12.97
HOUSEHOLD_2_210,WI_2,11609,8.86
HOUSEHOLD_2_225,WI_2,11609,0.93
HOUSEHOLD_2_232,WI_2,11609,4.78
HOUSEHOLD_2_230,WI_2,11609,2.46
HOUSEHOLD_2_245,WI_2,11609,1.97
HOUSEHOLD_2_258,WI_2,11609,3.97
HOUSEHOLD_2_277,WI_2,11609,3.33
HOUSEHOLD_2_279,WI_2,11609,4.44
HOUSEHOLD_2_295,WI_2,11609,5.97
HOUSEHOLD_2_291,WI_2,11609,4.97
HOUSEHOLD_2_292,WI_2,11609,9.97
HOUSEHOLD_2_302,WI_2,11609,2.98
HOUSEHOLD_2_328,WI_2,11609,7.47
HOUSEHOLD_2_339,WI_2,11609,6.46
HOUSEHOLD_2_363,WI_2,11609,6.78
HOUSEHOLD_2_364,WI_2,11609,5.68
HOUSEHOLD_2_373,WI_2,11609,4.66
HOUSEHOLD_2_375,WI_2,11609,6.77
HOUSEHOLD_2_387,WI_2,11609,5.97
HOUSEHOLD_2_402,WI_2,11609,8.97
HOUSEHOLD_2_417,WI_2,11609,3.97
HOUSEHOLD_2_418,WI_2,11609,2.78
HOUSEHOLD_2_425,WI_2,11609,8.44
HOUSEHOLD_2_440,WI_2,11609,0.97
HOUSEHOLD_2_461,WI_2,11609,9.97
HOUSEHOLD_2_454,WI_2,11609,7.97
HOUSEHOLD_2_468,WI_2,11609,8.97
HOUSEHOLD_2_474,WI_2,11609,7.76
HOUSEHOLD_2_485,WI_2,11609,6.97
HOUSEHOLD_2_497,WI_2,11609,6.48
HOUSEHOLD_2_507,WI_2,11609,6.97
HOUSEHOLD_2_511,WI_2,11609,2.74
FOODS_1_003,WI_2,11609,3.23
FOODS_1_016,WI_2,11609,2.26
FOODS_1_024,WI_2,11609,4.86
FOODS_1_017,WI_2,11609,2.24
FOODS_1_029,WI_2,11609,4.27
FOODS_1_028,WI_2,11609,2.48
FOODS_1_040,WI_2,11609,1.78
FOODS_1_048,WI_2,11609,5.98
FOODS_1_105,WI_2,11609,1.98
FOODS_1_125,WI_2,11609,5.28
FOODS_1_128,WI_2,11609,4.27
FOODS_1_176,WI_2,11609,3.48
FOODS_1_183,WI_2,11609,2.98
FOODS_1_182,WI_2,11609,2.28
FOODS_1_181,WI_2,11609,1.38
FOODS_1_194,WI_2,11609,4.86
FOODS_1_189,WI_2,11609,2.24
FOODS_1_204,WI_2,11609,0.98
FOODS_2_003,WI_2,11609,2.28
FOODS_2_004,WI_2,11609,3.94
FOODS_2_001,WI_2,11609,2.0
FOODS_2_013,WI_2,11609,1.68
FOODS_2_005,WI_2,11609,3.94
FOODS_2_010,WI_2,11609,2.5
FOODS_2_016,WI_2,11609,1.25
FOODS_2_022,WI_2,11609,6.98
FOODS_2_020,WI_2,11609,2.5
FOODS_2_042,WI_2,11609,1.87
FOODS_2_039,WI_2,11609,4.98
FOODS_2_064,WI_2,11609,2.5
FOODS_2_057,WI_2,11609,3.98
FOODS_2_065,WI_2,11609,1.0
FOODS_2_075,WI_2,11609,2.38
FOODS_2_068,WI_2,11609,7.98
FOODS_2_070,WI_2,11609,5.98
FOODS_2_093,WI_2,11609,2.5
FOODS_2_101,WI_2,11609,5.98
HOBBIES_2_054,CA_2,11609,3.97
HOBBIES_2_058,CA_2,11609,0.5
HOBBIES_2_080,CA_2,11609,3.97
HOBBIES_2_083,CA_2,11609,2.88
HOBBIES_2_089,CA_2,11609,2.97
HOBBIES_2_091,CA_2,11609,0.97
HOBBIES_2_092,CA_2,11609,4.97
HOBBIES_2_115,CA_2,11609,2.47
HOBBIES_2_122,CA_2,11609,0.88
HOUSEHOLD_1_010,CA_2,11609,3.17
HOUSEHOLD_1_021,CA_2,11609,1.94
HOUSEHOLD_1_024,CA_2,11609,1.47
HOUSEHOLD_1_046,CA_2,11609,3.78
HOUSEHOLD_1_042,CA_2,11609,9.97
HOUSEHOLD_1_047,CA_2,11609,4.23
HOUSEHOLD_1_065,CA_2,11609,0.98
HOUSEHOLD_1_081,CA_2,11609,7.98
HOUSEHOLD_1_096,CA_2,11609,3.97
HOUSEHOLD_1_098,CA_2,11609,7.98
HOUSEHOLD_1_125,CA_2,11609,5.72
HOUSEHOLD_1_127,CA_2,11609,7.98
HOUSEHOLD_1_130,CA_2,11609,6.42
HOUSEHOLD_1_138,CA_2,11609,4.94
HOUSEHOLD_1_142,CA_2,11609,6.27
HOUSEHOLD_1_154,CA_2,11609,2.96
HOUSEHOLD_1_157,CA_2,11609,4.47
HOUSEHOLD_1_150,CA_2,11609,12.48
HOUSEHOLD_1_152,CA_2,11609,9.98
HOUSEHOLD_1_162,CA_2,11609,5.97
HOUSEHOLD_1_172,CA_2,11609,1.96
HOUSEHOLD_1_180,CA_2,11609,2.88
HOUSEHOLD_1_204,CA_2,11609,1.88
HOUSEHOLD_1_201,CA_2,11609,4.84
HOUSEHOLD_1_214,CA_2,11609,1.87
HOUSEHOLD_1_224,CA_2,11609,7.97
HOUSEHOLD_1_223,CA_2,11609,9.47
HOUSEHOLD_1_220,CA_2,11609,1.83
HOUSEHOLD_1_229,CA_2,11609,2.96
HOUSEHOLD_1_243,CA_2,11609,1.97
HOUSEHOLD_1_239,CA_2,11609,3.97
HOUSEHOLD_1_263,CA_2,11609,7.42
HOUSEHOLD_1_258,CA_2,11609,2.97
HOUSEHOLD_1_271,CA_2,11609,2.98
HOUSEHOLD_1_288,CA_2,11609,7.93
HOUSEHOLD_1_297,CA_2,11609,7.94
HOUSEHOLD_1_289,CA_2,11609,5.22
HOUSEHOLD_1_309,CA_2,11609,6.88
HOUSEHOLD_1_330,CA_2,11609,2.42
HOUSEHOLD_1_339,CA_2,11609,0.97
HOUSEHOLD_1_350,CA_2,11609,2.74
HOUSEHOLD_1_365,CA_2,11609,4.17
HOUSEHOLD_1_377,CA_2,11609,8.96
HOUSEHOLD_1_399,CA_2,11609,0.97
HOUSEHOLD_1_408,CA_2,11609,5.48
HOUSEHOLD_1_409,CA_2,11609,2.94
HOUSEHOLD_1_407,CA_2,11609,5.24
HOUSEHOLD_1_405,CA_2,11609,2.98
HOUSEHOLD_1_416,CA_2,11609,3.88
HOUSEHOLD_1_425,CA_2,11609,1.97
HOUSEHOLD_1_428,CA_2,11609,7.97
HOUSEHOLD_1_424,CA_2,11609,2.97
HOUSEHOLD_1_423,CA_2,11609,2.96
HOUSEHOLD_1_439,CA_2,11609,0.98
HOUSEHOLD_1_446,CA_2,11609,3.93
HOUSEHOLD_1_447,CA_2,11609,0.97
HOUSEHOLD_1_448,CA_2,11609,0.97
HOUSEHOLD_1_444,CA_2,11609,4.88
HOUSEHOLD_1_449,CA_2,11609,15.72
HOUSEHOLD_1_442,CA_2,11609,8.97
HOUSEHOLD_1_454,CA_2,11609,2.97
HOUSEHOLD_1_466,CA_2,11609,3.96
HOUSEHOLD_1_467,CA_2,11609,11.98
HOUSEHOLD_1_490,CA_2,11609,12.97
HOUSEHOLD_1_497,CA_2,11609,15.72
HOUSEHOLD_1_507,CA_2,11609,1.77
HOUSEHOLD_1_504,CA_2,11609,3.38
HOUSEHOLD_1_513,CA_2,11609,9.97
HOUSEHOLD_1_509,CA_2,11609,3.17
HOUSEHOLD_1_522,CA_2,11609,1.73
HOUSEHOLD_1_524,CA_2,11609,3.97
HOUSEHOLD_1_531,CA_2,11609,7.93
HOUSEHOLD_2_003,CA_2,11609,8.94
HOUSEHOLD_1_538,CA_2,11609,3.48
HOUSEHOLD_2_005,CA_2,11609,5.47
HOUSEHOLD_2_015,CA_2,11609,4.44
HOUSEHOLD_2_021,CA_2,11609,4.47
HOUSEHOLD_2_013,CA_2,11609,5.94
HOUSEHOLD_2_017,CA_2,11609,3.72
HOUSEHOLD_2_024,CA_2,11609,2.22
HOUSEHOLD_2_035,CA_2,11609,5.94
HOUSEHOLD_2_053,CA_2,11609,1.97
HOUSEHOLD_2_061,CA_2,11609,2.97
HOUSEHOLD_2_069,CA_2,11609,10.83
HOUSEHOLD_2_079,CA_2,11609,4.47
HOUSEHOLD_2_103,CA_2,11609,1.97
HOUSEHOLD_2_116,CA_2,11609,5.64
HOUSEHOLD_2_110,CA_2,11609,3.17
HOUSEHOLD_2_120,CA_2,11609,7.94
HOUSEHOLD_2_136,CA_2,11609,4.87
HOUSEHOLD_2_160,CA_2,11609,3.93
HOUSEHOLD_2_153,CA_2,11609,9.94
HOUSEHOLD_2_163,CA_2,11609,7.98
HOUSEHOLD_2_161,CA_2,11609,10.97
HOUSEHOLD_2_165,CA_2,11609,5.84
HOUSEHOLD_2_176,CA_2,11609,4.97
HOUSEHOLD_2_174,CA_2,11609,3.97
HOUSEHOLD_2_177,CA_2,11609,2.98
HOUSEHOLD_2_180,CA_2,11609,2.84
HOUSEHOLD_2_192,CA_2,11609,1.97
HOUSEHOLD_2_199,CA_2,11609,3.93
HOUSEHOLD_2_239,CA_2,11609,1.24
HOUSEHOLD_2_244,CA_2,11609,3.97
HOUSEHOLD_2_254,CA_2,11609,4.44
HOUSEHOLD_2_252,CA_2,11609,6.97
HOUSEHOLD_2_256,CA_2,11609,5.94
HOUSEHOLD_2_257,CA_2,11609,5.73
HOUSEHOLD_2_262,CA_2,11609,4.97
HOUSEHOLD_2_271,CA_2,11609,4.78
HOUSEHOLD_2_278,CA_2,11609,10.98
HOUSEHOLD_2_281,CA_2,11609,5.27
HOUSEHOLD_2_289,CA_2,11609,5.92
HOUSEHOLD_2_306,CA_2,11609,3.96
HOUSEHOLD_2_312,CA_2,11609,3.97
HOUSEHOLD_2_316,CA_2,11609,7.24
HOUSEHOLD_2_321,CA_2,11609,5.24
HOUSEHOLD_2_317,CA_2,11609,4.44
HOUSEHOLD_2_329,CA_2,11609,2.72
HOUSEHOLD_2_361,CA_2,11609,6.94
HOUSEHOLD_2_376,CA_2,11609,3.82
HOUSEHOLD_2_374,CA_2,11609,2.98
HOUSEHOLD_2_391,CA_2,11609,12.94
HOUSEHOLD_2_406,CA_2,11609,12.46
HOUSEHOLD_2_405,CA_2,11609,5.64
HOUSEHOLD_2_415,CA_2,11609,2.46
HOUSEHOLD_2_419,CA_2,11609,5.47
HOUSEHOLD_2_441,CA_2,11609,4.94
HOUSEHOLD_2_451,CA_2,11609,3.42
HOUSEHOLD_2_455,CA_2,11609,7.74
HOUSEHOLD_2_459,CA_2,11609,19.54
HOUSEHOLD_2_462,CA_2,11609,7.97
HOUSEHOLD_2_466,CA_2,11609,6.46
HOUSEHOLD_2_479,CA_2,11609,5.94
HOBBIES_1_399,TX_2,11609,1.97
HOBBIES_1_397,TX_2,11609,3.98
HOBBIES_1_419,TX_2,11609,5.98
HOBBIES_2_002,TX_2,11609,1.47
HOBBIES_2_009,TX_2,11609,5.97
HOBBIES_2_012,TX_2,11609,1.97
HOBBIES_2_028,TX_2,11609,0.88
HOBBIES_2_029,TX_2,11609,2.88
HOBBIES_2_018,TX_2,11609,3.37
HOBBIES_2_027,TX_2,11609,1.97
HOBBIES_2_025,TX_2,11609,0.5
HOBBIES_2_024,TX_2,11609,4.77
HOBBIES_2_023,TX_2,11609,0.97
HOBBIES_2_037,TX_2,11609,0.97
HOBBIES_2_031,TX_2,11609,6.97
HOBBIES_2_040,TX_2,11609,0.88
HOBBIES_2_060,TX_2,11609,0.97
HOBBIES_2_057,TX_2,11609,1.97
HOBBIES_2_064,TX_2,11609,0.97
HOBBIES_2_066,TX_2,11609,4.97
HOBBIES_2_073,TX_2,11609,0.5
HOBBIES_2_072,TX_2,11609,7.97
HOBBIES_2_086,TX_2,11609,0.97
HOBBIES_2_108,TX_2,11609,2.97
HOBBIES_2_120,TX_2,11609,2.47
HOBBIES_2_123,TX_2,11609,0.5
HOBBIES_2_131,TX_2,11609,5.97
HOBBIES_2_136,TX_2,11609,2.88
HOBBIES_2_132,TX_2,11609,2.88
HOBBIES_2_148,TX_2,11609,0.88
HOUSEHOLD_1_004,TX_2,11609,1.87
HOUSEHOLD_1_007,TX_2,11609,1.48
HOUSEHOLD_1_009,TX_2,11609,17.97
HOUSEHOLD_1_032,TX_2,11609,10.48
HOUSEHOLD_1_051,TX_2,11609,2.86
HOUSEHOLD_1_049,TX_2,11609,5.97
HOUSEHOLD_1_062,TX_2,11609,4.98
HOUSEHOLD_1_094,TX_2,11609,3.48
HOUSEHOLD_1_120,TX_2,11609,4.44
HOUSEHOLD_1_129,TX_2,11609,3.88
HOUSEHOLD_1_139,TX_2,11609,4.98
HOUSEHOLD_1_149,TX_2,11609,0.97
HOUSEHOLD_1_155,TX_2,11609,3.47
HOUSEHOLD_1_148,TX_2,11609,5.92
HOUSEHOLD_1_166,TX_2,11609,4.94
HOUSEHOLD_1_173,TX_2,11609,0.97
HOUSEHOLD_1_174,TX_2,11609,5.27
HOUSEHOLD_1_182,TX_2,11609,3.97
HOUSEHOLD_1_191,TX_2,11609,2.96
HOUSEHOLD_1_199,TX_2,11609,1.77
HOUSEHOLD_1_200,TX_2,11609,2.08
HOUSEHOLD_1_210,TX_2,11609,4.57
HOUSEHOLD_1_260,TX_2,11609,2.97
HOUSEHOLD_1_270,TX_2,11609,9.92
HOUSEHOLD_1_269,TX_2,11609,3.12
HOUSEHOLD_1_310,TX_2,11609,6.97
HOUSEHOLD_1_311,TX_2,11609,3.88
HOUSEHOLD_1_319,TX_2,11609,1.87
HOUSEHOLD_1_321,TX_2,11609,2.97
HOUSEHOLD_1_315,TX_2,11609,9.48
HOUSEHOLD_1_320,TX_2,11609,4.44
HOUSEHOLD_1_317,TX_2,11609,1.96
HOUSEHOLD_1_328,TX_2,11609,4.94
HOUSEHOLD_1_338,TX_2,11609,3.94
HOUSEHOLD_1_343,TX_2,11609,5.27
HOUSEHOLD_1_348,TX_2,11609,1.86
HOUSEHOLD_1_357,TX_2,11609,11.97
HOUSEHOLD_1_356,TX_2,11609,5.96
HOUSEHOLD_1_364,TX_2,11609,7.14
HOUSEHOLD_1_390,TX_2,11609,1.83
HOUSEHOLD_1_403,TX_2,11609,3.93
HOUSEHOLD_1_402,TX_2,11609,6.97
HOUSEHOLD_1_419,TX_2,11609,8.94
HOUSEHOLD_1_427,TX_2,11609,5.96
HOUSEHOLD_1_453,TX_2,11609,2.36
HOUSEHOLD_1_481,TX_2,11609,4.64
HOUSEHOLD_1_487,TX_2,11609,1.84
HOUSEHOLD_1_484,TX_2,11609,9.97
HOUSEHOLD_1_492,TX_2,11609,3.96
HOUSEHOLD_1_495,TX_2,11609,2.74
HOUSEHOLD_1_508,TX_2,11609,4.87
HOUSEHOLD_1_515,TX_2,11609,2.47
HOUSEHOLD_1_520,TX_2,11609,5.48
HOUSEHOLD_1_536,TX_2,11609,2.92
HOUSEHOLD_2_010,TX_2,11609,6.97
HOUSEHOLD_2_007,TX_2,11609,2.58
HOUSEHOLD_2_038,TX_2,11609,5.94
HOUSEHOLD_2_041,TX_2,11609,4.97
HOUSEHOLD_2_046,TX_2,11609,6.94
HOUSEHOLD_2_068,TX_2,11609,2.88
HOUSEHOLD_2_090,TX_2,11609,5.97
HOUSEHOLD_2_099,TX_2,11609,5.94
HOUSEHOLD_2_097,TX_2,11609,5.48
HOUSEHOLD_2_105,TX_2,11609,4.94
HOUSEHOLD_2_132,TX_2,11609,1.97
HOUSEHOLD_2_130,TX_2,11609,7.97
HOUSEHOLD_2_143,TX_2,11609,6.46
HOUSEHOLD_2_138,TX_2,11609,5.97
HOUSEHOLD_2_144,TX_2,11609,4.44
HOUSEHOLD_2_139,TX_2,11609,5.84
HOUSEHOLD_2_152,TX_2,11609,13.94
HOUSEHOLD_2_154,TX_2,11609,1.88
HOUSEHOLD_2_147,TX_2,11609,3.97
HOUSEHOLD_2_150,TX_2,11609,6.97
HOUSEHOLD_2_157,TX_2,11609,5.47
HOUSEHOLD_2_166,TX_2,11609,9.47
HOUSEHOLD_2_170,TX_2,11609,1.44
HOUSEHOLD_2_171,TX_2,11609,3.87
HOUSEHOLD_2_196,TX_2,11609,2.27
HOUSEHOLD_2_207,TX_2,11609,7.46
HOUSEHOLD_2_215,TX_2,11609,1.88
HOUSEHOLD_2_211,TX_2,11609,19.98
HOUSEHOLD_2_227,TX_2,11609,3.96
HOUSEHOLD_2_237,TX_2,11609,5.94
HOUSEHOLD_2_270,TX_2,11609,5.84
HOUSEHOLD_2_276,TX_2,11609,5.47
HOUSEHOLD_2_297,TX_2,11609,6.54
HOUSEHOLD_2_299,TX_2,11609,1.23
HOUSEHOLD_2_327,TX_2,11609,2.98
HOUSEHOLD_2_334,TX_2,11609,2.98
HOUSEHOLD_2_330,TX_2,11609,3.72
HOUSEHOLD_2_336,TX_2,11609,8.97
HOUSEHOLD_2_342,TX_2,11609,0.97
HOUSEHOLD_2_351,TX_2,11609,5.94
HOUSEHOLD_2_345,TX_2,11609,5.84
HOUSEHOLD_2_346,TX_2,11609,3.33
HOUSEHOLD_2_356,TX_2,11609,9.88
HOUSEHOLD_2_360,TX_2,11609,7.97
HOUSEHOLD_2_362,TX_2,11609,3.94
HOUSEHOLD_2_372,TX_2,11609,8.44
HOUSEHOLD_2_386,TX_2,11609,3.97
HOUSEHOLD_2_396,TX_2,11609,8.44
FOODS_2_105,WI_2,11609,3.44
FOODS_2_116,WI_2,11609,2.0
FOODS_2_133,WI_2,11609,2.5
FOODS_2_135,WI_2,11609,2.48
FOODS_2_156,WI_2,11609,1.48
FOODS_2_161,WI_2,11609,7.47
FOODS_2_162,WI_2,11609,2.97
FOODS_2_163,WI_2,11609,2.5
FOODS_2_154,WI_2,11609,13.97
FOODS_2_170,WI_2,11609,3.28
FOODS_2_181,WI_2,11609,1.78
FOODS_2_182,WI_2,11609,2.0
FOODS_2_180,WI_2,11609,2.48
FOODS_2_178,WI_2,11609,2.5
FOODS_2_184,WI_2,11609,4.93
FOODS_2_187,WI_2,11609,5.0
FOODS_2_197,WI_2,11609,3.42
FOODS_2_219,WI_2,11609,2.5
FOODS_2_222,WI_2,11609,2.57
FOODS_2_226,WI_2,11609,7.98
FOODS_2_227,WI_2,11609,4.48
FOODS_2_258,WI_2,11609,2.88
FOODS_2_279,WI_2,11609,2.57
FOODS_2_277,WI_2,11609,1.28
FOODS_2_285,WI_2,11609,3.98
FOODS_2_294,WI_2,11609,1.0
FOODS_2_305,WI_2,11609,8.96
FOODS_2_326,WI_2,11609,1.0
FOODS_2_325,WI_2,11609,1.25
FOODS_2_337,WI_2,11609,5.92
FOODS_2_349,WI_2,11609,5.98
FOODS_2_350,WI_2,11609,5.08
FOODS_2_378,WI_2,11609,3.66
FOODS_2_383,WI_2,11609,1.87
FOODS_2_392,WI_2,11609,4.98
FOODS_2_397,WI_2,11609,3.28
FOODS_3_011,WI_2,11609,1.88
FOODS_3_014,WI_2,11609,1.98
FOODS_3_030,WI_2,11609,1.25
FOODS_3_043,WI_2,11609,2.56
FOODS_3_044,WI_2,11609,2.88
FOODS_3_054,WI_2,11609,2.18
FOODS_3_069,WI_2,11609,2.98
FOODS_3_065,WI_2,11609,2.98
FOODS_3_088,WI_2,11609,2.78
FOODS_3_102,WI_2,11609,1.98
FOODS_3_116,WI_2,11609,1.18
FOODS_3_150,WI_2,11609,1.88
FOODS_3_149,WI_2,11609,2.5
FOODS_3_157,WI_2,11609,3.32
FOODS_3_175,WI_2,11609,6.98
FOODS_3_165,WI_2,11609,3.54
FOODS_3_171,WI_2,11609,2.48
FOODS_3_182,WI_2,11609,1.98
FOODS_3_193,WI_2,11609,2.5
FOODS_3_206,WI_2,11609,2.58
FOODS_3_207,WI_2,11609,1.98
FOODS_3_208,WI_2,11609,4.88
FOODS_3_212,WI_2,11609,2.98
FOODS_3_219,WI_2,11609,1.48
FOODS_3_239,WI_2,11609,1.98
FOODS_3_246,WI_2,11609,1.98
FOODS_3_244,WI_2,11609,9.86
FOODS_3_251,WI_2,11609,2.98
FOODS_3_271,WI_2,11609,4.48
FOODS_3_273,WI_2,11609,2.24
FOODS_3_278,WI_2,11609,1.0
FOODS_3_305,WI_2,11609,4.68
FOODS_3_317,WI_2,11609,0.94
FOODS_3_321,WI_2,11609,1.48
FOODS_3_331,WI_2,11609,1.58
FOODS_3_341,WI_2,11609,3.98
FOODS_3_368,WI_2,11609,5.98
FOODS_3_370,WI_2,11609,6.98
FOODS_3_381,WI_2,11609,2.98
FOODS_3_386,WI_2,11609,2.56
FOODS_3_405,WI_2,11609,3.56
FOODS_3_406,WI_2,11609,0.8
FOODS_3_403,WI_2,11609,1.45
FOODS_3_428,WI_2,11609,1.98
FOODS_3_432,WI_2,11609,3.98
FOODS_3_443,WI_2,11609,2.5
FOODS_3_468,WI_2,11609,1.18
FOODS_3_470,WI_2,11609,1.74
FOODS_3_475,WI_2,11609,1.0
FOODS_3_466,WI_2,11609,3.78
FOODS_3_481,WI_2,11609,3.88
FOODS_3_476,WI_2,11609,5.98
FOODS_3_487,WI_2,11609,1.68
FOODS_3_492,WI_2,11609,2.98
FOODS_3_520,WI_2,11609,3.98
FOODS_3_515,WI_2,11609,2.88
FOODS_3_530,WI_2,11609,1.68
FOODS_3_537,WI_2,11609,3.98
FOODS_3_542,WI_2,11609,2.56
FOODS_3_555,WI_2,11609,1.68
FOODS_3_550,WI_2,11609,2.98
FOODS_3_553,WI_2,11609,2.56
FOODS_3_560,WI_2,11609,2.88
FOODS_3_570,WI_2,11609,1.78
FOODS_3_582,WI_2,11609,1.98
FOODS_3_581,WI_2,11609,3.48
FOODS_3_585,WI_2,11609,3.98
FOODS_3_596,WI_2,11609,3.0
FOODS_3_598,WI_2,11609,1.98
FOODS_3_597,WI_2,11609,2.84
FOODS_3_602,WI_2,11609,2.68
FOODS_3_621,WI_2,11609,1.5
FOODS_3_633,WI_2,11609,2.88
FOODS_3_639,WI_2,11609,1.98
FOODS_3_651,WI_2,11609,5.22
FOODS_3_652,WI_2,11609,3.98
FOODS_3_653,WI_2,11609,3.64
FOODS_3_660,WI_2,11609,1.68
FOODS_3_662,WI_2,11609,2.5
FOODS_3_675,WI_2,11609,1.78
FOODS_3_688,WI_2,11609,1.88
FOODS_3_726,WI_2,11609,2.56
FOODS_3_733,WI_2,11609,1.98
FOODS_3_735,WI_2,11609,2.0
FOODS_3_745,WI_2,11609,2.18
FOODS_3_755,WI_2,11609,0.94
FOODS_3_750,WI_2,11609,2.68
FOODS_3_751,WI_2,11609,4.98
FOODS_3_773,WI_2,11609,4.98
FOODS_3_776,WI_2,11609,2.98
FOODS_3_777,WI_2,11609,2.98
FOODS_3_793,WI_2,11609,2.98
FOODS_3_788,WI_2,11609,3.48
FOODS_3_808,WI_2,11609,0.94
FOODS_3_813,WI_2,11609,4.54
FOODS_3_821,WI_2,11609,4.98
HOBBIES_1_006,WI_3,11609,0.96
HOBBIES_1_013,WI_3,11609,1.97
HOBBIES_1_032,WI_3,11609,0.57
HOBBIES_1_034,WI_3,11609,4.86
HOBBIES_1_033,WI_3,11609,16.86
HOBBIES_1_039,WI_3,11609,5.88
HOBBIES_1_049,WI_3,11609,7.88
HOBBIES_1_058,WI_3,11609,8.82
HOBBIES_1_075,WI_3,11609,7.0
HOBBIES_1_077,WI_3,11609,9.46
HOBBIES_1_090,WI_3,11609,1.08
HOBBIES_1_102,WI_3,11609,4.98
HOBBIES_1_117,WI_3,11609,12.68
HOBBIES_1_124,WI_3,11609,5.98
HOBBIES_1_122,WI_3,11609,1.77
HOBBIES_1_134,WI_3,11609,3.87
HOBBIES_1_131,WI_3,11609,0.68
HOBBIES_1_144,WI_3,11609,11.28
HOBBIES_1_145,WI_3,11609,1.28
HOBBIES_1_148,WI_3,11609,4.88
HOBBIES_1_152,WI_3,11609,4.86
HOBBIES_1_165,WI_3,11609,4.97
HOBBIES_1_178,WI_3,11609,0.48
HOBBIES_1_181,WI_3,11609,1.97
HOBBIES_1_185,WI_3,11609,3.24
HOUSEHOLD_2_053,CA_1,11609,1.97
HOUSEHOLD_2_061,CA_1,11609,2.97
HOUSEHOLD_2_069,CA_1,11609,10.83
HOUSEHOLD_2_079,CA_1,11609,4.47
HOUSEHOLD_2_103,CA_1,11609,1.97
HOUSEHOLD_2_116,CA_1,11609,5.64
HOUSEHOLD_2_110,CA_1,11609,3.17
HOUSEHOLD_2_120,CA_1,11609,7.94
HOUSEHOLD_2_136,CA_1,11609,4.87
HOUSEHOLD_2_160,CA_1,11609,3.93
HOUSEHOLD_2_153,CA_1,11609,9.94
HOUSEHOLD_2_163,CA_1,11609,7.98
HOUSEHOLD_2_161,CA_1,11609,10.97
HOUSEHOLD_2_165,CA_1,11609,5.84
HOUSEHOLD_2_174,CA_1,11609,3.97
HOUSEHOLD_2_176,CA_1,11609,4.97
HOUSEHOLD_2_177,CA_1,11609,2.98
HOUSEHOLD_2_180,CA_1,11609,2.84
HOUSEHOLD_2_192,CA_1,11609,1.97
HOUSEHOLD_2_199,CA_1,11609,3.93
HOUSEHOLD_2_239,CA_1,11609,1.24
HOUSEHOLD_2_244,CA_1,11609,3.97
HOUSEHOLD_2_254,CA_1,11609,4.44
HOUSEHOLD_2_252,CA_1,11609,6.97
HOUSEHOLD_2_256,CA_1,11609,5.94
HOUSEHOLD_2_262,CA_1,11609,4.97
HOUSEHOLD_2_257,CA_1,11609,5.73
HOUSEHOLD_2_271,CA_1,11609,4.78
HOUSEHOLD_2_281,CA_1,11609,5.27
HOUSEHOLD_2_278,CA_1,11609,10.98
HOUSEHOLD_2_289,CA_1,11609,5.74
HOUSEHOLD_2_306,CA_1,11609,3.96
HOUSEHOLD_2_312,CA_1,11609,3.97
HOUSEHOLD_2_321,CA_1,11609,5.24
HOUSEHOLD_2_316,CA_1,11609,7.24
HOUSEHOLD_2_317,CA_1,11609,4.44
HOUSEHOLD_2_329,CA_1,11609,2.72
HOUSEHOLD_2_361,CA_1,11609,6.94
HOUSEHOLD_2_376,CA_1,11609,3.82
HOUSEHOLD_2_374,CA_1,11609,2.98
HOUSEHOLD_2_391,CA_1,11609,12.94
HOUSEHOLD_2_405,CA_1,11609,5.64
HOUSEHOLD_2_406,CA_1,11609,12.46
HOUSEHOLD_2_415,CA_1,11609,2.48
HOUSEHOLD_2_419,CA_1,11609,5.47
HOUSEHOLD_2_441,CA_1,11609,4.94
HOUSEHOLD_2_451,CA_1,11609,3.42
HOUSEHOLD_2_455,CA_1,11609,7.74
HOUSEHOLD_2_462,CA_1,11609,7.97
HOUSEHOLD_2_459,CA_1,11609,19.54
HOUSEHOLD_2_466,CA_1,11609,6.46
HOUSEHOLD_2_479,CA_1,11609,5.94
HOUSEHOLD_2_491,CA_1,11609,6.96
HOUSEHOLD_2_493,CA_1,11609,1.94
HOUSEHOLD_2_499,CA_1,11609,1.97
HOUSEHOLD_2_512,CA_1,11609,3.97
HOUSEHOLD_2_506,CA_1,11609,6.97
FOODS_1_004,CA_1,11609,1.96
FOODS_1_013,CA_1,11609,1.5
FOODS_1_035,CA_1,11609,2.68
FOODS_1_056,CA_1,11609,2.24
FOODS_1_057,CA_1,11609,2.24
FOODS_1_069,CA_1,11609,2.68
FOODS_1_088,CA_1,11609,5.28
FOODS_1_091,CA_1,11609,2.24
FOODS_1_117,CA_1,11609,2.24
FOODS_1_119,CA_1,11609,3.54
FOODS_1_123,CA_1,11609,3.54
FOODS_1_118,CA_1,11609,0.98
FOODS_1_134,CA_1,11609,1.98
FOODS_1_152,CA_1,11609,8.58
FOODS_1_145,CA_1,11609,0.98
FOODS_1_161,CA_1,11609,0.98
FOODS_1_167,CA_1,11609,4.86
FOODS_1_164,CA_1,11609,5.56
FOODS_1_169,CA_1,11609,3.48
FOODS_1_171,CA_1,11609,4.89
FOODS_1_178,CA_1,11609,9.98
FOODS_1_186,CA_1,11609,5.98
FOODS_1_200,CA_1,11609,0.98
FOODS_1_218,CA_1,11609,0.98
FOODS_2_015,CA_1,11609,2.5
FOODS_2_036,CA_1,11609,3.5
FOODS_2_032,CA_1,11609,2.18
FOODS_2_035,CA_1,11609,5.0
FOODS_2_053,CA_1,11609,7.27
FOODS_2_061,CA_1,11609,2.0
FOODS_2_072,CA_1,11609,2.5
FOODS_2_076,CA_1,11609,10.97
FOODS_2_080,CA_1,11609,2.18
FOODS_2_085,CA_1,11609,3.74
FOODS_2_084,CA_1,11609,2.97
FOODS_2_102,CA_1,11609,10.97
FOODS_2_120,CA_1,11609,2.72
FOODS_2_117,CA_1,11609,5.97
FOODS_2_127,CA_1,11609,7.47
FOODS_2_129,CA_1,11609,9.54
FOODS_2_164,CA_1,11609,3.18
FOODS_2_166,CA_1,11609,2.18
FOODS_2_189,CA_1,11609,2.5
FOODS_2_190,CA_1,11609,2.5
FOODS_2_195,CA_1,11609,3.47
FOODS_2_199,CA_1,11609,1.0
FOODS_2_208,CA_1,11609,6.98
FOODS_2_210,CA_1,11609,3.74
FOODS_2_217,CA_1,11609,3.98
FOODS_2_236,CA_1,11609,2.98
FOODS_2_243,CA_1,11609,7.98
FOODS_2_256,CA_1,11609,6.36
FOODS_2_267,CA_1,11609,1.97
FOODS_2_274,CA_1,11609,6.98
FOODS_2_273,CA_1,11609,2.5
FOODS_2_268,CA_1,11609,3.76
FOODS_2_281,CA_1,11609,7.98
FOODS_2_283,CA_1,11609,1.48
FOODS_2_284,CA_1,11609,2.47
FOODS_2_292,CA_1,11609,3.28
FOODS_2_297,CA_1,11609,3.5
FOODS_2_308,CA_1,11609,2.98
FOODS_2_335,CA_1,11609,3.67
FOODS_2_342,CA_1,11609,5.98
FOODS_2_348,CA_1,11609,5.98
FOODS_2_398,CA_1,11609,2.43
FOODS_2_395,CA_1,11609,3.48
FOODS_2_393,CA_1,11609,3.98
FOODS_2_390,CA_1,11609,7.16
FOODS_3_017,CA_1,11609,1.98
FOODS_3_025,CA_1,11609,2.88
FOODS_3_031,CA_1,11609,4.68
FOODS_3_045,CA_1,11609,3.98
FOODS_3_050,CA_1,11609,2.18
FOODS_3_074,CA_1,11609,4.48
HOUSEHOLD_1_002,CA_4,11609,5.97
HOUSEHOLD_1_013,CA_4,11609,4.94
HOUSEHOLD_1_019,CA_4,11609,0.97
HOUSEHOLD_1_020,CA_4,11609,6.97
HOUSEHOLD_1_027,CA_4,11609,5.97
HOUSEHOLD_1_037,CA_4,11609,4.23
HOUSEHOLD_1_066,CA_4,11609,2.96
HOUSEHOLD_1_073,CA_4,11609,8.88
HOUSEHOLD_1_087,CA_4,11609,4.47
HOUSEHOLD_1_085,CA_4,11609,16.67
HOUSEHOLD_1_082,CA_4,11609,3.48
HOUSEHOLD_1_080,CA_4,11609,10.47
HOUSEHOLD_1_091,CA_4,11609,6.88
HOUSEHOLD_1_090,CA_4,11609,2.96
HOUSEHOLD_1_099,CA_4,11609,2.37
HOUSEHOLD_1_102,CA_4,11609,17.97
HOUSEHOLD_1_124,CA_4,11609,3.98
HOUSEHOLD_1_128,CA_4,11609,2.67
HOUSEHOLD_1_136,CA_4,11609,3.97
HOUSEHOLD_1_144,CA_4,11609,2.97
HOUSEHOLD_1_143,CA_4,11609,1.97
HOUSEHOLD_1_137,CA_4,11609,12.98
HOUSEHOLD_1_145,CA_4,11609,2.24
HOUSEHOLD_1_153,CA_4,11609,1.97
HOUSEHOLD_1_163,CA_4,11609,9.98
HOUSEHOLD_1_164,CA_4,11609,2.97
HOUSEHOLD_1_192,CA_4,11609,3.62
HOUSEHOLD_1_188,CA_4,11609,3.98
HOUSEHOLD_1_208,CA_4,11609,0.93
HOUSEHOLD_1_215,CA_4,11609,2.24
HOUSEHOLD_1_228,CA_4,11609,9.47
HOUSEHOLD_1_238,CA_4,11609,2.48
HOUSEHOLD_1_250,CA_4,11609,2.68
HOUSEHOLD_1_255,CA_4,11609,9.47
HOUSEHOLD_1_265,CA_4,11609,4.74
HOUSEHOLD_1_279,CA_4,11609,0.97
HOUSEHOLD_1_281,CA_4,11609,4.94
HOUSEHOLD_1_284,CA_4,11609,4.94
HOUSEHOLD_1_293,CA_4,11609,12.47
HOUSEHOLD_1_299,CA_4,11609,5.27
HOUSEHOLD_1_296,CA_4,11609,4.97
HOUSEHOLD_1_316,CA_4,11609,3.96
HOUSEHOLD_1_318,CA_4,11609,2.88
HOUSEHOLD_1_326,CA_4,11609,4.88
HOUSEHOLD_1_340,CA_4,11609,4.98
HOUSEHOLD_1_349,CA_4,11609,2.94
HOUSEHOLD_1_358,CA_4,11609,9.97
HOUSEHOLD_1_355,CA_4,11609,7.98
HOUSEHOLD_1_370,CA_4,11609,7.27
HOUSEHOLD_1_372,CA_4,11609,1.97
HOUSEHOLD_1_376,CA_4,11609,5.44
HOUSEHOLD_1_379,CA_4,11609,0.97
HOUSEHOLD_1_395,CA_4,11609,4.88
HOUSEHOLD_1_401,CA_4,11609,9.47
HOUSEHOLD_1_404,CA_4,11609,2.67
HOUSEHOLD_1_433,CA_4,11609,8.97
HOUSEHOLD_1_440,CA_4,11609,14.97
HOUSEHOLD_1_445,CA_4,11609,1.97
HOUSEHOLD_1_460,CA_4,11609,3.88
HOUSEHOLD_1_459,CA_4,11609,0.97
HOUSEHOLD_1_474,CA_4,11609,0.97
HOUSEHOLD_1_473,CA_4,11609,2.36
HOUSEHOLD_1_493,CA_4,11609,2.87
HOUSEHOLD_1_506,CA_4,11609,3.88
HOUSEHOLD_1_501,CA_4,11609,3.96
HOUSEHOLD_1_500,CA_4,11609,4.44
HOUSEHOLD_1_502,CA_4,11609,4.23
HOUSEHOLD_1_512,CA_4,11609,1.87
HOUSEHOLD_1_516,CA_4,11609,1.94
HOUSEHOLD_1_510,CA_4,11609,4.94
HOUSEHOLD_1_525,CA_4,11609,4.23
HOUSEHOLD_1_518,CA_4,11609,6.97
HOUSEHOLD_2_009,CA_4,11609,5.73
HOUSEHOLD_2_025,CA_4,11609,5.47
HOUSEHOLD_2_026,CA_4,11609,3.97
HOUSEHOLD_2_023,CA_4,11609,3.97
HOUSEHOLD_2_036,CA_4,11609,3.97
HOUSEHOLD_2_032,CA_4,11609,9.43
HOUSEHOLD_2_043,CA_4,11609,4.97
HOUSEHOLD_2_039,CA_4,11609,10.72
HOUSEHOLD_2_040,CA_4,11609,3.97
HOUSEHOLD_2_074,CA_4,11609,0.96
HOUSEHOLD_2_070,CA_4,11609,2.97
HOUSEHOLD_2_067,CA_4,11609,0.97
HOUSEHOLD_2_076,CA_4,11609,8.97
HOUSEHOLD_2_089,CA_4,11609,3.48
HOUSEHOLD_2_107,CA_4,11609,11.97
HOUSEHOLD_2_108,CA_4,11609,8.88
HOUSEHOLD_2_109,CA_4,11609,3.87
HOUSEHOLD_2_127,CA_4,11609,5.73
HOUSEHOLD_2_123,CA_4,11609,1.98
HOUSEHOLD_2_135,CA_4,11609,9.98
HOUSEHOLD_2_155,CA_4,11609,6.77
HOUSEHOLD_2_149,CA_4,11609,3.96
HOUSEHOLD_2_164,CA_4,11609,8.47
HOUSEHOLD_2_204,CA_4,11609,12.97
HOUSEHOLD_2_210,CA_4,11609,8.86
HOUSEHOLD_2_225,CA_4,11609,0.93
HOUSEHOLD_2_232,CA_4,11609,4.78
HOUSEHOLD_2_230,CA_4,11609,2.46
HOUSEHOLD_2_245,CA_4,11609,1.97
HOUSEHOLD_2_258,CA_4,11609,3.97
HOUSEHOLD_2_279,CA_4,11609,4.44
HOUSEHOLD_2_277,CA_4,11609,3.33
HOUSEHOLD_2_292,CA_4,11609,9.97
HOUSEHOLD_2_291,CA_4,11609,4.97
HOUSEHOLD_2_295,CA_4,11609,5.97
HOUSEHOLD_2_302,CA_4,11609,2.98
HOUSEHOLD_2_328,CA_4,11609,7.47
HOUSEHOLD_2_339,CA_4,11609,6.46
HOUSEHOLD_2_363,CA_4,11609,5.98
HOUSEHOLD_2_364,CA_4,11609,5.68
HOUSEHOLD_2_373,CA_4,11609,4.66
HOUSEHOLD_2_375,CA_4,11609,6.77
HOUSEHOLD_2_387,CA_4,11609,5.97
HOUSEHOLD_2_402,CA_4,11609,8.97
HOUSEHOLD_2_417,CA_4,11609,3.97
HOUSEHOLD_2_418,CA_4,11609,2.78
HOUSEHOLD_2_425,CA_4,11609,8.44
HOUSEHOLD_2_440,CA_4,11609,0.97
HOUSEHOLD_2_454,CA_4,11609,7.97
HOUSEHOLD_2_461,CA_4,11609,9.97
HOUSEHOLD_2_468,CA_4,11609,8.97
HOUSEHOLD_2_474,CA_4,11609,7.76
HOUSEHOLD_2_485,CA_4,11609,6.97
HOUSEHOLD_2_497,CA_4,11609,6.48
HOUSEHOLD_2_507,CA_4,11609,6.97
HOUSEHOLD_2_511,CA_4,11609,2.74
FOODS_1_003,CA_4,11609,3.23
FOODS_1_016,CA_4,11609,2.26
FOODS_1_017,CA_4,11609,2.24
FOODS_1_024,CA_4,11609,4.86
FOODS_1_028,CA_4,11609,2.98
FOODS_1_029,CA_4,11609,4.27
FOODS_1_040,CA_4,11609,1.78
FOODS_1_048,CA_4,11609,5.98
FOODS_2_164,TX_3,11609,2.22
FOODS_2_166,TX_3,11609,2.18
FOODS_2_190,TX_3,11609,2.5
FOODS_2_189,TX_3,11609,2.47
FOODS_2_199,TX_3,11609,0.84
FOODS_2_195,TX_3,11609,2.97
FOODS_2_208,TX_3,11609,6.98
FOODS_2_210,TX_3,11609,3.74
FOODS_2_217,TX_3,11609,3.98
FOODS_2_236,TX_3,11609,2.98
FOODS_2_243,TX_3,11609,7.98
FOODS_2_256,TX_3,11609,6.36
FOODS_2_267,TX_3,11609,1.68
FOODS_2_268,TX_3,11609,3.76
FOODS_2_274,TX_3,11609,6.98
FOODS_2_273,TX_3,11609,2.5
FOODS_2_281,TX_3,11609,7.98
FOODS_2_283,TX_3,11609,1.32
FOODS_2_284,TX_3,11609,2.47
FOODS_2_297,TX_3,11609,3.5
FOODS_2_292,TX_3,11609,3.28
FOODS_2_308,TX_3,11609,2.82
FOODS_2_342,TX_3,11609,5.74
FOODS_2_335,TX_3,11609,3.14
FOODS_2_348,TX_3,11609,5.98
FOODS_2_395,TX_3,11609,3.48
FOODS_2_393,TX_3,11609,3.98
FOODS_2_390,TX_3,11609,7.16
FOODS_2_398,TX_3,11609,2.43
FOODS_3_017,TX_3,11609,1.98
FOODS_3_025,TX_3,11609,2.67
FOODS_3_031,TX_3,11609,4.68
FOODS_3_045,TX_3,11609,3.98
FOODS_3_050,TX_3,11609,2.18
FOODS_3_074,TX_3,11609,4.48
FOODS_3_082,TX_3,11609,1.98
FOODS_3_083,TX_3,11609,18.73
FOODS_3_085,TX_3,11609,2.98
FOODS_3_086,TX_3,11609,1.0
FOODS_3_097,TX_3,11609,2.24
FOODS_3_095,TX_3,11609,4.98
FOODS_3_112,TX_3,11609,2.98
FOODS_3_115,TX_3,11609,4.48
FOODS_3_118,TX_3,11609,1.18
FOODS_3_126,TX_3,11609,3.78
FOODS_3_129,TX_3,11609,2.68
FOODS_3_137,TX_3,11609,2.56
FOODS_3_144,TX_3,11609,1.98
FOODS_3_148,TX_3,11609,0.94
FOODS_3_141,TX_3,11609,2.98
FOODS_3_142,TX_3,11609,3.98
FOODS_3_163,TX_3,11609,2.24
FOODS_3_162,TX_3,11609,1.98
FOODS_3_159,TX_3,11609,2.98
FOODS_3_174,TX_3,11609,6.18
FOODS_3_168,TX_3,11609,3.65
FOODS_3_167,TX_3,11609,1.98
FOODS_3_170,TX_3,11609,1.98
FOODS_3_166,TX_3,11609,1.0
FOODS_3_177,TX_3,11609,2.98
FOODS_3_189,TX_3,11609,2.56
FOODS_3_197,TX_3,11609,1.98
FOODS_3_217,TX_3,11609,2.98
FOODS_3_252,TX_3,11609,1.58
FOODS_3_253,TX_3,11609,1.98
FOODS_3_258,TX_3,11609,1.78
FOODS_3_286,TX_3,11609,3.98
FOODS_3_301,TX_3,11609,1.98
FOODS_3_313,TX_3,11609,1.87
FOODS_3_316,TX_3,11609,2.56
FOODS_3_312,TX_3,11609,2.88
FOODS_3_324,TX_3,11609,3.0
FOODS_3_329,TX_3,11609,2.98
FOODS_3_350,TX_3,11609,2.98
FOODS_3_355,TX_3,11609,0.94
FOODS_3_376,TX_3,11609,1.0
FOODS_3_379,TX_3,11609,1.97
FOODS_3_394,TX_3,11609,2.98
FOODS_3_393,TX_3,11609,3.56
FOODS_3_400,TX_3,11609,2.98
FOODS_3_401,TX_3,11609,1.98
FOODS_3_399,TX_3,11609,3.56
FOODS_3_413,TX_3,11609,1.0
FOODS_3_422,TX_3,11609,1.88
FOODS_3_416,TX_3,11609,2.68
FOODS_3_447,TX_3,11609,1.74
FOODS_3_453,TX_3,11609,2.98
FOODS_3_463,TX_3,11609,6.0
FOODS_3_472,TX_3,11609,1.97
FOODS_3_479,TX_3,11609,1.0
FOODS_3_502,TX_3,11609,2.56
FOODS_3_512,TX_3,11609,1.98
FOODS_3_516,TX_3,11609,3.78
FOODS_3_525,TX_3,11609,2.0
FOODS_3_527,TX_3,11609,4.98
FOODS_3_539,TX_3,11609,2.98
FOODS_3_543,TX_3,11609,3.48
FOODS_3_546,TX_3,11609,5.98
FOODS_3_565,TX_3,11609,2.5
FOODS_3_564,TX_3,11609,1.74
FOODS_3_571,TX_3,11609,9.44
FOODS_3_576,TX_3,11609,2.5
FOODS_3_600,TX_3,11609,2.56
FOODS_3_604,TX_3,11609,2.56
FOODS_3_616,TX_3,11609,1.87
FOODS_3_618,TX_3,11609,1.98
FOODS_3_626,TX_3,11609,3.98
FOODS_3_645,TX_3,11609,1.98
FOODS_3_663,TX_3,11609,1.74
FOODS_3_672,TX_3,11609,2.64
FOODS_3_686,TX_3,11609,3.57
FOODS_3_690,TX_3,11609,9.98
FOODS_3_697,TX_3,11609,3.0
FOODS_3_693,TX_3,11609,3.48
FOODS_3_718,TX_3,11609,1.48
FOODS_3_721,TX_3,11609,1.98
FOODS_3_753,TX_3,11609,5.44
FOODS_3_757,TX_3,11609,2.68
FOODS_3_775,TX_3,11609,3.37
FOODS_3_811,TX_3,11609,1.88
FOODS_3_810,TX_3,11609,2.56
FOODS_3_817,TX_3,11609,2.94
FOODS_3_820,TX_3,11609,1.98
FOODS_3_818,TX_3,11609,2.98
FOODS_3_815,TX_3,11609,2.48
FOODS_3_824,TX_3,11609,2.68
HOBBIES_1_008,WI_1,11609,0.48
HOBBIES_1_015,WI_1,11609,0.7
HOBBIES_1_017,WI_1,11609,1.98
HOBBIES_1_025,WI_1,11609,3.98
HOBBIES_1_036,WI_1,11609,1.12
HOBBIES_1_030,WI_1,11609,0.7
HOBBIES_1_047,WI_1,11609,1.77
HOBBIES_1_057,WI_1,11609,4.88
HOBBIES_1_053,WI_1,11609,3.97
HOBBIES_1_063,WI_1,11609,5.47
HOBBIES_1_060,WI_1,11609,29.96
HOBBIES_1_078,WI_1,11609,12.78
HOBBIES_1_079,WI_1,11609,7.88
HOBBIES_1_080,WI_1,11609,0.57
HOBBIES_1_082,WI_1,11609,3.78
HOBBIES_1_084,WI_1,11609,3.94
HOBBIES_1_081,WI_1,11609,14.72
HOBBIES_1_092,WI_1,11609,2.38
HOBBIES_1_087,WI_1,11609,12.88
HOBBIES_1_097,WI_1,11609,4.24
HOBBIES_1_105,WI_1,11609,6.68
HOBBIES_1_107,WI_1,11609,3.98
HOBBIES_1_116,WI_1,11609,6.47
HOBBIES_1_127,WI_1,11609,1.22
HOBBIES_1_128,WI_1,11609,8.77
HOBBIES_1_151,WI_1,11609,5.47
HOBBIES_1_172,WI_1,11609,2.98
HOBBIES_1_175,WI_1,11609,1.97
HOBBIES_1_184,WI_1,11609,12.68
FOODS_3_286,WI_3,11609,3.98
FOODS_3_301,WI_3,11609,1.98
FOODS_3_313,WI_3,11609,1.97
FOODS_3_316,WI_3,11609,2.56
FOODS_3_312,WI_3,11609,2.88
FOODS_3_324,WI_3,11609,3.0
FOODS_3_329,WI_3,11609,2.98
FOODS_3_350,WI_3,11609,2.98
FOODS_3_355,WI_3,11609,0.94
FOODS_3_376,WI_3,11609,1.0
FOODS_3_379,WI_3,11609,1.97
FOODS_3_394,WI_3,11609,2.98
FOODS_3_400,WI_3,11609,2.98
FOODS_3_393,WI_3,11609,3.56
FOODS_3_399,WI_3,11609,3.56
FOODS_3_401,WI_3,11609,1.98
FOODS_3_413,WI_3,11609,1.0
FOODS_3_416,WI_3,11609,2.68
FOODS_3_422,WI_3,11609,1.88
FOODS_3_447,WI_3,11609,1.74
FOODS_3_453,WI_3,11609,2.98
FOODS_3_463,WI_3,11609,6.0
FOODS_3_472,WI_3,11609,1.97
FOODS_3_479,WI_3,11609,1.0
FOODS_3_502,WI_3,11609,2.56
FOODS_3_516,WI_3,11609,3.78
FOODS_3_512,WI_3,11609,1.98
FOODS_3_525,WI_3,11609,2.0
FOODS_3_527,WI_3,11609,4.98
FOODS_3_543,WI_3,11609,3.48
FOODS_3_539,WI_3,11609,2.98
FOODS_3_546,WI_3,11609,5.98
FOODS_3_564,WI_3,11609,1.74
FOODS_3_565,WI_3,11609,2.5
FOODS_3_571,WI_3,11609,9.44
FOODS_3_576,WI_3,11609,2.5
FOODS_3_600,WI_3,11609,2.56
FOODS_3_604,WI_3,11609,2.56
FOODS_3_616,WI_3,11609,2.98
FOODS_3_618,WI_3,11609,1.98
FOODS_3_626,WI_3,11609,3.98
FOODS_3_645,WI_3,11609,1.98
FOODS_3_663,WI_3,11609,1.74
FOODS_3_672,WI_3,11609,2.64
FOODS_3_686,WI_3,11609,3.57
FOODS_3_690,WI_3,11609,9.98
FOODS_3_697,WI_3,11609,3.0
FOODS_3_693,WI_3,11609,3.48
FOODS_3_718,WI_3,11609,1.48
FOODS_3_721,WI_3,11609,1.98
FOODS_3_753,WI_3,11609,5.44
FOODS_3_757,WI_3,11609,2.68
FOODS_3_775,WI_3,11609,3.78
FOODS_3_811,WI_3,11609,1.88
FOODS_3_810,WI_3,11609,2.56
FOODS_3_817,WI_3,11609,2.94
FOODS_3_820,WI_3,11609,1.98
FOODS_3_818,WI_3,11609,2.98
FOODS_3_815,WI_3,11609,2.48
FOODS_3_824,WI_3,11609,2.0
HOUSEHOLD_2_491,CA_2,11609,6.96
HOUSEHOLD_2_493,CA_2,11609,1.94
HOUSEHOLD_2_499,CA_2,11609,1.97
HOUSEHOLD_2_506,CA_2,11609,6.97
HOUSEHOLD_2_512,CA_2,11609,3.97
FOODS_1_004,CA_2,11609,1.96
FOODS_1_013,CA_2,11609,1.5
FOODS_1_035,CA_2,11609,2.68
FOODS_1_057,CA_2,11609,2.24
FOODS_1_056,CA_2,11609,2.24
FOODS_1_069,CA_2,11609,2.68
FOODS_1_088,CA_2,11609,5.28
FOODS_1_091,CA_2,11609,2.24
FOODS_1_117,CA_2,11609,2.24
FOODS_1_119,CA_2,11609,3.54
FOODS_1_118,CA_2,11609,0.98
FOODS_1_123,CA_2,11609,3.54
FOODS_1_134,CA_2,11609,1.98
FOODS_1_145,CA_2,11609,0.98
FOODS_1_152,CA_2,11609,8.58
FOODS_1_161,CA_2,11609,0.98
FOODS_1_167,CA_2,11609,4.86
FOODS_1_164,CA_2,11609,5.64
FOODS_1_169,CA_2,11609,3.48
FOODS_1_171,CA_2,11609,4.89
FOODS_1_178,CA_2,11609,9.98
FOODS_1_186,CA_2,11609,5.98
FOODS_1_200,CA_2,11609,0.98
FOODS_1_218,CA_2,11609,0.98
FOODS_2_015,CA_2,11609,2.5
FOODS_2_036,CA_2,11609,3.5
FOODS_2_032,CA_2,11609,1.98
FOODS_2_035,CA_2,11609,5.0
FOODS_2_053,CA_2,11609,7.27
FOODS_2_061,CA_2,11609,2.0
FOODS_2_076,CA_2,11609,10.97
FOODS_2_072,CA_2,11609,2.5
FOODS_2_084,CA_2,11609,2.97
FOODS_2_085,CA_2,11609,3.74
FOODS_2_080,CA_2,11609,1.98
FOODS_2_120,CA_2,11609,2.72
FOODS_2_102,CA_2,11609,10.97
FOODS_2_117,CA_2,11609,5.97
FOODS_2_127,CA_2,11609,7.47
FOODS_2_129,CA_2,11609,9.54
FOODS_2_164,CA_2,11609,3.18
FOODS_2_166,CA_2,11609,2.18
FOODS_2_189,CA_2,11609,2.5
FOODS_2_190,CA_2,11609,2.5
FOODS_2_195,CA_2,11609,3.47
FOODS_2_208,CA_2,11609,6.98
FOODS_2_217,CA_2,11609,3.98
FOODS_2_210,CA_2,11609,3.74
FOODS_2_199,CA_2,11609,1.0
FOODS_2_236,CA_2,11609,2.98
FOODS_2_243,CA_2,11609,7.98
FOODS_2_268,CA_2,11609,3.76
FOODS_2_274,CA_2,11609,6.98
FOODS_2_281,CA_2,11609,7.98
FOODS_2_273,CA_2,11609,2.5
FOODS_2_267,CA_2,11609,1.97
FOODS_2_256,CA_2,11609,6.36
FOODS_2_297,CA_2,11609,3.5
FOODS_2_283,CA_2,11609,1.48
FOODS_2_284,CA_2,11609,2.47
FOODS_2_292,CA_2,11609,3.28
FOODS_2_308,CA_2,11609,2.98
FOODS_2_335,CA_2,11609,3.67
FOODS_2_342,CA_2,11609,5.98
FOODS_2_348,CA_2,11609,5.98
FOODS_2_390,CA_2,11609,7.16
FOODS_2_395,CA_2,11609,3.78
FOODS_2_398,CA_2,11609,2.43
FOODS_2_393,CA_2,11609,3.98
FOODS_3_017,CA_2,11609,1.98
FOODS_3_031,CA_2,11609,4.68
FOODS_3_025,CA_2,11609,2.88
FOODS_3_050,CA_2,11609,2.18
FOODS_3_045,CA_2,11609,3.98
FOODS_3_082,CA_2,11609,1.98
FOODS_3_083,CA_2,11609,18.73
FOODS_3_074,CA_2,11609,4.48
FOODS_3_086,CA_2,11609,1.0
FOODS_3_085,CA_2,11609,2.98
FOODS_3_095,CA_2,11609,4.98
FOODS_3_097,CA_2,11609,2.24
FOODS_3_112,CA_2,11609,2.98
FOODS_3_115,CA_2,11609,4.68
FOODS_3_118,CA_2,11609,1.18
FOODS_3_126,CA_2,11609,3.78
FOODS_3_129,CA_2,11609,2.68
FOODS_3_137,CA_2,11609,2.56
FOODS_3_141,CA_2,11609,2.98
FOODS_3_144,CA_2,11609,1.98
FOODS_3_148,CA_2,11609,0.94
FOODS_3_142,CA_2,11609,3.98
FOODS_3_162,CA_2,11609,1.98
FOODS_3_163,CA_2,11609,2.24
FOODS_3_168,CA_2,11609,3.65
FOODS_3_167,CA_2,11609,1.98
FOODS_3_159,CA_2,11609,2.98
FOODS_3_166,CA_2,11609,1.0
FOODS_3_174,CA_2,11609,6.18
FOODS_3_177,CA_2,11609,2.98
FOODS_3_170,CA_2,11609,1.98
FOODS_3_189,CA_2,11609,2.56
FOODS_3_197,CA_2,11609,1.98
FOODS_3_217,CA_2,11609,2.98
FOODS_3_252,CA_2,11609,1.58
FOODS_3_253,CA_2,11609,1.98
FOODS_3_258,CA_2,11609,1.78
FOODS_3_286,CA_2,11609,3.98
FOODS_3_301,CA_2,11609,1.98
FOODS_3_313,CA_2,11609,1.97
FOODS_3_312,CA_2,11609,2.88
FOODS_3_316,CA_2,11609,2.56
FOODS_3_324,CA_2,11609,2.5
FOODS_3_329,CA_2,11609,2.98
FOODS_3_355,CA_2,11609,0.94
FOODS_3_350,CA_2,11609,2.98
FOODS_3_376,CA_2,11609,1.0
FOODS_3_379,CA_2,11609,1.97
FOODS_3_394,CA_2,11609,2.98
FOODS_3_393,CA_2,11609,3.56
FOODS_3_400,CA_2,11609,2.98
FOODS_3_401,CA_2,11609,1.98
FOODS_3_399,CA_2,11609,3.56
FOODS_3_413,CA_2,11609,1.0
FOODS_3_422,CA_2,11609,1.98
FOODS_3_416,CA_2,11609,2.68
FOODS_3_447,CA_2,11609,1.74
FOODS_3_453,CA_2,11609,2.98
FOODS_3_463,CA_2,11609,6.0
FOODS_3_472,CA_2,11609,1.97
FOODS_3_479,CA_2,11609,1.0
FOODS_3_502,CA_2,11609,2.56
FOODS_3_516,CA_2,11609,3.78
FOODS_3_512,CA_2,11609,1.98
FOODS_3_527,CA_2,11609,4.98
FOODS_3_525,CA_2,11609,2.0
FOODS_3_539,CA_2,11609,2.98
FOODS_3_546,CA_2,11609,5.98
FOODS_3_543,CA_2,11609,3.48
FOODS_3_564,CA_2,11609,1.74
FOODS_3_565,CA_2,11609,2.5
FOODS_3_571,CA_2,11609,9.44
FOODS_3_576,CA_2,11609,2.5
FOODS_3_600,CA_2,11609,2.56
FOODS_3_604,CA_2,11609,2.56
FOODS_3_616,CA_2,11609,2.98
FOODS_3_618,CA_2,11609,1.98
FOODS_3_626,CA_2,11609,3.98
FOODS_3_645,CA_2,11609,1.98
FOODS_3_663,CA_2,11609,1.74
FOODS_3_672,CA_2,11609,2.64
FOODS_3_686,CA_2,11609,3.57
FOODS_3_693,CA_2,11609,3.48
FOODS_3_690,CA_2,11609,9.98
FOODS_3_697,CA_2,11609,3.0
FOODS_3_718,CA_2,11609,1.48
FOODS_3_721,CA_2,11609,1.98
FOODS_3_753,CA_2,11609,5.44
FOODS_3_757,CA_2,11609,2.68
FOODS_3_775,CA_2,11609,3.78
FOODS_3_817,CA_2,11609,2.94
FOODS_3_811,CA_2,11609,1.88
FOODS_3_810,CA_2,11609,2.56
FOODS_3_815,CA_2,11609,2.48
FOODS_3_818,CA_2,11609,2.98
FOODS_3_824,CA_2,11609,2.48
FOODS_3_820,CA_2,11609,1.98
HOBBIES_1_004,CA_3,11609,4.64
HOBBIES_1_018,CA_3,11609,11.29
HOBBIES_1_027,CA_3,11609,19.98
FOODS_1_105,CA_4,11609,1.98
FOODS_1_128,CA_4,11609,4.27
FOODS_1_125,CA_4,11609,5.28
FOODS_1_176,CA_4,11609,3.48
FOODS_1_183,CA_4,11609,2.98
FOODS_1_182,CA_4,11609,2.28
FOODS_1_181,CA_4,11609,1.38
FOODS_1_194,CA_4,11609,4.86
FOODS_1_189,CA_4,11609,2.24
FOODS_1_204,CA_4,11609,0.98
FOODS_2_003,CA_4,11609,2.28
FOODS_2_004,CA_4,11609,3.94
FOODS_2_001,CA_4,11609,2.0
FOODS_2_005,CA_4,11609,3.94
FOODS_2_010,CA_4,11609,2.5
FOODS_2_013,CA_4,11609,2.0
FOODS_2_020,CA_4,11609,2.5
FOODS_2_016,CA_4,11609,1.25
FOODS_2_022,CA_4,11609,6.98
FOODS_2_039,CA_4,11609,4.98
FOODS_2_042,CA_4,11609,2.18
FOODS_2_057,CA_4,11609,3.98
FOODS_2_064,CA_4,11609,2.28
FOODS_2_065,CA_4,11609,1.0
FOODS_2_068,CA_4,11609,7.98
FOODS_2_075,CA_4,11609,2.38
FOODS_2_070,CA_4,11609,5.98
FOODS_2_093,CA_4,11609,2.5
FOODS_2_105,CA_4,11609,3.44
FOODS_2_101,CA_4,11609,5.98
FOODS_2_116,CA_4,11609,2.0
FOODS_2_133,CA_4,11609,2.5
FOODS_2_135,CA_4,11609,2.48
FOODS_2_154,CA_4,11609,13.97
FOODS_2_156,CA_4,11609,1.48
FOODS_2_161,CA_4,11609,7.47
FOODS_2_162,CA_4,11609,2.97
FOODS_2_170,CA_4,11609,3.28
FOODS_2_163,CA_4,11609,2.5
FOODS_2_181,CA_4,11609,2.0
FOODS_2_180,CA_4,11609,2.48
FOODS_2_178,CA_4,11609,2.5
FOODS_2_182,CA_4,11609,2.0
FOODS_2_184,CA_4,11609,4.93
FOODS_2_187,CA_4,11609,5.0
FOODS_2_197,CA_4,11609,3.42
FOODS_2_219,CA_4,11609,2.5
FOODS_2_222,CA_4,11609,2.57
FOODS_2_226,CA_4,11609,7.98
FOODS_2_227,CA_4,11609,4.48
FOODS_2_258,CA_4,11609,3.22
FOODS_2_279,CA_4,11609,2.57
FOODS_2_277,CA_4,11609,1.28
FOODS_2_285,CA_4,11609,3.98
FOODS_2_294,CA_4,11609,1.0
FOODS_2_305,CA_4,11609,8.96
FOODS_2_326,CA_4,11609,1.0
FOODS_2_325,CA_4,11609,1.25
FOODS_2_337,CA_4,11609,5.92
FOODS_2_349,CA_4,11609,5.98
FOODS_2_350,CA_4,11609,5.08
FOODS_2_378,CA_4,11609,3.66
FOODS_2_383,CA_4,11609,2.0
FOODS_2_397,CA_4,11609,3.28
FOODS_2_392,CA_4,11609,4.98
FOODS_3_011,CA_4,11609,1.98
FOODS_3_014,CA_4,11609,1.98
FOODS_3_030,CA_4,11609,1.48
FOODS_3_043,CA_4,11609,2.5
FOODS_3_044,CA_4,11609,2.88
FOODS_3_054,CA_4,11609,2.18
FOODS_3_065,CA_4,11609,3.98
FOODS_3_069,CA_4,11609,2.98
FOODS_3_088,CA_4,11609,2.78
FOODS_3_102,CA_4,11609,1.98
FOODS_3_116,CA_4,11609,1.18
FOODS_3_150,CA_4,11609,1.98
FOODS_3_149,CA_4,11609,2.5
FOODS_3_157,CA_4,11609,3.32
FOODS_3_165,CA_4,11609,3.87
FOODS_3_175,CA_4,11609,6.98
FOODS_3_171,CA_4,11609,2.48
FOODS_3_182,CA_4,11609,1.98
FOODS_3_193,CA_4,11609,2.5
FOODS_3_207,CA_4,11609,1.98
FOODS_3_206,CA_4,11609,2.58
FOODS_3_212,CA_4,11609,2.98
FOODS_3_208,CA_4,11609,4.88
FOODS_3_219,CA_4,11609,1.48
FOODS_3_239,CA_4,11609,1.98
FOODS_3_244,CA_4,11609,9.86
FOODS_3_246,CA_4,11609,1.98
FOODS_3_251,CA_4,11609,2.98
FOODS_3_273,CA_4,11609,2.24
FOODS_3_271,CA_4,11609,4.48
FOODS_3_278,CA_4,11609,1.0
FOODS_3_305,CA_4,11609,4.68
FOODS_3_317,CA_4,11609,0.94
FOODS_3_321,CA_4,11609,1.48
FOODS_3_331,CA_4,11609,1.58
FOODS_3_341,CA_4,11609,3.98
FOODS_3_368,CA_4,11609,5.98
FOODS_3_370,CA_4,11609,6.98
FOODS_3_386,CA_4,11609,2.56
FOODS_3_381,CA_4,11609,2.98
FOODS_3_403,CA_4,11609,1.5
FOODS_3_405,CA_4,11609,3.56
FOODS_3_406,CA_4,11609,0.8
FOODS_3_428,CA_4,11609,1.98
FOODS_3_432,CA_4,11609,3.98
FOODS_3_443,CA_4,11609,2.5
FOODS_3_466,CA_4,11609,3.78
FOODS_3_468,CA_4,11609,1.18
FOODS_3_470,CA_4,11609,1.74
FOODS_3_475,CA_4,11609,1.0
FOODS_3_476,CA_4,11609,5.98
FOODS_3_481,CA_4,11609,3.88
FOODS_3_492,CA_4,11609,2.98
FOODS_3_487,CA_4,11609,1.68
FOODS_3_520,CA_4,11609,3.98
FOODS_3_515,CA_4,11609,2.88
FOODS_3_530,CA_4,11609,1.68
FOODS_3_537,CA_4,11609,3.98
FOODS_3_542,CA_4,11609,2.56
FOODS_3_550,CA_4,11609,2.98
FOODS_3_555,CA_4,11609,1.68
FOODS_3_553,CA_4,11609,2.56
FOODS_3_560,CA_4,11609,2.88
FOODS_3_570,CA_4,11609,1.78
FOODS_3_581,CA_4,11609,3.48
FOODS_3_582,CA_4,11609,1.98
FOODS_3_585,CA_4,11609,3.98
FOODS_3_596,CA_4,11609,3.0
FOODS_3_598,CA_4,11609,1.98
FOODS_3_597,CA_4,11609,2.84
FOODS_3_602,CA_4,11609,2.68
FOODS_3_621,CA_4,11609,1.5
FOODS_3_633,CA_4,11609,2.88
FOODS_3_639,CA_4,11609,1.98
FOODS_3_651,CA_4,11609,5.22
FOODS_3_652,CA_4,11609,3.98
FOODS_3_653,CA_4,11609,3.64
FOODS_3_660,CA_4,11609,1.68
FOODS_3_662,CA_4,11609,2.5
FOODS_3_675,CA_4,11609,1.98
FOODS_3_688,CA_4,11609,1.88
FOODS_3_726,CA_4,11609,2.56
FOODS_3_733,CA_4,11609,1.98
FOODS_3_735,CA_4,11609,2.0
HOUSEHOLD_2_232,WI_1,11609,4.78
HOUSEHOLD_2_230,WI_1,11609,2.46
HOUSEHOLD_2_245,WI_1,11609,1.97
HOUSEHOLD_2_258,WI_1,11609,3.97
HOUSEHOLD_2_279,WI_1,11609,4.44
HOUSEHOLD_2_277,WI_1,11609,3.33
HOUSEHOLD_2_291,WI_1,11609,4.97
HOUSEHOLD_2_292,WI_1,11609,9.97
HOUSEHOLD_2_295,WI_1,11609,5.97
HOUSEHOLD_2_302,WI_1,11609,2.98
HOUSEHOLD_2_328,WI_1,11609,7.47
HOUSEHOLD_2_339,WI_1,11609,6.46
HOUSEHOLD_2_363,WI_1,11609,6.78
HOUSEHOLD_2_364,WI_1,11609,5.68
HOUSEHOLD_2_373,WI_1,11609,4.66
HOUSEHOLD_2_375,WI_1,11609,6.77
HOUSEHOLD_2_387,WI_1,11609,5.97
HOUSEHOLD_2_402,WI_1,11609,8.97
HOUSEHOLD_2_417,WI_1,11609,3.97
HOUSEHOLD_2_425,WI_1,11609,8.44
HOUSEHOLD_2_418,WI_1,11609,2.78
HOUSEHOLD_2_440,WI_1,11609,0.97
HOUSEHOLD_2_454,WI_1,11609,7.97
HOUSEHOLD_2_461,WI_1,11609,9.97
HOUSEHOLD_2_468,WI_1,11609,8.97
HOUSEHOLD_2_474,WI_1,11609,7.76
HOUSEHOLD_2_485,WI_1,11609,6.97
HOUSEHOLD_2_497,WI_1,11609,6.48
HOUSEHOLD_2_507,WI_1,11609,6.97
HOUSEHOLD_2_511,WI_1,11609,2.74
FOODS_1_003,WI_1,11609,3.23
FOODS_1_016,WI_1,11609,2.26
FOODS_1_017,WI_1,11609,2.24
FOODS_1_024,WI_1,11609,4.86
FOODS_1_028,WI_1,11609,2.48
FOODS_1_029,WI_1,11609,4.27
FOODS_1_040,WI_1,11609,1.78
FOODS_1_048,WI_1,11609,5.98
FOODS_1_105,WI_1,11609,1.98
FOODS_1_128,WI_1,11609,4.27
FOODS_1_125,WI_1,11609,5.28
FOODS_1_183,WI_1,11609,2.98
FOODS_1_176,WI_1,11609,3.48
FOODS_1_182,WI_1,11609,2.28
FOODS_1_181,WI_1,11609,1.38
FOODS_1_189,WI_1,11609,2.24
FOODS_1_194,WI_1,11609,4.86
FOODS_1_204,WI_1,11609,0.98
FOODS_2_005,WI_1,11609,3.94
FOODS_2_001,WI_1,11609,2.0
FOODS_2_003,WI_1,11609,2.28
FOODS_2_004,WI_1,11609,3.94
FOODS_2_013,WI_1,11609,1.68
FOODS_2_010,WI_1,11609,2.5
FOODS_2_016,WI_1,11609,1.25
FOODS_2_022,WI_1,11609,6.98
FOODS_2_020,WI_1,11609,2.5
FOODS_2_039,WI_1,11609,4.98
FOODS_2_042,WI_1,11609,1.87
FOODS_2_057,WI_1,11609,3.98
FOODS_2_064,WI_1,11609,2.5
FOODS_2_070,WI_1,11609,5.98
FOODS_2_065,WI_1,11609,1.0
FOODS_2_068,WI_1,11609,7.98
FOODS_2_075,WI_1,11609,2.38
FOODS_2_093,WI_1,11609,2.5
FOODS_2_101,WI_1,11609,5.98
FOODS_2_105,WI_1,11609,3.44
FOODS_2_116,WI_1,11609,2.0
FOODS_2_133,WI_1,11609,2.5
FOODS_2_135,WI_1,11609,2.48
FOODS_2_156,WI_1,11609,1.48
FOODS_2_154,WI_1,11609,13.97
FOODS_2_161,WI_1,11609,7.47
FOODS_2_162,WI_1,11609,2.97
FOODS_2_163,WI_1,11609,2.5
FOODS_2_170,WI_1,11609,3.28
FOODS_2_180,WI_1,11609,2.48
FOODS_2_178,WI_1,11609,2.5
FOODS_2_181,WI_1,11609,1.78
FOODS_2_184,WI_1,11609,4.93
FOODS_2_182,WI_1,11609,2.0
FOODS_2_187,WI_1,11609,5.0
FOODS_2_197,WI_1,11609,3.42
FOODS_2_222,WI_1,11609,2.57
FOODS_2_219,WI_1,11609,2.5
FOODS_2_226,WI_1,11609,7.98
FOODS_2_227,WI_1,11609,4.48
FOODS_2_258,WI_1,11609,2.88
FOODS_2_279,WI_1,11609,2.57
FOODS_2_277,WI_1,11609,1.28
FOODS_2_285,WI_1,11609,3.98
FOODS_2_294,WI_1,11609,1.0
FOODS_2_305,WI_1,11609,8.96
FOODS_2_326,WI_1,11609,1.0
FOODS_2_325,WI_1,11609,1.25
FOODS_2_337,WI_1,11609,5.92
FOODS_2_349,WI_1,11609,5.98
FOODS_2_350,WI_1,11609,5.08
FOODS_2_378,WI_1,11609,3.66
FOODS_2_383,WI_1,11609,1.87
FOODS_2_392,WI_1,11609,4.98
FOODS_2_397,WI_1,11609,3.28
FOODS_3_011,WI_1,11609,1.88
FOODS_3_014,WI_1,11609,1.98
FOODS_3_030,WI_1,11609,1.25
FOODS_3_043,WI_1,11609,2.56
FOODS_3_044,WI_1,11609,2.88
FOODS_3_054,WI_1,11609,2.18
FOODS_3_069,WI_1,11609,2.98
FOODS_3_065,WI_1,11609,2.98
FOODS_3_088,WI_1,11609,2.78
FOODS_3_102,WI_1,11609,1.98
FOODS_3_116,WI_1,11609,1.18
FOODS_3_150,WI_1,11609,1.88
FOODS_3_149,WI_1,11609,2.5
FOODS_3_157,WI_1,11609,3.32
FOODS_3_165,WI_1,11609,3.54
FOODS_3_175,WI_1,11609,6.98
FOODS_3_171,WI_1,11609,2.48
FOODS_3_182,WI_1,11609,1.98
FOODS_3_193,WI_1,11609,2.5
FOODS_3_206,WI_1,11609,2.58
FOODS_3_207,WI_1,11609,1.98
FOODS_3_212,WI_1,11609,2.98
FOODS_3_208,WI_1,11609,4.88
FOODS_3_219,WI_1,11609,1.48
FOODS_3_239,WI_1,11609,1.98
FOODS_3_244,WI_1,11609,9.86
FOODS_3_251,WI_1,11609,2.98
FOODS_3_246,WI_1,11609,1.98
FOODS_3_273,WI_1,11609,2.24
FOODS_3_271,WI_1,11609,4.48
FOODS_3_278,WI_1,11609,1.0
FOODS_3_305,WI_1,11609,4.68
FOODS_3_317,WI_1,11609,0.94
FOODS_3_321,WI_1,11609,1.48
FOODS_3_331,WI_1,11609,1.58
FOODS_3_341,WI_1,11609,3.98
FOODS_3_368,WI_1,11609,5.98
FOODS_3_370,WI_1,11609,6.98
FOODS_3_386,WI_1,11609,2.56
FOODS_3_381,WI_1,11609,2.98
HOUSEHOLD_2_239,WI_3,11609,1.24
HOUSEHOLD_2_244,WI_3,11609,3.97
HOUSEHOLD_2_252,WI_3,11609,6.97
HOUSEHOLD_2_257,WI_3,11609,5.73
HOUSEHOLD_2_254,WI_3,11609,4.44
HOUSEHOLD_2_256,WI_3,11609,5.94
HOUSEHOLD_2_262,WI_3,11609,4.97
HOUSEHOLD_2_271,WI_3,11609,4.78
HOUSEHOLD_2_278,WI_3,11609,10.98
HOUSEHOLD_2_281,WI_3,11609,5.27
HOUSEHOLD_2_289,WI_3,11609,5.74
HOUSEHOLD_2_306,WI_3,11609,3.96
HOUSEHOLD_2_312,WI_3,11609,3.97
HOUSEHOLD_2_316,WI_3,11609,7.24
HOUSEHOLD_2_317,WI_3,11609,4.44
HOUSEHOLD_2_321,WI_3,11609,5.24
HOUSEHOLD_2_329,WI_3,11609,2.72
HOUSEHOLD_2_361,WI_3,11609,6.94
HOUSEHOLD_2_376,WI_3,11609,3.82
HOUSEHOLD_2_374,WI_3,11609,2.98
HOUSEHOLD_2_391,WI_3,11609,12.94
HOUSEHOLD_2_405,WI_3,11609,5.64
HOUSEHOLD_2_406,WI_3,11609,12.46
HOUSEHOLD_2_415,WI_3,11609,2.46
HOUSEHOLD_2_419,WI_3,11609,5.47
HOUSEHOLD_2_441,WI_3,11609,2.97
HOUSEHOLD_2_451,WI_3,11609,3.42
HOUSEHOLD_2_462,WI_3,11609,7.97
HOUSEHOLD_2_455,WI_3,11609,7.74
HOUSEHOLD_2_459,WI_3,11609,19.54
HOUSEHOLD_2_466,WI_3,11609,6.46
HOUSEHOLD_2_479,WI_3,11609,5.94
HOUSEHOLD_2_491,WI_3,11609,6.96
HOUSEHOLD_2_493,WI_3,11609,1.94
HOUSEHOLD_2_506,WI_3,11609,6.97
HOUSEHOLD_2_499,WI_3,11609,1.97
HOUSEHOLD_2_512,WI_3,11609,3.97
FOODS_1_004,WI_3,11609,1.96
FOODS_1_013,WI_3,11609,1.5
FOODS_1_035,WI_3,11609,2.68
FOODS_1_057,WI_3,11609,2.24
FOODS_1_056,WI_3,11609,2.24
FOODS_1_069,WI_3,11609,2.68
FOODS_1_088,WI_3,11609,5.28
FOODS_1_091,WI_3,11609,2.24
FOODS_1_117,WI_3,11609,2.24
FOODS_1_118,WI_3,11609,0.98
FOODS_1_119,WI_3,11609,3.54
FOODS_1_123,WI_3,11609,3.54
FOODS_1_134,WI_3,11609,1.98
FOODS_1_152,WI_3,11609,7.68
FOODS_1_145,WI_3,11609,0.98
FOODS_1_161,WI_3,11609,0.98
FOODS_1_167,WI_3,11609,4.86
FOODS_1_164,WI_3,11609,6.77
FOODS_1_169,WI_3,11609,3.48
FOODS_1_171,WI_3,11609,6.32
FOODS_1_178,WI_3,11609,9.98
FOODS_1_186,WI_3,11609,5.98
FOODS_1_200,WI_3,11609,0.98
FOODS_1_218,WI_3,11609,0.98
FOODS_2_015,WI_3,11609,2.5
FOODS_2_036,WI_3,11609,3.5
FOODS_2_032,WI_3,11609,1.87
FOODS_2_035,WI_3,11609,5.0
FOODS_2_053,WI_3,11609,7.27
FOODS_2_061,WI_3,11609,2.0
FOODS_2_072,WI_3,11609,2.5
FOODS_2_076,WI_3,11609,10.97
FOODS_2_080,WI_3,11609,2.18
FOODS_2_085,WI_3,11609,3.74
FOODS_2_084,WI_3,11609,2.97
FOODS_2_102,WI_3,11609,10.97
FOODS_2_117,WI_3,11609,5.97
FOODS_2_120,WI_3,11609,2.72
FOODS_2_127,WI_3,11609,7.47
FOODS_2_129,WI_3,11609,9.48
FOODS_2_164,WI_3,11609,3.18
FOODS_2_166,WI_3,11609,1.87
FOODS_2_189,WI_3,11609,2.5
FOODS_2_190,WI_3,11609,2.5
FOODS_2_199,WI_3,11609,1.0
FOODS_2_195,WI_3,11609,3.47
FOODS_2_208,WI_3,11609,6.98
FOODS_2_210,WI_3,11609,3.74
FOODS_2_217,WI_3,11609,3.98
FOODS_2_236,WI_3,11609,2.98
FOODS_2_243,WI_3,11609,7.98
FOODS_2_256,WI_3,11609,6.36
FOODS_2_267,WI_3,11609,1.97
FOODS_2_274,WI_3,11609,6.98
FOODS_2_273,WI_3,11609,2.5
FOODS_2_268,WI_3,11609,3.76
FOODS_2_281,WI_3,11609,7.98
FOODS_2_283,WI_3,11609,1.48
FOODS_2_284,WI_3,11609,2.47
FOODS_2_292,WI_3,11609,3.28
FOODS_2_297,WI_3,11609,3.5
FOODS_2_308,WI_3,11609,2.98
FOODS_2_342,WI_3,11609,5.98
FOODS_2_335,WI_3,11609,3.67
FOODS_2_348,WI_3,11609,5.98
FOODS_2_395,WI_3,11609,3.78
FOODS_2_390,WI_3,11609,7.16
FOODS_2_393,WI_3,11609,3.98
FOODS_2_398,WI_3,11609,2.43
FOODS_3_017,WI_3,11609,1.98
FOODS_3_025,WI_3,11609,2.88
FOODS_3_031,WI_3,11609,4.68
FOODS_3_045,WI_3,11609,3.98
FOODS_3_050,WI_3,11609,2.18
FOODS_3_074,WI_3,11609,4.48
FOODS_3_082,WI_3,11609,1.98
FOODS_3_083,WI_3,11609,18.73
FOODS_3_085,WI_3,11609,2.98
FOODS_3_086,WI_3,11609,1.0
FOODS_3_095,WI_3,11609,4.98
FOODS_3_097,WI_3,11609,2.24
FOODS_3_115,WI_3,11609,4.44
FOODS_3_118,WI_3,11609,1.18
FOODS_3_112,WI_3,11609,2.98
FOODS_3_126,WI_3,11609,3.78
FOODS_3_129,WI_3,11609,2.68
FOODS_3_137,WI_3,11609,2.56
FOODS_3_141,WI_3,11609,2.88
FOODS_3_144,WI_3,11609,1.98
FOODS_3_148,WI_3,11609,0.94
FOODS_3_142,WI_3,11609,3.98
FOODS_3_162,WI_3,11609,1.98
FOODS_3_163,WI_3,11609,2.24
FOODS_3_167,WI_3,11609,1.98
FOODS_3_159,WI_3,11609,2.98
FOODS_3_166,WI_3,11609,1.0
FOODS_3_174,WI_3,11609,6.18
FOODS_3_168,WI_3,11609,3.65
FOODS_3_177,WI_3,11609,2.98
FOODS_3_170,WI_3,11609,1.98
FOODS_3_189,WI_3,11609,2.56
FOODS_3_197,WI_3,11609,1.98
FOODS_3_217,WI_3,11609,2.98
FOODS_3_252,WI_3,11609,1.58
FOODS_3_253,WI_3,11609,1.98
FOODS_3_258,WI_3,11609,1.34
